id,x_m,y_m,z_m,gravity_mgal
GV-00001,21.87,6.81,-797.76,-8.8031
GV-00002,88.91,44.06,-798.67,-8.9631
GV-00003,123.35,40.39,-796.7,-9.071
GV-00004,194.47,25.13,-798.18,-9.0308
GV-00005,208.47,21.05,-853.46,-9.1995
GV-00006,285.38,39.35,-848.48,-9.1314
GV-00007,322.63,16.95,-851.57,-9.2896
GV-00008,387.09,25.49,-848.63,-9.4294
GV-00009,428.46,37.86,-847.74,-9.3542
GV-00010,479.1,22.09,-852.82,-9.2929
GV-00011,507.87,13.0,-852.48,-9.5327
GV-00012,591.46,24.48,-853.19,-9.4802
GV-00013,641.21,32.88,-846.14,-9.4938
GV-00014,683.23,41.52,-851.95,-9.5253
GV-00015,714.98,16.73,-897.02,-9.4081
GV-00016,766.16,32.02,-904.87,-9.2228
GV-00017,837.02,36.35,-903.6,-9.4184
GV-00018,882.1,29.96,-904.49,-9.4033
GV-00019,943.74,9.51,-902.49,-9.4242
GV-00020,987.36,22.5,-904.34,-9.6425
GV-00021,1044.55,23.9,-897.56,-9.5468
GV-00022,1085.09,8.44,-903.0,-9.5118
GV-00023,1130.92,16.08,-895.61,-9.4036
GV-00024,1190.84,11.9,-896.78,-9.4297
GV-00025,1229.06,23.4,-895.53,-9.4249
GV-00026,1257.6,40.28,-847.86,-9.3672
GV-00027,1312.93,9.24,-848.47,-9.4111
GV-00028,1364.27,35.16,-847.9,-9.2362
GV-00029,1419.29,37.72,-848.52,-9.4254
GV-00030,1468.52,35.21,-852.74,-9.116
GV-00031,1522.15,22.85,-850.38,-9.2348
GV-00032,1562.26,23.13,-845.25,-9.2299
GV-00033,1616.12,42.01,-846.53,-9.2708
GV-00034,1664.23,26.82,-852.21,-9.1698
GV-00035,1725.96,8.22,-850.57,-9.1557
GV-00036,1760.38,23.43,-854.78,-9.2204
GV-00037,1814.76,33.18,-846.17,-9.1718
GV-00038,1882.86,22.89,-847.39,-9.1197
GV-00039,1935.02,22.39,-845.96,-9.1141
GV-00040,1982.51,5.44,-901.37,-9.0898
GV-00041,2027.2,34.98,-902.34,-9.2526
GV-00042,2087.88,5.6,-904.03,-8.9726
GV-00043,2140.86,17.19,-895.9,-9.0139
GV-00044,2181.47,8.98,-903.26,-9.083
GV-00045,2228.38,27.52,-902.31,-9.1098
GV-00046,2279.99,20.84,-896.65,-8.9289
GV-00047,2328.37,18.06,-951.62,-8.785
GV-00048,2368.54,22.49,-954.03,-8.8668
GV-00049,2430.36,6.73,-947.81,-8.8664
GV-00050,2469.49,18.32,-953.36,-8.7997
GV-00051,2524.29,14.14,-1000.93,-8.6674
GV-00052,2575.86,33.87,-996.42,-8.7719
GV-00053,2644.76,37.52,-1004.29,-8.7272
GV-00054,2659.99,40.82,-1000.09,-8.7551
GV-00055,2726.17,9.04,-1053.41,-8.8195
GV-00056,2794.71,44.33,-1049.44,-8.6557
GV-00057,2808.26,14.78,-1047.37,-8.6436
GV-00058,2856.64,27.34,-1053.98,-8.5942
GV-00059,2906.44,22.34,-1097.45,-8.5676
GV-00060,2982.6,11.33,-1103.45,-8.5812
GV-00061,3016.02,9.49,-1095.63,-8.4472
GV-00062,3068.01,42.77,-1147.22,-8.5319
GV-00063,3106.51,5.51,-1151.16,-8.6242
GV-00064,3173.18,16.96,-1150.31,-8.4061
GV-00065,3229.97,9.29,-1148.62,-8.5709
GV-00066,3264.91,20.58,-1154.55,-8.3603
GV-00067,3320.99,21.66,-1202.02,-8.3815
GV-00068,3363.31,7.15,-1201.06,-8.2914
GV-00069,3444.52,29.94,-1197.6,-8.2727
GV-00070,3464.16,26.6,-1201.57,-8.3446
GV-00071,3532.7,44.66,-1200.39,-8.1741
GV-00072,3562.74,28.89,-1203.1,-8.3533
GV-00073,3626.51,28.41,-1197.66,-8.2536
GV-00074,3671.4,37.09,-1201.0,-8.0628
GV-00075,3728.79,20.74,-1198.38,-8.1671
GV-00076,3772.99,38.14,-1196.65,-8.1833
GV-00077,3827.33,23.33,-1198.41,-8.2618
GV-00078,3889.21,16.19,-1197.7,-7.9494
GV-00079,3930.0,26.74,-1196.53,-8.0059
GV-00080,3989.85,16.39,-1199.89,-7.981
GV-00081,4037.46,23.46,-1203.08,-7.9447
GV-00082,4082.4,6.14,-1199.2,-7.9839
GV-00083,4129.34,13.33,-1198.94,-7.9502
GV-00084,4159.09,15.84,-1197.34,-7.8845
GV-00085,4210.31,9.77,-1197.75,-7.8458
GV-00086,4276.02,29.77,-1204.17,-8.0682
GV-00087,4342.54,21.2,-1198.38,-7.7606
GV-00088,4378.48,26.96,-1197.01,-7.7766
GV-00089,4424.33,34.68,-1199.22,-7.6969
GV-00090,4478.43,27.66,-1195.5,-7.4178
GV-00091,4505.87,43.41,-1196.49,-7.5879
GV-00092,4555.35,15.25,-1204.94,-7.5298
GV-00093,4636.96,20.38,-1195.36,-7.5801
GV-00094,4691.53,17.34,-1200.77,-7.4926
GV-00095,4731.0,30.9,-1146.93,-7.5682
GV-00096,4764.76,41.25,-1147.92,-7.5013
GV-00097,4840.7,21.59,-1098.5,-7.499
GV-00098,4892.26,37.96,-1046.87,-7.2515
GV-00099,4925.52,10.93,-1049.79,-7.211
GV-00100,4963.27,14.58,-1004.76,-7.0799
GV-00101,5013.67,30.35,-948.62,-7.2759
GV-00102,5065.94,5.37,-951.66,-7.1672
GV-00103,5120.64,26.31,-904.43,-6.9084
GV-00104,5163.59,38.72,-903.78,-7.1639
GV-00105,5214.26,37.9,-850.12,-6.9365
GV-00106,5270.54,26.49,-847.64,-6.7157
GV-00107,5308.49,31.03,-846.54,-6.8684
GV-00108,5364.62,22.64,-802.25,-6.8554
GV-00109,5442.07,32.68,-798.83,-6.6509
GV-00110,5478.87,22.48,-796.95,-6.5955
GV-00111,5531.83,11.71,-798.03,-6.3489
GV-00112,5592.64,7.5,-804.47,-6.5695
GV-00113,5620.53,32.92,-797.69,-6.1084
GV-00114,5680.96,9.38,-800.09,-6.1078
GV-00115,5737.7,24.74,-852.02,-6.2343
GV-00116,5792.99,21.85,-850.29,-5.8589
GV-00117,5816.39,40.71,-845.46,-5.7899
GV-00118,5859.38,18.4,-899.54,-5.7135
GV-00119,5906.43,17.33,-902.92,-5.4299
GV-00120,5993.47,26.9,-950.04,-5.5292
GV-00121,6010.16,13.14,-948.39,-5.4736
GV-00122,6069.56,19.61,-1004.15,-5.3727
GV-00123,6117.66,19.73,-998.63,-5.2266
GV-00124,6192.27,35.47,-1046.34,-5.229
GV-00125,6241.95,26.77,-1102.18,-4.8897
GV-00126,6257.18,28.11,-1103.48,-4.7488
GV-00127,6327.04,17.16,-1148.12,-4.7907
GV-00128,6356.15,10.72,-1203.31,-4.55
GV-00129,36.09,63.03,-804.94,-8.7105
GV-00130,63.01,56.86,-799.56,-9.0308
GV-00131,122.41,70.59,-850.96,-9.0457
GV-00132,194.88,57.17,-847.26,-9.0495
GV-00133,210.04,58.69,-853.95,-9.2448
GV-00134,288.03,69.75,-846.4,-9.2761
GV-00135,308.69,90.65,-852.3,-9.2558
GV-00136,367.75,82.01,-852.88,-9.318
GV-00137,435.23,55.85,-848.31,-9.3866
GV-00138,473.81,88.48,-852.99,-9.7169
GV-00139,538.44,74.9,-854.8,-9.6165
GV-00140,559.07,89.49,-895.8,-9.3823
GV-00141,640.47,87.04,-899.19,-9.5773
GV-00142,691.78,82.02,-898.32,-9.4133
GV-00143,744.0,69.25,-898.35,-9.6144
GV-00144,779.51,68.25,-901.76,-9.5465
GV-00145,834.9,90.5,-898.42,-9.5162
GV-00146,859.0,90.3,-904.38,-9.5886
GV-00147,906.19,64.43,-900.45,-9.6158
GV-00148,970.87,79.77,-895.36,-9.6794
GV-00149,1029.79,78.36,-898.75,-9.5988
GV-00150,1076.04,84.31,-895.14,-9.5959
GV-00151,1117.39,82.14,-900.23,-9.7768
GV-00152,1188.24,59.02,-895.21,-9.6476
GV-00153,1220.18,61.67,-898.36,-9.6409
GV-00154,1262.37,78.14,-901.04,-9.3774
GV-00155,1326.41,74.23,-902.25,-9.4385
GV-00156,1365.43,77.64,-849.86,-9.1477
GV-00157,1435.08,88.15,-846.0,-9.5737
GV-00158,1462.87,74.82,-847.05,-9.639
GV-00159,1527.43,63.21,-854.81,-9.3536
GV-00160,1584.27,87.91,-852.94,-9.4843
GV-00161,1633.17,75.93,-850.23,-9.3188
GV-00162,1667.67,71.32,-849.96,-9.1604
GV-00163,1720.8,63.08,-849.94,-9.533
GV-00164,1756.22,80.87,-849.56,-9.3444
GV-00165,1816.62,89.35,-854.01,-9.3273
GV-00166,1893.75,70.47,-895.11,-9.2854
GV-00167,1913.82,80.63,-899.98,-9.1341
GV-00168,1978.53,69.53,-903.97,-9.0647
GV-00169,2013.17,65.31,-895.4,-9.1571
GV-00170,2077.87,67.03,-903.89,-9.241
GV-00171,2135.97,64.58,-899.01,-9.3093
GV-00172,2173.49,82.18,-899.94,-9.1057
GV-00173,2244.33,76.4,-901.17,-9.0929
GV-00174,2270.87,81.49,-952.47,-9.1001
GV-00175,2341.85,61.84,-954.21,-9.1752
GV-00176,2376.07,74.65,-953.55,-9.1309
GV-00177,2431.49,88.28,-947.07,-8.9701
GV-00178,2485.78,63.54,-995.6,-8.8622
GV-00179,2530.07,62.41,-1002.58,-9.1053
GV-00180,2558.81,64.93,-1001.2,-9.0333
GV-00181,2607.72,59.93,-1004.94,-8.8907
GV-00182,2672.05,83.51,-1053.6,-8.9087
GV-00183,2708.66,60.99,-1053.31,-8.8296
GV-00184,2757.73,83.92,-1047.34,-8.6398
GV-00185,2819.05,64.98,-1047.52,-8.8804
GV-00186,2865.96,71.28,-1099.59,-8.7726
GV-00187,2922.74,88.99,-1100.45,-8.685
GV-00188,2994.02,78.4,-1104.18,-8.631
GV-00189,3043.84,63.5,-1097.07,-8.5904
GV-00190,3084.06,77.39,-1153.45,-8.5822
GV-00191,3134.85,74.95,-1146.13,-8.5548
GV-00192,3156.86,62.04,-1154.4,-8.4517
GV-00193,3227.27,86.25,-1145.48,-8.6302
GV-00194,3281.41,71.59,-1200.09,-8.5434
GV-00195,3313.67,61.62,-1202.52,-8.4041
GV-00196,3357.86,84.74,-1201.82,-8.4338
GV-00197,3409.98,86.07,-1200.41,-8.3608
GV-00198,3487.3,72.84,-1200.59,-8.2166
GV-00199,3543.71,87.49,-1195.04,-8.4913
GV-00200,3585.64,84.8,-1196.67,-8.3495
GV-00201,3631.0,88.54,-1200.64,-8.2382
GV-00202,3669.34,87.95,-1197.87,-8.2695
GV-00203,3738.91,63.76,-1199.81,-8.2999
GV-00204,3772.71,69.9,-1250.01,-8.102
GV-00205,3805.19,65.34,-1249.8,-8.2633
GV-00206,3892.21,62.07,-1252.88,-8.2586
GV-00207,3917.26,65.42,-1254.9,-8.1312
GV-00208,3990.73,90.88,-1250.04,-8.0409
GV-00209,4020.41,55.95,-1201.31,-8.1752
GV-00210,4058.36,68.14,-1195.57,-8.1733
GV-00211,4125.69,85.21,-1200.34,-7.9762
GV-00212,4186.89,88.43,-1199.29,-7.9641
GV-00213,4242.9,80.86,-1200.93,-7.9911
GV-00214,4278.53,80.0,-1197.47,-8.0695
GV-00215,4313.55,65.4,-1203.8,-7.9603
GV-00216,4386.69,64.27,-1200.22,-7.8504
GV-00217,4426.71,86.16,-1204.61,-7.7547
GV-00218,4470.98,90.18,-1201.21,-7.9434
GV-00219,4515.57,56.15,-1201.41,-7.9147
GV-00220,4573.7,55.52,-1201.36,-7.7746
GV-00221,4636.96,89.21,-1199.44,-7.7072
GV-00222,4694.27,87.92,-1149.52,-7.4646
GV-00223,4722.45,65.7,-1147.38,-7.5002
GV-00224,4788.73,57.09,-1104.9,-7.4581
GV-00225,4808.55,84.04,-1049.38,-7.5365
GV-00226,4885.27,63.58,-1048.56,-7.5413
GV-00227,4916.99,84.28,-1001.51,-7.4027
GV-00228,4984.72,59.33,-952.55,-7.366
GV-00229,5024.92,87.43,-952.3,-7.4691
GV-00230,5057.05,61.38,-902.43,-7.1299
GV-00231,5120.22,85.12,-902.82,-7.1482
GV-00232,5189.9,89.12,-852.02,-7.0311
GV-00233,5228.83,74.38,-849.55,-7.0341
GV-00234,5261.2,72.44,-850.08,-6.8329
GV-00235,5313.19,64.19,-798.59,-7.1037
GV-00236,5389.04,93.62,-802.23,-6.8758
GV-00237,5412.37,62.69,-797.01,-6.7372
GV-00238,5478.91,66.48,-800.55,-6.5863
GV-00239,5530.54,57.64,-797.32,-6.5584
GV-00240,5567.62,90.19,-799.35,-6.4971
GV-00241,5639.72,68.34,-798.01,-6.4429
GV-00242,5669.27,61.32,-852.14,-6.2348
GV-00243,5711.75,74.97,-847.5,-6.1069
GV-00244,5765.42,66.05,-847.29,-5.8903
GV-00245,5824.36,74.87,-896.91,-6.122
GV-00246,5867.03,92.87,-902.7,-5.8285
GV-00247,5905.8,72.69,-949.98,-5.7844
GV-00248,5957.85,68.48,-952.13,-5.6916
GV-00249,6022.43,93.2,-1004.58,-5.3983
GV-00250,6069.88,72.26,-1002.68,-5.4913
GV-00251,6128.81,89.05,-1051.1,-5.2226
GV-00252,6155.06,76.12,-1100.29,-5.2374
GV-00253,6221.46,64.72,-1151.97,-5.1388
GV-00254,6274.03,73.79,-1151.57,-4.7236
GV-00255,6318.06,68.27,-1203.96,-4.8221
GV-00256,6368.24,57.96,-1254.35,-4.5348
GV-00257,43.11,119.34,-851.88,-9.0985
GV-00258,63.77,108.5,-849.41,-9.1277
GV-00259,114.07,132.01,-852.05,-9.0918
GV-00260,172.95,105.88,-851.39,-9.2559
GV-00261,221.43,115.63,-848.28,-9.1043
GV-00262,277.71,110.85,-852.05,-9.3572
GV-00263,342.4,128.82,-854.68,-9.3201
GV-00264,379.76,143.37,-854.66,-9.5301
GV-00265,441.16,105.87,-851.05,-9.426
GV-00266,487.38,134.43,-903.79,-9.4333
GV-00267,509.57,136.05,-897.56,-9.4835
GV-00268,579.18,133.09,-902.93,-9.678
GV-00269,613.14,142.19,-897.88,-9.5167
GV-00270,667.0,141.15,-905.0,-9.8155
GV-00271,705.02,132.28,-903.69,-9.6267
GV-00272,761.19,109.07,-897.7,-9.5774
GV-00273,814.5,121.36,-896.02,-9.7178
GV-00274,886.18,132.58,-903.45,-9.5683
GV-00275,920.97,129.2,-904.61,-9.6916
GV-00276,973.29,135.14,-896.57,-9.7537
GV-00277,1005.79,137.16,-902.58,-9.6704
GV-00278,1060.19,120.62,-898.76,-9.7794
GV-00279,1111.02,125.51,-900.92,-9.632
GV-00280,1190.62,109.95,-901.35,-9.7752
GV-00281,1211.42,135.73,-897.38,-9.6625
GV-00282,1275.28,124.61,-901.45,-9.5055
GV-00283,1319.44,139.81,-902.46,-9.6371
GV-00284,1359.03,130.95,-901.88,-9.6086
GV-00285,1419.39,142.02,-854.68,-9.5771
GV-00286,1465.38,122.73,-851.86,-9.5001
GV-00287,1519.54,137.83,-850.46,-9.4345
GV-00288,1588.56,143.51,-850.32,-9.5857
GV-00289,1643.31,126.4,-848.91,-9.5556
GV-00290,1683.19,107.23,-850.71,-9.4528
GV-00291,1711.96,110.08,-845.18,-9.6452
GV-00292,1766.45,134.01,-851.71,-9.3533
GV-00293,1807.34,108.58,-900.05,-9.549
GV-00294,1888.07,131.39,-901.32,-9.3604
GV-00295,1932.31,105.5,-899.14,-9.4886
GV-00296,1986.64,125.76,-900.89,-9.4613
GV-00297,2039.31,105.32,-900.68,-9.4224
GV-00298,2066.74,141.72,-901.12,-9.3362
GV-00299,2123.51,131.33,-900.15,-9.1155
GV-00300,2162.33,106.44,-902.28,-9.3164
GV-00301,2238.3,115.9,-954.81,-9.2229
GV-00302,2274.83,124.96,-949.83,-9.1199
GV-00303,2329.57,129.22,-954.83,-9.1005
GV-00304,2382.35,110.84,-948.49,-9.1659
GV-00305,2411.29,142.68,-951.39,-9.001
GV-00306,2462.15,114.82,-999.01,-9.1082
GV-00307,2524.41,117.39,-996.64,-9.1505
GV-00308,2586.37,114.26,-998.51,-9.1337
GV-00309,2607.46,124.05,-1002.93,-9.0377
GV-00310,2679.55,141.64,-1047.04,-9.0159
GV-00311,2707.93,144.11,-1053.57,-8.8124
GV-00312,2781.87,121.31,-1045.87,-8.9011
GV-00313,2805.12,115.61,-1096.93,-8.8008
GV-00314,2885.64,118.0,-1103.57,-8.905
GV-00315,2905.23,113.14,-1103.47,-8.9899
GV-00316,2989.37,128.66,-1103.16,-8.8301
GV-00317,3012.62,106.33,-1148.51,-8.8733
GV-00318,3069.82,122.19,-1152.24,-8.6743
GV-00319,3111.89,137.51,-1149.98,-8.5778
GV-00320,3176.53,114.57,-1146.3,-8.7824
GV-00321,3241.07,129.17,-1150.41,-8.6888
GV-00322,3279.21,121.76,-1199.71,-8.593
GV-00323,3336.5,127.5,-1204.22,-8.6867
GV-00324,3376.04,132.96,-1197.26,-8.5235
GV-00325,3406.62,127.36,-1200.81,-8.4569
GV-00326,3492.29,112.56,-1201.46,-8.4
GV-00327,3506.85,144.41,-1198.06,-8.226
GV-00328,3589.08,134.88,-1201.96,-8.6518
GV-00329,3627.23,134.92,-1195.91,-8.4256
GV-00330,3679.61,115.52,-1248.45,-8.4565
GV-00331,3744.87,107.21,-1246.44,-8.2785
GV-00332,3774.14,126.97,-1250.31,-8.368
GV-00333,3816.28,127.19,-1245.92,-8.2113
GV-00334,3856.68,140.12,-1254.49,-8.3832
GV-00335,3922.83,121.64,-1253.05,-8.4252
GV-00336,3983.91,129.27,-1247.83,-8.1487
GV-00337,4044.93,116.67,-1246.28,-8.079
GV-00338,4093.15,110.22,-1200.76,-8.2075
GV-00339,4142.68,130.64,-1202.77,-8.1673
GV-00340,4155.4,114.37,-1203.01,-8.1819
GV-00341,4241.29,116.0,-1199.89,-8.1262
GV-00342,4275.56,132.25,-1196.21,-8.2175
GV-00343,4332.83,126.9,-1199.05,-7.9947
GV-00344,4370.3,131.05,-1195.94,-7.9336
GV-00345,4419.15,108.2,-1195.7,-7.8866
GV-00346,4482.43,131.19,-1202.71,-7.8982
GV-00347,4518.42,115.6,-1196.29,-7.8355
GV-00348,4592.65,136.05,-1204.61,-7.8479
GV-00349,4623.63,121.61,-1149.04,-7.9613
GV-00350,4666.19,133.59,-1146.98,-7.9762
GV-00351,4730.24,132.04,-1101.84,-7.7773
GV-00352,4755.97,113.06,-1047.59,-7.6799
GV-00353,4835.01,113.83,-1046.13,-7.6082
GV-00354,4887.3,141.47,-999.75,-7.5871
GV-00355,4928.11,139.11,-947.62,-7.5013
GV-00356,4971.15,117.36,-947.0,-7.537
GV-00357,5038.04,107.22,-898.39,-7.3608
GV-00358,5060.8,124.24,-897.54,-7.3661
GV-00359,5110.65,113.17,-849.05,-7.296
GV-00360,5170.38,121.26,-854.68,-7.2469
GV-00361,5224.63,113.3,-852.56,-7.0647
GV-00362,5281.11,112.57,-803.77,-7.12
GV-00363,5311.09,143.54,-795.99,-6.9786
GV-00364,5362.93,114.96,-801.5,-6.9089
GV-00365,5429.36,114.15,-798.65,-6.6776
GV-00366,5480.93,131.83,-797.97,-6.7893
GV-00367,5526.72,124.32,-801.47,-6.6209
GV-00368,5561.31,129.62,-801.69,-6.3607
GV-00369,5631.23,128.44,-854.14,-6.2963
GV-00370,5674.21,113.7,-845.57,-6.3237
GV-00371,5729.95,105.49,-853.57,-6.155
GV-00372,5789.27,107.22,-895.98,-6.0674
GV-00373,5810.08,137.54,-902.95,-6.2932
GV-00374,5883.43,105.19,-946.55,-6.0271
GV-00375,5942.72,133.95,-945.99,-5.7364
GV-00376,5961.63,134.8,-1003.72,-5.6288
GV-00377,6031.99,117.19,-1054.47,-5.6721
GV-00378,6078.27,139.52,-1053.36,-5.4626
GV-00379,6128.07,110.26,-1096.13,-5.3403
GV-00380,6164.95,140.06,-1148.46,-5.4175
GV-00381,6233.96,111.54,-1153.7,-5.1571
GV-00382,6292.62,118.72,-1203.94,-4.8734
GV-00383,6313.97,121.45,-1249.91,-4.9075
GV-00384,6380.44,105.25,-1250.05,-4.7243
GV-00385,7.33,182.6,-854.72,-9.2661
GV-00386,66.41,166.95,-846.23,-9.1499
GV-00387,112.29,182.93,-853.29,-9.2369
GV-00388,165.39,178.02,-853.05,-9.1904
GV-00389,228.98,183.2,-853.84,-9.3513
GV-00390,292.67,178.7,-847.01,-9.5026
GV-00391,328.73,184.53,-848.69,-9.3729
GV-00392,377.73,193.97,-847.15,-9.5393
GV-00393,427.67,182.85,-903.04,-9.3651
GV-00394,461.42,175.95,-901.91,-9.4953
GV-00395,537.68,184.8,-900.65,-9.7051
GV-00396,580.16,162.53,-901.27,-9.5811
GV-00397,643.27,170.41,-901.23,-9.7421
GV-00398,683.96,177.48,-904.61,-9.7243
GV-00399,710.06,194.26,-895.94,-9.9362
GV-00400,789.39,157.86,-904.56,-9.7701
GV-00401,810.88,156.02,-900.24,-9.8217
GV-00402,878.78,176.95,-903.83,-9.6728
GV-00403,906.89,177.06,-901.99,-9.8436
GV-00404,964.61,174.6,-904.67,-10.0025
GV-00405,1028.94,169.68,-897.45,-9.8596
GV-00406,1063.19,165.76,-895.9,-9.7463
GV-00407,1137.39,164.12,-896.34,-10.0506
GV-00408,1163.65,157.39,-904.32,-9.8819
GV-00409,1213.5,172.58,-895.33,-9.9106
GV-00410,1262.28,159.88,-902.35,-9.9611
GV-00411,1311.21,191.04,-896.49,-9.746
GV-00412,1370.14,190.06,-904.19,-9.8031
GV-00413,1432.75,181.42,-900.39,-9.6484
GV-00414,1468.06,177.88,-900.79,-9.8341
GV-00415,1535.71,175.75,-901.8,-9.6376
GV-00416,1582.95,166.1,-903.64,-9.6081
GV-00417,1614.63,159.24,-902.77,-9.6716
GV-00418,1669.66,161.86,-900.19,-9.8457
GV-00419,1707.13,184.54,-902.06,-9.6856
GV-00420,1793.5,176.08,-898.53,-9.6409
GV-00421,1842.08,161.03,-897.2,-9.5002
GV-00422,1869.92,184.06,-896.31,-9.7777
GV-00423,1940.92,182.16,-902.03,-9.5731
GV-00424,1979.16,183.39,-902.57,-9.5045
GV-00425,2012.75,186.32,-895.93,-9.4312
GV-00426,2064.1,179.06,-899.0,-9.3443
GV-00427,2120.51,167.4,-897.71,-9.3918
GV-00428,2179.35,177.55,-946.78,-9.3195
GV-00429,2214.38,176.13,-947.45,-9.3846
GV-00430,2286.76,162.05,-948.19,-9.4076
GV-00431,2318.14,164.77,-950.45,-9.1381
GV-00432,2372.56,166.11,-951.75,-9.2802
GV-00433,2439.42,174.33,-999.67,-9.1433
GV-00434,2494.73,186.08,-1004.21,-8.9789
GV-00435,2533.07,162.57,-998.98,-9.2912
GV-00436,2572.02,186.03,-998.93,-9.0932
GV-00437,2644.55,159.46,-1050.48,-9.2905
GV-00438,2656.8,168.88,-1045.39,-8.9988
GV-00439,2713.74,192.78,-1053.44,-9.0054
GV-00440,2792.14,179.96,-1049.98,-9.0399
GV-00441,2838.58,185.17,-1095.06,-8.9995
GV-00442,2883.68,165.49,-1098.56,-8.6956
GV-00443,2908.14,158.0,-1096.58,-8.8883
GV-00444,2990.64,158.34,-1147.28,-8.8235
GV-00445,3005.35,186.8,-1149.71,-8.9522
GV-00446,3055.42,164.2,-1153.77,-8.8777
GV-00447,3144.04,181.89,-1146.58,-8.8494
GV-00448,3167.11,193.44,-1146.43,-8.8992
GV-00449,3205.44,156.13,-1197.16,-8.8836
GV-00450,3284.34,176.94,-1198.19,-8.7302
GV-00451,3334.47,194.15,-1202.21,-8.8182
GV-00452,3379.42,187.47,-1196.26,-8.7232
GV-00453,3437.41,182.16,-1196.66,-8.572
GV-00454,3492.85,181.16,-1199.09,-8.5141
GV-00455,3529.48,159.83,-1195.29,-8.7747
GV-00456,3583.09,171.27,-1249.97,-8.7196
GV-00457,3629.08,177.08,-1250.53,-8.5119
GV-00458,3682.1,163.01,-1251.76,-8.5676
GV-00459,3722.83,177.19,-1245.31,-8.3519
GV-00460,3775.7,155.98,-1248.23,-8.4813
GV-00461,3831.07,176.93,-1247.55,-8.3252
GV-00462,3883.6,176.82,-1251.54,-8.3624
GV-00463,3919.71,180.3,-1245.51,-8.3517
GV-00464,3979.76,177.1,-1251.75,-8.3438
GV-00465,4034.13,160.9,-1247.41,-8.2532
GV-00466,4078.51,168.11,-1251.31,-8.2547
GV-00467,4141.07,166.25,-1250.84,-8.2013
GV-00468,4193.62,172.59,-1204.25,-8.246
GV-00469,4244.76,190.4,-1197.88,-8.2328
GV-00470,4273.46,165.55,-1203.71,-8.1995
GV-00471,4319.58,166.44,-1202.6,-8.1464
GV-00472,4391.33,164.96,-1200.84,-8.192
GV-00473,4418.47,186.26,-1204.81,-8.0171
GV-00474,4456.67,159.35,-1200.63,-8.1076
GV-00475,4541.12,161.34,-1195.96,-7.8555
GV-00476,4579.43,178.21,-1149.09,-7.8921
GV-00477,4611.14,178.99,-1146.13,-7.7536
GV-00478,4679.07,166.83,-1102.48,-7.8772
GV-00479,4718.0,166.45,-1047.38,-7.846
GV-00480,4785.82,188.24,-1054.04,-7.9481
GV-00481,4819.1,189.05,-996.64,-7.635
GV-00482,4858.15,183.52,-954.24,-7.7857
GV-00483,4929.41,191.82,-950.93,-7.4845
GV-00484,4981.97,156.03,-898.88,-7.5576
GV-00485,5005.07,176.25,-896.05,-7.5091
GV-00486,5061.61,182.25,-849.48,-7.6118
GV-00487,5115.21,181.78,-845.85,-7.4627
GV-00488,5186.27,164.88,-845.48,-7.5453
GV-00489,5241.81,184.98,-803.33,-7.2336
GV-00490,5285.82,185.4,-800.03,-7.238
GV-00491,5309.29,178.01,-804.53,-7.0734
GV-00492,5395.0,193.68,-796.25,-7.0132
GV-00493,5438.85,182.09,-796.8,-7.0634
GV-00494,5478.66,189.18,-801.43,-6.7192
GV-00495,5542.63,190.84,-799.29,-6.6317
GV-00496,5558.01,172.25,-845.08,-6.379
GV-00497,5618.71,164.63,-852.43,-6.5541
GV-00498,5664.39,157.66,-845.86,-6.4251
GV-00499,5713.43,174.91,-897.36,-6.2921
GV-00500,5774.4,169.46,-904.88,-6.0896
GV-00501,5809.33,181.16,-946.83,-6.2993
GV-00502,5863.14,184.65,-995.32,-5.9616
GV-00503,5944.19,174.15,-1004.7,-6.1173
GV-00504,5988.15,170.59,-1049.87,-5.6695
GV-00505,6024.02,192.06,-1047.64,-5.6697
GV-00506,6056.4,176.55,-1102.53,-5.5316
GV-00507,6107.02,172.07,-1151.5,-5.5473
GV-00508,6192.94,181.1,-1199.25,-5.3563
GV-00509,6233.39,182.05,-1203.11,-5.1933
GV-00510,6278.86,164.1,-1250.18,-4.9224
GV-00511,6324.08,180.42,-1251.44,-4.8708
GV-00512,6362.61,166.67,-1202.63,-4.9537
GV-00513,34.2,235.79,-849.56,-9.1038
GV-00514,66.12,242.09,-848.87,-9.2475
GV-00515,112.0,218.92,-847.42,-9.2383
GV-00516,163.22,206.44,-854.08,-9.4712
GV-00517,234.79,223.85,-852.26,-9.4115
GV-00518,266.4,216.93,-847.62,-9.6547
GV-00519,305.56,232.36,-895.71,-9.5298
GV-00520,368.84,223.93,-895.33,-9.5491
GV-00521,428.59,226.03,-901.27,-9.6872
GV-00522,474.01,221.22,-896.19,-9.8689
GV-00523,516.35,210.52,-898.62,-9.8205
GV-00524,555.01,226.98,-898.16,-9.7228
GV-00525,644.37,232.77,-901.03,-9.7285
GV-00526,660.02,225.03,-904.08,-9.9127
GV-00527,742.4,229.1,-900.54,-9.8471
GV-00528,769.87,241.58,-903.92,-10.0081
GV-00529,825.69,234.46,-898.37,-9.9993
GV-00530,873.67,217.64,-904.6,-9.8437
GV-00531,941.83,240.11,-898.42,-9.9264
GV-00532,986.4,205.21,-900.11,-10.0318
GV-00533,1032.4,224.39,-904.06,-9.9264
GV-00534,1086.68,213.54,-896.42,-9.9755
GV-00535,1116.95,205.98,-895.23,-10.2017
GV-00536,1172.68,235.05,-898.13,-9.8399
GV-00537,1211.78,236.33,-898.79,-9.9467
GV-00538,1282.71,228.43,-896.95,-10.0509
GV-00539,1344.86,211.95,-900.71,-9.9934
GV-00540,1391.04,215.55,-900.92,-9.7557
GV-00541,1425.88,223.84,-897.34,-9.8002
GV-00542,1484.93,235.12,-900.77,-9.9618
GV-00543,1536.35,236.38,-903.69,-9.8259
GV-00544,1576.83,213.33,-901.85,-9.6855
GV-00545,1614.86,229.28,-903.92,-9.8191
GV-00546,1689.75,244.08,-902.08,-9.8834
GV-00547,1735.69,214.48,-904.55,-9.793
GV-00548,1771.82,206.59,-895.2,-9.7698
GV-00549,1822.62,231.06,-900.49,-9.6257
GV-00550,1882.44,214.0,-896.57,-9.653
GV-00551,1924.06,238.1,-903.79,-9.5388
GV-00552,1971.98,206.9,-895.65,-9.4398
GV-00553,2014.35,216.22,-895.57,-9.5415
GV-00554,2074.83,219.02,-900.92,-9.4976
GV-00555,2114.64,244.94,-898.39,-9.6427
GV-00556,2174.81,234.85,-949.37,-9.3223
GV-00557,2242.19,233.15,-954.49,-9.4098
GV-00558,2277.0,221.84,-947.7,-9.3909
GV-00559,2331.36,210.62,-947.35,-9.5716
GV-00560,2373.87,206.04,-998.99,-9.4286
GV-00561,2427.44,206.53,-1003.64,-9.3162
GV-00562,2490.59,236.83,-998.15,-9.3028
GV-00563,2542.26,233.9,-997.85,-9.1051
GV-00564,2555.1,221.85,-1054.81,-9.3352
GV-00565,2611.04,209.93,-1051.67,-9.33
GV-00566,2663.86,242.52,-1046.22,-9.186
GV-00567,2709.7,215.25,-1052.35,-9.2633
GV-00568,2761.05,232.36,-1100.06,-9.0953
GV-00569,2843.98,227.66,-1104.42,-9.0494
GV-00570,2884.85,214.18,-1104.01,-9.1729
GV-00571,2918.13,223.63,-1102.6,-8.9906
GV-00572,2982.64,244.64,-1150.19,-9.0199
GV-00573,3009.66,237.5,-1151.64,-8.8963
GV-00574,3068.31,227.94,-1149.84,-8.8853
GV-00575,3118.81,231.94,-1149.74,-8.9537
GV-00576,3158.69,241.49,-1202.23,-8.9005
GV-00577,3212.66,236.96,-1201.88,-8.905
GV-00578,3275.92,217.6,-1199.74,-8.836
GV-00579,3327.46,216.52,-1201.21,-8.9071
GV-00580,3364.17,236.03,-1204.15,-8.7203
GV-00581,3436.38,242.49,-1198.62,-8.7764
GV-00582,3471.34,229.25,-1204.1,-8.6581
GV-00583,3526.86,219.72,-1252.15,-8.6439
GV-00584,3592.39,206.56,-1245.56,-8.5456
GV-00585,3623.92,211.87,-1247.68,-8.6167
GV-00586,3674.18,230.6,-1252.44,-8.8211
GV-00587,3718.61,213.8,-1252.99,-8.4454
GV-00588,3772.98,232.29,-1252.94,-8.6221
GV-00589,3817.68,213.12,-1245.23,-8.6011
GV-00590,3871.87,224.93,-1254.45,-8.5922
GV-00591,3910.79,244.69,-1248.64,-8.4759
GV-00592,3979.39,213.06,-1254.21,-8.3914
GV-00593,4026.55,217.21,-1247.15,-8.4779
GV-00594,4093.61,214.42,-1245.36,-8.4581
GV-00595,4140.72,226.83,-1246.74,-8.4945
GV-00596,4186.25,214.94,-1247.08,-8.3682
GV-00597,4207.88,242.28,-1195.1,-8.3275
GV-00598,4274.44,230.57,-1195.34,-8.3584
GV-00599,4311.4,239.39,-1199.01,-8.3933
GV-00600,4383.0,228.49,-1204.38,-8.3842
GV-00601,4443.25,237.29,-1196.9,-8.2783
GV-00602,4472.19,206.69,-1202.91,-8.1967
GV-00603,4544.59,235.68,-1148.16,-8.1225
GV-00604,4556.11,216.42,-1150.15,-8.098
GV-00605,4631.64,228.22,-1097.84,-8.086
GV-00606,4667.28,227.49,-1048.67,-7.9947
GV-00607,4726.58,243.5,-1045.85,-7.9271
GV-00608,4772.15,208.38,-1002.47,-7.994
GV-00609,4843.04,242.17,-949.49,-8.0178
GV-00610,4870.15,226.08,-947.34,-7.9427
GV-00611,4919.61,234.54,-895.85,-7.8381
GV-00612,4994.26,210.23,-898.56,-7.8453
GV-00613,5010.93,230.93,-848.93,-7.9116
GV-00614,5075.34,234.22,-853.01,-7.618
GV-00615,5105.22,230.93,-854.49,-7.5889
GV-00616,5181.22,217.9,-797.05,-7.5422
GV-00617,5230.21,239.93,-804.87,-7.4569
GV-00618,5256.88,235.59,-801.6,-7.3257
GV-00619,5335.02,207.24,-798.6,-7.2986
GV-00620,5377.44,214.99,-803.69,-7.083
GV-00621,5417.1,230.04,-804.16,-7.1166
GV-00622,5461.13,240.59,-802.92,-7.0131
GV-00623,5511.59,231.74,-845.42,-6.7341
GV-00624,5573.06,223.48,-851.63,-6.758
GV-00625,5619.3,234.74,-899.4,-6.5996
GV-00626,5677.22,230.23,-899.36,-6.6785
GV-00627,5738.84,220.44,-946.06,-6.3023
GV-00628,5784.43,227.89,-946.81,-6.3013
GV-00629,5813.46,237.04,-1001.56,-6.1674
GV-00630,5874.04,206.01,-998.39,-6.1228
GV-00631,5913.93,237.05,-1049.99,-6.0165
GV-00632,5962.95,218.77,-1101.86,-6.0085
GV-00633,6017.82,209.18,-1099.17,-5.8245
GV-00634,6091.01,223.8,-1148.64,-5.768
GV-00635,6142.3,216.32,-1196.65,-5.5973
GV-00636,6175.34,238.1,-1249.89,-5.4452
GV-00637,6229.04,206.62,-1249.27,-5.2663
GV-00638,6261.81,213.03,-1249.26,-5.1945
GV-00639,6325.58,240.89,-1252.74,-5.0195
GV-00640,6379.5,227.84,-1197.99,-4.902
GV-00641,14.52,269.75,-853.07,-9.2282
GV-00642,77.99,284.36,-845.01,-9.3315
GV-00643,105.89,291.78,-845.76,-9.3658
GV-00644,170.13,283.12,-849.29,-9.544
GV-00645,215.73,259.72,-903.99,-9.5287
GV-00646,291.3,292.76,-901.07,-9.8339
GV-00647,324.94,283.08,-897.41,-9.6699
GV-00648,355.3,266.41,-899.55,-9.6633
GV-00649,440.81,274.83,-900.84,-9.7772
GV-00650,472.93,256.0,-898.69,-9.9776
GV-00651,544.0,278.02,-896.49,-9.7282
GV-00652,573.18,258.07,-900.66,-9.9509
GV-00653,625.14,291.16,-903.46,-9.8323
GV-00654,659.59,291.1,-902.47,-10.0526
GV-00655,733.69,279.78,-902.2,-9.9823
GV-00656,762.39,257.38,-895.93,-10.1348
GV-00657,810.25,284.17,-896.21,-10.124
GV-00658,884.9,258.2,-896.38,-10.0118
GV-00659,922.16,291.67,-895.18,-10.0169
GV-00660,973.07,277.45,-902.26,-10.1506
GV-00661,1037.8,260.86,-898.77,-10.1863
GV-00662,1087.52,272.87,-895.91,-9.9322
GV-00663,1140.02,288.33,-901.97,-10.1578
GV-00664,1161.49,280.06,-904.59,-10.1275
GV-00665,1208.98,266.57,-899.89,-9.9177
GV-00666,1278.31,257.61,-899.75,-10.0058
GV-00667,1332.73,259.38,-895.45,-10.2802
GV-00668,1367.89,283.71,-902.44,-10.1709
GV-00669,1441.84,256.96,-898.33,-9.9093
GV-00670,1491.96,288.08,-897.48,-9.9532
GV-00671,1531.31,258.42,-895.96,-9.9931
GV-00672,1592.95,261.79,-898.08,-9.8882
GV-00673,1625.5,287.4,-902.59,-10.1496
GV-00674,1690.26,276.44,-897.97,-9.9502
GV-00675,1744.75,275.87,-896.83,-9.8336
GV-00676,1756.19,264.08,-904.71,-9.7276
GV-00677,1821.84,283.87,-901.85,-9.7289
GV-00678,1873.21,271.87,-901.69,-9.8637
GV-00679,1908.38,294.92,-899.56,-9.8302
GV-00680,1963.05,287.43,-901.54,-9.652
GV-00681,2026.94,267.29,-903.35,-9.7207
GV-00682,2055.19,270.34,-902.9,-9.5477
GV-00683,2105.46,284.39,-945.1,-9.5907
GV-00684,2173.14,272.35,-950.2,-9.674
GV-00685,2239.16,266.3,-953.55,-9.6025
GV-00686,2292.99,271.33,-948.7,-9.6228
GV-00687,2317.68,260.72,-945.29,-9.55
GV-00688,2373.11,284.39,-996.9,-9.7143
GV-00689,2412.41,290.27,-997.54,-9.5325
GV-00690,2478.03,274.1,-1004.86,-9.3329
GV-00691,2544.61,258.58,-999.89,-9.3716
GV-00692,2589.41,280.63,-1046.32,-9.4488
GV-00693,2625.98,274.24,-1054.08,-9.1753
GV-00694,2674.92,258.94,-1046.44,-9.1917
GV-00695,2726.46,274.65,-1095.43,-9.3225
GV-00696,2756.86,286.16,-1104.36,-9.256
GV-00697,2806.15,266.12,-1100.88,-9.2212
GV-00698,2880.12,293.09,-1102.38,-9.273
GV-00699,2929.96,262.95,-1147.92,-9.1416
GV-00700,2980.07,276.93,-1154.6,-9.2077
GV-00701,3015.98,274.09,-1150.82,-9.0605
GV-00702,3062.66,279.93,-1145.76,-9.0153
GV-00703,3133.8,279.71,-1203.36,-9.0627
GV-00704,3178.17,260.44,-1203.86,-8.9192
GV-00705,3244.8,259.6,-1201.76,-8.9106
GV-00706,3294.48,280.7,-1195.97,-9.0622
GV-00707,3340.49,279.77,-1200.55,-8.8715
GV-00708,3369.98,290.2,-1198.95,-9.0265
GV-00709,3418.31,273.55,-1204.25,-8.9715
GV-00710,3471.76,282.58,-1252.94,-8.9616
GV-00711,3540.61,288.32,-1248.47,-8.804
GV-00712,3559.66,264.07,-1251.33,-8.818
GV-00713,3610.18,284.95,-1254.46,-8.7873
GV-00714,3681.37,276.98,-1247.45,-8.5438
GV-00715,3713.53,261.27,-1245.89,-8.7729
GV-00716,3764.49,280.42,-1246.2,-8.6276
GV-00717,3806.27,268.14,-1246.39,-8.6078
GV-00718,3877.33,266.67,-1249.74,-8.6349
GV-00719,3922.84,273.69,-1253.79,-8.7023
GV-00720,3963.24,280.24,-1248.13,-8.528
GV-00721,4025.56,294.0,-1246.92,-8.6752
GV-00722,4067.93,273.21,-1247.49,-8.5279
GV-00723,4139.25,284.86,-1252.04,-8.5193
GV-00724,4167.12,289.15,-1250.64,-8.4743
GV-00725,4219.28,262.46,-1248.51,-8.5031
GV-00726,4290.23,272.76,-1199.79,-8.4573
GV-00727,4313.46,290.05,-1204.17,-8.5059
GV-00728,4374.91,280.18,-1198.77,-8.3469
GV-00729,4431.26,287.78,-1201.64,-8.4508
GV-00730,4490.75,291.04,-1195.8,-8.3492
GV-00731,4542.25,267.96,-1154.04,-8.2609
GV-00732,4570.44,263.25,-1097.9,-8.1688
GV-00733,4627.65,277.34,-1047.21,-8.1605
GV-00734,4674.85,269.69,-1050.7,-8.1626
GV-00735,4740.98,266.6,-1000.06,-8.1409
GV-00736,4765.03,275.45,-945.86,-8.1314
GV-00737,4808.25,264.55,-951.11,-7.9439
GV-00738,4878.3,265.14,-901.6,-7.8107
GV-00739,4917.88,288.51,-902.88,-8.0185
GV-00740,4979.57,290.53,-847.55,-7.7243
GV-00741,5008.07,261.64,-853.0,-7.833
GV-00742,5085.16,264.51,-803.08,-7.6769
GV-00743,5123.65,285.37,-800.25,-7.647
GV-00744,5185.66,276.27,-798.47,-7.4887
GV-00745,5239.55,292.96,-802.01,-7.5532
GV-00746,5269.84,268.72,-798.21,-7.416
GV-00747,5309.07,273.64,-802.92,-7.3035
GV-00748,5359.74,260.14,-802.17,-7.3509
GV-00749,5439.98,267.93,-853.6,-7.1292
GV-00750,5460.91,268.31,-851.34,-6.945
GV-00751,5535.2,281.31,-849.91,-6.9915
GV-00752,5559.04,274.5,-902.0,-6.7868
GV-00753,5634.8,292.69,-897.37,-6.7162
GV-00754,5680.16,293.33,-953.67,-6.6713
GV-00755,5728.75,268.93,-952.05,-6.4221
GV-00756,5792.67,268.43,-1004.67,-6.3476
GV-00757,5839.78,269.37,-1000.63,-6.389
GV-00758,5887.15,286.45,-1049.71,-6.26
GV-00759,5923.24,268.78,-1102.81,-6.0359
GV-00760,5965.16,281.97,-1146.75,-5.93
GV-00761,6006.61,260.53,-1152.84,-5.7644
GV-00762,6079.79,264.28,-1203.57,-5.779
GV-00763,6127.42,255.24,-1252.13,-5.4837
GV-00764,6167.41,282.79,-1252.57,-5.4227
GV-00765,6236.22,281.71,-1254.09,-5.2623
GV-00766,6264.51,277.82,-1248.19,-5.2186
GV-00767,6307.43,287.57,-1201.67,-5.0382
GV-00768,6383.46,262.9,-1199.48,-4.8253
GV-00769,39.13,331.23,-848.77,-9.2217
GV-00770,73.85,330.86,-845.53,-9.2749
GV-00771,127.3,339.59,-854.51,-9.4354
GV-00772,182.97,310.09,-901.77,-9.6053
GV-00773,230.25,325.41,-897.32,-9.5545
GV-00774,267.46,340.3,-904.78,-9.6505
GV-00775,336.23,307.63,-903.41,-9.6126
GV-00776,368.8,317.64,-903.99,-9.8322
GV-00777,432.58,339.35,-899.9,-9.7077
GV-00778,468.64,335.45,-896.18,-10.0035
GV-00779,509.67,334.43,-898.99,-10.0655
GV-00780,558.66,306.94,-901.25,-9.8154
GV-00781,613.31,321.11,-899.21,-10.1128
GV-00782,679.4,331.35,-902.12,-10.0176
GV-00783,726.42,326.04,-896.19,-10.1666
GV-00784,776.48,329.96,-904.81,-10.0657
GV-00785,814.99,324.03,-902.15,-9.954
GV-00786,881.56,322.16,-899.76,-10.2847
GV-00787,944.89,331.94,-899.55,-10.185
GV-00788,968.35,330.0,-898.76,-10.2729
GV-00789,1021.41,344.92,-899.01,-10.2592
GV-00790,1085.2,323.37,-901.24,-10.1481
GV-00791,1113.53,336.71,-896.89,-10.2002
GV-00792,1175.23,331.43,-899.7,-10.3819
GV-00793,1244.26,327.48,-895.01,-10.3063
GV-00794,1258.64,343.3,-898.19,-10.1918
GV-00795,1329.89,344.07,-904.65,-10.2518
GV-00796,1364.93,309.04,-904.79,-10.2778
GV-00797,1438.63,313.47,-896.82,-10.3719
GV-00798,1461.07,335.94,-899.43,-10.1707
GV-00799,1505.19,326.34,-902.95,-10.2674
GV-00800,1579.35,338.21,-898.9,-10.1669
GV-00801,1635.29,325.42,-895.5,-10.0902
GV-00802,1677.59,342.24,-901.13,-9.9281
GV-00803,1714.79,333.35,-902.57,-10.0859
GV-00804,1781.47,324.35,-899.66,-9.9189
GV-00805,1836.11,317.79,-904.56,-9.9374
GV-00806,1888.52,328.77,-897.79,-9.9055
GV-00807,1930.28,324.67,-897.66,-9.8061
GV-00808,1958.09,306.38,-895.09,-9.8844
GV-00809,2041.82,318.17,-898.1,-9.7561
GV-00810,2076.56,326.64,-950.43,-9.8087
GV-00811,2144.88,338.97,-948.04,-9.8197
GV-00812,2164.36,336.03,-949.77,-9.8261
GV-00813,2239.95,338.34,-949.86,-9.6425
GV-00814,2278.11,323.93,-948.81,-9.7359
GV-00815,2312.8,336.77,-1001.61,-9.4667
GV-00816,2370.71,316.03,-995.43,-9.6485
GV-00817,2436.98,319.2,-997.78,-9.5034
GV-00818,2488.12,315.45,-1004.44,-9.4592
GV-00819,2532.5,314.5,-1046.17,-9.5401
GV-00820,2565.78,308.2,-1047.06,-9.6384
GV-00821,2643.68,338.64,-1050.07,-9.3771
GV-00822,2683.25,327.82,-1045.36,-9.3455
GV-00823,2744.54,310.08,-1101.19,-9.3572
GV-00824,2773.86,314.16,-1099.84,-9.3551
GV-00825,2835.17,306.79,-1103.88,-9.4716
GV-00826,2890.55,310.82,-1151.79,-9.066
GV-00827,2920.25,325.65,-1145.67,-9.4294
GV-00828,2959.12,324.75,-1154.74,-9.2073
GV-00829,3030.93,320.39,-1147.34,-9.1861
GV-00830,3069.5,308.95,-1150.15,-9.1825
GV-00831,3129.44,308.9,-1197.45,-9.18
GV-00832,3165.54,330.14,-1196.22,-9.0411
GV-00833,3241.02,313.96,-1195.69,-9.0289
GV-00834,3268.18,318.76,-1202.71,-8.9799
GV-00835,3324.01,328.17,-1202.81,-9.0658
GV-00836,3388.76,330.36,-1199.94,-9.0716
GV-00837,3422.7,328.15,-1254.31,-8.9248
GV-00838,3467.58,306.38,-1254.38,-8.9876
GV-00839,3524.87,319.82,-1247.48,-8.9216
GV-00840,3580.06,310.34,-1246.25,-8.8321
GV-00841,3630.89,323.24,-1247.83,-8.8383
GV-00842,3681.46,323.14,-1251.05,-8.98
GV-00843,3730.98,341.59,-1253.49,-8.7344
GV-00844,3783.2,334.52,-1245.93,-8.7686
GV-00845,3824.08,329.47,-1250.89,-8.7653
GV-00846,3874.46,339.95,-1254.9,-8.8029
GV-00847,3911.44,325.92,-1249.8,-8.7566
GV-00848,3984.88,316.41,-1247.77,-8.5949
GV-00849,4036.53,343.08,-1247.84,-8.6584
GV-00850,4058.54,322.56,-1246.87,-8.7129
GV-00851,4130.29,305.38,-1249.5,-8.6139
GV-00852,4185.46,334.75,-1248.43,-8.4011
GV-00853,4235.38,312.33,-1245.65,-8.6846
GV-00854,4282.66,309.15,-1249.95,-8.4314
GV-00855,4320.22,341.12,-1203.14,-8.4916
GV-00856,4365.08,315.8,-1200.24,-8.3998
GV-00857,4425.47,335.15,-1202.16,-8.4148
GV-00858,4468.59,342.22,-1149.35,-8.6295
GV-00859,4512.43,316.8,-1102.7,-8.3421
GV-00860,4580.89,309.18,-1048.72,-8.29
GV-00861,4616.97,341.82,-1050.84,-8.5478
GV-00862,4668.75,324.11,-999.24,-8.2518
GV-00863,4717.71,308.6,-953.77,-8.3001
GV-00864,4782.06,309.83,-952.0,-8.2756
GV-00865,4823.93,319.65,-904.7,-8.1794
GV-00866,4861.72,319.08,-902.95,-8.2034
GV-00867,4924.24,309.28,-850.31,-8.0066
GV-00868,4981.35,319.47,-852.99,-8.0716
GV-00869,5012.51,332.34,-796.82,-7.9712
GV-00870,5077.47,315.78,-804.84,-7.9819
GV-00871,5110.94,320.38,-802.31,-7.7158
GV-00872,5171.74,308.14,-795.92,-7.6483
GV-00873,5228.88,333.2,-798.2,-7.5489
GV-00874,5275.54,319.54,-798.85,-7.592
GV-00875,5341.02,338.01,-797.35,-7.513
GV-00876,5370.44,311.17,-854.1,-7.2242
GV-00877,5434.53,334.13,-848.83,-7.3591
GV-00878,5464.06,339.73,-850.44,-7.0609
GV-00879,5534.75,308.92,-895.22,-6.9793
GV-00880,5565.71,315.48,-896.23,-6.9608
GV-00881,5625.6,317.78,-946.15,-7.1136
GV-00882,5668.56,328.53,-947.53,-6.6566
GV-00883,5711.66,326.62,-997.47,-6.6255
GV-00884,5778.73,320.73,-1053.69,-6.3996
GV-00885,5832.99,333.53,-1049.99,-6.5342
GV-00886,5876.11,307.69,-1097.59,-6.2641
GV-00887,5921.4,343.47,-1145.42,-6.125
GV-00888,5989.49,336.58,-1151.22,-5.9104
GV-00889,6015.34,314.31,-1203.8,-5.7524
GV-00890,6086.13,316.25,-1251.02,-5.7942
GV-00891,6143.47,313.08,-1251.96,-5.6149
GV-00892,6176.02,339.91,-1253.73,-5.641
GV-00893,6206.69,333.31,-1251.0,-5.4251
GV-00894,6288.71,327.77,-1247.4,-5.2559
GV-00895,6328.2,325.16,-1196.81,-5.0422
GV-00896,6379.53,329.19,-1203.94,-5.064
GV-00897,9.22,392.73,-849.57,-9.3475
GV-00898,84.0,384.05,-851.27,-9.4636
GV-00899,116.07,372.39,-904.82,-9.5173
GV-00900,192.88,394.26,-903.38,-9.5813
GV-00901,221.11,355.88,-896.7,-9.7541
GV-00902,278.51,370.38,-901.11,-9.9762
GV-00903,317.41,369.7,-902.4,-9.8033
GV-00904,382.83,373.5,-902.16,-9.901
GV-00905,418.7,370.14,-904.87,-9.8921
GV-00906,493.47,374.84,-903.0,-9.9533
GV-00907,516.47,377.17,-903.84,-10.0706
GV-00908,587.49,362.27,-901.48,-10.1523
GV-00909,605.01,375.57,-901.16,-9.9729
GV-00910,663.81,390.72,-899.73,-9.9999
GV-00911,714.62,390.0,-897.53,-10.1514
GV-00912,774.96,368.43,-897.38,-10.2976
GV-00913,806.47,369.98,-895.59,-10.2925
GV-00914,861.15,382.16,-902.71,-10.3552
GV-00915,921.47,383.35,-897.93,-10.2112
GV-00916,963.98,375.7,-897.55,-10.4153
GV-00917,1033.56,374.88,-896.36,-10.2602
GV-00918,1061.02,366.46,-899.27,-10.3758
GV-00919,1126.82,387.05,-897.14,-10.4092
GV-00920,1175.15,360.22,-896.93,-10.3644
GV-00921,1227.56,355.49,-904.76,-10.1538
GV-00922,1282.6,371.2,-895.63,-10.3097
GV-00923,1309.73,385.81,-895.75,-10.2522
GV-00924,1362.72,380.36,-895.31,-10.3027
GV-00925,1431.14,376.19,-900.51,-10.3422
GV-00926,1470.87,368.43,-898.63,-10.2782
GV-00927,1541.1,377.52,-897.52,-9.9636
GV-00928,1591.69,372.06,-897.91,-10.2245
GV-00929,1622.56,369.12,-900.65,-10.4008
GV-00930,1656.22,394.69,-896.5,-10.1594
GV-00931,1714.38,389.67,-895.75,-10.1737
GV-00932,1755.39,390.88,-897.4,-10.2146
GV-00933,1805.51,373.54,-896.98,-10.1343
GV-00934,1875.44,365.98,-898.7,-9.9576
GV-00935,1917.55,358.03,-897.21,-9.9309
GV-00936,1984.4,368.96,-900.42,-9.9486
GV-00937,2041.95,361.67,-952.0,-9.9215
GV-00938,2078.71,380.65,-954.81,-9.7775
GV-00939,2140.53,366.51,-950.61,-9.7321
GV-00940,2161.09,367.23,-953.49,-9.6157
GV-00941,2239.81,368.79,-949.55,-9.87
GV-00942,2285.37,365.58,-999.16,-9.6881
GV-00943,2319.03,391.78,-1002.73,-9.6867
GV-00944,2360.69,378.07,-999.98,-9.5488
GV-00945,2431.54,371.72,-995.51,-9.8192
GV-00946,2462.94,387.69,-1050.71,-9.6497
GV-00947,2529.93,368.51,-1051.69,-9.5782
GV-00948,2586.37,370.44,-1052.01,-9.5441
GV-00949,2610.8,383.84,-1049.37,-9.8354
GV-00950,2690.46,386.7,-1104.22,-9.584
GV-00951,2737.32,374.26,-1102.54,-9.4046
GV-00952,2762.77,388.81,-1102.07,-9.3863
GV-00953,2814.14,370.8,-1104.59,-9.4862
GV-00954,2872.25,357.22,-1151.07,-9.4347
GV-00955,2912.15,356.32,-1153.77,-9.5305
GV-00956,2977.69,382.62,-1153.94,-9.3103
GV-00957,3006.18,383.3,-1147.34,-9.5034
GV-00958,3088.61,370.13,-1195.87,-9.4407
GV-00959,3133.22,364.0,-1196.44,-9.1734
GV-00960,3191.4,367.26,-1203.32,-9.2825
GV-00961,3210.15,362.88,-1204.08,-9.273
GV-00962,3262.7,385.7,-1204.39,-9.0603
GV-00963,3330.19,384.67,-1199.04,-9.1685
GV-00964,3367.15,394.03,-1245.71,-9.0
GV-00965,3406.24,388.97,-1252.01,-9.1117
GV-00966,3462.57,362.8,-1249.2,-9.0581
GV-00967,3536.46,367.91,-1248.82,-9.0875
GV-00968,3581.8,391.92,-1245.73,-8.9828
GV-00969,3613.88,366.09,-1247.04,-8.9461
GV-00970,3656.84,388.63,-1246.36,-8.9048
GV-00971,3720.18,385.26,-1253.38,-8.8357
GV-00972,3774.04,374.47,-1249.55,-8.9709
GV-00973,3818.04,360.94,-1253.71,-8.8363
GV-00974,3873.92,393.08,-1248.1,-8.7592
GV-00975,3935.52,388.58,-1251.87,-8.8997
GV-00976,3970.68,384.81,-1246.35,-8.757
GV-00977,4043.9,376.62,-1246.4,-8.8536
GV-00978,4087.85,382.37,-1252.88,-8.7526
GV-00979,4144.86,362.64,-1254.31,-8.7409
GV-00980,4184.3,387.18,-1247.77,-8.6602
GV-00981,4229.58,379.06,-1248.81,-8.8437
GV-00982,4257.5,391.84,-1253.51,-8.5721
GV-00983,4329.52,356.2,-1198.35,-8.7567
GV-00984,4368.61,371.28,-1201.12,-8.7586
GV-00985,4429.48,389.81,-1153.3,-8.511
GV-00986,4488.16,384.69,-1099.06,-8.6727
GV-00987,4537.61,387.55,-1045.85,-8.6245
GV-00988,4581.26,371.8,-1050.77,-8.7171
GV-00989,4622.41,364.69,-997.43,-8.3269
GV-00990,4687.46,384.07,-952.87,-8.4917
GV-00991,4716.36,376.41,-947.04,-8.4566
GV-00992,4781.49,360.39,-903.19,-8.3344
GV-00993,4816.58,361.24,-899.67,-8.199
GV-00994,4879.85,389.51,-851.26,-8.4105
GV-00995,4934.0,388.63,-845.34,-8.237
GV-00996,4984.16,373.01,-802.07,-8.1055
GV-00997,5014.04,382.11,-802.74,-8.1637
GV-00998,5088.28,390.19,-795.35,-7.845
GV-00999,5143.9,379.85,-797.44,-8.0702
GV-01000,5180.21,372.0,-800.26,-7.8172
GV-01001,5227.96,370.43,-797.26,-7.6013
GV-01002,5285.58,393.34,-802.02,-7.701
GV-01003,5311.82,359.88,-847.7,-7.4915
GV-01004,5385.43,388.45,-847.09,-7.635
GV-01005,5416.33,363.44,-848.89,-7.3891
GV-01006,5487.13,371.16,-899.64,-7.2442
GV-01007,5509.09,365.61,-903.62,-7.0253
GV-01008,5578.71,374.38,-948.45,-7.1434
GV-01009,5620.65,386.88,-947.95,-7.0577
GV-01010,5659.51,384.35,-1002.29,-6.8191
GV-01011,5725.6,355.8,-1052.97,-6.5253
GV-01012,5762.25,379.91,-1097.63,-6.7632
GV-01013,5836.21,381.84,-1097.33,-6.5821
GV-01014,5872.24,392.35,-1151.76,-6.3672
GV-01015,5918.22,394.54,-1200.52,-6.3887
GV-01016,5994.36,383.04,-1203.49,-6.1174
GV-01017,6025.91,394.95,-1251.0,-5.9713
GV-01018,6067.73,382.62,-1245.31,-5.9847
GV-01019,6118.97,387.24,-1253.9,-5.7992
GV-01020,6191.86,394.76,-1252.4,-5.6076
GV-01021,6232.05,356.36,-1254.65,-5.4662
GV-01022,6264.15,374.87,-1204.82,-5.2006
GV-01023,6338.43,355.78,-1196.86,-5.209
GV-01024,6360.8,394.6,-1197.07,-5.2501
GV-01025,5.09,432.7,-904.78,-9.3827
GV-01026,78.62,431.95,-904.96,-9.5
GV-01027,136.81,433.57,-902.34,-9.6682
GV-01028,163.75,413.66,-895.01,-9.7699
GV-01029,215.8,431.6,-900.1,-9.6717
GV-01030,264.63,413.17,-897.71,-9.7768
GV-01031,327.68,444.48,-902.19,-9.9924
GV-01032,374.22,416.07,-900.99,-9.9349
GV-01033,424.48,425.66,-896.18,-10.0916
GV-01034,479.51,422.49,-902.07,-9.9251
GV-01035,533.22,406.45,-898.57,-10.1321
GV-01036,567.85,434.83,-903.14,-10.1601
GV-01037,644.49,407.59,-903.1,-10.1543
GV-01038,689.1,417.07,-899.19,-10.1085
GV-01039,719.83,427.3,-900.01,-10.453
GV-01040,785.14,442.02,-895.93,-10.4784
GV-01041,836.92,430.4,-904.09,-10.4024
GV-01042,893.45,413.03,-895.4,-10.6252
GV-01043,926.15,434.36,-898.54,-10.3639
GV-01044,992.95,434.98,-900.63,-10.518
GV-01045,1032.46,434.29,-900.14,-10.4107
GV-01046,1069.76,444.05,-900.0,-10.4922
GV-01047,1135.68,429.38,-896.23,-10.3512
GV-01048,1184.87,409.92,-895.17,-10.5523
GV-01049,1236.97,424.51,-901.19,-10.5674
GV-01050,1260.72,424.33,-895.22,-10.4778
GV-01051,1338.19,423.72,-902.87,-10.4365
GV-01052,1380.87,441.2,-902.23,-10.4771
GV-01053,1443.03,437.26,-902.91,-10.5089
GV-01054,1473.68,407.56,-902.27,-10.4951
GV-01055,1531.43,439.03,-895.81,-10.3856
GV-01056,1572.83,411.07,-898.86,-10.431
GV-01057,1635.17,441.9,-902.64,-10.3842
GV-01058,1677.81,419.45,-903.53,-10.4135
GV-01059,1736.88,406.56,-895.14,-10.1651
GV-01060,1785.7,435.68,-899.62,-10.302
GV-01061,1805.99,432.35,-901.65,-10.1669
GV-01062,1869.81,415.4,-898.44,-10.1806
GV-01063,1921.31,416.31,-900.86,-10.1308
GV-01064,1992.93,419.55,-951.41,-9.8595
GV-01065,2016.42,414.01,-947.17,-10.064
GV-01066,2086.29,443.17,-949.52,-10.0645
GV-01067,2110.01,439.56,-948.0,-10.1047
GV-01068,2170.5,439.58,-949.33,-9.8407
GV-01069,2216.97,425.83,-949.29,-10.0002
GV-01070,2290.03,421.68,-1001.67,-9.7781
GV-01071,2327.25,421.04,-999.13,-9.8308
GV-01072,2372.59,424.13,-1004.12,-9.8085
GV-01073,2438.35,427.23,-1002.66,-9.8889
GV-01074,2455.22,437.08,-1049.51,-9.9445
GV-01075,2544.79,428.36,-1051.14,-9.554
GV-01076,2571.67,405.03,-1050.13,-9.5819
GV-01077,2627.56,416.47,-1096.73,-9.5896
GV-01078,2692.93,431.44,-1095.28,-9.7466
GV-01079,2729.95,410.84,-1097.51,-9.5293
GV-01080,2771.1,443.1,-1096.99,-9.5091
GV-01081,2829.29,408.08,-1152.01,-9.4921
GV-01082,2887.78,416.8,-1151.64,-9.5423
GV-01083,2906.37,444.43,-1150.73,-9.398
GV-01084,2973.46,410.38,-1152.95,-9.5443
GV-01085,3010.98,414.46,-1195.67,-9.5348
GV-01086,3070.99,409.02,-1203.42,-9.4199
GV-01087,3137.03,428.29,-1196.9,-9.3404
GV-01088,3170.04,427.62,-1202.0,-9.2904
GV-01089,3219.83,427.94,-1201.07,-9.4316
GV-01090,3269.06,416.4,-1197.02,-9.1678
GV-01091,3328.41,409.83,-1245.3,-9.3499
GV-01092,3394.72,409.65,-1251.01,-9.246
GV-01093,3433.41,441.71,-1246.55,-9.3283
GV-01094,3465.65,411.09,-1248.31,-9.1364
GV-01095,3511.52,443.71,-1251.54,-9.1908
GV-01096,3559.87,438.58,-1252.49,-9.0101
GV-01097,3631.39,408.13,-1253.58,-9.1469
GV-01098,3667.33,441.85,-1248.21,-9.2157
GV-01099,3725.26,418.83,-1247.99,-8.9436
GV-01100,3794.41,421.03,-1250.88,-9.0807
GV-01101,3835.19,439.81,-1245.61,-9.0445
GV-01102,3866.27,437.62,-1252.16,-9.0583
GV-01103,3939.7,419.87,-1245.82,-8.9671
GV-01104,3987.97,409.04,-1247.22,-8.9626
GV-01105,4024.57,431.29,-1250.35,-8.897
GV-01106,4071.08,437.04,-1253.43,-8.8569
GV-01107,4137.74,416.64,-1254.44,-9.1283
GV-01108,4187.19,442.72,-1247.19,-8.9041
GV-01109,4241.16,410.87,-1253.69,-8.9057
GV-01110,4255.65,437.11,-1202.0,-8.7338
GV-01111,4327.29,431.26,-1197.45,-8.8139
GV-01112,4368.21,405.78,-1145.59,-8.9152
GV-01113,4419.58,428.92,-1097.12,-8.6688
GV-01114,4481.73,422.64,-1051.67,-8.7881
GV-01115,4507.52,405.06,-1053.99,-8.7896
GV-01116,4593.08,423.17,-999.0,-8.7409
GV-01117,4643.84,422.08,-946.55,-8.6098
GV-01118,4693.16,431.39,-948.13,-8.5776
GV-01119,4728.29,415.49,-899.88,-8.6318
GV-01120,4761.67,427.93,-846.52,-8.5676
GV-01121,4805.4,426.92,-848.11,-8.2919
GV-01122,4866.41,405.07,-849.61,-8.366
GV-01123,4936.42,425.42,-799.31,-8.3054
GV-01124,4986.49,436.71,-804.42,-8.2326
GV-01125,5028.33,411.23,-802.74,-8.2112
GV-01126,5093.86,410.89,-795.33,-7.9719
GV-01127,5121.14,440.42,-800.27,-8.031
GV-01128,5164.99,433.58,-800.54,-7.8181
GV-01129,5208.69,405.94,-795.05,-7.9778
GV-01130,5272.67,412.31,-848.98,-7.681
GV-01131,5309.92,414.74,-846.6,-7.7394
GV-01132,5372.1,428.35,-847.26,-7.5289
GV-01133,5425.17,434.54,-897.23,-7.3719
GV-01134,5494.21,429.43,-903.27,-7.2449
GV-01135,5517.73,429.41,-948.41,-7.2687
GV-01136,5584.16,424.06,-995.06,-7.1436
GV-01137,5622.26,436.51,-1001.7,-7.0113
GV-01138,5692.37,413.05,-1052.45,-6.9589
GV-01139,5707.68,444.49,-1095.92,-6.6316
GV-01140,5757.16,432.4,-1099.85,-6.6585
GV-01141,5840.24,420.49,-1151.11,-6.5695
GV-01142,5860.96,443.66,-1201.18,-6.4173
GV-01143,5925.97,430.99,-1246.18,-6.2892
GV-01144,5976.77,441.98,-1246.68,-6.1996
GV-01145,6033.03,431.57,-1297.83,-6.1489
GV-01146,6071.87,407.15,-1247.56,-5.6022
GV-01147,6139.66,429.73,-1250.99,-5.914
GV-01148,6190.82,436.65,-1245.67,-5.6969
GV-01149,6234.29,422.94,-1203.3,-5.6035
GV-01150,6264.38,409.25,-1196.97,-5.3529
GV-01151,6314.67,415.25,-1203.35,-5.1959
GV-01152,6377.05,434.66,-1204.28,-5.2735
GV-01153,31.75,494.21,-895.24,-9.522
GV-01154,80.16,484.81,-902.84,-9.6423
GV-01155,105.89,482.74,-897.2,-9.7657
GV-01156,185.91,461.1,-899.22,-9.8061
GV-01157,233.3,474.06,-903.02,-9.8503
GV-01158,259.55,469.7,-896.9,-9.8867
GV-01159,316.96,492.6,-903.01,-9.8842
GV-01160,364.65,462.01,-900.14,-10.0736
GV-01161,422.16,469.53,-899.32,-10.1788
GV-01162,464.18,479.75,-897.8,-10.2495
GV-01163,518.16,493.6,-897.06,-10.4598
GV-01164,558.25,479.5,-903.24,-10.3738
GV-01165,632.36,479.25,-896.09,-10.1832
GV-01166,667.25,481.2,-954.86,-10.4491
GV-01167,725.47,471.98,-898.94,-10.2821
GV-01168,767.59,456.99,-895.14,-10.4616
GV-01169,808.56,470.7,-903.35,-10.4375
GV-01170,862.15,457.77,-895.06,-10.4928
GV-01171,926.29,468.15,-895.88,-10.5405
GV-01172,980.03,457.88,-896.98,-10.6818
GV-01173,1028.47,485.92,-898.79,-10.4227
GV-01174,1093.85,480.35,-901.88,-10.5319
GV-01175,1118.64,475.09,-895.16,-10.622
GV-01176,1192.46,459.87,-899.32,-10.3785
GV-01177,1217.84,466.01,-896.23,-10.7056
GV-01178,1268.11,467.61,-904.81,-10.4189
GV-01179,1314.38,492.74,-904.43,-10.6447
GV-01180,1393.89,469.19,-895.75,-10.6204
GV-01181,1420.18,470.58,-903.5,-10.536
GV-01182,1482.53,466.25,-902.07,-10.458
GV-01183,1521.06,490.2,-895.21,-10.457
GV-01184,1565.24,460.73,-898.08,-10.4162
GV-01185,1643.56,482.59,-903.98,-10.4898
GV-01186,1670.79,469.87,-902.15,-10.3624
GV-01187,1742.36,484.29,-904.49,-10.4911
GV-01188,1764.8,460.45,-898.09,-10.2715
GV-01189,1809.52,489.58,-899.03,-10.2858
GV-01190,1859.22,489.13,-896.1,-10.4027
GV-01191,1909.71,488.04,-898.06,-10.4054
GV-01192,1980.76,487.1,-948.23,-10.3373
GV-01193,2043.56,467.97,-952.79,-9.9658
GV-01194,2065.4,484.17,-953.01,-10.101
GV-01195,2139.54,478.33,-949.57,-9.9706
GV-01196,2159.52,491.99,-949.2,-10.1698
GV-01197,2223.27,493.32,-995.85,-10.0247
GV-01198,2258.06,470.69,-1000.08,-10.0434
GV-01199,2329.32,476.82,-998.59,-9.8704
GV-01200,2360.64,471.42,-1004.71,-9.8117
GV-01201,2411.67,458.91,-1045.45,-9.8507
GV-01202,2485.45,457.31,-1051.36,-9.7354
GV-01203,2529.42,489.39,-1052.39,-9.9028
GV-01204,2559.75,491.92,-1045.83,-9.849
GV-01205,2628.19,489.81,-1098.06,-9.7567
GV-01206,2656.72,477.16,-1098.45,-9.6408
GV-01207,2717.61,491.43,-1098.32,-9.5105
GV-01208,2762.8,467.66,-1103.99,-9.7716
GV-01209,2835.41,465.46,-1149.4,-9.6358
GV-01210,2872.02,462.54,-1153.04,-9.5436
GV-01211,2936.31,469.81,-1151.45,-9.5706
GV-01212,2965.93,493.29,-1150.55,-9.4729
GV-01213,3033.86,483.08,-1198.47,-9.5389
GV-01214,3078.29,485.89,-1204.39,-9.475
GV-01215,3126.85,476.73,-1196.39,-9.3886
GV-01216,3183.25,471.38,-1195.27,-9.5808
GV-01217,3218.14,469.62,-1200.45,-9.0979
GV-01218,3292.94,477.72,-1246.39,-9.3246
GV-01219,3337.36,484.72,-1252.08,-9.2097
GV-01220,3369.37,481.87,-1245.92,-9.4704
GV-01221,3435.86,462.29,-1252.32,-9.1158
GV-01222,3461.49,461.26,-1251.88,-9.1902
GV-01223,3525.61,485.44,-1249.04,-9.3375
GV-01224,3564.15,485.72,-1250.68,-9.0934
GV-01225,3643.62,478.39,-1252.82,-9.3087
GV-01226,3663.81,478.72,-1247.96,-9.1581
GV-01227,3706.79,470.91,-1245.38,-9.2239
GV-01228,3790.81,484.51,-1246.29,-9.1324
GV-01229,3840.39,457.25,-1253.65,-9.1243
GV-01230,3860.93,463.98,-1252.92,-9.2764
GV-01231,3943.64,483.72,-1247.06,-9.172
GV-01232,3993.3,463.13,-1246.36,-9.0445
GV-01233,4013.56,461.76,-1245.71,-9.1123
GV-01234,4089.78,458.89,-1249.76,-8.9291
GV-01235,4125.3,486.47,-1249.72,-8.9409
GV-01236,4180.13,459.33,-1246.1,-8.941
GV-01237,4220.73,474.54,-1196.61,-8.9114
GV-01238,4274.71,474.83,-1202.1,-9.0178
GV-01239,4344.35,483.24,-1151.77,-8.8464
GV-01240,4389.46,455.51,-1100.07,-8.8748
GV-01241,4438.23,462.49,-1049.84,-8.8169
GV-01242,4456.89,464.21,-1054.78,-8.8106
GV-01243,4541.79,482.21,-996.41,-8.8144
GV-01244,4589.77,489.14,-954.26,-8.7654
GV-01245,4639.95,460.17,-950.65,-8.7045
GV-01246,4659.39,471.18,-898.48,-8.5784
GV-01247,4712.52,479.44,-848.06,-8.6668
GV-01248,4778.82,465.47,-852.36,-8.6206
GV-01249,4821.22,457.02,-854.11,-8.5166
GV-01250,4879.85,476.07,-804.51,-8.5463
GV-01251,4927.98,455.66,-795.12,-8.4826
GV-01252,4992.54,485.79,-795.92,-8.3341
GV-01253,5027.39,482.85,-799.55,-8.256
GV-01254,5068.48,487.35,-802.05,-8.1034
GV-01255,5137.24,475.76,-804.46,-8.1143
GV-01256,5187.82,465.05,-799.27,-7.9231
GV-01257,5232.24,456.95,-853.11,-7.7781
GV-01258,5294.95,468.69,-849.38,-7.8285
GV-01259,5317.3,460.0,-901.94,-7.9299
GV-01260,5365.7,493.25,-898.85,-7.6579
GV-01261,5414.71,486.82,-951.29,-7.5652
GV-01262,5462.22,485.69,-946.87,-7.4498
GV-01263,5532.99,469.69,-1004.98,-7.2945
GV-01264,5563.85,490.88,-995.47,-7.2201
GV-01265,5638.46,478.78,-1053.54,-7.2434
GV-01266,5680.82,493.43,-1095.26,-6.9482
GV-01267,5741.66,492.29,-1146.89,-6.8857
GV-01268,5780.96,484.52,-1148.49,-6.8011
GV-01269,5843.8,464.65,-1202.27,-6.5583
GV-01270,5858.49,463.73,-1252.86,-6.6181
GV-01271,5928.61,482.59,-1300.25,-6.4371
GV-01272,5960.87,484.56,-1298.94,-6.2479
GV-01273,6035.01,491.13,-1247.59,-6.0716
GV-01274,6064.33,482.07,-1245.48,-6.0208
GV-01275,6106.45,460.47,-1249.34,-5.9062
GV-01276,6161.96,489.38,-1251.88,-5.8033
GV-01277,6239.42,480.13,-1199.91,-5.7095
GV-01278,6275.59,491.22,-1198.6,-5.3729
GV-01279,6317.94,467.06,-1198.13,-5.3679
GV-01280,6372.49,477.95,-1147.42,-5.075
GV-01281,42.74,514.81,-895.93,-9.3374
GV-01282,63.57,541.58,-904.31,-9.5045
GV-01283,134.76,528.3,-895.9,-9.5805
GV-01284,182.12,533.98,-900.84,-9.7059
GV-01285,244.23,505.63,-900.89,-9.9821
GV-01286,278.8,537.05,-897.2,-9.9424
GV-01287,319.81,519.13,-895.2,-10.1047
GV-01288,378.15,527.06,-895.81,-10.0764
GV-01289,423.4,512.23,-901.61,-10.2798
GV-01290,473.07,512.38,-951.59,-10.185
GV-01291,540.27,507.96,-948.41,-10.3549
GV-01292,580.2,516.07,-946.66,-10.3948
GV-01293,627.44,505.47,-946.77,-10.4907
GV-01294,681.03,533.94,-952.96,-10.4874
GV-01295,719.5,537.74,-952.65,-10.7139
GV-01296,780.73,509.6,-949.19,-10.565
GV-01297,834.3,513.78,-946.19,-10.4214
GV-01298,879.65,523.58,-900.44,-10.7549
GV-01299,942.84,541.02,-899.38,-10.5469
GV-01300,963.28,538.57,-904.95,-10.6076
GV-01301,1027.02,532.47,-901.11,-10.5825
GV-01302,1077.67,522.8,-904.42,-10.7644
GV-01303,1138.71,514.26,-899.94,-10.708
GV-01304,1183.16,540.65,-899.82,-10.851
GV-01305,1239.99,506.72,-900.77,-10.7002
GV-01306,1283.43,516.25,-899.95,-10.6677
GV-01307,1313.39,529.83,-898.61,-10.7427
GV-01308,1366.06,528.55,-899.93,-10.7848
GV-01309,1418.53,517.65,-895.58,-10.5621
GV-01310,1487.05,535.51,-901.83,-10.6357
GV-01311,1524.9,543.3,-897.54,-10.7341
GV-01312,1582.4,538.06,-901.11,-10.5399
GV-01313,1631.33,510.24,-898.2,-10.5475
GV-01314,1676.72,532.39,-899.1,-10.6493
GV-01315,1708.03,518.56,-902.21,-10.5148
GV-01316,1774.34,544.2,-900.75,-10.437
GV-01317,1821.5,524.63,-902.35,-10.5071
GV-01318,1869.17,513.99,-903.01,-10.4412
GV-01319,1935.43,508.17,-945.52,-10.3656
GV-01320,1960.68,524.59,-952.52,-10.3238
GV-01321,2016.16,534.72,-947.5,-10.3928
GV-01322,2063.7,540.56,-953.16,-10.4091
GV-01323,2142.05,543.44,-950.04,-10.1984
GV-01324,2188.73,528.0,-1000.46,-10.0634
GV-01325,2239.35,522.8,-1003.28,-9.9825
GV-01326,2283.18,505.86,-1000.51,-10.0822
GV-01327,2326.13,528.54,-997.6,-10.0764
GV-01328,2370.39,516.35,-997.92,-10.0765
GV-01329,2427.39,507.29,-1050.17,-10.0071
GV-01330,2462.06,512.5,-1049.51,-9.9721
GV-01331,2541.1,532.94,-1045.22,-9.804
GV-01332,2586.8,511.52,-1100.12,-9.8169
GV-01333,2608.95,511.95,-1102.81,-9.7931
GV-01334,2666.28,541.67,-1097.62,-10.0045
GV-01335,2723.38,535.67,-1103.95,-9.8031
GV-01336,2786.83,509.94,-1147.8,-9.7062
GV-01337,2813.87,524.06,-1152.64,-9.7715
GV-01338,2880.29,519.04,-1152.2,-9.9223
GV-01339,2944.61,536.08,-1150.28,-9.7024
GV-01340,2958.3,523.54,-1195.68,-9.7143
GV-01341,3020.12,512.74,-1196.17,-9.5718
GV-01342,3073.24,535.27,-1196.1,-9.669
GV-01343,3118.0,528.05,-1203.58,-9.4826
GV-01344,3172.88,541.57,-1199.88,-9.4341
GV-01345,3213.45,514.58,-1245.4,-9.5074
GV-01346,3263.89,505.91,-1248.63,-9.5628
GV-01347,3337.66,506.12,-1251.83,-9.3727
GV-01348,3356.64,533.04,-1251.01,-9.5691
GV-01349,3439.03,518.65,-1254.98,-9.4235
GV-01350,3471.0,538.57,-1248.95,-9.4158
GV-01351,3543.32,535.64,-1252.61,-9.1276
GV-01352,3589.92,512.74,-1252.61,-9.2176
GV-01353,3633.2,526.63,-1254.62,-9.4539
GV-01354,3657.33,517.08,-1250.75,-9.3512
GV-01355,3723.44,536.86,-1253.08,-9.226
GV-01356,3789.75,529.91,-1251.6,-9.1712
GV-01357,3810.34,531.58,-1248.65,-9.208
GV-01358,3879.84,524.54,-1254.71,-9.0825
GV-01359,3918.23,518.3,-1252.0,-9.2807
GV-01360,3988.11,537.11,-1251.21,-9.1594
GV-01361,4014.96,520.65,-1254.5,-9.1376
GV-01362,4092.35,520.56,-1245.18,-9.2397
GV-01363,4139.9,528.45,-1253.77,-9.0873
GV-01364,4194.28,540.21,-1247.36,-8.9591
GV-01365,4216.69,530.11,-1202.89,-9.135
GV-01366,4278.69,517.12,-1147.2,-9.0147
GV-01367,4332.1,539.17,-1104.23,-9.0418
GV-01368,4375.12,538.69,-1052.23,-9.1502
GV-01369,4443.14,537.72,-1046.95,-9.0399
GV-01370,4490.37,515.17,-1002.24,-8.7333
GV-01371,4507.82,507.5,-953.08,-8.9002
GV-01372,4593.85,515.75,-898.73,-8.9995
GV-01373,4607.16,505.74,-895.22,-8.7357
GV-01374,4667.29,544.7,-845.68,-8.8908
GV-01375,4708.84,517.5,-853.64,-8.7685
GV-01376,4757.7,534.36,-801.99,-8.7064
GV-01377,4821.09,510.34,-796.99,-8.6403
GV-01378,4885.48,523.86,-799.03,-8.4937
GV-01379,4928.2,535.63,-800.63,-8.3974
GV-01380,4972.87,543.31,-795.84,-8.4706
GV-01381,5007.21,530.18,-802.22,-8.5286
GV-01382,5060.16,507.03,-798.57,-8.3604
GV-01383,5109.76,543.39,-795.33,-8.1025
GV-01384,5178.19,543.04,-851.23,-8.1211
GV-01385,5209.05,511.12,-850.37,-7.9214
GV-01386,5284.35,536.34,-901.26,-7.847
GV-01387,5335.42,507.78,-898.4,-7.9201
GV-01388,5386.41,535.0,-945.23,-7.7189
GV-01389,5405.93,507.6,-954.4,-7.5754
GV-01390,5470.32,524.67,-995.07,-7.4833
GV-01391,5538.33,523.37,-1048.37,-7.4214
GV-01392,5580.68,510.18,-1045.44,-7.3585
GV-01393,5636.96,521.46,-1095.45,-7.2168
GV-01394,5659.58,512.42,-1153.89,-7.0881
GV-01395,5734.69,535.85,-1200.6,-7.1253
GV-01396,5793.67,523.31,-1201.33,-7.055
GV-01397,5813.57,531.09,-1250.72,-6.6547
GV-01398,5888.11,506.62,-1303.73,-6.4657
GV-01399,5928.91,507.19,-1300.75,-6.3538
GV-01400,5977.9,540.7,-1298.63,-6.3744
GV-01401,6021.19,543.84,-1248.67,-6.1631
GV-01402,6072.82,539.91,-1254.28,-6.0581
GV-01403,6122.14,517.32,-1252.64,-5.9372
GV-01404,6175.41,517.67,-1203.43,-5.7042
GV-01405,6235.68,528.19,-1198.85,-5.7223
GV-01406,6257.44,528.69,-1203.41,-5.4886
GV-01407,6317.46,530.16,-1151.12,-5.3526
GV-01408,6357.9,517.96,-1146.61,-5.23
GV-01409,20.53,567.85,-904.69,-9.5197
GV-01410,84.32,588.16,-898.24,-9.7668
GV-01411,123.4,572.79,-904.76,-9.698
GV-01412,173.04,573.24,-896.41,-9.7666
GV-01413,226.58,562.83,-903.93,-9.9365
GV-01414,279.66,574.49,-900.28,-9.9342
GV-01415,332.81,561.9,-899.45,-10.1071
GV-01416,383.54,591.96,-948.04,-10.4518
GV-01417,428.23,560.52,-946.67,-10.3713
GV-01418,491.25,555.95,-946.5,-10.2822
GV-01419,513.81,590.43,-951.82,-10.3165
GV-01420,570.35,568.03,-951.96,-10.5239
GV-01421,607.76,588.09,-945.06,-10.4595
GV-01422,670.24,578.01,-948.13,-10.571
GV-01423,721.04,570.23,-950.95,-10.7509
GV-01424,781.08,580.64,-952.13,-10.6507
GV-01425,838.25,587.49,-947.56,-10.7652
GV-01426,860.0,556.22,-948.64,-10.6429
GV-01427,930.92,588.06,-899.34,-10.8122
GV-01428,972.63,587.85,-896.23,-10.7089
GV-01429,1016.41,586.31,-895.2,-10.8399
GV-01430,1089.81,583.64,-901.58,-10.9057
GV-01431,1105.59,587.59,-902.99,-10.7713
GV-01432,1184.13,568.58,-899.68,-10.8769
GV-01433,1239.58,572.91,-901.81,-10.8607
GV-01434,1285.94,591.68,-899.04,-10.7876
GV-01435,1318.94,588.17,-898.4,-10.9487
GV-01436,1386.24,582.39,-903.86,-10.7542
GV-01437,1412.69,567.52,-899.38,-10.8403
GV-01438,1475.16,581.88,-898.05,-10.6351
GV-01439,1534.66,565.15,-901.73,-10.8049
GV-01440,1570.13,590.13,-903.87,-10.7615
GV-01441,1621.63,587.34,-898.13,-10.8102
GV-01442,1686.97,587.3,-903.2,-10.6148
GV-01443,1726.14,582.05,-903.93,-10.7974
GV-01444,1788.71,563.79,-899.09,-10.5376
GV-01445,1813.41,576.09,-898.81,-10.4543
GV-01446,1865.69,588.84,-952.83,-10.5921
GV-01447,1910.71,580.66,-954.98,-10.585
GV-01448,1972.95,556.55,-949.94,-10.5014
GV-01449,2012.76,579.96,-954.02,-10.6624
GV-01450,2056.32,589.59,-949.64,-10.4612
GV-01451,2133.26,569.58,-951.5,-10.4224
GV-01452,2176.28,583.4,-1003.44,-10.3945
GV-01453,2233.96,583.88,-1004.89,-10.3207
GV-01454,2281.61,568.06,-996.67,-9.9628
GV-01455,2336.05,558.34,-1001.31,-10.2539
GV-01456,2392.94,590.16,-1047.08,-9.9609
GV-01457,2422.83,556.73,-1046.46,-10.0759
GV-01458,2483.27,577.45,-1046.81,-9.9677
GV-01459,2524.37,586.61,-1047.5,-10.0661
GV-01460,2561.7,589.51,-1097.68,-9.9277
GV-01461,2644.16,577.29,-1104.01,-10.0608
GV-01462,2656.28,573.81,-1096.32,-9.9015
GV-01463,2743.16,594.32,-1151.07,-9.8532
GV-01464,2756.04,574.92,-1152.12,-9.8068
GV-01465,2808.16,584.76,-1149.87,-9.806
GV-01466,2891.35,559.69,-1154.46,-9.837
GV-01467,2908.51,557.82,-1204.38,-9.8304
GV-01468,2969.19,563.8,-1199.11,-9.8109
GV-01469,3031.87,572.2,-1196.7,-9.7058
GV-01470,3087.97,567.56,-1203.52,-9.7673
GV-01471,3139.46,567.54,-1195.38,-9.6376
GV-01472,3170.08,570.09,-1250.88,-9.4177
GV-01473,3239.12,580.22,-1251.86,-9.7568
GV-01474,3285.35,569.76,-1246.66,-9.5545
GV-01475,3329.67,558.04,-1248.75,-9.4542
GV-01476,3390.21,560.4,-1247.73,-9.5756
GV-01477,3412.04,588.89,-1247.36,-9.7591
GV-01478,3469.38,571.46,-1246.2,-9.4353
GV-01479,3517.19,573.09,-1248.11,-9.681
GV-01480,3556.13,568.24,-1250.87,-9.4978
GV-01481,3633.75,594.11,-1248.57,-9.3766
GV-01482,3686.36,574.36,-1247.94,-9.281
GV-01483,3734.43,568.01,-1246.54,-9.3275
GV-01484,3758.63,571.76,-1246.1,-9.2782
GV-01485,3822.63,573.23,-1252.58,-9.396
GV-01486,3879.73,569.45,-1246.64,-9.3744
GV-01487,3940.54,570.6,-1250.73,-9.3535
GV-01488,3975.47,560.3,-1251.0,-9.1125
GV-01489,4038.89,556.06,-1254.56,-9.1698
GV-01490,4058.89,573.09,-1251.42,-9.0661
GV-01491,4142.69,585.61,-1251.14,-9.2552
GV-01492,4160.95,584.53,-1198.5,-9.2778
GV-01493,4240.02,571.92,-1152.76,-9.1918
GV-01494,4260.18,575.61,-1100.43,-9.2149
GV-01495,4331.65,572.22,-1051.61,-9.1775
GV-01496,4384.07,580.02,-1051.44,-9.2979
GV-01497,4438.68,555.52,-999.38,-9.2508
GV-01498,4457.95,592.42,-952.19,-8.8335
GV-01499,4505.19,587.07,-899.55,-8.9759
GV-01500,4556.08,583.82,-896.21,-9.0415
GV-01501,4614.52,582.14,-854.51,-8.9753
GV-01502,4658.64,572.64,-854.87,-8.9469
GV-01503,4706.13,562.53,-795.25,-8.9391
GV-01504,4761.9,569.76,-798.63,-8.8263
GV-01505,4806.82,560.67,-800.39,-8.7826
GV-01506,4857.17,575.52,-804.42,-8.8669
GV-01507,4920.13,574.79,-798.99,-8.5252
GV-01508,4979.79,575.17,-804.79,-8.5783
GV-01509,5014.0,583.49,-804.37,-8.4376
GV-01510,5087.57,577.44,-851.35,-8.3561
GV-01511,5105.38,587.05,-848.84,-8.2203
GV-01512,5178.54,569.79,-848.61,-8.2116
GV-01513,5235.4,594.1,-903.96,-8.1465
GV-01514,5269.5,589.73,-900.21,-7.9498
GV-01515,5340.41,564.65,-951.38,-7.8608
GV-01516,5369.44,572.76,-951.01,-7.842
GV-01517,5433.95,559.47,-1004.27,-7.8959
GV-01518,5458.14,562.12,-1048.87,-7.6516
GV-01519,5543.6,564.02,-1096.33,-7.5599
GV-01520,5573.51,581.8,-1103.73,-7.4332
GV-01521,5620.96,589.89,-1150.02,-7.3024
GV-01522,5691.85,560.2,-1197.35,-7.2272
GV-01523,5705.99,555.09,-1254.2,-7.02
GV-01524,5755.84,573.52,-1253.58,-6.926
GV-01525,5808.69,571.0,-1295.2,-6.6601
GV-01526,5879.72,557.42,-1295.8,-6.6579
GV-01527,5928.16,570.58,-1298.43,-6.3758
GV-01528,5979.53,593.78,-1245.25,-6.259
GV-01529,6037.83,560.11,-1246.4,-6.2883
GV-01530,6060.77,588.53,-1252.35,-6.3049
GV-01531,6106.83,583.09,-1203.11,-5.8436
GV-01532,6193.01,556.61,-1200.69,-5.7824
GV-01533,6235.02,577.95,-1203.62,-5.5573
GV-01534,6278.47,568.74,-1147.52,-5.629
GV-01535,6343.48,589.22,-1152.52,-5.5008
GV-01536,6382.94,561.86,-1149.19,-5.3416
GV-01537,34.86,631.65,-902.6,-9.4788
GV-01538,66.54,627.28,-896.28,-9.6748
GV-01539,110.01,644.13,-895.57,-9.7729
GV-01540,155.49,635.64,-900.78,-9.9307
GV-01541,233.9,614.58,-901.99,-10.0264
GV-01542,285.43,608.55,-947.53,-10.0945
GV-01543,306.19,627.33,-951.81,-10.1571
GV-01544,356.09,627.73,-946.27,-10.336
GV-01545,432.28,611.89,-950.95,-10.5149
GV-01546,477.64,608.82,-953.65,-10.2729
GV-01547,535.06,605.35,-947.98,-10.3802
GV-01548,572.79,628.01,-951.68,-10.5392
GV-01549,624.03,630.71,-948.91,-10.6574
GV-01550,691.87,607.74,-949.46,-10.691
GV-01551,714.95,628.96,-949.86,-10.7039
GV-01552,758.46,618.98,-945.48,-10.7757
GV-01553,819.41,612.07,-954.72,-10.6069
GV-01554,881.57,610.36,-952.94,-10.8278
GV-01555,905.64,637.02,-950.76,-10.8611
GV-01556,962.65,605.13,-896.69,-10.7488
GV-01557,1012.5,627.3,-904.94,-10.8382
GV-01558,1070.57,635.83,-898.22,-11.0571
GV-01559,1139.72,635.11,-898.71,-11.0175
GV-01560,1193.72,640.78,-903.79,-10.8919
GV-01561,1232.26,613.77,-903.38,-10.9593
GV-01562,1267.06,635.03,-901.16,-11.077
GV-01563,1311.3,614.5,-900.48,-10.8778
GV-01564,1381.05,627.08,-902.37,-10.7944
GV-01565,1425.93,626.54,-899.0,-10.8798
GV-01566,1484.66,643.99,-896.83,-10.7192
GV-01567,1535.3,631.95,-898.23,-10.9106
GV-01568,1560.18,641.11,-897.32,-10.8191
GV-01569,1628.23,626.29,-895.81,-10.8086
GV-01570,1694.24,627.06,-896.54,-10.6994
GV-01571,1737.79,630.49,-899.6,-10.9936
GV-01572,1781.99,641.94,-896.96,-10.7406
GV-01573,1806.68,624.77,-945.06,-10.7629
GV-01574,1890.21,612.04,-952.13,-10.6207
GV-01575,1940.94,608.56,-951.33,-10.629
GV-01576,1988.65,639.66,-951.43,-10.7271
GV-01577,2035.55,636.99,-946.93,-10.5001
GV-01578,2090.22,627.44,-949.41,-10.5873
GV-01579,2122.49,611.43,-1002.37,-10.4721
GV-01580,2180.59,637.94,-998.52,-10.4803
GV-01581,2214.54,610.14,-996.17,-10.4815
GV-01582,2294.67,621.23,-1001.8,-10.6466
GV-01583,2323.61,642.18,-1047.4,-10.3923
GV-01584,2389.11,641.27,-1047.87,-10.3569
GV-01585,2420.97,606.73,-1051.11,-10.2208
GV-01586,2494.04,639.98,-1050.54,-10.3119
GV-01587,2527.08,629.32,-1102.55,-10.1533
GV-01588,2569.2,629.01,-1099.9,-10.1475
GV-01589,2606.51,631.81,-1099.38,-10.0812
GV-01590,2670.31,614.54,-1104.87,-9.9961
GV-01591,2716.44,613.52,-1147.38,-9.9915
GV-01592,2755.82,607.42,-1151.42,-9.947
GV-01593,2818.44,626.2,-1151.71,-10.0287
GV-01594,2887.41,631.51,-1200.96,-10.0048
GV-01595,2942.65,628.65,-1203.52,-9.7189
GV-01596,2965.78,613.8,-1202.12,-9.6809
GV-01597,3015.35,616.92,-1198.24,-10.0005
GV-01598,3090.64,611.06,-1197.09,-9.7885
GV-01599,3129.14,638.74,-1248.86,-9.7184
GV-01600,3165.38,638.71,-1249.86,-9.6674
GV-01601,3242.21,640.15,-1246.15,-9.7056
GV-01602,3284.09,639.63,-1248.91,-9.8153
GV-01603,3344.56,609.3,-1246.34,-9.6375
GV-01604,3390.11,607.32,-1246.14,-9.694
GV-01605,3434.84,614.77,-1253.91,-9.5933
GV-01606,3476.08,635.13,-1250.18,-9.6497
GV-01607,3535.35,606.84,-1245.36,-9.6202
GV-01608,3574.51,611.66,-1248.18,-9.5243
GV-01609,3638.01,627.77,-1249.18,-9.4243
GV-01610,3682.23,640.86,-1252.86,-9.6053
GV-01611,3721.95,618.14,-1253.97,-9.4477
GV-01612,3763.09,641.04,-1245.43,-9.6152
GV-01613,3823.59,628.88,-1251.56,-9.3686
GV-01614,3871.34,639.2,-1245.7,-9.3653
GV-01615,3924.36,624.67,-1251.01,-9.3991
GV-01616,3987.48,612.29,-1251.31,-9.5094
GV-01617,4009.54,643.09,-1250.23,-9.4538
GV-01618,4085.33,615.02,-1248.29,-9.5455
GV-01619,4138.18,631.88,-1202.14,-9.3131
GV-01620,4177.0,641.31,-1146.3,-9.3912
GV-01621,4243.66,643.5,-1100.88,-9.2379
GV-01622,4289.67,607.56,-1048.96,-9.2814
GV-01623,4308.88,618.89,-1045.9,-9.1781
GV-01624,4357.73,619.94,-997.46,-9.3021
GV-01625,4411.9,617.74,-946.68,-9.1862
GV-01626,4468.7,623.29,-903.33,-9.3522
GV-01627,4512.22,609.87,-898.34,-9.1871
GV-01628,4560.4,634.59,-846.48,-9.2434
GV-01629,4644.19,635.72,-853.07,-9.0702
GV-01630,4689.9,621.44,-799.64,-8.9967
GV-01631,4742.02,639.41,-797.11,-9.0573
GV-01632,4794.74,608.25,-800.78,-9.0352
GV-01633,4834.03,607.46,-803.35,-8.9938
GV-01634,4889.69,630.51,-803.37,-8.71
GV-01635,4927.55,615.26,-798.95,-8.6761
GV-01636,4977.42,619.87,-804.59,-8.5749
GV-01637,5037.27,612.22,-845.16,-8.6931
GV-01638,5093.01,629.43,-846.05,-8.4433
GV-01639,5137.39,610.75,-849.36,-8.3683
GV-01640,5164.59,615.44,-903.74,-8.4139
GV-01641,5211.7,639.35,-904.75,-8.2005
GV-01642,5285.2,626.09,-948.86,-8.3106
GV-01643,5312.09,619.51,-999.13,-8.0587
GV-01644,5387.86,611.31,-1002.61,-7.909
GV-01645,5429.28,612.65,-1051.56,-7.8566
GV-01646,5460.2,614.9,-1097.7,-7.708
GV-01647,5517.52,621.77,-1148.48,-7.5394
GV-01648,5572.26,617.33,-1154.09,-7.4438
GV-01649,5617.74,639.4,-1200.22,-7.5456
GV-01650,5677.34,637.2,-1254.05,-7.3998
GV-01651,5730.9,610.22,-1299.33,-7.1845
GV-01652,5773.9,643.02,-1298.48,-7.0639
GV-01653,5841.71,628.48,-1296.78,-6.97
GV-01654,5883.86,619.03,-1301.89,-6.6705
GV-01655,5942.09,637.1,-1251.21,-6.7827
GV-01656,5986.66,615.3,-1253.76,-6.5562
GV-01657,6029.96,632.66,-1252.84,-6.3088
GV-01658,6090.84,643.05,-1247.93,-6.142
GV-01659,6131.44,609.07,-1195.66,-6.0491
GV-01660,6176.35,617.45,-1199.57,-5.9593
GV-01661,6220.89,612.27,-1200.96,-5.9836
GV-01662,6279.91,622.74,-1148.97,-5.5455
GV-01663,6340.14,629.57,-1148.04,-5.453
GV-01664,6386.08,607.81,-1149.02,-5.4117
GV-01665,9.08,690.51,-899.29,-9.7434
GV-01666,60.01,679.35,-897.16,-9.5276
GV-01667,108.47,685.41,-896.49,-9.7643
GV-01668,159.04,683.37,-903.91,-9.941
GV-01669,221.39,692.66,-952.25,-10.1363
GV-01670,276.45,659.1,-945.23,-10.2538
GV-01671,343.25,675.37,-950.21,-10.1916
GV-01672,392.16,694.11,-948.4,-10.4004
GV-01673,412.21,670.12,-948.23,-10.328
GV-01674,492.02,664.79,-953.12,-10.3836
GV-01675,544.25,672.02,-954.03,-10.7944
GV-01676,561.04,665.43,-947.69,-10.6786
GV-01677,638.34,691.03,-950.87,-10.8172
GV-01678,678.02,678.93,-953.2,-10.8113
GV-01679,734.84,688.93,-951.26,-10.8626
GV-01680,791.64,661.95,-949.94,-11.0554
GV-01681,819.38,683.48,-950.69,-11.083
GV-01682,882.96,655.79,-950.56,-11.1929
GV-01683,923.2,678.08,-952.3,-10.942
GV-01684,992.63,656.11,-952.1,-10.8964
GV-01685,1017.28,656.98,-896.86,-10.9547
GV-01686,1089.55,689.51,-898.1,-11.0751
GV-01687,1123.39,655.7,-904.63,-11.0738
GV-01688,1171.51,684.13,-895.05,-11.0724
GV-01689,1208.86,670.58,-900.28,-11.081
GV-01690,1279.47,669.96,-896.55,-10.9956
GV-01691,1336.2,671.37,-897.02,-11.1075
GV-01692,1394.34,692.43,-896.67,-11.1473
GV-01693,1407.86,681.69,-903.85,-11.0248
GV-01694,1473.38,655.67,-900.39,-11.0089
GV-01695,1534.64,686.72,-900.82,-10.9513
GV-01696,1590.5,669.43,-903.53,-11.0239
GV-01697,1617.97,657.56,-895.77,-10.8367
GV-01698,1659.98,686.06,-901.9,-11.0353
GV-01699,1706.16,667.27,-899.41,-10.7781
GV-01700,1767.58,667.36,-952.4,-10.7915
GV-01701,1810.79,666.06,-947.99,-10.8905
GV-01702,1862.33,675.88,-951.51,-10.8209
GV-01703,1932.16,676.56,-948.78,-10.576
GV-01704,1987.69,675.23,-947.2,-10.804
GV-01705,2033.15,671.45,-950.09,-10.6653
GV-01706,2056.98,692.97,-998.79,-10.6733
GV-01707,2130.52,692.06,-1002.32,-10.642
GV-01708,2167.53,657.38,-1001.82,-10.5546
GV-01709,2236.7,656.92,-1004.86,-10.5495
GV-01710,2282.12,668.44,-1001.75,-10.3531
GV-01711,2306.47,670.69,-1046.21,-10.4896
GV-01712,2369.65,682.16,-1051.04,-10.3758
GV-01713,2413.49,672.38,-1050.81,-10.4708
GV-01714,2486.81,687.29,-1099.76,-10.3156
GV-01715,2537.38,656.11,-1097.86,-10.2864
GV-01716,2556.14,662.99,-1095.19,-10.2822
GV-01717,2641.56,667.83,-1102.99,-10.1974
GV-01718,2673.3,672.38,-1147.66,-10.1236
GV-01719,2717.92,683.63,-1154.68,-10.0852
GV-01720,2761.93,684.3,-1152.61,-9.9662
GV-01721,2815.18,689.06,-1146.12,-10.0268
GV-01722,2878.73,669.72,-1201.06,-10.1709
GV-01723,2921.66,685.4,-1195.51,-9.8703
GV-01724,2968.08,668.34,-1196.95,-9.9231
GV-01725,3044.6,658.66,-1199.64,-10.1085
GV-01726,3081.56,655.73,-1203.11,-9.8593
GV-01727,3111.25,682.49,-1253.59,-9.9108
GV-01728,3165.66,689.53,-1248.95,-9.8517
GV-01729,3213.17,661.85,-1245.71,-9.8301
GV-01730,3276.99,677.32,-1253.71,-9.8092
GV-01731,3337.96,694.79,-1253.13,-9.885
GV-01732,3383.44,690.73,-1250.48,-9.6592
GV-01733,3433.97,678.6,-1249.87,-9.8676
GV-01734,3459.99,670.13,-1249.76,-9.5873
GV-01735,3537.86,655.69,-1247.6,-9.6447
GV-01736,3589.4,680.97,-1248.84,-9.702
GV-01737,3613.74,673.44,-1245.61,-9.7464
GV-01738,3655.65,674.63,-1252.54,-9.6126
GV-01739,3714.3,676.39,-1253.05,-9.6277
GV-01740,3766.1,670.77,-1254.72,-9.5222
GV-01741,3806.65,690.02,-1246.33,-9.5624
GV-01742,3878.05,656.52,-1252.59,-9.4116
GV-01743,3913.31,679.82,-1249.42,-9.6639
GV-01744,3987.1,671.21,-1251.59,-9.5012
GV-01745,4043.33,673.09,-1248.67,-9.5696
GV-01746,4063.97,690.82,-1200.28,-9.6957
GV-01747,4138.71,662.62,-1148.21,-9.6291
GV-01748,4164.07,688.49,-1102.55,-9.5533
GV-01749,4233.54,675.7,-1052.73,-9.3802
GV-01750,4285.8,676.41,-1053.33,-9.4946
GV-01751,4326.17,680.81,-1000.92,-9.3203
GV-01752,4378.22,671.81,-946.59,-9.3752
GV-01753,4433.64,673.03,-896.61,-9.3492
GV-01754,4457.22,684.64,-896.19,-9.2563
GV-01755,4527.92,679.39,-847.88,-9.2839
GV-01756,4557.99,694.64,-853.17,-8.9354
GV-01757,4626.99,677.74,-797.24,-9.1937
GV-01758,4668.2,663.52,-801.43,-9.0467
GV-01759,4705.65,658.3,-801.6,-9.0871
GV-01760,4763.49,669.4,-800.53,-9.0008
GV-01761,4834.59,670.74,-803.76,-8.9648
GV-01762,4878.04,676.61,-801.56,-8.8355
GV-01763,4912.67,662.76,-802.02,-8.9256
GV-01764,4964.75,666.62,-849.51,-8.8393
GV-01765,5041.81,693.07,-847.17,-8.6876
GV-01766,5071.35,661.47,-847.41,-8.6047
GV-01767,5106.82,659.55,-895.85,-8.711
GV-01768,5194.49,677.87,-951.93,-8.2938
GV-01769,5212.74,664.57,-946.45,-8.3734
GV-01770,5285.23,693.44,-1000.9,-8.3056
GV-01771,5312.56,688.52,-998.79,-8.1409
GV-01772,5388.71,687.11,-1052.28,-8.1067
GV-01773,5431.86,679.43,-1103.55,-7.9295
GV-01774,5486.73,658.44,-1150.18,-7.8017
GV-01775,5521.28,669.42,-1150.67,-7.6566
GV-01776,5581.25,690.58,-1196.15,-7.458
GV-01777,5636.45,658.71,-1253.47,-7.4779
GV-01778,5663.04,682.57,-1300.35,-7.2059
GV-01779,5713.04,691.13,-1297.58,-7.2397
GV-01780,5775.78,687.96,-1296.8,-7.0609
GV-01781,5843.62,669.35,-1295.52,-6.8587
GV-01782,5864.83,688.97,-1299.45,-6.8485
GV-01783,5911.15,671.83,-1249.18,-6.6894
GV-01784,5966.88,655.25,-1249.29,-6.5655
GV-01785,6028.52,656.29,-1245.95,-6.3881
GV-01786,6094.02,687.28,-1197.9,-6.2852
GV-01787,6144.52,688.57,-1203.64,-6.1574
GV-01788,6178.53,657.09,-1196.33,-5.9031
GV-01789,6214.44,668.95,-1153.87,-5.9605
GV-01790,6269.48,660.07,-1152.18,-5.9049
GV-01791,6333.55,691.83,-1150.35,-5.5029
GV-01792,6357.74,675.24,-1095.86,-5.4648
GV-01793,24.1,727.71,-897.69,-9.8904
GV-01794,75.73,715.51,-902.51,-9.8089
GV-01795,131.33,711.61,-951.19,-9.8523
GV-01796,193.79,738.04,-947.81,-9.9819
GV-01797,243.5,717.94,-950.44,-10.2052
GV-01798,283.41,714.94,-950.97,-10.265
GV-01799,343.24,723.62,-954.86,-10.2963
GV-01800,375.92,729.3,-945.72,-10.4815
GV-01801,443.37,729.52,-946.11,-10.6416
GV-01802,459.49,709.15,-947.23,-10.7776
GV-01803,515.41,718.58,-949.21,-10.6473
GV-01804,567.97,721.73,-952.37,-10.7755
GV-01805,634.17,726.65,-954.62,-10.9222
GV-01806,678.86,736.93,-949.31,-10.7888
GV-01807,735.67,716.98,-948.44,-11.0098
GV-01808,768.14,730.53,-953.69,-11.159
GV-01809,843.88,735.37,-951.71,-11.0889
GV-01810,861.59,714.54,-954.89,-10.8934
GV-01811,919.28,729.87,-954.82,-11.077
GV-01812,992.33,716.19,-949.87,-11.0839
GV-01813,1009.16,708.86,-901.02,-11.0357
GV-01814,1082.62,710.97,-898.38,-11.0669
GV-01815,1115.25,724.44,-904.96,-11.1794
GV-01816,1176.05,708.56,-901.52,-11.164
GV-01817,1239.04,715.04,-903.22,-11.2956
GV-01818,1260.02,729.04,-901.32,-11.1639
GV-01819,1311.53,744.51,-900.52,-11.1633
GV-01820,1370.46,721.29,-902.81,-11.1536
GV-01821,1430.57,705.54,-895.96,-11.1932
GV-01822,1483.97,740.46,-897.76,-10.9363
GV-01823,1538.95,713.9,-899.22,-11.3377
GV-01824,1566.34,722.88,-903.37,-11.06
GV-01825,1632.2,738.35,-900.44,-10.9901
GV-01826,1671.36,735.9,-895.7,-11.1165
GV-01827,1719.65,736.49,-949.3,-10.9972
GV-01828,1789.64,709.94,-946.52,-11.1031
GV-01829,1842.72,738.33,-950.37,-10.9669
GV-01830,1894.71,738.74,-951.01,-10.8887
GV-01831,1911.15,721.02,-946.07,-10.8046
GV-01832,1989.77,711.1,-948.4,-10.9438
GV-01833,2021.67,728.44,-948.06,-10.8014
GV-01834,2093.23,709.52,-1000.29,-11.0409
GV-01835,2144.01,713.15,-1001.13,-10.6352
GV-01836,2193.27,740.8,-996.16,-10.6658
GV-01837,2208.39,728.14,-1000.7,-10.696
GV-01838,2260.0,723.64,-1046.47,-10.7191
GV-01839,2329.48,713.24,-1049.57,-10.3517
GV-01840,2390.3,725.69,-1045.97,-10.5649
GV-01841,2415.88,734.83,-1051.82,-10.3028
GV-01842,2461.34,717.16,-1104.77,-10.3312
GV-01843,2513.03,740.14,-1097.39,-10.3733
GV-01844,2579.33,713.93,-1097.93,-10.2827
GV-01845,2641.11,734.95,-1150.83,-10.2006
GV-01846,2685.27,715.49,-1153.51,-10.179
GV-01847,2730.66,735.33,-1152.01,-10.1731
GV-01848,2769.48,717.71,-1152.7,-10.2227
GV-01849,2837.41,706.08,-1204.93,-10.2328
GV-01850,2868.25,722.35,-1202.48,-10.1847
GV-01851,2922.7,734.88,-1202.56,-10.1807
GV-01852,2984.75,732.08,-1197.43,-10.1056
GV-01853,3022.15,725.97,-1200.04,-9.9094
GV-01854,3088.0,721.32,-1250.85,-9.8923
GV-01855,3106.88,713.49,-1249.66,-9.9562
GV-01856,3158.73,707.87,-1252.01,-10.0023
GV-01857,3222.02,712.32,-1247.32,-9.8945
GV-01858,3271.05,727.34,-1247.96,-9.863
GV-01859,3327.77,728.66,-1254.7,-9.8068
GV-01860,3394.5,730.95,-1251.08,-9.9529
GV-01861,3435.37,727.35,-1247.71,-9.7719
GV-01862,3488.66,727.5,-1249.2,-9.7301
GV-01863,3533.09,741.62,-1253.08,-9.5508
GV-01864,3560.1,740.09,-1254.8,-9.8218
GV-01865,3639.39,714.57,-1254.85,-9.6905
GV-01866,3656.99,706.64,-1251.47,-9.8313
GV-01867,3718.6,705.38,-1247.08,-9.6195
GV-01868,3782.48,717.5,-1251.3,-9.6497
GV-01869,3813.42,705.25,-1254.46,-9.6174
GV-01870,3865.2,716.32,-1247.66,-9.5965
GV-01871,3906.35,715.27,-1251.82,-9.4625
GV-01872,3963.11,725.54,-1246.19,-9.7175
GV-01873,4010.6,729.41,-1195.51,-9.5565
GV-01874,4088.86,736.1,-1149.35,-9.6564
GV-01875,4114.4,717.1,-1097.17,-9.7011
GV-01876,4164.04,735.76,-1045.92,-9.5498
GV-01877,4228.2,708.23,-1049.23,-9.3536
GV-01878,4269.85,720.4,-1001.95,-9.3713
GV-01879,4335.85,731.7,-950.66,-9.3537
GV-01880,4376.59,733.14,-899.25,-9.5273
GV-01881,4439.15,733.98,-899.85,-9.4197
GV-01882,4487.66,708.9,-851.92,-9.2719
GV-01883,4510.2,714.07,-853.47,-9.3698
GV-01884,4565.45,714.7,-798.84,-9.3611
GV-01885,4618.1,706.18,-801.1,-9.3145
GV-01886,4666.91,715.7,-799.48,-9.2261
GV-01887,4721.37,719.83,-802.59,-9.0808
GV-01888,4766.82,732.5,-799.7,-9.2511
GV-01889,4814.46,738.97,-800.68,-9.0572
GV-01890,4886.64,713.07,-799.67,-9.1114
GV-01891,4908.51,714.7,-851.52,-8.9595
GV-01892,4959.73,729.32,-849.06,-8.7245
GV-01893,5020.75,711.23,-896.61,-8.6246
GV-01894,5087.96,717.94,-897.76,-8.7746
GV-01895,5116.39,742.27,-950.45,-8.5461
GV-01896,5181.8,738.92,-948.37,-8.4663
GV-01897,5230.05,740.18,-1000.78,-8.3876
GV-01898,5268.36,720.12,-1045.76,-8.266
GV-01899,5336.25,707.55,-1051.17,-8.0832
GV-01900,5384.39,731.76,-1101.42,-8.1764
GV-01901,5441.77,724.4,-1154.33,-7.9454
GV-01902,5466.49,724.66,-1203.13,-7.832
GV-01903,5516.04,711.22,-1252.47,-7.9016
GV-01904,5561.64,744.57,-1246.86,-7.5678
GV-01905,5629.93,730.72,-1297.59,-7.7241
GV-01906,5689.63,725.58,-1296.55,-7.619
GV-01907,5729.12,718.77,-1297.35,-7.3632
GV-01908,5786.48,726.37,-1295.91,-7.3212
GV-01909,5807.75,729.55,-1301.42,-6.9133
GV-01910,5891.2,728.73,-1245.93,-6.9182
GV-01911,5944.88,721.6,-1253.04,-6.7797
GV-01912,5965.61,714.37,-1248.55,-6.613
GV-01913,6034.86,738.71,-1198.81,-6.4141
GV-01914,6058.19,719.51,-1199.75,-6.4625
GV-01915,6119.22,728.6,-1197.76,-6.1576
GV-01916,6155.62,705.1,-1151.73,-6.1754
GV-01917,6210.75,717.21,-1149.11,-5.7817
GV-01918,6258.15,741.76,-1146.37,-5.716
GV-01919,6333.9,734.31,-1100.73,-5.6414
GV-01920,6357.7,713.09,-1100.95,-5.4723
GV-01921,42.92,756.98,-902.99,-9.6724
GV-01922,82.57,794.5,-948.69,-9.9281
GV-01923,106.81,762.27,-947.44,-9.9132
GV-01924,193.1,773.53,-951.74,-10.2174
GV-01925,206.58,769.96,-947.12,-10.3131
GV-01926,288.86,774.69,-947.35,-10.3343
GV-01927,315.97,788.2,-948.78,-10.3891
GV-01928,391.04,785.46,-952.72,-10.5107
GV-01929,424.14,793.35,-954.29,-10.4179
GV-01930,478.36,773.87,-952.26,-10.7132
GV-01931,542.73,782.44,-951.04,-10.6796
GV-01932,566.54,788.67,-948.74,-10.7906
GV-01933,617.07,775.29,-945.24,-11.0161
GV-01934,688.35,765.98,-947.67,-10.9268
GV-01935,716.03,782.25,-954.99,-10.9827
GV-01936,786.19,784.16,-948.01,-11.1127
GV-01937,823.77,764.48,-954.3,-11.1399
GV-01938,877.82,777.47,-947.07,-11.2181
GV-01939,943.82,767.49,-951.41,-11.2182
GV-01940,959.89,762.72,-949.01,-11.22
GV-01941,1005.34,781.38,-947.2,-11.5099
GV-01942,1079.15,775.3,-904.61,-11.3277
GV-01943,1142.39,790.0,-896.12,-11.31
GV-01944,1179.19,767.03,-898.59,-11.2239
GV-01945,1215.73,773.96,-901.11,-11.2054
GV-01946,1267.13,758.34,-896.07,-11.37
GV-01947,1330.68,785.49,-896.31,-11.3943
GV-01948,1380.4,778.65,-900.89,-11.2942
GV-01949,1428.45,793.76,-895.12,-11.2691
GV-01950,1461.0,755.12,-904.13,-11.0255
GV-01951,1544.97,779.53,-898.13,-11.3612
GV-01952,1579.32,764.49,-902.82,-11.2393
GV-01953,1622.48,755.65,-901.2,-11.3256
GV-01954,1667.78,791.4,-897.78,-11.1437
GV-01955,1740.7,759.23,-945.19,-11.0349
GV-01956,1761.61,793.08,-947.41,-11.1631
GV-01957,1826.92,765.9,-950.29,-10.8902
GV-01958,1883.76,766.96,-954.33,-10.9636
GV-01959,1911.57,791.63,-954.42,-10.9027
GV-01960,1991.07,756.59,-952.79,-10.8394
GV-01961,2023.58,789.89,-998.34,-10.8463
GV-01962,2064.43,777.41,-999.53,-10.9801
GV-01963,2134.01,781.92,-1004.57,-10.782
GV-01964,2187.33,779.41,-998.05,-10.6095
GV-01965,2237.7,772.35,-1054.36,-10.8052
GV-01966,2287.44,766.42,-1047.17,-10.5775
GV-01967,2343.0,759.8,-1053.42,-10.7854
GV-01968,2382.41,758.37,-1046.92,-10.739
GV-01969,2442.49,781.29,-1098.52,-10.5908
GV-01970,2486.02,782.5,-1098.0,-10.4423
GV-01971,2537.19,761.69,-1099.94,-10.5395
GV-01972,2562.36,788.43,-1104.92,-10.4178
GV-01973,2613.25,778.23,-1152.9,-10.4151
GV-01974,2674.88,781.0,-1154.86,-10.5439
GV-01975,2717.34,777.82,-1149.35,-10.3107
GV-01976,2775.6,764.23,-1202.12,-10.3226
GV-01977,2813.61,761.11,-1202.06,-10.3387
GV-01978,2861.98,788.88,-1202.71,-10.1876
GV-01979,2908.41,783.96,-1197.38,-10.255
GV-01980,2956.88,776.46,-1201.2,-10.1198
GV-01981,3006.26,781.93,-1246.87,-10.1456
GV-01982,3090.43,793.49,-1253.05,-10.0708
GV-01983,3129.34,777.75,-1251.57,-10.1613
GV-01984,3182.57,761.49,-1254.53,-10.0355
GV-01985,3211.32,789.08,-1245.15,-10.2041
GV-01986,3267.33,785.76,-1251.09,-9.8893
GV-01987,3344.08,774.98,-1245.27,-10.0008
GV-01988,3385.66,781.99,-1247.46,-10.0834
GV-01989,3442.65,775.55,-1253.82,-9.9375
GV-01990,3480.02,764.3,-1250.57,-9.7213
GV-01991,3537.77,763.39,-1246.69,-9.8728
GV-01992,3590.92,782.75,-1253.39,-9.9143
GV-01993,3626.56,788.21,-1252.39,-9.7964
GV-01994,3683.81,769.64,-1251.18,-9.7039
GV-01995,3721.54,790.1,-1247.2,-9.9244
GV-01996,3788.78,790.03,-1249.94,-9.8948
GV-01997,3807.25,762.9,-1250.87,-9.7415
GV-01998,3882.69,762.34,-1251.58,-9.6765
GV-01999,3917.36,787.08,-1246.47,-9.6835
GV-02000,3974.34,780.72,-1201.98,-9.8206
GV-02001,4019.71,792.11,-1152.94,-9.5424
GV-02002,4066.85,772.55,-1101.61,-9.7719
GV-02003,4127.82,757.45,-1047.37,-9.6369
GV-02004,4164.93,787.37,-1046.16,-9.7265
GV-02005,4231.01,766.8,-1003.93,-9.6398
GV-02006,4278.75,780.96,-947.25,-9.7012
GV-02007,4336.86,764.42,-902.82,-9.4882
GV-02008,4355.83,778.33,-900.78,-9.3956
GV-02009,4430.97,757.3,-852.87,-9.611
GV-02010,4462.23,792.69,-854.76,-9.5134
GV-02011,4526.05,760.73,-797.81,-9.6171
GV-02012,4575.09,768.78,-800.68,-9.5692
GV-02013,4613.91,780.8,-804.71,-9.3926
GV-02014,4685.68,792.04,-800.11,-9.3611
GV-02015,4743.2,786.3,-800.49,-9.302
GV-02016,4773.61,792.99,-802.87,-9.2225
GV-02017,4805.66,779.32,-803.37,-9.1009
GV-02018,4892.17,772.79,-851.65,-9.1077
GV-02019,4936.79,782.85,-850.79,-8.9377
GV-02020,4970.23,776.35,-896.72,-8.8434
GV-02021,5043.35,764.4,-902.9,-8.9299
GV-02022,5090.26,766.46,-953.57,-8.7443
GV-02023,5115.94,791.77,-948.96,-8.6505
GV-02024,5179.11,756.13,-1000.6,-8.7283
GV-02025,5217.32,757.56,-1046.38,-8.4159
GV-02026,5271.4,758.09,-1104.03,-8.3681
GV-02027,5309.5,787.39,-1101.91,-8.4485
GV-02028,5378.16,791.01,-1154.47,-8.2144
GV-02029,5435.94,773.58,-1199.51,-8.0887
GV-02030,5485.09,769.66,-1254.7,-7.9289
GV-02031,5542.64,755.6,-1296.7,-7.7071
GV-02032,5582.9,776.11,-1295.68,-7.7035
GV-02033,5619.8,758.11,-1295.7,-7.5249
GV-02034,5655.92,779.1,-1304.8,-7.5063
GV-02035,5727.46,769.43,-1302.61,-7.5231
GV-02036,5787.25,792.53,-1304.34,-7.3578
GV-02037,5830.9,765.8,-1296.44,-7.1437
GV-02038,5860.53,760.86,-1253.51,-6.7003
GV-02039,5919.54,760.74,-1251.29,-6.9255
GV-02040,5979.52,776.48,-1248.86,-6.7154
GV-02041,6005.79,771.79,-1195.26,-6.6965
GV-02042,6086.13,756.22,-1202.23,-6.1701
GV-02043,6144.21,775.99,-1149.75,-6.3938
GV-02044,6156.32,759.73,-1147.41,-6.0009
GV-02045,6234.68,755.75,-1145.46,-6.0102
GV-02046,6280.93,790.4,-1145.29,-5.7814
GV-02047,6325.04,756.06,-1095.13,-5.7203
GV-02048,6382.09,762.68,-1098.62,-5.5999
GV-02049,29.91,829.01,-952.71,-9.6255
GV-02050,78.06,822.92,-952.89,-9.7769
GV-02051,141.74,818.84,-952.1,-9.8738
GV-02052,192.03,830.77,-952.07,-10.0201
GV-02053,225.12,820.9,-954.04,-10.0915
GV-02054,259.98,832.11,-947.53,-10.3863
GV-02055,311.9,827.6,-947.12,-10.3516
GV-02056,387.4,835.66,-949.13,-10.572
GV-02057,416.63,844.17,-945.89,-10.5776
GV-02058,465.62,822.08,-952.42,-10.8036
GV-02059,542.14,836.24,-951.89,-10.9362
GV-02060,590.95,834.82,-946.61,-10.9294
GV-02061,606.12,818.42,-947.19,-10.9403
GV-02062,671.56,806.71,-945.69,-11.0071
GV-02063,730.43,817.49,-948.19,-11.1112
GV-02064,763.77,808.1,-946.38,-11.0492
GV-02065,815.17,843.63,-949.57,-11.0046
GV-02066,867.14,806.39,-952.57,-11.1713
GV-02067,928.3,818.43,-945.99,-11.1501
GV-02068,990.0,832.63,-952.44,-11.2275
GV-02069,1039.06,817.36,-948.37,-11.2044
GV-02070,1093.58,808.44,-900.18,-11.5514
GV-02071,1105.76,843.91,-895.63,-11.4856
GV-02072,1170.11,816.2,-901.7,-11.3333
GV-02073,1236.35,832.96,-900.73,-11.4785
GV-02074,1263.65,807.07,-902.17,-11.3614
GV-02075,1337.92,809.01,-904.78,-11.4647
GV-02076,1376.71,825.49,-903.91,-11.4797
GV-02077,1423.7,820.93,-896.34,-11.2225
GV-02078,1481.76,841.55,-897.51,-11.4176
GV-02079,1527.07,842.31,-899.6,-11.3807
GV-02080,1593.27,825.62,-900.09,-11.137
GV-02081,1633.48,811.84,-901.22,-11.398
GV-02082,1657.21,842.04,-951.37,-11.3568
GV-02083,1717.95,842.84,-948.99,-11.2786
GV-02084,1757.16,810.72,-945.03,-11.1805
GV-02085,1828.28,813.69,-951.33,-11.1059
GV-02086,1865.81,814.96,-948.82,-11.1595
GV-02087,1912.45,829.54,-947.99,-11.0893
GV-02088,1956.09,842.25,-1004.86,-10.9492
GV-02089,2014.01,836.6,-1004.66,-10.931
GV-02090,2063.2,817.32,-1003.94,-10.9515
GV-02091,2143.55,813.99,-998.96,-10.96
GV-02092,2194.65,832.4,-1001.19,-10.8703
GV-02093,2210.32,835.75,-1051.03,-10.8177
GV-02094,2270.35,807.3,-1047.33,-10.8343
GV-02095,2318.56,819.0,-1054.49,-10.8419
GV-02096,2389.29,834.02,-1100.69,-10.7361
GV-02097,2406.2,813.81,-1098.64,-10.6366
GV-02098,2492.87,838.53,-1099.1,-10.4751
GV-02099,2516.59,819.01,-1097.92,-10.5425
GV-02100,2573.4,822.45,-1152.13,-10.3442
GV-02101,2635.76,843.25,-1154.33,-10.548
GV-02102,2663.93,827.82,-1149.88,-10.424
GV-02103,2732.58,834.18,-1145.5,-10.4334
GV-02104,2780.98,819.96,-1204.91,-10.4458
GV-02105,2818.56,813.56,-1202.47,-10.2754
GV-02106,2874.55,811.01,-1201.23,-10.4727
GV-02107,2917.99,812.89,-1203.02,-10.3164
GV-02108,2956.78,830.74,-1250.93,-10.2952
GV-02109,3017.01,842.64,-1250.1,-10.2569
GV-02110,3067.15,831.89,-1249.89,-10.2026
GV-02111,3114.33,822.06,-1250.0,-10.0806
GV-02112,3155.05,831.19,-1245.54,-10.1922
GV-02113,3222.74,827.8,-1251.78,-10.0949
GV-02114,3263.54,841.71,-1246.24,-10.309
GV-02115,3305.99,843.89,-1249.2,-10.0455
GV-02116,3369.83,811.92,-1249.56,-10.1275
GV-02117,3437.21,807.4,-1299.91,-9.9149
GV-02118,3482.01,808.24,-1304.09,-10.0266
GV-02119,3538.27,827.76,-1304.79,-10.039
GV-02120,3585.0,840.26,-1304.33,-10.1182
GV-02121,3638.4,836.24,-1298.92,-9.9123
GV-02122,3673.53,819.67,-1248.03,-10.0189
GV-02123,3718.77,841.46,-1245.91,-9.8528
GV-02124,3768.79,834.76,-1247.38,-10.0882
GV-02125,3808.49,829.08,-1249.44,-9.7463
GV-02126,3885.59,822.74,-1254.76,-9.8289
GV-02127,3921.53,814.06,-1201.07,-9.7429
GV-02128,3964.99,838.6,-1151.53,-9.8321
GV-02129,4019.72,844.73,-1095.67,-9.7921
GV-02130,4058.44,831.77,-1046.58,-9.9799
GV-02131,4105.71,821.17,-1046.36,-9.7566
GV-02132,4193.0,826.21,-997.7,-9.8408
GV-02133,4229.9,843.92,-947.35,-9.6275
GV-02134,4264.09,815.07,-895.97,-9.6675
GV-02135,4339.74,842.58,-847.29,-9.5296
GV-02136,4388.26,809.72,-848.56,-9.5787
GV-02137,4418.08,833.72,-795.19,-9.5985
GV-02138,4464.27,817.72,-797.31,-9.512
GV-02139,4505.75,832.04,-796.37,-9.6193
GV-02140,4585.37,840.01,-803.3,-9.4291
GV-02141,4639.44,819.33,-804.56,-9.5785
GV-02142,4675.53,825.39,-797.41,-9.2675
GV-02143,4730.69,833.89,-799.49,-9.2929
GV-02144,4785.49,843.44,-804.35,-9.2695
GV-02145,4825.48,814.99,-848.01,-9.1367
GV-02146,4873.89,841.2,-845.01,-9.2603
GV-02147,4923.34,821.47,-895.59,-9.0012
GV-02148,4975.36,819.34,-898.92,-8.8589
GV-02149,5020.63,824.92,-950.63,-8.9008
GV-02150,5085.6,823.59,-996.08,-8.707
GV-02151,5114.99,813.53,-1004.14,-8.7125
GV-02152,5179.73,828.06,-1051.75,-8.6848
GV-02153,5206.02,814.64,-1098.31,-8.5561
GV-02154,5274.2,828.97,-1147.27,-8.3543
GV-02155,5316.27,835.63,-1146.47,-8.4331
GV-02156,5377.45,813.05,-1201.79,-8.2537
GV-02157,5415.28,808.61,-1250.31,-8.2042
GV-02158,5479.96,810.12,-1300.7,-7.9615
GV-02159,5539.52,839.86,-1347.57,-7.8981
GV-02160,5583.14,817.87,-1348.17,-7.8212
GV-02161,5639.5,843.82,-1299.43,-7.6237
GV-02162,5675.01,821.58,-1301.98,-7.6288
GV-02163,5705.3,828.8,-1298.28,-7.4565
GV-02164,5771.06,833.58,-1303.69,-7.2699
GV-02165,5823.18,839.6,-1251.28,-7.0707
GV-02166,5868.14,843.28,-1249.86,-7.1534
GV-02167,5919.69,840.95,-1245.09,-6.9309
GV-02168,5981.81,825.24,-1198.01,-6.7551
GV-02169,6011.82,835.49,-1200.51,-6.4823
GV-02170,6073.6,842.75,-1200.38,-6.5381
GV-02171,6106.55,813.35,-1151.97,-6.5143
GV-02172,6194.03,835.17,-1153.62,-6.269
GV-02173,6212.23,832.54,-1146.63,-5.8752
GV-02174,6292.64,813.01,-1098.86,-5.6866
GV-02175,6338.39,840.15,-1098.15,-5.5087
GV-02176,6374.44,829.01,-1103.17,-5.646
GV-02177,34.9,892.17,-949.57,-9.7336
GV-02178,73.09,873.33,-948.71,-9.959
GV-02179,123.26,871.61,-946.11,-10.2247
GV-02180,163.72,888.02,-949.01,-10.1742
GV-02181,228.18,855.53,-953.0,-10.2624
GV-02182,276.93,870.58,-945.78,-10.2462
GV-02183,335.44,866.32,-945.02,-10.3205
GV-02184,369.49,857.91,-950.79,-10.6371
GV-02185,416.91,889.17,-950.39,-10.6947
GV-02186,479.38,891.23,-946.45,-10.8681
GV-02187,515.94,887.49,-949.73,-10.7857
GV-02188,594.44,875.18,-953.17,-10.8892
GV-02189,627.09,880.19,-946.6,-10.8411
GV-02190,673.08,871.57,-952.19,-11.0634
GV-02191,714.94,882.71,-951.99,-11.1472
GV-02192,786.91,863.78,-953.96,-11.2938
GV-02193,808.07,890.95,-953.12,-10.9232
GV-02194,887.87,855.65,-946.89,-11.3549
GV-02195,931.53,878.17,-945.47,-11.2503
GV-02196,957.04,859.02,-945.62,-11.2324
GV-02197,1029.69,877.32,-951.92,-11.281
GV-02198,1074.82,865.9,-949.64,-11.3497
GV-02199,1131.16,859.45,-896.89,-11.3956
GV-02200,1165.4,889.06,-901.71,-11.5445
GV-02201,1220.35,893.38,-903.8,-11.4483
GV-02202,1255.9,890.34,-898.51,-11.2402
GV-02203,1341.25,888.09,-900.99,-11.4557
GV-02204,1364.66,889.1,-902.06,-11.5371
GV-02205,1427.95,875.94,-899.01,-11.3886
GV-02206,1464.27,875.28,-901.64,-11.5116
GV-02207,1537.13,880.49,-898.42,-11.3479
GV-02208,1555.07,878.2,-948.08,-11.433
GV-02209,1607.44,885.23,-948.24,-11.3401
GV-02210,1672.4,855.33,-954.05,-11.424
GV-02211,1740.47,858.84,-946.91,-11.2362
GV-02212,1766.79,889.12,-953.34,-11.2056
GV-02213,1824.15,883.71,-945.38,-11.1059
GV-02214,1886.6,869.09,-953.44,-11.3038
GV-02215,1922.87,878.82,-948.8,-11.3593
GV-02216,1962.6,872.3,-1003.61,-11.1648
GV-02217,2040.02,878.46,-999.62,-11.13
GV-02218,2082.33,885.03,-996.27,-10.8629
GV-02219,2110.54,862.83,-1003.32,-10.9405
GV-02220,2176.29,866.37,-1050.54,-11.0738
GV-02221,2231.27,862.61,-1049.62,-10.8352
GV-02222,2289.07,880.2,-1046.91,-11.0025
GV-02223,2308.16,875.09,-1048.15,-10.7162
GV-02224,2369.65,888.36,-1096.45,-10.8333
GV-02225,2413.16,888.54,-1096.21,-10.897
GV-02226,2473.74,863.19,-1103.02,-10.5994
GV-02227,2522.2,886.33,-1154.02,-10.669
GV-02228,2594.82,889.5,-1145.35,-10.6713
GV-02229,2625.28,885.18,-1147.92,-10.7419
GV-02230,2677.3,871.45,-1152.57,-10.6615
GV-02231,2717.58,886.91,-1201.7,-10.8359
GV-02232,2778.25,886.13,-1197.13,-10.5353
GV-02233,2831.16,863.39,-1198.37,-10.4787
GV-02234,2887.71,859.02,-1200.16,-10.4784
GV-02235,2920.22,883.98,-1251.96,-10.1584
GV-02236,2959.41,864.05,-1254.8,-10.2818
GV-02237,3029.88,874.13,-1247.58,-10.2741
GV-02238,3060.03,859.0,-1248.2,-10.5466
GV-02239,3111.58,857.13,-1251.87,-10.4056
GV-02240,3186.59,874.3,-1248.3,-10.3289
GV-02241,3209.63,890.89,-1252.92,-10.3597
GV-02242,3274.54,889.62,-1250.96,-10.2832
GV-02243,3323.18,880.1,-1297.54,-10.138
GV-02244,3367.41,893.44,-1300.63,-9.9779
GV-02245,3431.91,880.06,-1302.25,-10.2372
GV-02246,3477.41,889.8,-1304.33,-10.0173
GV-02247,3539.51,863.0,-1298.62,-10.16
GV-02248,3567.34,886.38,-1299.08,-10.2298
GV-02249,3637.6,862.12,-1299.97,-10.0212
GV-02250,3692.6,873.29,-1295.7,-10.1485
GV-02251,3706.81,861.02,-1254.73,-10.1381
GV-02252,3757.68,855.07,-1248.8,-10.0744
GV-02253,3830.78,893.25,-1246.96,-10.085
GV-02254,3863.58,887.86,-1196.19,-9.9816
GV-02255,3907.79,856.04,-1150.41,-9.9218
GV-02256,3989.15,861.12,-1102.74,-9.8815
GV-02257,4043.79,888.55,-1052.47,-9.8618
GV-02258,4060.37,867.34,-1001.33,-9.7764
GV-02259,4108.47,886.37,-1003.06,-9.7826
GV-02260,4183.42,859.48,-949.45,-9.8035
GV-02261,4233.91,862.93,-903.45,-9.8104
GV-02262,4271.17,892.86,-847.9,-9.9157
GV-02263,4312.31,884.22,-846.39,-9.7875
GV-02264,4383.32,880.37,-797.2,-9.6937
GV-02265,4406.03,873.74,-799.05,-9.6725
GV-02266,4461.8,883.16,-802.96,-9.6144
GV-02267,4535.19,867.11,-799.82,-9.439
GV-02268,4581.61,877.68,-801.4,-9.5077
GV-02269,4612.04,863.29,-797.28,-9.588
GV-02270,4691.82,859.42,-796.44,-9.3935
GV-02271,4728.27,875.13,-849.69,-9.4349
GV-02272,4784.37,866.58,-850.71,-9.4872
GV-02273,4805.21,858.95,-852.63,-9.2591
GV-02274,4868.94,870.03,-902.77,-9.1342
GV-02275,4923.16,873.66,-946.95,-9.1093
GV-02276,4992.84,858.17,-954.89,-9.1168
GV-02277,5039.13,893.77,-995.93,-8.9905
GV-02278,5065.4,875.1,-1048.29,-8.8657
GV-02279,5105.59,876.83,-1054.17,-8.6747
GV-02280,5180.18,856.97,-1096.77,-8.7506
GV-02281,5207.15,865.78,-1145.7,-8.7043
GV-02282,5283.83,876.94,-1195.46,-8.531
GV-02283,5337.15,857.76,-1196.77,-8.4615
GV-02284,5391.59,868.15,-1252.05,-8.2326
GV-02285,5406.33,884.05,-1298.74,-8.2237
GV-02286,5465.69,894.77,-1354.12,-8.1886
GV-02287,5513.39,891.89,-1353.08,-8.0587
GV-02288,5563.68,872.42,-1303.66,-7.8851
GV-02289,5638.22,865.95,-1299.86,-7.7881
GV-02290,5689.92,861.65,-1301.96,-7.7158
GV-02291,5733.26,882.98,-1303.34,-7.4156
GV-02292,5756.92,876.63,-1248.41,-7.4441
GV-02293,5826.83,891.38,-1252.86,-7.3588
GV-02294,5874.86,878.56,-1247.94,-7.1258
GV-02295,5933.42,861.68,-1200.23,-7.0133
GV-02296,5983.96,890.28,-1203.53,-6.6393
GV-02297,6029.25,893.79,-1196.64,-6.62
GV-02298,6069.5,878.26,-1146.62,-6.4331
GV-02299,6130.66,856.71,-1145.57,-6.4622
GV-02300,6191.74,888.98,-1146.06,-6.3242
GV-02301,6227.02,883.68,-1095.36,-6.2662
GV-02302,6290.47,863.14,-1096.93,-5.7549
GV-02303,6315.11,874.7,-1103.03,-5.6337
GV-02304,6366.25,891.01,-1096.52,-5.5186
GV-02305,37.76,922.02,-948.79,-9.8505
GV-02306,81.28,906.56,-953.97,-10.0191
GV-02307,118.12,935.92,-948.24,-10.0153
GV-02308,161.8,934.21,-952.93,-10.2272
GV-02309,225.29,927.71,-948.15,-10.3168
GV-02310,291.41,922.54,-947.47,-10.1853
GV-02311,336.44,929.36,-950.92,-10.4872
GV-02312,363.08,919.56,-951.06,-10.7632
GV-02313,409.84,943.12,-950.85,-10.625
GV-02314,489.78,923.79,-953.88,-10.8039
GV-02315,544.88,913.8,-951.86,-10.7626
GV-02316,579.57,933.88,-950.14,-10.8571
GV-02317,625.46,917.79,-951.79,-10.9384
GV-02318,685.27,938.63,-951.87,-11.0496
GV-02319,711.87,939.5,-951.5,-11.4403
GV-02320,783.72,918.65,-945.2,-11.1791
GV-02321,817.31,941.38,-949.61,-11.3918
GV-02322,860.75,932.76,-953.68,-11.5443
GV-02323,930.58,931.32,-950.79,-11.2947
GV-02324,965.15,918.18,-951.26,-11.147
GV-02325,1032.1,924.91,-949.02,-11.5415
GV-02326,1055.15,941.25,-949.0,-11.4995
GV-02327,1116.83,926.84,-948.02,-11.5562
GV-02328,1180.11,943.03,-901.33,-11.557
GV-02329,1205.58,931.65,-896.07,-11.5439
GV-02330,1270.38,908.6,-899.72,-11.3824
GV-02331,1308.18,925.83,-904.16,-11.5476
GV-02332,1368.56,914.49,-899.17,-11.6297
GV-02333,1411.21,912.79,-898.33,-11.5784
GV-02334,1461.17,918.38,-898.18,-11.7365
GV-02335,1537.87,936.55,-948.19,-11.5416
GV-02336,1570.46,922.23,-949.76,-11.4906
GV-02337,1635.8,936.99,-946.26,-11.5317
GV-02338,1659.51,913.9,-948.39,-11.448
GV-02339,1717.14,937.59,-953.3,-11.435
GV-02340,1776.8,922.51,-945.57,-11.3579
GV-02341,1823.62,909.58,-947.73,-11.4372
GV-02342,1861.74,928.58,-945.4,-11.3105
GV-02343,1937.78,930.08,-999.84,-11.345
GV-02344,1965.81,928.95,-996.65,-11.2508
GV-02345,2029.55,924.16,-1004.45,-11.254
GV-02346,2071.23,906.58,-997.01,-11.0193
GV-02347,2138.97,930.34,-1046.37,-11.0456
GV-02348,2160.04,923.35,-1049.6,-11.0254
GV-02349,2218.13,942.79,-1050.05,-11.0513
GV-02350,2291.28,916.44,-1051.26,-10.7894
GV-02351,2344.14,920.17,-1100.33,-10.9883
GV-02352,2356.78,912.92,-1100.78,-10.7219
GV-02353,2434.97,919.52,-1103.95,-10.7849
GV-02354,2486.1,927.6,-1146.27,-10.9226
GV-02355,2516.05,932.97,-1151.04,-10.779
GV-02356,2590.06,909.4,-1151.01,-10.8074
GV-02357,2644.28,940.81,-1154.39,-10.6955
GV-02358,2671.48,941.93,-1196.44,-10.6659
GV-02359,2708.32,926.42,-1200.6,-10.7644
GV-02360,2760.66,933.07,-1200.62,-10.5708
GV-02361,2821.1,917.18,-1203.25,-10.4373
GV-02362,2856.35,926.46,-1246.59,-10.6942
GV-02363,2923.18,920.2,-1245.72,-10.603
GV-02364,2987.2,927.65,-1249.19,-10.57
GV-02365,3020.01,908.53,-1246.86,-10.5159
GV-02366,3068.39,933.33,-1251.06,-10.346
GV-02367,3112.0,937.39,-1254.35,-10.2656
GV-02368,3193.39,910.57,-1253.12,-10.3913
GV-02369,3218.78,911.34,-1295.34,-10.4475
GV-02370,3284.57,905.7,-1299.63,-10.0961
GV-02371,3327.83,906.53,-1301.7,-10.2856
GV-02372,3388.05,939.9,-1303.95,-10.2869
GV-02373,3428.86,905.25,-1296.77,-10.235
GV-02374,3463.41,934.96,-1303.3,-10.266
GV-02375,3538.09,933.03,-1302.62,-10.2965
GV-02376,3568.44,909.02,-1299.19,-10.1534
GV-02377,3625.05,911.98,-1303.36,-10.2148
GV-02378,3655.63,943.06,-1300.07,-10.14
GV-02379,3711.54,942.46,-1301.23,-10.1184
GV-02380,3788.67,923.26,-1251.11,-10.1626
GV-02381,3806.89,935.03,-1199.77,-10.1056
GV-02382,3874.68,913.4,-1149.39,-10.0184
GV-02383,3941.37,922.59,-1099.46,-10.0045
GV-02384,3958.28,939.72,-1053.97,-10.0647
GV-02385,4007.06,923.5,-995.09,-9.9615
GV-02386,4076.01,942.34,-996.76,-9.9453
GV-02387,4123.78,920.42,-950.52,-9.9118
GV-02388,4176.02,928.02,-899.52,-9.8515
GV-02389,4217.7,944.03,-846.78,-9.8179
GV-02390,4255.95,914.07,-854.46,-10.0074
GV-02391,4336.18,909.91,-803.92,-9.9287
GV-02392,4391.68,916.33,-802.9,-9.7355
GV-02393,4407.49,921.86,-796.28,-9.7011
GV-02394,4469.86,920.84,-802.1,-9.6878
GV-02395,4537.86,929.41,-798.59,-9.8045
GV-02396,4583.65,933.83,-800.21,-9.6134
GV-02397,4634.05,938.41,-797.12,-9.8458
GV-02398,4678.3,941.68,-853.17,-9.3761
GV-02399,4744.42,941.11,-849.45,-9.5291
GV-02400,4755.22,924.64,-901.84,-9.6178
GV-02401,4808.08,907.27,-901.81,-9.4365
GV-02402,4855.14,930.95,-947.43,-9.2107
GV-02403,4927.56,906.05,-948.66,-9.2631
GV-02404,4964.79,916.09,-997.37,-9.1609
GV-02405,5019.42,909.33,-1054.61,-9.1319
GV-02406,5083.96,915.1,-1052.5,-8.9257
GV-02407,5118.91,913.73,-1101.02,-8.9505
GV-02408,5190.25,906.91,-1152.45,-8.8176
GV-02409,5243.57,907.76,-1200.07,-8.829
GV-02410,5256.1,917.72,-1245.32,-8.7605
GV-02411,5322.62,916.71,-1252.28,-8.5804
GV-02412,5358.87,941.2,-1295.69,-8.4286
GV-02413,5412.31,906.18,-1347.7,-8.2365
GV-02414,5494.46,925.76,-1347.06,-8.2002
GV-02415,5524.19,927.99,-1354.83,-8.1163
GV-02416,5560.3,922.67,-1298.72,-8.0424
GV-02417,5622.92,943.67,-1304.39,-7.955
GV-02418,5677.34,937.81,-1303.83,-7.5862
GV-02419,5716.1,932.52,-1304.66,-7.4841
GV-02420,5771.39,944.62,-1251.87,-7.5495
GV-02421,5819.94,915.64,-1245.23,-7.3223
GV-02422,5867.17,915.51,-1198.93,-7.2129
GV-02423,5930.33,938.44,-1202.53,-7.3136
GV-02424,5968.85,933.93,-1195.43,-6.8889
GV-02425,6013.28,943.5,-1146.77,-6.7275
GV-02426,6087.52,940.99,-1152.77,-6.5052
GV-02427,6109.91,922.24,-1150.25,-6.6946
GV-02428,6190.75,929.58,-1095.46,-6.2863
GV-02429,6220.68,916.15,-1100.54,-6.1541
GV-02430,6267.66,928.03,-1098.27,-5.7812
GV-02431,6337.86,939.84,-1095.36,-5.7478
GV-02432,6355.61,930.35,-1047.12,-5.7631
GV-02433,43.28,972.45,-954.26,-9.9298
GV-02434,68.29,973.76,-948.29,-10.1307
GV-02435,132.0,968.61,-953.79,-10.1615
GV-02436,167.03,993.13,-948.78,-10.3489
GV-02437,227.29,987.05,-946.29,-10.207
GV-02438,268.09,955.12,-951.58,-10.4263
GV-02439,319.86,972.04,-950.23,-10.5925
GV-02440,365.21,976.72,-951.18,-10.8134
GV-02441,438.37,993.06,-953.29,-10.6755
GV-02442,459.17,972.52,-945.42,-10.9097
GV-02443,538.63,993.15,-949.52,-10.9188
GV-02444,558.08,978.67,-954.23,-11.0352
GV-02445,643.24,993.65,-952.4,-11.1184
GV-02446,686.32,962.15,-948.37,-11.273
GV-02447,740.96,972.13,-952.96,-11.475
GV-02448,790.3,980.12,-949.87,-11.1959
GV-02449,834.37,970.82,-946.34,-11.4371
GV-02450,894.09,961.84,-954.45,-11.3868
GV-02451,915.48,959.28,-948.58,-11.4907
GV-02452,977.43,986.83,-951.74,-11.4132
GV-02453,1028.62,982.65,-949.55,-11.4029
GV-02454,1087.46,956.78,-945.69,-11.6508
GV-02455,1124.54,960.27,-946.1,-11.4105
GV-02456,1171.79,964.45,-903.7,-11.5228
GV-02457,1234.04,986.1,-903.28,-11.5465
GV-02458,1279.07,955.08,-903.84,-11.5295
GV-02459,1324.13,979.97,-902.33,-11.5939
GV-02460,1393.1,968.65,-895.59,-11.6776
GV-02461,1436.12,993.28,-902.47,-11.694
GV-02462,1466.13,986.67,-948.28,-11.7203
GV-02463,1533.84,967.22,-954.82,-11.6264
GV-02464,1565.24,971.33,-945.75,-11.668
GV-02465,1623.19,975.6,-949.89,-11.517
GV-02466,1668.5,993.52,-945.6,-11.5506
GV-02467,1740.88,956.67,-951.74,-11.5753
GV-02468,1788.17,967.66,-947.99,-11.6561
GV-02469,1809.29,976.54,-948.93,-11.3358
GV-02470,1891.59,972.97,-995.08,-11.378
GV-02471,1910.6,982.69,-1004.71,-11.4712
GV-02472,1962.61,970.18,-995.88,-11.4544
GV-02473,2007.31,961.81,-996.68,-11.3399
GV-02474,2087.34,979.27,-1004.39,-11.2449
GV-02475,2140.1,990.29,-1046.84,-11.2224
GV-02476,2169.02,968.21,-1047.66,-11.1012
GV-02477,2218.69,976.3,-1046.3,-11.1709
GV-02478,2281.29,990.37,-1100.74,-11.1316
GV-02479,2328.41,970.62,-1097.6,-10.9626
GV-02480,2373.88,987.68,-1097.92,-11.1023
GV-02481,2409.96,994.71,-1100.69,-11.0142
GV-02482,2493.99,971.37,-1151.41,-10.8335
GV-02483,2538.71,993.98,-1151.61,-11.041
GV-02484,2570.89,955.48,-1150.3,-10.9259
GV-02485,2635.1,960.1,-1197.84,-10.9285
GV-02486,2679.04,979.25,-1195.3,-10.8364
GV-02487,2719.78,959.98,-1198.1,-10.6401
GV-02488,2775.46,981.32,-1201.64,-10.8877
GV-02489,2820.64,961.39,-1249.38,-10.6638
GV-02490,2863.49,965.1,-1247.95,-10.6804
GV-02491,2943.72,985.28,-1248.76,-10.6365
GV-02492,2994.78,973.33,-1253.89,-10.549
GV-02493,3034.93,964.65,-1254.66,-10.5202
GV-02494,3064.76,960.39,-1252.15,-10.3747
GV-02495,3106.44,978.4,-1248.4,-10.4866
GV-02496,3161.19,988.06,-1304.93,-10.6561
GV-02497,3223.34,971.98,-1296.34,-10.5294
GV-02498,3294.57,987.52,-1297.14,-10.4803
GV-02499,3307.05,993.88,-1301.98,-10.2854
GV-02500,3356.06,978.95,-1303.29,-10.322
GV-02501,3441.3,964.49,-1301.84,-10.3426
GV-02502,3460.64,985.58,-1297.56,-10.3822
GV-02503,3516.55,983.11,-1298.61,-10.2586
GV-02504,3584.35,986.47,-1296.95,-10.3302
GV-02505,3606.86,984.49,-1295.86,-10.2094
GV-02506,3666.94,963.91,-1304.02,-10.2528
GV-02507,3710.77,982.29,-1245.7,-10.2573
GV-02508,3793.7,974.56,-1197.76,-10.3445
GV-02509,3809.47,957.24,-1150.05,-10.1579
GV-02510,3888.8,959.65,-1095.23,-10.0025
GV-02511,3928.1,962.16,-1052.69,-10.1125
GV-02512,3967.92,963.57,-995.1,-10.0644
GV-02513,4038.51,978.32,-947.0,-10.1208
GV-02514,4057.7,986.84,-948.32,-10.0767
GV-02515,4124.11,968.26,-902.82,-10.0224
GV-02516,4179.04,964.89,-845.34,-10.117
GV-02517,4232.3,987.24,-847.67,-10.1499
GV-02518,4270.79,958.54,-801.31,-9.9392
GV-02519,4339.38,969.14,-799.52,-9.9873
GV-02520,4356.7,970.91,-797.96,-9.763
GV-02521,4434.46,985.41,-800.19,-9.774
GV-02522,4459.83,991.11,-799.02,-9.8241
GV-02523,4539.65,956.37,-796.45,-9.6093
GV-02524,4585.15,968.33,-798.3,-9.7507
GV-02525,4621.31,989.13,-848.63,-9.6164
GV-02526,4656.51,966.36,-854.12,-9.4635
GV-02527,4739.12,984.55,-897.38,-9.4609
GV-02528,4773.16,994.27,-898.02,-9.5071
GV-02529,4829.43,976.72,-951.05,-9.4722
GV-02530,4855.69,983.32,-946.98,-9.4183
GV-02531,4917.81,972.81,-1000.96,-9.3306
GV-02532,4994.39,994.28,-1049.15,-9.1023
GV-02533,5021.08,956.63,-1096.11,-9.1857
GV-02534,5059.4,966.04,-1101.47,-9.1097
GV-02535,5125.51,992.44,-1146.44,-8.9125
GV-02536,5183.48,985.23,-1202.06,-8.694
GV-02537,5219.82,974.33,-1254.67,-8.8755
GV-02538,5289.41,990.01,-1302.15,-8.7511
GV-02539,5312.49,966.22,-1346.8,-8.5948
GV-02540,5358.49,984.17,-1350.66,-8.5528
GV-02541,5407.44,985.82,-1347.54,-8.4469
GV-02542,5494.32,991.98,-1350.87,-8.2883
GV-02543,5542.72,984.45,-1299.78,-8.3549
GV-02544,5590.03,968.3,-1302.26,-8.0729
GV-02545,5619.4,970.36,-1300.4,-7.8049
GV-02546,5657.58,975.75,-1297.11,-7.7491
GV-02547,5739.31,966.87,-1246.4,-7.6401
GV-02548,5782.15,974.65,-1246.88,-7.6316
GV-02549,5806.16,994.67,-1250.65,-7.373
GV-02550,5859.47,965.28,-1197.91,-7.1655
GV-02551,5923.12,987.69,-1195.08,-7.1628
GV-02552,5957.13,979.55,-1153.79,-7.0938
GV-02553,6023.67,964.91,-1153.46,-6.8997
GV-02554,6081.26,992.04,-1149.78,-6.7846
GV-02555,6114.01,970.52,-1097.87,-6.5364
GV-02556,6161.08,959.81,-1101.41,-6.3188
GV-02557,6240.52,973.45,-1100.46,-6.218
GV-02558,6268.03,993.0,-1101.73,-6.1233
GV-02559,6344.9,972.73,-1046.02,-5.8384
GV-02560,6376.67,969.06,-1051.98,-5.6627
GV-02561,40.63,1022.62,-948.37,-10.0232
GV-02562,64.46,1042.52,-953.27,-9.9875
GV-02563,135.77,1022.55,-948.86,-10.2147
GV-02564,176.74,1033.15,-945.67,-10.2091
GV-02565,214.64,1042.95,-946.76,-10.41
GV-02566,261.86,1011.31,-945.15,-10.5439
GV-02567,310.26,1014.11,-954.1,-10.4701
GV-02568,390.09,1028.56,-950.22,-10.6385
GV-02569,438.3,1005.65,-950.32,-10.9172
GV-02570,465.72,1037.76,-946.79,-10.8845
GV-02571,515.29,1023.38,-954.42,-11.0528
GV-02572,567.63,1023.91,-952.17,-11.2052
GV-02573,630.61,1010.02,-953.97,-11.0782
GV-02574,668.06,1020.99,-949.17,-11.4638
GV-02575,734.75,1043.52,-952.99,-11.1658
GV-02576,785.36,1039.01,-954.61,-11.3979
GV-02577,817.88,1015.12,-953.76,-11.5856
GV-02578,879.88,1033.01,-948.57,-11.4678
GV-02579,911.06,1021.59,-947.68,-11.5577
GV-02580,980.76,1019.29,-947.36,-11.6972
GV-02581,1020.69,1021.72,-954.87,-11.5188
GV-02582,1061.37,1014.61,-945.29,-11.6407
GV-02583,1118.48,1023.03,-953.29,-11.745
GV-02584,1184.81,1018.78,-948.21,-11.7424
GV-02585,1225.87,1021.41,-945.15,-11.7324
GV-02586,1283.88,1044.45,-898.29,-11.8505
GV-02587,1338.3,1033.48,-954.79,-11.7312
GV-02588,1358.62,1013.95,-949.6,-11.6215
GV-02589,1418.1,1038.7,-952.04,-11.7375
GV-02590,1473.65,1006.97,-948.27,-11.8111
GV-02591,1522.41,1023.59,-948.32,-11.6247
GV-02592,1586.76,1044.01,-954.76,-11.7593
GV-02593,1638.43,1024.61,-946.86,-11.5128
GV-02594,1687.15,1023.58,-945.95,-11.8334
GV-02595,1725.42,1030.23,-948.45,-11.5595
GV-02596,1794.86,1026.99,-945.99,-11.7118
GV-02597,1815.56,1035.7,-997.54,-11.4924
GV-02598,1861.66,1019.61,-998.41,-11.4998
GV-02599,1941.26,1039.49,-999.98,-11.4479
GV-02600,1986.61,1027.52,-997.84,-11.5863
GV-02601,2016.39,1012.03,-997.06,-11.3135
GV-02602,2059.95,1029.39,-1053.04,-11.568
GV-02603,2108.45,1027.36,-1051.34,-11.2047
GV-02604,2190.3,1031.02,-1050.82,-11.1994
GV-02605,2236.41,1034.2,-1096.92,-11.0863
GV-02606,2289.32,1040.14,-1099.49,-11.2208
GV-02607,2309.63,1030.98,-1098.8,-11.1932
GV-02608,2376.78,1020.0,-1097.42,-11.0728
GV-02609,2444.16,1039.82,-1151.79,-10.9417
GV-02610,2494.86,1031.01,-1153.78,-10.9499
GV-02611,2539.51,1032.29,-1146.66,-11.0327
GV-02612,2592.32,1036.56,-1197.71,-10.8269
GV-02613,2643.61,1022.42,-1203.29,-10.7107
GV-02614,2676.2,1012.27,-1197.13,-10.8262
GV-02615,2735.79,1007.17,-1200.13,-10.8737
GV-02616,2779.71,1037.46,-1252.07,-10.8735
GV-02617,2805.59,1032.84,-1253.14,-10.6503
GV-02618,2858.44,1036.41,-1249.29,-10.751
GV-02619,2914.67,1013.47,-1252.23,-10.7969
GV-02620,2972.55,1006.58,-1248.42,-10.6909
GV-02621,3034.59,1034.98,-1247.0,-10.7447
GV-02622,3094.18,1007.1,-1300.08,-10.5155
GV-02623,3140.9,1038.25,-1300.16,-10.5053
GV-02624,3161.1,1023.12,-1297.24,-10.5146
GV-02625,3237.29,1014.98,-1296.0,-10.5299
GV-02626,3275.48,1011.55,-1297.23,-10.5306
GV-02627,3321.21,1012.9,-1298.7,-10.5946
GV-02628,3394.56,1039.74,-1295.02,-10.505
GV-02629,3439.51,1018.49,-1300.97,-10.3488
GV-02630,3471.81,1032.56,-1297.83,-10.4117
GV-02631,3529.72,1028.57,-1300.59,-10.2635
GV-02632,3575.21,1035.21,-1300.3,-10.4397
GV-02633,3644.85,1024.65,-1299.5,-10.3372
GV-02634,3676.91,1036.92,-1253.08,-10.4016
GV-02635,3715.96,1036.72,-1203.13,-10.401
GV-02636,3792.69,1039.1,-1150.3,-10.4048
GV-02637,3831.74,1020.99,-1103.13,-10.3209
GV-02638,3876.42,1008.95,-1049.94,-10.3104
GV-02639,3917.0,1007.02,-1000.75,-10.3513
GV-02640,3958.54,1030.06,-946.05,-10.3696
GV-02641,4019.95,1031.61,-948.23,-10.2817
GV-02642,4074.16,1033.85,-903.15,-10.2337
GV-02643,4117.08,1038.72,-853.61,-10.2968
GV-02644,4170.41,1039.62,-854.03,-10.143
GV-02645,4222.48,1011.08,-795.94,-10.1884
GV-02646,4291.67,1023.34,-804.61,-10.1895
GV-02647,4319.16,1026.27,-796.76,-10.0761
GV-02648,4384.75,1024.48,-803.79,-10.0308
GV-02649,4414.29,1010.15,-798.5,-10.0683
GV-02650,4464.1,1025.34,-799.64,-9.972
GV-02651,4525.72,1027.75,-795.24,-9.7935
GV-02652,4587.67,1015.27,-852.51,-9.7643
GV-02653,4605.48,1022.91,-853.28,-9.7587
GV-02654,4675.49,1022.86,-899.1,-9.6061
GV-02655,4725.45,1015.04,-901.75,-9.5993
GV-02656,4776.76,1024.13,-949.89,-9.4858
GV-02657,4811.0,1011.79,-1003.05,-9.493
GV-02658,4873.17,1031.71,-1000.23,-9.4245
GV-02659,4940.91,1038.44,-1053.96,-9.4551
GV-02660,4972.28,1039.21,-1098.59,-9.289
GV-02661,5026.54,1023.2,-1153.2,-9.3543
GV-02662,5087.21,1029.03,-1201.8,-9.0746
GV-02663,5115.77,1013.94,-1200.03,-9.0814
GV-02664,5158.66,1040.5,-1251.13,-9.1205
GV-02665,5206.21,1006.12,-1296.84,-8.8294
GV-02666,5258.68,1008.53,-1349.45,-8.6785
GV-02667,5317.38,1032.76,-1348.78,-8.7245
GV-02668,5367.85,1020.98,-1353.23,-8.6455
GV-02669,5430.9,1011.29,-1352.13,-8.5184
GV-02670,5475.25,1006.45,-1350.34,-8.2735
GV-02671,5511.19,1005.67,-1298.74,-8.3088
GV-02672,5587.06,1040.1,-1300.57,-8.1388
GV-02673,5608.47,1006.68,-1298.62,-8.0472
GV-02674,5671.25,1022.06,-1251.4,-7.9225
GV-02675,5730.37,1005.61,-1249.65,-7.7536
GV-02676,5790.26,1021.12,-1254.47,-7.7499
GV-02677,5809.95,1014.23,-1198.14,-7.5527
GV-02678,5895.0,1009.01,-1204.54,-7.2707
GV-02679,5932.96,1008.11,-1196.15,-7.2507
GV-02680,5978.86,1033.65,-1148.61,-7.06
GV-02681,6019.14,1032.41,-1147.04,-6.9028
GV-02682,6073.94,1018.49,-1095.02,-6.7801
GV-02683,6120.31,1005.1,-1100.02,-6.4766
GV-02684,6174.57,1014.67,-1102.13,-6.5637
GV-02685,6216.74,1018.6,-1095.61,-6.2459
GV-02686,6276.46,1027.62,-1051.12,-6.2167
GV-02687,6323.34,1037.72,-1046.07,-5.938
GV-02688,6376.99,1019.36,-1053.71,-5.7434
GV-02689,33.58,1080.72,-946.36,-9.8908
GV-02690,85.02,1070.37,-948.38,-9.8268
GV-02691,120.45,1090.74,-952.73,-10.1586
GV-02692,161.97,1057.64,-947.49,-10.2901
GV-02693,220.95,1075.04,-950.05,-10.3794
GV-02694,267.11,1065.62,-953.88,-10.4148
GV-02695,320.92,1083.11,-947.89,-10.6403
GV-02696,376.78,1066.8,-953.03,-10.6724
GV-02697,422.55,1080.61,-951.71,-10.9534
GV-02698,463.43,1057.8,-948.12,-11.0668
GV-02699,536.06,1069.68,-954.59,-11.0224
GV-02700,581.61,1059.77,-948.88,-11.3075
GV-02701,627.9,1091.55,-946.19,-11.1915
GV-02702,659.67,1071.3,-948.71,-11.4568
GV-02703,706.94,1056.8,-952.9,-11.399
GV-02704,764.06,1088.77,-948.61,-11.4815
GV-02705,835.08,1093.72,-948.63,-11.5771
GV-02706,876.6,1071.4,-945.61,-11.6262
GV-02707,924.88,1076.86,-949.43,-11.6188
GV-02708,993.82,1088.38,-948.98,-11.909
GV-02709,1029.27,1077.38,-946.22,-11.7491
GV-02710,1075.04,1065.81,-946.02,-11.6572
GV-02711,1132.69,1058.3,-945.01,-11.9062
GV-02712,1184.94,1063.18,-946.49,-11.7175
GV-02713,1223.48,1071.71,-952.6,-11.8814
GV-02714,1270.19,1085.28,-950.02,-11.6966
GV-02715,1310.61,1093.86,-953.23,-11.7605
GV-02716,1374.71,1067.62,-951.07,-11.8235
GV-02717,1419.2,1083.64,-948.54,-11.8845
GV-02718,1485.9,1088.28,-946.74,-11.8899
GV-02719,1538.52,1056.08,-954.56,-11.8826
GV-02720,1579.36,1085.28,-953.59,-11.756
GV-02721,1609.83,1064.04,-948.6,-11.769
GV-02722,1656.65,1090.95,-945.42,-11.6957
GV-02723,1740.37,1069.89,-951.44,-11.6472
GV-02724,1775.8,1061.34,-949.53,-11.7285
GV-02725,1830.3,1061.47,-999.91,-11.6364
GV-02726,1869.62,1069.9,-1000.44,-11.7112
GV-02727,1910.19,1084.86,-1004.2,-11.5654
GV-02728,1973.23,1085.5,-995.56,-11.466
GV-02729,2031.39,1070.6,-1049.02,-11.4453
GV-02730,2064.59,1090.38,-1049.38,-11.4625
GV-02731,2127.08,1059.86,-1053.18,-11.386
GV-02732,2180.71,1077.08,-1045.55,-11.3811
GV-02733,2218.17,1061.49,-1103.23,-11.4773
GV-02734,2284.56,1075.58,-1102.43,-11.2182
GV-02735,2321.69,1086.52,-1097.12,-11.1083
GV-02736,2360.59,1072.08,-1153.32,-11.1105
GV-02737,2409.37,1065.33,-1154.13,-11.1938
GV-02738,2494.55,1082.62,-1153.53,-11.0429
GV-02739,2537.13,1088.02,-1145.2,-11.0554
GV-02740,2562.06,1090.04,-1195.17,-11.0703
GV-02741,2618.6,1055.04,-1200.02,-10.9103
GV-02742,2656.54,1092.75,-1203.87,-11.0365
GV-02743,2733.84,1094.75,-1202.49,-10.8751
GV-02744,2771.38,1079.35,-1248.34,-10.8906
GV-02745,2823.3,1080.28,-1245.28,-10.8579
GV-02746,2866.26,1067.01,-1246.01,-10.9087
GV-02747,2910.67,1084.06,-1245.57,-10.8193
GV-02748,2972.3,1086.31,-1254.79,-10.7622
GV-02749,3024.11,1067.5,-1300.48,-10.8797
GV-02750,3092.92,1077.3,-1301.96,-10.8378
GV-02751,3129.95,1064.21,-1302.88,-10.814
GV-02752,3166.02,1094.09,-1302.75,-10.6145
GV-02753,3223.22,1092.97,-1298.27,-10.6317
GV-02754,3293.25,1079.83,-1300.39,-10.5545
GV-02755,3344.55,1061.83,-1297.14,-10.6043
GV-02756,3364.41,1088.94,-1301.44,-10.7551
GV-02757,3442.19,1070.12,-1298.63,-10.5688
GV-02758,3460.87,1068.25,-1303.98,-10.4404
GV-02759,3541.77,1082.41,-1299.17,-10.5849
GV-02760,3565.71,1073.95,-1295.36,-10.5926
GV-02761,3620.93,1070.7,-1245.6,-10.5309
GV-02762,3671.37,1067.72,-1196.75,-10.5918
GV-02763,3739.65,1065.39,-1147.64,-10.5325
GV-02764,3767.03,1074.26,-1097.26,-10.512
GV-02765,3821.07,1056.0,-1053.19,-10.5422
GV-02766,3882.23,1076.68,-1001.72,-10.2722
GV-02767,3918.84,1080.72,-952.28,-10.2971
GV-02768,3974.3,1065.19,-899.3,-10.3859
GV-02769,4031.32,1057.27,-902.68,-10.2211
GV-02770,4080.04,1077.46,-846.94,-10.2285
GV-02771,4129.08,1060.45,-797.42,-10.2549
GV-02772,4175.17,1080.44,-803.02,-10.1899
GV-02773,4225.66,1079.88,-795.02,-10.1613
GV-02774,4269.14,1058.83,-796.1,-9.9651
GV-02775,4333.63,1061.4,-795.15,-10.14
GV-02776,4363.16,1059.05,-803.32,-10.0334
GV-02777,4436.48,1093.15,-801.87,-9.9637
GV-02778,4472.37,1060.37,-801.27,-10.0522
GV-02779,4537.4,1055.94,-846.26,-10.0371
GV-02780,4588.2,1068.08,-849.3,-9.8284
GV-02781,4636.52,1070.47,-902.55,-9.8917
GV-02782,4686.64,1082.02,-946.51,-9.801
GV-02783,4710.68,1068.43,-948.17,-9.7588
GV-02784,4785.39,1073.86,-998.57,-9.7623
GV-02785,4831.53,1069.82,-1053.15,-9.5259
GV-02786,4886.7,1068.88,-1048.41,-9.6362
GV-02787,4919.54,1092.85,-1101.17,-9.5342
GV-02788,4955.69,1065.81,-1154.91,-9.2911
GV-02789,5019.96,1066.15,-1199.36,-9.2569
GV-02790,5056.84,1079.25,-1251.23,-9.2854
GV-02791,5131.86,1059.22,-1249.22,-9.1759
GV-02792,5187.15,1087.64,-1302.5,-9.0934
GV-02793,5213.21,1055.89,-1345.49,-8.8591
GV-02794,5258.94,1059.89,-1345.26,-8.8259
GV-02795,5318.63,1057.59,-1347.27,-8.6301
GV-02796,5378.09,1064.81,-1352.46,-8.7665
GV-02797,5423.03,1070.01,-1348.78,-8.6685
GV-02798,5483.1,1076.5,-1299.06,-8.3571
GV-02799,5512.88,1056.49,-1304.96,-8.1649
GV-02800,5574.46,1074.4,-1302.87,-7.9581
GV-02801,5618.77,1061.42,-1245.52,-8.1244
GV-02802,5668.87,1079.31,-1253.35,-8.0056
GV-02803,5717.03,1094.09,-1249.7,-7.7883
GV-02804,5793.68,1067.13,-1195.93,-7.685
GV-02805,5834.37,1072.54,-1197.44,-7.5176
GV-02806,5861.2,1059.16,-1198.91,-7.4341
GV-02807,5925.17,1082.16,-1145.04,-7.2884
GV-02808,5974.24,1087.86,-1146.19,-7.252
GV-02809,6012.93,1071.88,-1149.31,-7.0887
GV-02810,6093.96,1094.13,-1097.44,-6.8394
GV-02811,6108.91,1061.35,-1100.32,-6.6186
GV-02812,6171.89,1091.78,-1097.91,-6.4645
GV-02813,6235.74,1075.19,-1101.59,-6.39
GV-02814,6277.07,1069.74,-1053.7,-6.2504
GV-02815,6334.42,1076.82,-1045.06,-6.1731
GV-02816,6370.24,1086.8,-1048.72,-5.7382
GV-02817,41.36,1119.2,-949.63,-9.8669
GV-02818,81.23,1138.92,-945.05,-10.191
GV-02819,116.02,1121.25,-954.72,-10.1038
GV-02820,180.79,1138.21,-948.04,-10.5081
GV-02821,225.96,1140.54,-953.43,-10.5042
GV-02822,285.19,1114.15,-950.41,-10.6383
GV-02823,313.36,1121.84,-953.66,-10.7504
GV-02824,376.77,1137.99,-951.32,-10.8388
GV-02825,438.42,1132.91,-949.65,-11.0565
GV-02826,487.08,1135.34,-949.42,-11.1542
GV-02827,506.67,1116.47,-945.51,-11.0511
GV-02828,561.93,1105.11,-945.75,-11.1974
GV-02829,635.22,1117.68,-951.62,-11.3351
GV-02830,663.85,1126.57,-947.0,-11.5478
GV-02831,727.42,1130.7,-953.48,-11.388
GV-02832,761.6,1108.59,-951.58,-11.6611
GV-02833,823.16,1105.21,-953.66,-11.6097
GV-02834,862.99,1110.5,-952.96,-11.4901
GV-02835,910.74,1115.95,-952.43,-11.6247
GV-02836,972.67,1137.33,-951.22,-11.8674
GV-02837,1038.7,1139.0,-946.24,-11.9665
GV-02838,1085.36,1144.82,-945.89,-11.8116
GV-02839,1143.61,1106.89,-948.29,-11.5889
GV-02840,1166.81,1107.72,-952.64,-11.9873
GV-02841,1207.05,1139.8,-947.25,-11.8911
GV-02842,1283.97,1105.24,-951.28,-11.8973
GV-02843,1335.27,1140.77,-946.06,-12.0942
GV-02844,1372.25,1136.75,-954.69,-12.1765
GV-02845,1426.15,1109.63,-949.55,-11.8561
GV-02846,1458.19,1139.53,-951.35,-11.9562
GV-02847,1539.15,1106.61,-952.57,-11.95
GV-02848,1581.32,1143.52,-954.48,-11.8523
GV-02849,1643.67,1133.1,-950.06,-11.8506
GV-02850,1670.57,1119.24,-951.86,-11.7914
GV-02851,1715.35,1120.84,-952.91,-11.7339
GV-02852,1771.3,1144.1,-998.45,-11.731
GV-02853,1844.93,1114.77,-1001.21,-11.6222
GV-02854,1885.18,1114.5,-1003.71,-11.6767
GV-02855,1944.86,1122.6,-1001.94,-11.6507
GV-02856,1994.85,1115.26,-1050.29,-11.5995
GV-02857,2039.44,1122.56,-1054.01,-11.5865
GV-02858,2067.92,1144.93,-1053.33,-11.5112
GV-02859,2142.6,1113.86,-1054.59,-11.5104
GV-02860,2178.99,1143.99,-1102.22,-11.4341
GV-02861,2230.11,1129.33,-1100.86,-11.4255
GV-02862,2265.82,1141.38,-1099.95,-11.4698
GV-02863,2330.41,1122.38,-1149.16,-11.3122
GV-02864,2356.05,1114.64,-1153.42,-11.2921
GV-02865,2441.29,1107.2,-1148.24,-11.3167
GV-02866,2481.16,1109.57,-1149.48,-11.0845
GV-02867,2536.45,1138.51,-1199.68,-11.157
GV-02868,2587.55,1140.2,-1204.27,-11.1415
GV-02869,2629.55,1114.51,-1204.26,-10.9806
GV-02870,2683.94,1122.13,-1198.62,-11.1113
GV-02871,2730.82,1132.14,-1249.64,-11.0025
GV-02872,2780.84,1132.39,-1253.65,-11.0452
GV-02873,2832.04,1138.79,-1246.41,-11.0549
GV-02874,2890.73,1135.33,-1253.39,-10.9629
GV-02875,2912.74,1121.07,-1251.38,-10.8455
GV-02876,2975.29,1116.88,-1295.02,-10.9122
GV-02877,3015.57,1119.36,-1299.22,-10.8748
GV-02878,3070.79,1135.39,-1302.23,-10.7432
GV-02879,3140.51,1137.29,-1295.73,-10.743
GV-02880,3180.57,1106.97,-1301.86,-10.7861
GV-02881,3224.83,1142.03,-1304.05,-10.7122
GV-02882,3280.29,1139.94,-1295.36,-10.6697
GV-02883,3337.34,1107.72,-1298.24,-10.7717
GV-02884,3371.43,1110.09,-1296.12,-10.7322
GV-02885,3437.84,1127.37,-1300.79,-10.6727
GV-02886,3476.44,1111.04,-1299.48,-10.6269
GV-02887,3531.22,1106.94,-1295.41,-10.7329
GV-02888,3589.22,1110.97,-1246.38,-10.6329
GV-02889,3605.79,1107.55,-1199.7,-10.6404
GV-02890,3660.09,1128.47,-1153.75,-10.7155
GV-02891,3718.46,1118.72,-1095.17,-10.5466
GV-02892,3761.34,1111.02,-1046.28,-10.6437
GV-02893,3809.96,1120.46,-1001.71,-10.4943
GV-02894,3885.93,1120.1,-947.42,-10.5429
GV-02895,3943.52,1142.52,-898.99,-10.488
GV-02896,3973.7,1129.9,-902.19,-10.4987
GV-02897,4013.09,1124.45,-848.86,-10.5104
GV-02898,4082.1,1123.65,-796.58,-10.3992
GV-02899,4142.16,1110.33,-802.64,-10.4542
GV-02900,4171.54,1117.84,-797.28,-10.312
GV-02901,4225.73,1142.71,-804.89,-10.337
GV-02902,4277.44,1107.35,-798.72,-10.4253
GV-02903,4315.14,1141.17,-804.6,-10.291
GV-02904,4359.34,1108.52,-801.13,-10.189
GV-02905,4421.65,1127.5,-847.03,-10.1107
GV-02906,4494.98,1131.61,-845.7,-10.1465
GV-02907,4527.92,1135.28,-851.68,-10.0692
GV-02908,4581.45,1118.82,-904.76,-9.8896
GV-02909,4626.66,1111.04,-954.56,-10.0017
GV-02910,4677.97,1128.38,-951.5,-9.927
GV-02911,4710.79,1119.47,-1001.26,-9.9378
GV-02912,4792.27,1114.03,-1051.97,-9.9288
GV-02913,4833.43,1113.36,-1098.14,-9.7315
GV-02914,4871.37,1141.79,-1095.77,-9.5942
GV-02915,4935.93,1107.28,-1149.43,-9.4663
GV-02916,4991.8,1143.41,-1202.09,-9.4991
GV-02917,5016.75,1111.89,-1253.26,-9.4257
GV-02918,5076.64,1126.21,-1295.1,-9.4363
GV-02919,5127.48,1108.65,-1348.4,-9.2203
GV-02920,5186.28,1109.05,-1353.43,-9.0215
GV-02921,5236.44,1137.23,-1354.8,-9.0927
GV-02922,5266.94,1118.71,-1352.38,-8.8549
GV-02923,5309.85,1107.8,-1354.8,-8.8918
GV-02924,5377.38,1129.98,-1354.0,-8.8011
GV-02925,5433.38,1109.36,-1296.05,-8.6104
GV-02926,5489.86,1128.23,-1304.13,-8.5371
GV-02927,5538.33,1129.99,-1302.66,-8.5169
GV-02928,5557.04,1143.38,-1302.2,-8.3311
GV-02929,5636.96,1122.11,-1251.48,-8.1826
GV-02930,5673.86,1134.21,-1246.16,-8.08
GV-02931,5726.09,1105.27,-1203.98,-7.9729
GV-02932,5757.6,1134.68,-1200.38,-7.9258
GV-02933,5829.43,1132.85,-1196.4,-7.7386
GV-02934,5871.92,1137.57,-1149.11,-7.5212
GV-02935,5930.94,1128.15,-1149.32,-7.3555
GV-02936,5966.15,1108.69,-1152.77,-7.2341
GV-02937,6006.16,1131.54,-1097.83,-6.9663
GV-02938,6068.09,1141.44,-1104.16,-6.8389
GV-02939,6112.88,1118.89,-1097.9,-6.7347
GV-02940,6165.42,1123.79,-1100.13,-6.4238
GV-02941,6217.94,1118.94,-1052.6,-6.4251
GV-02942,6292.17,1133.07,-1052.65,-6.2696
GV-02943,6311.49,1134.97,-1046.28,-6.0336
GV-02944,6378.23,1109.4,-1048.37,-6.1426
GV-02945,39.82,1168.59,-946.16,-10.0169
GV-02946,87.37,1193.64,-946.47,-10.2313
GV-02947,121.54,1157.87,-946.55,-10.2442
GV-02948,155.77,1158.55,-952.58,-10.3994
GV-02949,209.03,1187.78,-952.8,-10.7394
GV-02950,276.65,1184.74,-945.53,-10.6673
GV-02951,342.4,1172.42,-952.36,-10.8529
GV-02952,391.54,1183.89,-947.48,-10.8891
GV-02953,406.1,1178.58,-948.19,-11.0004
GV-02954,468.5,1171.37,-953.01,-11.1519
GV-02955,536.26,1165.13,-945.41,-11.1984
GV-02956,594.57,1186.44,-946.34,-11.4854
GV-02957,632.12,1159.24,-947.93,-11.2571
GV-02958,660.16,1164.21,-945.95,-11.383
GV-02959,727.36,1172.73,-948.16,-11.5821
GV-02960,794.34,1159.8,-945.05,-11.4558
GV-02961,809.43,1165.37,-953.49,-11.6705
GV-02962,882.67,1161.57,-953.98,-11.4815
GV-02963,923.26,1172.26,-954.83,-11.7607
GV-02964,979.74,1159.94,-954.54,-11.6989
GV-02965,1036.36,1161.31,-952.5,-11.8392
GV-02966,1062.3,1183.58,-953.28,-11.9676
GV-02967,1127.21,1173.66,-950.13,-11.8599
GV-02968,1185.69,1186.99,-949.0,-11.8964
GV-02969,1228.68,1174.11,-945.96,-11.9453
GV-02970,1294.62,1178.58,-946.13,-11.792
GV-02971,1307.23,1163.25,-949.13,-12.0125
GV-02972,1394.52,1159.55,-947.25,-11.7427
GV-02973,1433.63,1162.68,-953.89,-12.0204
GV-02974,1457.93,1190.7,-945.47,-11.9701
GV-02975,1514.2,1173.11,-948.75,-11.8713
GV-02976,1593.88,1181.04,-946.27,-11.8325
GV-02977,1617.08,1188.34,-947.53,-11.8599
GV-02978,1660.57,1156.97,-947.36,-11.9246
GV-02979,1716.75,1155.59,-995.28,-12.0651
GV-02980,1787.07,1189.97,-999.78,-11.8011
GV-02981,1809.36,1174.44,-998.11,-11.5839
GV-02982,1886.88,1170.1,-1001.13,-11.8291
GV-02983,1908.61,1170.23,-998.2,-11.8477
GV-02984,1961.78,1175.43,-1046.65,-11.8008
GV-02985,2032.76,1170.58,-1054.34,-11.5395
GV-02986,2092.66,1176.36,-1048.69,-11.5206
GV-02987,2108.18,1167.16,-1097.31,-11.4917
GV-02988,2167.11,1164.22,-1103.32,-11.5333
GV-02989,2209.14,1164.1,-1102.92,-11.5963
GV-02990,2273.3,1182.33,-1101.0,-11.4914
GV-02991,2315.19,1177.5,-1145.69,-11.3655
GV-02992,2377.89,1178.09,-1154.4,-11.2638
GV-02993,2441.73,1170.23,-1153.64,-11.3835
GV-02994,2456.19,1194.31,-1197.23,-11.1274
GV-02995,2520.42,1189.77,-1202.94,-11.4272
GV-02996,2575.47,1167.16,-1196.61,-11.1303
GV-02997,2608.92,1189.7,-1195.04,-11.2287
GV-02998,2666.54,1174.58,-1253.76,-11.1568
GV-02999,2743.81,1179.47,-1254.8,-11.2045
GV-03000,2778.69,1193.05,-1245.15,-10.9021
GV-03001,2843.82,1189.34,-1247.25,-11.0057
GV-03002,2892.66,1177.29,-1248.88,-10.9681
GV-03003,2942.69,1170.28,-1299.5,-11.0752
GV-03004,2972.12,1155.53,-1296.51,-10.969
GV-03005,3019.92,1181.67,-1297.44,-10.7453
GV-03006,3073.62,1191.15,-1303.76,-10.8995
GV-03007,3114.44,1165.14,-1301.67,-10.789
GV-03008,3170.17,1165.29,-1296.6,-10.8609
GV-03009,3209.96,1189.09,-1296.3,-10.8173
GV-03010,3268.31,1184.23,-1301.85,-10.8327
GV-03011,3341.61,1174.86,-1302.39,-10.8212
GV-03012,3357.03,1169.67,-1296.81,-10.7887
GV-03013,3443.37,1184.71,-1302.56,-10.867
GV-03014,3473.82,1188.01,-1298.78,-10.8139
GV-03015,3511.53,1167.92,-1254.1,-10.6464
GV-03016,3556.38,1165.42,-1198.42,-10.7267
GV-03017,3622.76,1157.72,-1153.64,-10.6251
GV-03018,3667.93,1182.62,-1100.74,-10.6956
GV-03019,3724.79,1174.02,-1053.0,-10.8748
GV-03020,3783.5,1166.03,-1004.24,-10.7384
GV-03021,3844.85,1185.47,-954.1,-10.4679
GV-03022,3890.14,1173.45,-903.31,-10.6399
GV-03023,3920.6,1181.0,-851.55,-10.572
GV-03024,3983.43,1188.95,-852.7,-10.6852
GV-03025,4032.23,1170.78,-800.12,-10.7206
GV-03026,4078.81,1163.78,-799.81,-10.4097
GV-03027,4110.81,1177.34,-804.96,-10.5133
GV-03028,4165.3,1176.54,-803.19,-10.2522
GV-03029,4220.0,1156.99,-803.31,-10.363
GV-03030,4283.23,1159.72,-804.58,-10.422
GV-03031,4314.34,1171.65,-799.65,-10.3219
GV-03032,4368.87,1174.08,-845.77,-10.1456
GV-03033,4434.47,1192.35,-850.38,-10.2006
GV-03034,4463.04,1175.16,-896.68,-10.136
GV-03035,4511.71,1189.78,-897.63,-10.1134
GV-03036,4564.19,1161.1,-945.57,-9.9549
GV-03037,4612.93,1182.93,-1003.51,-10.1486
GV-03038,4660.37,1175.41,-997.97,-9.9435
GV-03039,4737.01,1162.37,-1046.12,-9.835
GV-03040,4764.34,1185.91,-1102.27,-9.8939
GV-03041,4810.75,1191.08,-1149.94,-9.7645
GV-03042,4888.88,1189.67,-1151.48,-9.7421
GV-03043,4932.6,1181.86,-1203.44,-9.6159
GV-03044,4991.1,1168.17,-1251.05,-9.6442
GV-03045,5006.77,1171.27,-1299.31,-9.6067
GV-03046,5088.64,1166.31,-1348.34,-9.2173
GV-03047,5118.77,1164.48,-1346.18,-9.2603
GV-03048,5157.23,1174.92,-1349.52,-9.1346
GV-03049,5222.22,1168.73,-1345.7,-9.0664
GV-03050,5257.78,1186.5,-1352.09,-9.0304
GV-03051,5322.17,1162.63,-1345.91,-8.8678
GV-03052,5366.25,1164.51,-1350.26,-8.6761
GV-03053,5427.75,1164.89,-1297.63,-8.7701
GV-03054,5493.07,1178.46,-1297.01,-8.5784
GV-03055,5526.79,1193.57,-1301.01,-8.4229
GV-03056,5593.04,1182.5,-1246.08,-8.2943
GV-03057,5631.09,1164.34,-1251.38,-8.0703
GV-03058,5679.15,1187.99,-1254.93,-8.157
GV-03059,5723.82,1167.49,-1195.05,-7.9379
GV-03060,5794.46,1164.28,-1197.5,-7.8506
GV-03061,5820.39,1174.53,-1146.73,-7.7379
GV-03062,5872.27,1185.61,-1151.61,-7.6396
GV-03063,5931.32,1190.87,-1152.13,-7.4856
GV-03064,5985.97,1171.3,-1095.41,-7.194
GV-03065,6011.24,1194.92,-1098.9,-7.1253
GV-03066,6081.67,1176.93,-1095.23,-6.9569
GV-03067,6130.95,1192.91,-1098.42,-6.7619
GV-03068,6165.47,1194.28,-1052.81,-6.6286
GV-03069,6220.22,1161.81,-1054.04,-6.5342
GV-03070,6263.18,1171.37,-1047.01,-6.1255
GV-03071,6310.63,1157.41,-1049.02,-5.9823
GV-03072,6380.23,1183.16,-1045.4,-5.8454
GV-03073,41.06,1243.28,-945.66,-10.149
GV-03074,62.05,1233.44,-951.03,-10.2876
GV-03075,139.82,1231.43,-950.79,-10.2764
GV-03076,174.49,1234.6,-949.48,-10.4588
GV-03077,226.95,1224.71,-945.43,-10.5937
GV-03078,269.43,1208.98,-946.27,-10.7834
GV-03079,327.6,1208.18,-954.78,-10.6467
GV-03080,392.37,1231.67,-952.94,-10.9375
GV-03081,423.06,1224.4,-947.3,-10.8974
GV-03082,466.99,1223.14,-954.85,-11.0303
GV-03083,507.08,1208.64,-952.09,-11.0613
GV-03084,577.7,1215.24,-946.43,-11.3171
GV-03085,606.83,1237.4,-952.82,-11.4081
GV-03086,689.15,1217.64,-954.79,-11.385
GV-03087,727.89,1216.93,-954.87,-11.5563
GV-03088,777.42,1205.02,-951.13,-11.6828
GV-03089,834.01,1238.56,-946.11,-11.625
GV-03090,881.81,1236.61,-950.62,-11.7228
GV-03091,936.9,1215.63,-953.56,-11.7194
GV-03092,981.82,1212.24,-948.28,-11.8755
GV-03093,1031.94,1241.15,-950.72,-11.6865
GV-03094,1083.82,1231.95,-948.09,-11.7578
GV-03095,1126.21,1224.35,-949.03,-11.9612
GV-03096,1179.44,1216.64,-947.35,-12.0946
GV-03097,1210.3,1233.0,-954.45,-11.9645
GV-03098,1290.28,1224.51,-952.75,-12.0911
GV-03099,1343.84,1238.1,-945.27,-12.0651
GV-03100,1359.68,1210.27,-945.43,-11.9797
GV-03101,1419.72,1231.55,-952.05,-11.9854
GV-03102,1458.42,1217.35,-949.88,-11.9872
GV-03103,1520.96,1220.05,-951.24,-11.9311
GV-03104,1591.48,1214.2,-952.42,-12.0455
GV-03105,1641.17,1218.36,-951.02,-12.0632
GV-03106,1662.98,1228.27,-1003.35,-11.9588
GV-03107,1734.42,1219.79,-999.89,-11.8479
GV-03108,1791.78,1220.18,-997.27,-11.9698
GV-03109,1832.64,1232.14,-996.79,-11.9271
GV-03110,1866.21,1228.94,-999.19,-11.815
GV-03111,1920.07,1243.68,-1045.2,-11.6508
GV-03112,1990.92,1244.54,-1045.61,-11.7246
GV-03113,2044.37,1241.83,-1051.12,-11.761
GV-03114,2067.96,1240.55,-1100.77,-11.4786
GV-03115,2137.6,1223.69,-1095.91,-11.6526
GV-03116,2186.84,1209.46,-1095.41,-11.5578
GV-03117,2227.44,1227.71,-1098.34,-11.7624
GV-03118,2287.99,1217.37,-1145.97,-11.316
GV-03119,2332.32,1219.75,-1150.0,-11.59
GV-03120,2367.99,1240.57,-1150.97,-11.6208
GV-03121,2444.02,1230.58,-1196.73,-11.6026
GV-03122,2463.83,1236.17,-1195.24,-11.3587
GV-03123,2532.21,1219.12,-1198.51,-11.3797
GV-03124,2575.96,1224.43,-1195.02,-11.2844
GV-03125,2632.01,1219.56,-1248.41,-11.2132
GV-03126,2680.55,1220.22,-1246.45,-11.1438
GV-03127,2721.08,1229.37,-1254.51,-11.2716
GV-03128,2793.24,1212.76,-1253.81,-11.0113
GV-03129,2840.36,1244.33,-1253.63,-11.178
GV-03130,2893.28,1239.87,-1302.54,-11.1465
GV-03131,2918.54,1215.56,-1296.16,-11.2366
GV-03132,2984.51,1241.27,-1301.96,-10.9201
GV-03133,3029.53,1228.77,-1298.37,-11.1272
GV-03134,3060.11,1205.14,-1299.74,-11.0455
GV-03135,3115.95,1219.26,-1298.53,-11.052
GV-03136,3184.65,1228.18,-1299.13,-10.8632
GV-03137,3206.96,1240.19,-1300.75,-11.1139
GV-03138,3265.86,1238.24,-1297.61,-11.1008
GV-03139,3306.05,1209.87,-1295.7,-11.0102
GV-03140,3371.37,1213.09,-1297.03,-10.9056
GV-03141,3439.43,1224.2,-1295.29,-10.8038
GV-03142,3463.92,1215.26,-1251.53,-10.9695
GV-03143,3522.9,1206.83,-1203.78,-10.8961
GV-03144,3556.93,1208.76,-1150.08,-10.7655
GV-03145,3630.3,1240.75,-1101.38,-10.6953
GV-03146,3685.87,1229.6,-1046.41,-10.876
GV-03147,3705.57,1209.91,-999.9,-10.7889
GV-03148,3794.88,1239.49,-952.88,-10.6265
GV-03149,3824.67,1239.3,-900.8,-10.769
GV-03150,3863.55,1218.64,-851.96,-10.8166
GV-03151,3938.91,1222.46,-847.67,-10.6004
GV-03152,3959.62,1211.58,-800.19,-10.6038
GV-03153,4029.66,1225.16,-795.78,-10.7486
GV-03154,4094.85,1229.86,-800.66,-10.5773
GV-03155,4137.15,1223.18,-798.76,-10.5912
GV-03156,4185.15,1216.86,-803.47,-10.5614
GV-03157,4217.49,1207.3,-804.96,-10.3406
GV-03158,4257.61,1241.1,-798.64,-10.3265
GV-03159,4333.4,1237.69,-851.42,-10.6863
GV-03160,4366.54,1205.74,-848.44,-10.2272
GV-03161,4419.68,1206.25,-903.21,-10.3456
GV-03162,4485.26,1215.52,-898.28,-10.4062
GV-03163,4536.91,1217.38,-950.88,-10.2061
GV-03164,4559.13,1227.18,-1001.46,-10.1526
GV-03165,4641.38,1205.14,-998.45,-10.0311
GV-03166,4670.21,1215.61,-1047.95,-10.0523
GV-03167,4715.12,1226.37,-1095.68,-9.8112
GV-03168,4785.07,1229.27,-1145.68,-9.8332
GV-03169,4816.92,1235.37,-1196.31,-9.8223
GV-03170,4890.32,1212.84,-1245.32,-9.5561
GV-03171,4923.8,1219.62,-1249.22,-9.5618
GV-03172,4987.25,1210.49,-1304.97,-9.5607
GV-03173,5010.2,1209.53,-1345.19,-9.6841
GV-03174,5081.16,1213.33,-1397.78,-9.6579
GV-03175,5107.49,1207.61,-1352.05,-9.518
GV-03176,5184.44,1209.75,-1350.69,-9.2571
GV-03177,5219.82,1229.06,-1347.71,-9.0237
GV-03178,5292.24,1225.53,-1354.57,-9.0385
GV-03179,5321.06,1215.6,-1349.07,-8.8539
GV-03180,5383.8,1213.81,-1296.07,-9.0904
GV-03181,5413.18,1229.73,-1295.35,-8.8614
GV-03182,5487.98,1231.24,-1301.27,-8.8274
GV-03183,5524.59,1230.82,-1251.52,-8.5727
GV-03184,5560.1,1221.72,-1245.38,-8.3158
GV-03185,5625.28,1226.07,-1251.87,-8.2045
GV-03186,5674.96,1213.49,-1198.61,-8.198
GV-03187,5741.26,1227.69,-1197.6,-8.0056
GV-03188,5764.45,1227.73,-1150.55,-7.9288
GV-03189,5820.67,1236.69,-1146.14,-7.6359
GV-03190,5887.34,1230.49,-1154.27,-7.6084
GV-03191,5944.25,1210.83,-1097.78,-7.457
GV-03192,5976.44,1212.84,-1099.88,-7.2542
GV-03193,6030.07,1217.62,-1100.73,-7.2046
GV-03194,6082.47,1226.91,-1099.31,-7.095
GV-03195,6122.33,1212.7,-1054.47,-6.8409
GV-03196,6187.27,1227.39,-1050.34,-6.7301
GV-03197,6237.71,1242.2,-1050.59,-6.4881
GV-03198,6266.63,1227.93,-1054.93,-6.3808
GV-03199,6331.21,1218.04,-1053.63,-6.2013
GV-03200,6376.1,1243.51,-1050.8,-5.9428
GV-03201,35.26,1283.96,-945.79,-10.0401
GV-03202,90.47,1263.46,-946.18,-10.2644
GV-03203,132.88,1270.97,-954.63,-10.3959
GV-03204,182.75,1268.28,-950.18,-10.3784
GV-03205,231.99,1259.63,-947.88,-10.6214
GV-03206,270.7,1266.3,-952.32,-10.6944
GV-03207,315.66,1265.6,-949.73,-10.8282
GV-03208,359.57,1276.74,-953.92,-11.0676
GV-03209,414.54,1268.53,-946.73,-11.1318
GV-03210,473.38,1276.73,-951.05,-11.1497
GV-03211,530.57,1279.35,-950.24,-11.3693
GV-03212,582.21,1278.86,-946.86,-11.2351
GV-03213,643.78,1271.48,-949.09,-11.4382
GV-03214,659.15,1288.19,-954.65,-11.6218
GV-03215,718.52,1289.71,-954.25,-11.6981
GV-03216,760.4,1287.9,-948.5,-11.7273
GV-03217,827.0,1274.1,-953.74,-11.6447
GV-03218,860.62,1266.29,-946.28,-11.83
GV-03219,911.58,1255.21,-948.24,-11.9037
GV-03220,965.2,1258.97,-954.93,-11.9608
GV-03221,1034.2,1281.14,-949.83,-12.0059
GV-03222,1083.3,1292.72,-949.04,-11.9839
GV-03223,1110.68,1289.3,-947.19,-11.9115
GV-03224,1160.15,1288.46,-949.59,-11.9638
GV-03225,1237.17,1271.62,-946.52,-12.1205
GV-03226,1285.65,1262.69,-949.59,-12.0276
GV-03227,1344.62,1258.29,-954.44,-12.0714
GV-03228,1377.49,1262.2,-948.52,-12.1897
GV-03229,1421.06,1286.45,-948.93,-11.9128
GV-03230,1488.25,1281.97,-952.43,-12.102
GV-03231,1509.19,1291.23,-948.01,-12.0279
GV-03232,1563.23,1273.23,-952.04,-12.115
GV-03233,1641.98,1258.44,-997.39,-11.9662
GV-03234,1679.59,1262.34,-1002.82,-12.1148
GV-03235,1732.37,1273.52,-997.68,-11.9579
GV-03236,1777.35,1259.51,-996.6,-12.0688
GV-03237,1819.31,1263.49,-997.29,-11.8389
GV-03238,1887.07,1267.15,-1048.37,-11.8295
GV-03239,1943.52,1267.37,-1047.46,-11.8208
GV-03240,1955.42,1274.99,-1046.16,-11.8078
GV-03241,2009.5,1279.82,-1053.45,-11.7951
GV-03242,2059.37,1260.97,-1100.26,-11.7821
GV-03243,2137.12,1257.4,-1097.51,-11.8297
GV-03244,2176.35,1293.36,-1104.19,-11.6929
GV-03245,2242.99,1279.37,-1146.1,-11.6514
GV-03246,2263.99,1255.5,-1145.65,-11.6302
GV-03247,2318.51,1287.32,-1149.54,-11.6365
GV-03248,2362.86,1266.28,-1198.31,-11.5421
GV-03249,2419.15,1255.76,-1196.1,-11.4912
GV-03250,2482.24,1258.69,-1202.71,-11.4148
GV-03251,2543.59,1256.16,-1198.98,-11.4774
GV-03252,2571.48,1267.4,-1253.59,-11.3443
GV-03253,2643.64,1275.92,-1246.57,-11.4604
GV-03254,2674.74,1286.71,-1245.71,-11.4609
GV-03255,2716.12,1287.27,-1252.22,-11.3016
GV-03256,2778.12,1255.89,-1247.25,-11.3377
GV-03257,2820.02,1268.21,-1298.57,-11.2485
GV-03258,2858.65,1263.07,-1298.47,-11.2337
GV-03259,2929.77,1288.43,-1303.05,-11.0989
GV-03260,2959.87,1258.26,-1303.12,-11.0956
GV-03261,3033.4,1269.54,-1299.26,-11.1448
GV-03262,3083.64,1265.31,-1304.47,-11.1773
GV-03263,3106.76,1273.22,-1300.19,-11.1261
GV-03264,3193.74,1291.63,-1300.84,-11.2056
GV-03265,3231.84,1274.01,-1302.41,-11.2141
GV-03266,3285.2,1288.44,-1304.78,-11.0421
GV-03267,3343.53,1268.45,-1296.13,-11.0327
GV-03268,3379.15,1276.54,-1301.68,-10.8905
GV-03269,3411.88,1282.51,-1248.13,-10.9263
GV-03270,3489.02,1271.91,-1203.77,-10.9255
GV-03271,3531.31,1288.0,-1148.26,-11.0057
GV-03272,3560.5,1292.25,-1103.86,-11.0387
GV-03273,3615.65,1272.63,-1049.02,-10.8096
GV-03274,3655.82,1260.77,-999.81,-10.9905
GV-03275,3712.43,1277.49,-948.41,-10.9797
GV-03276,3775.3,1290.14,-904.71,-10.7903
GV-03277,3822.08,1281.75,-846.45,-10.8567
GV-03278,3892.74,1262.59,-851.8,-10.7412
GV-03279,3907.66,1262.86,-797.87,-10.8641
GV-03280,3979.79,1293.64,-799.74,-10.7815
GV-03281,4039.06,1280.97,-801.71,-10.7502
GV-03282,4082.18,1265.28,-796.59,-10.7116
GV-03283,4138.51,1283.93,-801.13,-10.5803
GV-03284,4185.39,1263.19,-797.41,-10.6694
GV-03285,4213.6,1289.64,-795.2,-10.4566
GV-03286,4288.42,1257.74,-848.76,-10.6114
GV-03287,4336.54,1278.0,-854.54,-10.384
GV-03288,4360.89,1266.81,-903.79,-10.3522
GV-03289,4442.22,1269.74,-951.66,-10.3671
GV-03290,4491.94,1255.11,-951.41,-10.294
GV-03291,4525.91,1258.96,-1003.19,-10.3287
GV-03292,4580.26,1256.76,-1047.96,-10.1907
GV-03293,4605.01,1264.82,-1051.72,-10.1591
GV-03294,4688.16,1294.95,-1104.24,-9.9703
GV-03295,4733.9,1279.72,-1154.87,-9.9426
GV-03296,4789.67,1265.15,-1196.42,-9.7767
GV-03297,4807.23,1277.68,-1247.91,-9.9155
GV-03298,4860.8,1294.79,-1301.86,-9.7022
GV-03299,4913.05,1276.49,-1302.7,-9.6761
GV-03300,4984.42,1292.77,-1345.56,-9.6851
GV-03301,5021.16,1280.99,-1399.25,-9.5835
GV-03302,5092.34,1261.39,-1403.7,-9.5116
GV-03303,5118.64,1291.9,-1346.32,-9.4308
GV-03304,5166.9,1269.53,-1351.17,-9.2737
GV-03305,5232.09,1264.35,-1351.69,-9.1845
GV-03306,5258.84,1289.85,-1353.34,-9.2732
GV-03307,5344.45,1288.23,-1295.76,-8.963
GV-03308,5381.54,1275.84,-1297.39,-8.7774
GV-03309,5438.49,1262.69,-1298.95,-9.0151
GV-03310,5470.6,1255.96,-1254.42,-8.6491
GV-03311,5541.49,1286.57,-1252.71,-8.4375
GV-03312,5569.27,1262.75,-1253.86,-8.4353
GV-03313,5620.74,1257.42,-1199.61,-8.5072
GV-03314,5688.39,1276.75,-1204.6,-8.1381
GV-03315,5720.66,1274.49,-1152.1,-7.9944
GV-03316,5783.12,1266.89,-1152.8,-7.9628
GV-03317,5814.78,1258.77,-1153.07,-7.9168
GV-03318,5876.27,1274.18,-1098.52,-7.6248
GV-03319,5914.25,1284.02,-1103.58,-7.5553
GV-03320,5958.4,1280.15,-1104.77,-7.1479
GV-03321,6032.65,1287.04,-1095.9,-7.229
GV-03322,6056.84,1292.96,-1051.15,-6.9463
GV-03323,6131.51,1284.96,-1047.41,-6.9159
GV-03324,6188.11,1261.85,-1053.19,-6.586
GV-03325,6226.57,1269.9,-1051.21,-6.5447
GV-03326,6263.14,1266.33,-1049.72,-6.4051
GV-03327,6307.71,1278.69,-1049.36,-6.135
GV-03328,6356.96,1268.25,-1051.0,-5.9746
GV-03329,19.69,1327.53,-946.68,-10.0491
GV-03330,90.28,1344.68,-954.55,-10.112
GV-03331,116.42,1320.82,-1001.93,-10.3881
GV-03332,177.46,1325.81,-1000.6,-10.1458
GV-03333,230.97,1337.96,-999.7,-10.6984
GV-03334,294.39,1314.63,-1004.88,-10.7959
GV-03335,305.3,1342.93,-1001.65,-10.8987
GV-03336,380.31,1332.51,-996.74,-10.867
GV-03337,435.1,1343.66,-947.8,-11.1025
GV-03338,486.4,1310.61,-954.19,-11.1703
GV-03339,517.65,1333.69,-950.71,-11.4511
GV-03340,567.17,1326.07,-946.1,-11.4128
GV-03341,621.64,1343.31,-953.83,-11.4892
GV-03342,675.79,1310.66,-954.05,-11.6939
GV-03343,707.27,1338.93,-947.95,-11.617
GV-03344,769.16,1313.17,-946.2,-11.8085
GV-03345,812.61,1344.15,-954.62,-11.712
GV-03346,878.94,1316.96,-950.37,-11.9333
GV-03347,944.18,1327.06,-947.78,-12.1137
GV-03348,964.6,1323.27,-953.93,-11.9689
GV-03349,1015.94,1338.68,-953.4,-12.2293
GV-03350,1085.23,1305.33,-953.99,-12.1458
GV-03351,1124.78,1337.61,-950.54,-12.1991
GV-03352,1164.62,1318.83,-947.94,-12.1011
GV-03353,1227.24,1332.81,-945.05,-12.2621
GV-03354,1255.15,1312.55,-950.58,-12.21
GV-03355,1320.01,1328.73,-953.51,-12.2586
GV-03356,1358.72,1325.86,-945.8,-12.1575
GV-03357,1429.39,1331.48,-952.06,-12.1142
GV-03358,1494.66,1319.29,-950.7,-12.1603
GV-03359,1527.07,1319.12,-946.77,-12.1271
GV-03360,1582.68,1335.03,-947.52,-12.2425
GV-03361,1635.77,1311.3,-998.98,-12.1443
GV-03362,1681.77,1318.98,-996.68,-12.2124
GV-03363,1733.69,1319.68,-995.59,-12.0991
GV-03364,1765.86,1308.74,-995.13,-12.052
GV-03365,1806.14,1331.14,-1051.6,-11.9716
GV-03366,1885.29,1334.09,-1053.43,-11.8062
GV-03367,1942.64,1343.18,-1047.39,-11.9322
GV-03368,1958.39,1307.29,-1049.99,-12.011
GV-03369,2033.63,1339.77,-1100.41,-11.7535
GV-03370,2081.42,1332.73,-1104.8,-11.8426
GV-03371,2109.71,1337.21,-1103.71,-11.878
GV-03372,2173.15,1311.11,-1151.11,-11.6275
GV-03373,2226.11,1318.94,-1152.53,-11.779
GV-03374,2286.86,1305.5,-1147.68,-11.8828
GV-03375,2306.46,1333.38,-1153.44,-11.647
GV-03376,2374.02,1306.28,-1201.18,-11.523
GV-03377,2430.32,1326.56,-1201.38,-11.5778
GV-03378,2459.18,1312.57,-1195.75,-11.3019
GV-03379,2505.41,1320.27,-1248.16,-11.464
GV-03380,2591.6,1318.79,-1248.34,-11.347
GV-03381,2618.88,1344.93,-1245.15,-11.4689
GV-03382,2694.16,1311.44,-1251.07,-11.4508
GV-03383,2709.34,1335.54,-1254.64,-11.4483
GV-03384,2789.96,1308.3,-1302.08,-11.3756
GV-03385,2825.39,1324.57,-1297.35,-11.3702
GV-03386,2879.96,1309.63,-1304.61,-11.1117
GV-03387,2940.54,1322.69,-1299.16,-11.2313
GV-03388,2974.08,1325.35,-1298.49,-11.2585
GV-03389,3021.83,1344.08,-1302.54,-11.2511
GV-03390,3058.81,1311.49,-1301.94,-11.1982
GV-03391,3134.21,1318.68,-1295.77,-11.0344
GV-03392,3156.84,1332.15,-1295.48,-11.0927
GV-03393,3216.96,1321.13,-1296.62,-11.3039
GV-03394,3259.28,1315.88,-1302.46,-11.2502
GV-03395,3332.99,1337.9,-1301.07,-10.9902
GV-03396,3358.96,1310.33,-1248.69,-11.1746
GV-03397,3433.95,1333.82,-1201.38,-11.1888
GV-03398,3483.24,1338.88,-1152.7,-11.0118
GV-03399,3511.32,1317.06,-1103.23,-11.0863
GV-03400,3556.17,1325.08,-1049.88,-11.0763
GV-03401,3605.74,1338.88,-1002.56,-10.8974
GV-03402,3655.82,1343.39,-951.87,-10.9735
GV-03403,3725.62,1317.29,-897.62,-10.8502
GV-03404,3762.26,1330.71,-845.9,-10.9988
GV-03405,3810.98,1306.99,-804.89,-11.2276
GV-03406,3883.58,1341.19,-795.74,-10.8922
GV-03407,3905.73,1327.08,-801.49,-10.8596
GV-03408,3967.69,1323.65,-804.81,-10.8575
GV-03409,4036.94,1329.4,-795.56,-10.8555
GV-03410,4093.89,1311.26,-802.8,-10.6789
GV-03411,4120.53,1326.81,-799.14,-10.7549
GV-03412,4173.35,1310.05,-846.95,-10.8647
GV-03413,4221.43,1317.56,-852.86,-10.616
GV-03414,4293.82,1343.01,-847.13,-10.6888
GV-03415,4322.11,1337.68,-903.4,-10.5007
GV-03416,4355.94,1329.53,-948.27,-10.6233
GV-03417,4439.66,1322.8,-946.73,-10.4682
GV-03418,4487.12,1318.68,-996.18,-10.4117
GV-03419,4510.13,1310.22,-1047.04,-10.2868
GV-03420,4591.65,1335.4,-1099.17,-10.1943
GV-03421,4610.09,1327.01,-1104.37,-10.1218
GV-03422,4684.66,1322.84,-1149.29,-10.3518
GV-03423,4736.18,1338.73,-1201.46,-10.2396
GV-03424,4782.88,1340.16,-1246.55,-10.0597
GV-03425,4831.98,1317.41,-1302.04,-10.05
GV-03426,4868.74,1323.3,-1349.68,-9.7625
GV-03427,4936.1,1344.19,-1395.29,-9.8617
GV-03428,4967.78,1318.45,-1402.92,-9.7613
GV-03429,5028.8,1341.64,-1402.64,-9.643
GV-03430,5082.6,1340.32,-1352.81,-9.6239
GV-03431,5128.86,1341.53,-1349.08,-9.5474
GV-03432,5185.42,1333.73,-1353.55,-9.615
GV-03433,5230.61,1338.83,-1353.11,-9.2089
GV-03434,5287.73,1320.93,-1353.99,-9.2682
GV-03435,5321.83,1311.57,-1296.83,-9.0675
GV-03436,5362.39,1334.41,-1303.88,-9.1279
GV-03437,5413.24,1322.6,-1297.85,-8.8486
GV-03438,5472.49,1337.15,-1246.67,-8.9485
GV-03439,5540.79,1332.1,-1246.25,-8.742
GV-03440,5562.42,1336.64,-1200.74,-8.6787
GV-03441,5628.48,1318.68,-1204.65,-8.4463
GV-03442,5658.87,1330.27,-1204.66,-8.3737
GV-03443,5706.18,1306.93,-1153.22,-8.235
GV-03444,5761.75,1336.76,-1147.36,-7.987
GV-03445,5830.04,1318.8,-1101.38,-7.9357
GV-03446,5882.64,1315.9,-1097.8,-7.8161
GV-03447,5935.96,1340.97,-1103.69,-7.531
GV-03448,5972.18,1326.87,-1104.37,-7.4908
GV-03449,6013.53,1308.57,-1054.73,-7.3369
GV-03450,6085.39,1305.42,-1049.53,-7.2102
GV-03451,6124.83,1316.9,-1054.86,-7.0241
GV-03452,6160.2,1343.61,-1052.52,-6.6083
GV-03453,6229.45,1337.5,-1053.03,-6.6073
GV-03454,6293.63,1318.66,-1052.92,-6.4314
GV-03455,6307.61,1307.28,-1051.05,-6.1708
GV-03456,6370.8,1325.34,-1050.2,-6.0945
GV-03457,38.39,1376.69,-948.64,-10.1284
GV-03458,89.09,1356.99,-1004.72,-10.1267
GV-03459,105.75,1392.86,-1001.46,-10.3162
GV-03460,178.98,1371.82,-1003.95,-10.4427
GV-03461,211.36,1357.58,-1001.07,-10.5976
GV-03462,258.43,1371.0,-995.33,-10.7885
GV-03463,333.65,1368.01,-1002.22,-10.9134
GV-03464,366.83,1359.51,-997.18,-10.932
GV-03465,419.23,1375.84,-996.02,-11.184
GV-03466,468.81,1386.67,-951.83,-11.4331
GV-03467,530.77,1389.31,-954.6,-11.4522
GV-03468,557.46,1356.12,-949.63,-11.4879
GV-03469,630.8,1356.64,-950.45,-11.583
GV-03470,684.06,1375.91,-952.4,-11.7258
GV-03471,728.6,1385.36,-947.75,-11.8419
GV-03472,757.75,1358.04,-954.79,-11.7064
GV-03473,835.3,1385.67,-950.14,-11.7745
GV-03474,862.57,1394.0,-953.19,-11.9106
GV-03475,938.4,1364.1,-954.07,-12.022
GV-03476,959.36,1369.4,-953.51,-11.9669
GV-03477,1018.09,1384.36,-947.04,-12.1792
GV-03478,1084.09,1385.1,-953.37,-12.0781
GV-03479,1121.02,1391.64,-952.73,-12.2343
GV-03480,1176.37,1358.77,-954.78,-12.2631
GV-03481,1222.42,1357.8,-949.06,-12.2263
GV-03482,1284.02,1386.81,-945.35,-12.3385
GV-03483,1313.26,1370.83,-954.85,-12.144
GV-03484,1379.2,1362.75,-945.53,-12.1976
GV-03485,1441.14,1370.11,-954.74,-12.3613
GV-03486,1462.13,1387.47,-948.4,-12.2606
GV-03487,1538.88,1388.34,-951.52,-12.3102
GV-03488,1591.55,1389.7,-1001.56,-12.2616
GV-03489,1614.81,1394.65,-1004.66,-12.0514
GV-03490,1681.4,1367.18,-999.24,-12.1298
GV-03491,1718.42,1372.27,-998.39,-12.0609
GV-03492,1780.49,1361.39,-1054.51,-12.012
GV-03493,1838.18,1368.26,-1051.47,-11.9563
GV-03494,1872.78,1372.95,-1051.46,-12.0427
GV-03495,1939.01,1366.56,-1054.07,-11.8863
GV-03496,1972.3,1366.08,-1095.6,-11.9753
GV-03497,2044.28,1356.81,-1100.88,-11.9697
GV-03498,2079.5,1366.95,-1095.88,-11.8586
GV-03499,2131.62,1384.52,-1147.09,-12.0448
GV-03500,2188.78,1378.79,-1146.76,-11.8471
GV-03501,2243.4,1366.51,-1153.62,-11.8762
GV-03502,2283.23,1383.42,-1149.39,-11.6615
GV-03503,2330.1,1368.1,-1198.92,-11.7782
GV-03504,2370.89,1359.19,-1204.34,-11.7456
GV-03505,2427.84,1355.66,-1198.05,-11.6373
GV-03506,2471.41,1364.86,-1247.83,-11.6196
GV-03507,2525.71,1372.35,-1251.78,-11.6203
GV-03508,2557.35,1368.99,-1250.59,-11.8075
GV-03509,2632.66,1392.17,-1245.42,-11.6501
GV-03510,2662.41,1356.14,-1248.68,-11.7876
GV-03511,2722.1,1381.04,-1301.06,-11.6291
GV-03512,2792.49,1385.81,-1300.52,-11.5162
GV-03513,2824.89,1370.59,-1299.06,-11.4855
GV-03514,2868.63,1394.05,-1302.72,-11.4633
GV-03515,2920.57,1369.26,-1295.7,-11.2728
GV-03516,2993.97,1377.46,-1298.58,-11.4675
GV-03517,3010.1,1388.27,-1296.74,-11.3343
GV-03518,3067.81,1391.7,-1295.15,-11.4014
GV-03519,3111.53,1385.92,-1300.52,-11.3884
GV-03520,3163.19,1366.13,-1295.8,-11.1353
GV-03521,3206.71,1380.87,-1302.98,-11.1526
GV-03522,3272.88,1377.35,-1296.22,-11.2082
GV-03523,3316.74,1374.08,-1251.75,-11.2121
GV-03524,3383.19,1369.92,-1195.88,-11.242
GV-03525,3408.72,1361.18,-1153.31,-11.2854
GV-03526,3470.36,1358.95,-1097.03,-10.9836
GV-03527,3544.87,1393.78,-1046.09,-11.1532
GV-03528,3591.54,1364.48,-953.04,-11.0938
GV-03529,3627.85,1374.5,-948.38,-11.0639
GV-03530,3691.22,1370.73,-897.75,-11.1183
GV-03531,3726.82,1375.77,-847.55,-11.0984
GV-03532,3773.0,1366.76,-802.33,-11.1567
GV-03533,3833.65,1393.53,-804.92,-11.0317
GV-03534,3859.47,1381.3,-799.9,-10.9396
GV-03535,3942.7,1360.67,-804.34,-10.9579
GV-03536,3956.98,1361.18,-797.53,-11.0195
GV-03537,4039.55,1388.78,-797.25,-11.0394
GV-03538,4055.57,1379.72,-795.09,-10.9413
GV-03539,4139.78,1362.99,-848.78,-10.7175
GV-03540,4157.71,1363.59,-854.6,-10.7572
GV-03541,4244.56,1392.16,-903.87,-10.8109
GV-03542,4284.66,1359.22,-899.3,-10.7152
GV-03543,4311.29,1360.88,-945.86,-10.7507
GV-03544,4355.34,1359.8,-997.63,-10.6489
GV-03545,4412.57,1391.56,-1000.38,-10.5145
GV-03546,4465.06,1369.36,-1048.1,-10.5941
GV-03547,4510.49,1394.93,-1098.18,-10.2892
GV-03548,4588.62,1375.95,-1146.96,-10.3258
GV-03549,4630.48,1367.42,-1196.41,-10.2869
GV-03550,4671.25,1394.49,-1200.66,-10.3167
GV-03551,4737.32,1385.86,-1253.45,-10.2492
GV-03552,4765.06,1369.62,-1301.49,-10.2476
GV-03553,4821.65,1364.79,-1352.86,-10.0171
GV-03554,4890.72,1375.62,-1400.65,-9.9115
GV-03555,4944.75,1368.24,-1397.96,-9.9915
GV-03556,4960.22,1383.66,-1398.84,-9.8859
GV-03557,5009.23,1391.76,-1404.75,-9.7819
GV-03558,5090.07,1383.87,-1350.68,-9.7627
GV-03559,5135.19,1390.56,-1353.64,-9.6844
GV-03560,5180.67,1381.82,-1348.39,-9.4982
GV-03561,5236.97,1384.91,-1348.21,-9.4972
GV-03562,5283.49,1368.03,-1302.49,-9.1335
GV-03563,5306.09,1375.35,-1295.25,-9.1344
GV-03564,5360.81,1372.64,-1304.51,-9.1754
GV-03565,5423.28,1358.88,-1251.18,-9.107
GV-03566,5466.29,1357.6,-1250.37,-8.8969
GV-03567,5535.88,1392.8,-1198.87,-8.8794
GV-03568,5565.99,1361.43,-1195.12,-8.6467
GV-03569,5619.04,1390.31,-1201.49,-8.4862
GV-03570,5692.14,1370.28,-1150.92,-8.4253
GV-03571,5725.67,1370.91,-1145.51,-8.3208
GV-03572,5777.11,1379.87,-1095.97,-8.2366
GV-03573,5825.92,1387.01,-1102.09,-7.987
GV-03574,5879.83,1370.52,-1097.1,-7.928
GV-03575,5906.51,1355.22,-1102.63,-7.8167
GV-03576,5957.39,1366.83,-1049.77,-7.6226
GV-03577,6025.29,1390.04,-1048.15,-7.3104
GV-03578,6080.6,1375.04,-1050.19,-7.3095
GV-03579,6113.62,1393.0,-1053.93,-7.1564
GV-03580,6171.94,1368.92,-1050.47,-6.7617
GV-03581,6243.76,1361.96,-1047.12,-6.474
GV-03582,6293.63,1368.72,-1045.76,-6.4329
GV-03583,6332.11,1386.76,-1048.78,-6.3131
GV-03584,6363.29,1369.18,-1049.31,-6.0761
GV-03585,9.93,1418.46,-1003.86,-10.0764
GV-03586,64.86,1414.27,-996.37,-10.1864
GV-03587,137.64,1420.84,-998.24,-10.3193
GV-03588,185.34,1405.05,-1001.16,-10.4444
GV-03589,223.42,1416.31,-1004.14,-10.4928
GV-03590,294.93,1431.99,-995.19,-10.8618
GV-03591,328.36,1421.71,-995.85,-10.9308
GV-03592,362.16,1419.98,-997.04,-11.0486
GV-03593,411.08,1419.41,-998.92,-11.2292
GV-03594,482.2,1430.12,-995.1,-11.2784
GV-03595,525.12,1444.33,-947.44,-11.4174
GV-03596,562.75,1444.3,-954.47,-11.5164
GV-03597,608.62,1413.69,-950.66,-11.5834
GV-03598,688.35,1428.48,-954.59,-11.7487
GV-03599,730.25,1409.37,-954.93,-11.7956
GV-03600,782.81,1444.62,-946.66,-11.8162
GV-03601,836.44,1421.59,-946.41,-11.9484
GV-03602,869.29,1410.66,-945.98,-11.9552
GV-03603,914.97,1421.37,-951.29,-12.0801
GV-03604,993.25,1436.27,-954.67,-12.0162
GV-03605,1009.47,1434.03,-952.32,-12.2291
GV-03606,1077.63,1441.97,-954.25,-12.1264
GV-03607,1126.65,1439.54,-949.23,-12.2795
GV-03608,1178.27,1413.41,-945.26,-12.2073
GV-03609,1225.81,1414.55,-950.78,-12.1713
GV-03610,1275.68,1444.75,-950.73,-12.3564
GV-03611,1336.49,1444.89,-947.88,-12.2976
GV-03612,1363.45,1425.84,-951.87,-12.4275
GV-03613,1432.48,1428.13,-953.65,-12.3922
GV-03614,1481.76,1427.03,-945.17,-12.254
GV-03615,1524.01,1420.76,-1001.31,-12.4103
GV-03616,1559.44,1410.07,-1002.6,-12.0429
GV-03617,1618.04,1414.71,-998.58,-12.272
GV-03618,1683.44,1414.17,-1003.25,-12.1868
GV-03619,1731.25,1412.21,-995.59,-12.2588
GV-03620,1762.8,1421.59,-1054.43,-12.1824
GV-03621,1829.61,1423.96,-1052.43,-12.2363
GV-03622,1887.98,1442.25,-1047.3,-12.2929
GV-03623,1911.83,1412.64,-1103.73,-12.0472
GV-03624,1966.32,1431.89,-1100.54,-12.1913
GV-03625,2025.71,1427.65,-1099.61,-11.8831
GV-03626,2081.22,1422.55,-1095.94,-11.9879
GV-03627,2121.29,1422.73,-1154.95,-11.872
GV-03628,2185.47,1433.04,-1149.75,-11.8743
GV-03629,2216.89,1439.07,-1152.44,-11.8637
GV-03630,2282.88,1417.45,-1197.26,-11.788
GV-03631,2329.72,1431.39,-1198.95,-11.7789
GV-03632,2357.47,1442.61,-1200.79,-11.9614
GV-03633,2427.97,1420.54,-1249.14,-11.7411
GV-03634,2480.45,1413.6,-1249.21,-11.7437
GV-03635,2516.94,1435.76,-1253.78,-11.8123
GV-03636,2591.17,1416.71,-1247.62,-11.7039
GV-03637,2629.4,1431.52,-1253.76,-11.5694
GV-03638,2693.74,1419.6,-1301.15,-11.6218
GV-03639,2734.18,1413.34,-1297.63,-11.6601
GV-03640,2778.55,1423.51,-1301.0,-11.6148
GV-03641,2823.31,1416.58,-1302.59,-11.6144
GV-03642,2882.18,1442.09,-1298.24,-11.5415
GV-03643,2913.48,1416.71,-1297.5,-11.654
GV-03644,2957.88,1412.09,-1296.77,-11.4275
GV-03645,3037.67,1440.2,-1299.8,-11.5199
GV-03646,3092.21,1443.46,-1298.99,-11.5047
GV-03647,3124.89,1421.27,-1303.16,-11.4263
GV-03648,3189.42,1408.52,-1304.99,-11.4238
GV-03649,3227.52,1439.74,-1295.32,-11.3578
GV-03650,3294.15,1423.32,-1248.48,-11.214
GV-03651,3308.68,1410.37,-1195.68,-11.4336
GV-03652,3366.62,1444.43,-1146.41,-11.1945
GV-03653,3408.38,1441.9,-1100.05,-11.193
GV-03654,3462.18,1421.3,-999.0,-11.2407
GV-03655,3531.69,1420.81,-945.38,-11.2676
GV-03656,3583.45,1409.49,-904.45,-11.2244
GV-03657,3606.28,1408.6,-851.27,-11.1897
GV-03658,3691.64,1410.5,-848.24,-11.3669
GV-03659,3730.32,1406.99,-801.4,-10.9664
GV-03660,3781.42,1430.79,-800.93,-11.0778
GV-03661,3824.88,1435.7,-801.1,-10.8696
GV-03662,3867.01,1436.56,-805.0,-11.2446
GV-03663,3927.57,1431.0,-800.45,-11.1867
GV-03664,3965.26,1444.85,-800.26,-11.011
GV-03665,4018.44,1417.84,-801.88,-11.0452
GV-03666,4078.19,1405.35,-852.36,-10.9557
GV-03667,4132.66,1415.24,-851.18,-10.8725
GV-03668,4161.56,1408.35,-897.34,-10.8302
GV-03669,4244.4,1414.16,-899.34,-10.9809
GV-03670,4260.03,1421.57,-950.45,-10.83
GV-03671,4341.57,1438.52,-1002.47,-10.6376
GV-03672,4378.02,1438.64,-1049.2,-10.4365
GV-03673,4419.61,1419.28,-1047.61,-10.5417
GV-03674,4494.68,1415.24,-1104.95,-10.3812
GV-03675,4509.31,1432.05,-1148.74,-10.4816
GV-03676,4567.09,1437.6,-1196.89,-10.4664
GV-03677,4613.45,1432.28,-1252.16,-10.3974
GV-03678,4684.64,1405.92,-1297.93,-10.1413
GV-03679,4707.07,1414.63,-1297.94,-10.2975
GV-03680,4763.34,1426.88,-1354.89,-10.0289
GV-03681,4830.59,1442.21,-1404.23,-10.1999
GV-03682,4865.16,1408.72,-1403.78,-9.9932
GV-03683,4935.48,1418.55,-1395.98,-9.9681
GV-03684,4962.65,1407.41,-1400.94,-9.8151
GV-03685,5028.12,1435.27,-1352.65,-9.8818
GV-03686,5055.32,1419.76,-1351.3,-9.8051
GV-03687,5116.9,1433.82,-1352.57,-9.7134
GV-03688,5174.2,1431.35,-1347.86,-9.6177
GV-03689,5231.98,1416.11,-1299.6,-9.4983
GV-03690,5269.01,1426.14,-1304.73,-9.2105
GV-03691,5313.14,1430.33,-1300.42,-9.1729
GV-03692,5382.59,1410.79,-1252.73,-9.1772
GV-03693,5405.63,1434.16,-1247.73,-9.1645
GV-03694,5475.35,1423.04,-1252.15,-8.9686
GV-03695,5509.55,1431.33,-1204.22,-8.9368
GV-03696,5594.59,1413.0,-1198.83,-8.7851
GV-03697,5608.97,1413.39,-1145.72,-8.7332
GV-03698,5659.07,1441.31,-1148.05,-8.6274
GV-03699,5710.47,1437.52,-1145.09,-8.4114
GV-03700,5762.33,1417.18,-1099.46,-8.0979
GV-03701,5814.54,1443.25,-1104.13,-8.158
GV-03702,5866.57,1432.3,-1100.49,-7.9977
GV-03703,5916.46,1421.21,-1053.69,-7.8061
GV-03704,5973.37,1430.38,-1052.35,-7.6801
GV-03705,6033.5,1418.65,-1049.87,-7.4525
GV-03706,6085.6,1409.25,-1052.06,-7.2765
GV-03707,6138.93,1421.48,-1050.9,-7.0202
GV-03708,6191.59,1438.32,-1052.6,-6.9265
GV-03709,6212.48,1424.62,-1052.52,-6.6563
GV-03710,6290.78,1425.87,-1051.64,-6.686
GV-03711,6329.89,1414.93,-1050.27,-6.5082
GV-03712,6358.78,1411.89,-1045.0,-6.1313
GV-03713,40.91,1481.14,-998.28,-10.0987
GV-03714,82.54,1493.94,-995.64,-10.2743
GV-03715,114.93,1477.3,-996.59,-10.4404
GV-03716,170.33,1457.3,-1002.7,-10.5815
GV-03717,210.16,1460.93,-998.26,-10.7988
GV-03718,268.54,1484.11,-995.67,-11.109
GV-03719,314.32,1475.95,-1000.55,-10.9244
GV-03720,376.49,1463.61,-999.64,-11.2295
GV-03721,407.1,1482.94,-998.26,-11.3318
GV-03722,456.39,1458.4,-1002.94,-11.4156
GV-03723,511.33,1478.36,-947.36,-11.5549
GV-03724,563.47,1483.27,-949.86,-11.51
GV-03725,624.38,1480.0,-947.33,-11.7879
GV-03726,690.65,1477.66,-948.78,-11.8007
GV-03727,717.51,1467.22,-947.57,-11.8112
GV-03728,793.31,1467.14,-950.32,-11.8912
GV-03729,805.05,1483.7,-954.85,-11.934
GV-03730,889.49,1462.48,-949.85,-12.1557
GV-03731,936.94,1477.93,-952.81,-12.035
GV-03732,988.27,1475.27,-951.02,-12.2335
GV-03733,1032.76,1475.98,-950.26,-12.1807
GV-03734,1062.11,1468.2,-948.47,-12.0895
GV-03735,1122.77,1455.49,-949.69,-12.1947
GV-03736,1190.17,1478.44,-950.32,-12.286
GV-03737,1235.68,1486.74,-953.44,-12.2357
GV-03738,1270.06,1470.59,-954.3,-12.2316
GV-03739,1332.36,1463.13,-950.76,-12.3084
GV-03740,1393.54,1471.01,-954.16,-12.3623
GV-03741,1428.02,1473.68,-953.74,-12.3695
GV-03742,1490.86,1485.55,-996.28,-12.4403
GV-03743,1535.71,1478.7,-1000.01,-12.4407
GV-03744,1580.75,1487.57,-1000.18,-12.3157
GV-03745,1627.34,1489.39,-1002.91,-12.3433
GV-03746,1658.02,1487.73,-1000.17,-12.2947
GV-03747,1729.27,1470.82,-1051.96,-12.1496
GV-03748,1785.43,1483.1,-1049.45,-12.1905
GV-03749,1812.84,1486.55,-1053.51,-12.2645
GV-03750,1860.72,1474.06,-1102.18,-12.3707
GV-03751,1939.09,1460.81,-1097.86,-12.1272
GV-03752,1973.97,1489.12,-1099.44,-12.1628
GV-03753,2014.64,1485.34,-1097.3,-12.0681
GV-03754,2066.98,1463.39,-1148.75,-12.1162
GV-03755,2121.44,1492.73,-1146.71,-11.9625
GV-03756,2163.63,1470.52,-1154.32,-11.9727
GV-03757,2229.3,1478.94,-1198.58,-12.0656
GV-03758,2263.23,1475.34,-1203.24,-12.0461
GV-03759,2318.27,1464.46,-1200.05,-12.0788
GV-03760,2375.95,1464.43,-1254.26,-11.938
GV-03761,2421.19,1476.69,-1253.41,-11.833
GV-03762,2462.4,1456.55,-1250.28,-11.7833
GV-03763,2519.78,1471.57,-1253.27,-11.6768
GV-03764,2579.42,1455.6,-1250.95,-11.8472
GV-03765,2616.94,1492.19,-1304.91,-11.5943
GV-03766,2660.0,1462.29,-1304.42,-11.6583
GV-03767,2736.59,1464.65,-1295.58,-11.7144
GV-03768,2780.25,1487.98,-1295.81,-11.8082
GV-03769,2832.01,1455.06,-1300.59,-11.622
GV-03770,2870.67,1462.28,-1301.29,-11.7168
GV-03771,2930.77,1484.95,-1297.78,-11.5764
GV-03772,2974.86,1486.06,-1296.11,-11.7033
GV-03773,3015.75,1472.95,-1304.14,-11.6921
GV-03774,3067.27,1492.66,-1302.81,-11.5557
GV-03775,3127.08,1481.2,-1296.82,-11.52
GV-03776,3172.08,1494.21,-1297.93,-11.4926
GV-03777,3243.18,1470.13,-1249.89,-11.2719
GV-03778,3288.51,1486.6,-1197.06,-11.6204
GV-03779,3343.61,1482.36,-1098.86,-11.5649
GV-03780,3369.47,1458.03,-1051.39,-11.3659
GV-03781,3430.02,1489.32,-995.98,-11.3284
GV-03782,3459.84,1480.46,-950.59,-11.5341
GV-03783,3519.7,1485.94,-899.59,-11.4117
GV-03784,3562.02,1468.2,-850.26,-11.4352
GV-03785,3615.06,1468.17,-845.14,-11.1467
GV-03786,3656.36,1492.2,-799.5,-11.2226
GV-03787,3738.61,1460.27,-804.11,-11.1577
GV-03788,3783.01,1485.93,-798.64,-11.1874
GV-03789,3843.94,1470.92,-797.94,-11.2164
GV-03790,3881.88,1464.72,-804.38,-11.136
GV-03791,3926.03,1458.84,-801.93,-11.1292
GV-03792,3993.74,1487.67,-795.26,-11.0829
GV-03793,4041.77,1481.35,-851.71,-11.2287
GV-03794,4065.09,1491.45,-854.06,-11.0491
GV-03795,4122.62,1475.41,-898.32,-11.1227
GV-03796,4169.42,1482.9,-949.58,-10.8059
GV-03797,4227.73,1485.6,-949.11,-10.8846
GV-03798,4279.52,1469.99,-995.04,-10.9634
GV-03799,4311.23,1487.44,-1052.73,-10.6963
GV-03800,4383.65,1474.88,-1098.07,-10.8347
GV-03801,4437.32,1486.33,-1098.87,-10.7265
GV-03802,4460.7,1487.66,-1145.4,-10.7409
GV-03803,4511.43,1475.02,-1202.69,-10.5721
GV-03804,4568.04,1489.14,-1247.29,-10.3719
GV-03805,4627.3,1486.16,-1301.54,-10.6152
GV-03806,4656.09,1465.57,-1353.47,-10.2348
GV-03807,4728.13,1490.52,-1400.12,-10.3138
GV-03808,4757.83,1460.18,-1395.73,-10.3705
GV-03809,4829.84,1458.6,-1396.26,-10.1742
GV-03810,4872.92,1491.72,-1395.1,-9.9942
GV-03811,4924.01,1459.89,-1398.32,-10.0305
GV-03812,4979.13,1473.76,-1395.83,-9.9104
GV-03813,5040.78,1484.19,-1346.64,-9.9324
GV-03814,5088.52,1492.1,-1350.4,-9.8881
GV-03815,5127.28,1486.6,-1350.86,-9.8698
GV-03816,5181.77,1484.35,-1348.12,-9.7053
GV-03817,5243.26,1494.46,-1303.01,-9.7096
GV-03818,5289.45,1473.2,-1296.65,-9.5107
GV-03819,5339.17,1459.09,-1248.37,-9.4904
GV-03820,5355.66,1459.05,-1248.7,-9.3075
GV-03821,5438.19,1471.48,-1248.31,-9.1446
GV-03822,5484.7,1460.41,-1201.91,-9.0743
GV-03823,5510.04,1477.83,-1196.83,-8.9335
GV-03824,5582.0,1477.47,-1154.98,-8.7779
GV-03825,5643.49,1482.49,-1154.26,-8.8072
GV-03826,5662.73,1473.72,-1146.87,-8.7169
GV-03827,5711.31,1464.92,-1102.37,-8.4838
GV-03828,5763.92,1465.77,-1096.47,-8.3756
GV-03829,5832.07,1476.03,-1095.51,-8.1941
GV-03830,5873.43,1470.9,-1049.8,-7.9832
GV-03831,5923.9,1466.42,-1045.89,-7.8211
GV-03832,5989.82,1456.52,-1046.12,-7.6542
GV-03833,6044.58,1465.89,-1045.32,-7.4488
GV-03834,6074.41,1466.53,-1045.3,-7.4185
GV-03835,6144.64,1468.95,-1046.21,-7.1789
GV-03836,6179.85,1458.71,-1049.91,-6.8974
GV-03837,6228.6,1464.22,-1049.24,-6.9207
GV-03838,6288.66,1463.21,-1051.98,-6.5524
GV-03839,6338.05,1493.73,-1047.28,-6.3956
GV-03840,6376.88,1470.29,-1045.97,-6.1459
GV-03841,15.61,1536.3,-995.06,-10.2148
GV-03842,56.9,1518.69,-1004.05,-10.1824
GV-03843,111.98,1532.18,-1000.27,-10.5031
GV-03844,193.2,1539.24,-999.7,-10.6303
GV-03845,217.77,1512.89,-1001.87,-10.7249
GV-03846,276.6,1515.46,-997.93,-10.7592
GV-03847,328.88,1520.46,-1004.03,-10.9208
GV-03848,366.6,1505.67,-1002.91,-11.3666
GV-03849,414.43,1513.1,-1002.47,-11.0537
GV-03850,477.94,1515.25,-1003.87,-11.4677
GV-03851,536.41,1530.39,-1002.4,-11.594
GV-03852,556.04,1522.36,-952.58,-11.6058
GV-03853,644.11,1535.52,-950.94,-11.5922
GV-03854,674.26,1524.33,-948.06,-11.7732
GV-03855,710.88,1530.88,-952.43,-11.8679
GV-03856,782.89,1521.89,-953.41,-11.9785
GV-03857,833.78,1538.23,-953.32,-12.0908
GV-03858,893.15,1513.77,-954.06,-11.8931
GV-03859,928.57,1511.82,-954.7,-11.9862
GV-03860,976.17,1534.31,-949.45,-12.1274
GV-03861,1015.71,1513.67,-950.32,-12.1535
GV-03862,1080.58,1540.53,-953.83,-12.4547
GV-03863,1136.8,1526.11,-946.63,-12.3953
GV-03864,1181.07,1515.83,-951.12,-12.0884
GV-03865,1230.7,1513.98,-946.97,-12.328
GV-03866,1280.62,1531.57,-951.57,-12.3722
GV-03867,1318.75,1516.58,-947.4,-12.3845
GV-03868,1366.43,1509.6,-949.14,-12.3251
GV-03869,1431.7,1541.91,-1002.78,-12.4235
GV-03870,1480.41,1512.54,-1000.37,-12.4975
GV-03871,1528.67,1532.64,-1004.05,-12.4902
GV-03872,1580.47,1516.07,-1001.03,-12.4838
GV-03873,1639.28,1525.68,-997.89,-12.1606
GV-03874,1688.12,1544.49,-1051.7,-12.2645
GV-03875,1708.8,1507.94,-1045.85,-12.2459
GV-03876,1763.28,1526.28,-1045.81,-12.2998
GV-03877,1822.94,1524.62,-1054.46,-12.1666
GV-03878,1870.84,1523.77,-1103.47,-12.2667
GV-03879,1928.74,1541.21,-1101.55,-12.2185
GV-03880,1960.17,1507.79,-1097.65,-12.163
GV-03881,2012.14,1540.15,-1145.36,-12.2341
GV-03882,2062.39,1541.53,-1151.93,-12.1162
GV-03883,2105.33,1527.87,-1150.87,-12.3698
GV-03884,2185.98,1538.9,-1204.88,-12.2051
GV-03885,2237.53,1532.01,-1196.58,-12.0384
GV-03886,2285.47,1511.29,-1203.24,-11.9461
GV-03887,2317.78,1544.63,-1250.49,-11.9438
GV-03888,2376.55,1543.2,-1246.89,-12.0408
GV-03889,2412.77,1512.12,-1251.4,-11.9358
GV-03890,2485.05,1525.48,-1252.6,-11.9327
GV-03891,2531.73,1508.29,-1254.64,-11.8963
GV-03892,2570.84,1520.29,-1299.18,-11.8775
GV-03893,2641.99,1526.33,-1304.23,-11.8393
GV-03894,2681.96,1522.62,-1300.3,-11.6569
GV-03895,2728.22,1518.37,-1296.58,-11.8338
GV-03896,2777.26,1523.09,-1295.75,-11.7943
GV-03897,2807.78,1529.75,-1304.6,-11.6675
GV-03898,2882.1,1531.64,-1300.63,-11.6814
GV-03899,2921.97,1520.5,-1299.99,-11.5871
GV-03900,2981.19,1540.47,-1351.08,-11.6385
GV-03901,3024.46,1518.24,-1348.55,-11.6894
GV-03902,3067.88,1540.56,-1301.04,-11.6026
GV-03903,3126.03,1505.82,-1302.56,-11.5251
GV-03904,3156.17,1510.05,-1245.82,-11.5277
GV-03905,3239.41,1530.37,-1150.58,-11.7132
GV-03906,3283.13,1544.64,-1098.26,-11.5762
GV-03907,3331.5,1538.78,-1049.86,-11.4906
GV-03908,3388.52,1514.72,-999.35,-11.5117
GV-03909,3433.94,1533.11,-945.66,-11.6347
GV-03910,3488.56,1522.6,-903.47,-11.4185
GV-03911,3510.6,1525.9,-849.34,-11.4742
GV-03912,3558.29,1522.2,-851.76,-11.5273
GV-03913,3615.03,1538.74,-804.87,-11.3178
GV-03914,3688.99,1508.11,-801.1,-11.2905
GV-03915,3722.12,1539.92,-796.67,-11.3388
GV-03916,3778.22,1505.95,-797.19,-11.297
GV-03917,3819.95,1519.78,-800.42,-11.1385
GV-03918,3875.92,1518.82,-800.94,-11.2851
GV-03919,3939.99,1518.5,-853.03,-11.2542
GV-03920,3992.75,1541.52,-846.46,-11.2387
GV-03921,4028.37,1540.68,-903.41,-11.0957
GV-03922,4093.16,1536.93,-897.89,-11.038
GV-03923,4138.16,1528.49,-954.86,-11.2851
GV-03924,4177.3,1526.41,-951.91,-11.0653
GV-03925,4235.15,1533.53,-997.74,-11.0984
GV-03926,4270.53,1516.32,-1045.44,-10.84
GV-03927,4309.58,1507.59,-1101.16,-10.8258
GV-03928,4359.7,1526.31,-1153.67,-10.9597
GV-03929,4423.25,1517.01,-1150.49,-10.8072
GV-03930,4470.63,1513.0,-1196.4,-10.8586
GV-03931,4536.9,1519.49,-1246.44,-10.6417
GV-03932,4558.56,1523.42,-1302.99,-10.5293
GV-03933,4633.35,1528.54,-1345.38,-10.3821
GV-03934,4674.59,1541.32,-1400.14,-10.4054
GV-03935,4721.3,1535.27,-1398.96,-10.3841
GV-03936,4756.9,1540.44,-1402.67,-10.3756
GV-03937,4819.07,1520.39,-1397.15,-10.4773
GV-03938,4859.05,1519.12,-1403.8,-10.3551
GV-03939,4922.04,1512.57,-1404.65,-10.2364
GV-03940,4986.73,1517.9,-1351.45,-10.059
GV-03941,5019.38,1506.53,-1346.02,-9.8464
GV-03942,5075.39,1542.39,-1345.28,-9.9988
GV-03943,5131.63,1508.97,-1350.03,-9.6838
GV-03944,5170.32,1523.5,-1298.26,-9.7961
GV-03945,5215.07,1530.72,-1301.42,-9.5512
GV-03946,5287.05,1522.67,-1295.81,-9.5333
GV-03947,5314.37,1514.29,-1246.39,-9.4685
GV-03948,5390.24,1512.77,-1250.28,-9.3298
GV-03949,5435.65,1521.5,-1203.69,-9.4033
GV-03950,5490.8,1510.26,-1203.92,-9.1589
GV-03951,5529.66,1510.64,-1150.41,-9.0743
GV-03952,5588.92,1511.81,-1154.72,-8.9347
GV-03953,5623.75,1507.04,-1150.15,-8.7812
GV-03954,5683.58,1542.8,-1104.17,-8.7362
GV-03955,5705.56,1511.56,-1095.08,-8.5152
GV-03956,5788.39,1533.94,-1104.84,-8.3333
GV-03957,5836.43,1510.32,-1051.33,-8.1741
GV-03958,5882.03,1533.46,-1046.98,-8.0369
GV-03959,5917.23,1528.55,-1053.6,-7.9031
GV-03960,5965.32,1534.37,-1047.31,-7.7436
GV-03961,6009.64,1518.84,-1051.32,-7.6108
GV-03962,6094.81,1530.4,-1048.02,-7.4657
GV-03963,6116.05,1536.5,-1048.01,-7.3502
GV-03964,6166.28,1523.8,-1050.47,-7.0038
GV-03965,6242.4,1538.9,-1052.97,-6.8708
GV-03966,6269.22,1523.52,-1054.82,-6.6854
GV-03967,6338.19,1538.13,-1048.34,-6.4329
GV-03968,6375.25,1506.38,-1048.08,-6.2299
GV-03969,8.62,1581.01,-996.11,-10.2445
GV-03970,76.78,1576.17,-1000.46,-10.2581
GV-03971,133.43,1563.42,-1002.81,-10.4677
GV-03972,181.92,1567.22,-996.99,-10.5938
GV-03973,210.78,1579.16,-999.3,-10.8926
GV-03974,262.1,1577.46,-1000.37,-11.0325
GV-03975,341.71,1583.02,-997.17,-11.0997
GV-03976,357.76,1591.88,-1000.43,-11.2002
GV-03977,410.19,1558.32,-1002.11,-11.1684
GV-03978,493.77,1575.71,-1003.03,-11.4692
GV-03979,530.32,1585.0,-997.98,-11.5869
GV-03980,588.09,1577.56,-951.4,-11.6074
GV-03981,627.29,1587.16,-954.24,-11.7834
GV-03982,687.03,1579.77,-949.39,-12.0245
GV-03983,733.28,1571.11,-947.79,-11.9668
GV-03984,776.44,1576.82,-952.35,-11.9462
GV-03985,805.71,1592.39,-950.58,-12.1047
GV-03986,879.94,1560.61,-949.22,-12.1269
GV-03987,907.28,1575.43,-950.24,-12.0143
GV-03988,979.15,1582.28,-954.11,-12.2833
GV-03989,1006.82,1559.42,-948.3,-12.4354
GV-03990,1063.68,1563.62,-952.98,-12.1394
GV-03991,1135.36,1580.87,-949.28,-12.3658
GV-03992,1159.45,1577.95,-946.41,-12.2139
GV-03993,1243.3,1594.44,-953.47,-12.3731
GV-03994,1258.84,1561.84,-952.61,-12.4346
GV-03995,1317.6,1556.17,-947.15,-12.4047
GV-03996,1371.81,1556.29,-1004.47,-12.608
GV-03997,1432.39,1593.5,-1002.55,-12.5576
GV-03998,1466.25,1583.28,-1004.2,-12.528
GV-03999,1535.89,1555.63,-1003.15,-12.4236
GV-04000,1559.3,1572.21,-1002.03,-12.3757
GV-04001,1612.67,1583.28,-1052.95,-12.3751
GV-04002,1686.06,1589.24,-1050.49,-12.6086
GV-04003,1723.73,1594.85,-1047.26,-12.2259
GV-04004,1764.83,1576.55,-1053.73,-12.4705
GV-04005,1811.84,1579.29,-1099.65,-12.4678
GV-04006,1859.97,1592.8,-1096.63,-12.4663
GV-04007,1908.31,1558.45,-1100.37,-12.3574
GV-04008,1964.11,1582.03,-1149.64,-12.3385
GV-04009,2029.48,1582.31,-1153.02,-12.2353
GV-04010,2090.24,1557.09,-1149.69,-12.2188
GV-04011,2110.05,1556.1,-1198.35,-12.1467
GV-04012,2157.53,1567.6,-1203.28,-12.2429
GV-04013,2234.49,1561.83,-1198.14,-11.9514
GV-04014,2280.59,1589.82,-1249.36,-12.1184
GV-04015,2327.93,1592.16,-1248.32,-11.9869
GV-04016,2373.93,1573.74,-1247.43,-12.0836
GV-04017,2427.89,1557.32,-1253.72,-12.1623
GV-04018,2470.08,1558.93,-1300.16,-11.8229
GV-04019,2535.66,1581.44,-1303.53,-12.0659
GV-04020,2584.17,1593.06,-1298.34,-12.0646
GV-04021,2641.38,1584.05,-1296.62,-11.8609
GV-04022,2687.91,1579.56,-1302.71,-11.9121
GV-04023,2715.8,1585.2,-1304.39,-11.9272
GV-04024,2783.12,1579.47,-1302.04,-11.8656
GV-04025,2839.43,1593.1,-1300.12,-11.6599
GV-04026,2855.01,1589.2,-1354.04,-11.9193
GV-04027,2934.61,1587.61,-1346.53,-11.8597
GV-04028,2955.77,1582.35,-1354.09,-11.6069
GV-04029,3016.42,1574.58,-1297.68,-11.6526
GV-04030,3082.06,1571.85,-1250.37,-11.8826
GV-04031,3125.93,1586.47,-1198.6,-11.7488
GV-04032,3188.47,1579.59,-1145.57,-11.749
GV-04033,3228.62,1562.83,-1103.6,-11.5718
GV-04034,3276.95,1580.67,-1048.73,-11.7834
GV-04035,3333.32,1565.46,-995.2,-11.5737
GV-04036,3390.16,1581.18,-946.65,-11.6507
GV-04037,3421.79,1567.91,-903.79,-11.6524
GV-04038,3489.63,1581.34,-852.7,-11.6234
GV-04039,3527.32,1575.85,-796.29,-11.5938
GV-04040,3586.34,1590.38,-803.97,-11.5614
GV-04041,3611.88,1578.75,-797.19,-11.4755
GV-04042,3684.35,1573.22,-797.47,-11.4812
GV-04043,3725.34,1557.08,-802.45,-11.3749
GV-04044,3786.12,1559.08,-795.04,-11.327
GV-04045,3809.76,1579.41,-799.87,-11.3418
GV-04046,3867.7,1579.25,-853.9,-11.2184
GV-04047,3928.44,1582.98,-854.11,-11.2905
GV-04048,3970.14,1586.42,-899.2,-11.193
GV-04049,4016.93,1574.23,-899.35,-11.2397
GV-04050,4071.35,1587.62,-950.11,-11.1689
GV-04051,4118.97,1566.22,-1004.62,-11.0964
GV-04052,4161.43,1584.91,-1000.26,-11.029
GV-04053,4205.52,1591.91,-1049.55,-10.9904
GV-04054,4289.44,1574.9,-1103.61,-10.8278
GV-04055,4325.54,1576.87,-1150.48,-11.0863
GV-04056,4376.74,1571.54,-1196.23,-10.6988
GV-04057,4430.85,1592.21,-1252.09,-10.7219
GV-04058,4483.93,1593.77,-1246.51,-10.6648
GV-04059,4543.76,1575.19,-1300.69,-10.8591
GV-04060,4576.49,1558.98,-1347.59,-10.6009
GV-04061,4635.09,1555.43,-1396.45,-10.5256
GV-04062,4684.97,1584.44,-1403.4,-10.5218
GV-04063,4741.54,1569.8,-1403.82,-10.4207
GV-04064,4782.39,1558.05,-1400.83,-10.2806
GV-04065,4821.36,1585.19,-1395.39,-10.3008
GV-04066,4874.48,1564.18,-1399.77,-10.2681
GV-04067,4907.38,1591.62,-1395.65,-10.162
GV-04068,4994.73,1589.35,-1347.88,-10.282
GV-04069,5017.72,1579.11,-1352.34,-10.1713
GV-04070,5090.73,1591.4,-1353.45,-10.0371
GV-04071,5109.7,1571.4,-1302.19,-9.9267
GV-04072,5173.48,1569.76,-1302.48,-9.6785
GV-04073,5242.64,1574.35,-1296.07,-9.8181
GV-04074,5272.62,1559.3,-1249.78,-9.6108
GV-04075,5334.39,1593.19,-1253.71,-9.6017
GV-04076,5377.45,1590.38,-1198.54,-9.3595
GV-04077,5407.33,1559.1,-1195.49,-9.3571
GV-04078,5461.24,1567.62,-1151.91,-9.1874
GV-04079,5539.67,1562.51,-1145.79,-9.1312
GV-04080,5573.26,1585.85,-1148.0,-9.0205
GV-04081,5637.54,1583.08,-1099.46,-8.8287
GV-04082,5671.41,1564.36,-1102.23,-8.7747
GV-04083,5711.35,1581.76,-1104.15,-8.5261
GV-04084,5781.32,1571.83,-1054.34,-8.6351
GV-04085,5830.62,1570.1,-1050.35,-8.4234
GV-04086,5869.55,1586.29,-1046.79,-8.0622
GV-04087,5911.92,1584.37,-1054.35,-8.1134
GV-04088,5960.01,1592.22,-1048.11,-7.9156
GV-04089,6013.72,1564.44,-1045.09,-7.7522
GV-04090,6063.95,1571.26,-1053.17,-7.6071
GV-04091,6139.11,1581.33,-1048.04,-7.3355
GV-04092,6158.89,1592.66,-1054.35,-7.138
GV-04093,6243.92,1575.29,-1045.19,-6.9798
GV-04094,6273.81,1582.27,-1046.47,-6.6892
GV-04095,6310.14,1564.37,-1049.48,-6.622
GV-04096,6357.73,1569.28,-1046.42,-6.338
GV-04097,34.65,1634.47,-999.3,-10.251
GV-04098,66.67,1610.28,-1001.21,-10.3796
GV-04099,126.93,1637.76,-996.7,-10.6091
GV-04100,187.16,1640.81,-995.09,-10.6869
GV-04101,243.32,1634.35,-1000.95,-10.8365
GV-04102,283.2,1629.4,-1001.91,-10.9509
GV-04103,329.64,1627.06,-1002.38,-10.9813
GV-04104,355.33,1605.16,-999.93,-11.2606
GV-04105,410.63,1641.43,-999.99,-11.1757
GV-04106,464.67,1623.12,-999.14,-11.6818
GV-04107,533.93,1623.1,-997.14,-11.4493
GV-04108,560.88,1637.25,-947.86,-11.7984
GV-04109,620.29,1626.78,-954.42,-11.9308
GV-04110,680.69,1614.31,-947.1,-11.762
GV-04111,718.16,1618.8,-953.45,-11.9059
GV-04112,780.84,1641.99,-952.53,-11.9827
GV-04113,807.01,1635.08,-954.89,-12.1823
GV-04114,891.76,1640.33,-949.79,-12.1697
GV-04115,911.16,1633.2,-946.96,-12.3654
GV-04116,985.03,1639.77,-947.22,-12.2242
GV-04117,1034.07,1638.2,-953.24,-12.3273
GV-04118,1058.05,1629.73,-949.81,-12.3796
GV-04119,1137.63,1608.18,-949.03,-12.3586
GV-04120,1190.25,1618.53,-949.89,-12.4989
GV-04121,1239.21,1618.08,-948.62,-12.3264
GV-04122,1287.11,1611.43,-952.44,-12.4093
GV-04123,1311.71,1639.12,-999.83,-12.506
GV-04124,1366.82,1638.02,-997.96,-12.5206
GV-04125,1427.05,1615.37,-996.75,-12.7184
GV-04126,1493.62,1629.66,-1002.06,-12.4426
GV-04127,1531.29,1617.0,-999.05,-12.5505
GV-04128,1569.73,1614.73,-1049.73,-12.4701
GV-04129,1644.56,1618.26,-1052.41,-12.6499
GV-04130,1657.44,1624.76,-1047.25,-12.2878
GV-04131,1712.04,1619.0,-1047.46,-12.4731
GV-04132,1774.82,1606.63,-1104.08,-12.4164
GV-04133,1839.67,1633.12,-1096.16,-12.2413
GV-04134,1874.86,1614.44,-1102.05,-12.3721
GV-04135,1931.65,1620.01,-1147.53,-12.3374
GV-04136,1972.95,1643.76,-1151.99,-12.2986
GV-04137,2028.67,1642.77,-1148.99,-12.3779
GV-04138,2072.14,1641.8,-1198.01,-12.2816
GV-04139,2115.22,1620.43,-1199.78,-12.3921
GV-04140,2179.76,1632.61,-1204.23,-12.3626
GV-04141,2219.91,1625.0,-1195.44,-12.0818
GV-04142,2256.38,1629.42,-1247.3,-12.178
GV-04143,2318.72,1643.16,-1253.29,-12.0203
GV-04144,2382.44,1623.13,-1253.09,-12.1647
GV-04145,2434.99,1606.59,-1302.9,-12.1296
GV-04146,2469.09,1627.71,-1297.45,-11.9927
GV-04147,2513.06,1620.23,-1303.99,-12.0134
GV-04148,2588.61,1636.55,-1295.47,-11.9169
GV-04149,2631.02,1641.84,-1301.31,-12.1231
GV-04150,2688.82,1642.06,-1301.05,-11.8543
GV-04151,2725.59,1612.84,-1299.08,-11.9729
GV-04152,2774.84,1638.63,-1347.56,-11.9712
GV-04153,2833.35,1615.69,-1351.07,-12.0233
GV-04154,2865.65,1615.75,-1348.85,-11.8203
GV-04155,2937.17,1643.25,-1345.46,-11.987
GV-04156,2985.17,1631.5,-1299.89,-11.8607
GV-04157,3018.71,1625.41,-1246.97,-11.7316
GV-04158,3071.92,1633.43,-1202.12,-11.7199
GV-04159,3143.29,1635.43,-1151.35,-11.7327
GV-04160,3157.21,1626.05,-1101.43,-11.8846
GV-04161,3215.37,1613.62,-1046.84,-11.9585
GV-04162,3256.39,1626.68,-997.09,-11.9599
GV-04163,3331.34,1625.84,-950.5,-11.6705
GV-04164,3359.63,1644.06,-897.63,-11.8658
GV-04165,3406.6,1640.51,-854.29,-11.7461
GV-04166,3473.5,1621.29,-796.59,-11.4935
GV-04167,3531.59,1641.34,-801.34,-11.5366
GV-04168,3570.13,1624.29,-798.71,-11.581
GV-04169,3606.8,1626.85,-801.63,-11.4557
GV-04170,3665.69,1622.7,-797.85,-11.5473
GV-04171,3732.1,1615.1,-797.84,-11.6335
GV-04172,3762.51,1614.42,-801.77,-11.5628
GV-04173,3824.17,1616.71,-847.29,-11.4164
GV-04174,3857.19,1611.76,-849.86,-11.4672
GV-04175,3938.29,1614.31,-898.33,-11.2968
GV-04176,3967.33,1614.7,-896.16,-11.3834
GV-04177,4041.95,1632.9,-947.37,-11.2934
GV-04178,4062.86,1630.18,-998.94,-11.2196
GV-04179,4115.37,1643.21,-1048.85,-11.075
GV-04180,4162.1,1617.78,-1048.68,-11.3257
GV-04181,4243.32,1641.41,-1096.4,-11.1247
GV-04182,4286.54,1616.79,-1150.46,-10.9246
GV-04183,4338.55,1613.69,-1201.34,-11.0082
GV-04184,4363.85,1624.73,-1254.39,-10.8222
GV-04185,4413.69,1608.1,-1296.01,-10.8816
GV-04186,4491.58,1641.57,-1347.89,-10.601
GV-04187,4517.95,1624.28,-1353.65,-10.8479
GV-04188,4568.17,1637.03,-1404.58,-10.6064
GV-04189,4633.0,1633.11,-1399.01,-10.8749
GV-04190,4678.25,1622.73,-1402.83,-10.4913
GV-04191,4744.53,1631.75,-1402.5,-10.6454
GV-04192,4765.66,1635.03,-1402.68,-10.5468
GV-04193,4835.19,1613.41,-1402.98,-10.488
GV-04194,4870.31,1623.24,-1396.8,-10.4104
GV-04195,4943.64,1637.44,-1348.35,-10.3186
GV-04196,4985.02,1626.72,-1351.3,-10.0416
GV-04197,5033.72,1611.29,-1346.95,-9.9797
GV-04198,5066.23,1633.4,-1298.77,-10.2217
GV-04199,5118.03,1616.82,-1303.18,-10.0115
GV-04200,5159.69,1635.29,-1303.17,-9.898
GV-04201,5235.69,1618.36,-1253.05,-9.7413
GV-04202,5278.33,1634.4,-1245.2,-9.7042
GV-04203,5332.2,1626.57,-1199.78,-9.7789
GV-04204,5368.45,1623.88,-1195.6,-9.7603
GV-04205,5414.12,1622.05,-1153.19,-9.5815
GV-04206,5483.61,1626.73,-1146.05,-9.2687
GV-04207,5534.7,1621.62,-1146.41,-9.2513
GV-04208,5588.4,1637.16,-1101.42,-8.8399
GV-04209,5615.94,1638.96,-1102.24,-9.0876
GV-04210,5673.13,1620.91,-1098.61,-8.8068
GV-04211,5734.02,1624.7,-1045.06,-8.8783
GV-04212,5759.36,1609.21,-1048.92,-8.7087
GV-04213,5812.8,1641.09,-1050.49,-8.3747
GV-04214,5859.94,1629.63,-1050.71,-8.3321
GV-04215,5911.09,1627.22,-1049.48,-8.2782
GV-04216,5994.24,1619.76,-1048.66,-7.9801
GV-04217,6014.15,1614.91,-1047.58,-7.9596
GV-04218,6076.46,1640.89,-1054.78,-7.4593
GV-04219,6141.8,1640.34,-1046.59,-7.3875
GV-04220,6188.91,1612.34,-1051.36,-7.1691
GV-04221,6235.35,1625.74,-1047.5,-6.8918
GV-04222,6263.51,1623.1,-1050.11,-6.6792
GV-04223,6305.63,1641.16,-1051.33,-6.6519
GV-04224,6371.16,1613.22,-1049.69,-6.3234
GV-04225,32.23,1658.96,-998.13,-10.3781
GV-04226,62.98,1692.6,-996.27,-10.4195
GV-04227,119.84,1686.57,-998.1,-10.426
GV-04228,161.38,1669.45,-999.23,-10.5682
GV-04229,238.35,1681.82,-1000.27,-10.9516
GV-04230,276.95,1685.69,-995.34,-10.803
GV-04231,341.65,1661.04,-995.04,-11.1608
GV-04232,359.36,1667.86,-997.12,-11.2917
GV-04233,418.66,1691.02,-996.01,-11.4153
GV-04234,459.11,1689.15,-1003.81,-11.6582
GV-04235,539.97,1692.66,-1004.21,-11.5649
GV-04236,591.4,1674.41,-949.24,-11.8022
GV-04237,634.51,1694.36,-953.8,-11.7778
GV-04238,693.11,1686.07,-953.43,-11.86
GV-04239,710.8,1677.17,-950.74,-12.1743
GV-04240,769.45,1671.33,-954.34,-12.0467
GV-04241,834.12,1679.06,-954.5,-12.2158
GV-04242,855.89,1694.33,-945.47,-12.4001
GV-04243,925.91,1692.11,-952.56,-12.1987
GV-04244,988.72,1688.36,-948.39,-12.1829
GV-04245,1011.46,1691.04,-954.95,-12.3114
GV-04246,1066.55,1684.15,-954.08,-12.4202
GV-04247,1121.02,1666.56,-951.85,-12.4943
GV-04248,1164.4,1681.76,-952.47,-12.4017
GV-04249,1227.88,1693.11,-946.09,-12.5364
GV-04250,1268.5,1672.88,-995.59,-12.4726
GV-04251,1325.22,1670.48,-1001.22,-12.3339
GV-04252,1360.36,1678.91,-1003.89,-12.5774
GV-04253,1414.44,1655.63,-998.14,-12.5519
GV-04254,1474.67,1671.04,-1002.63,-12.7405
GV-04255,1524.54,1664.07,-1045.93,-12.5263
GV-04256,1555.81,1684.49,-1049.02,-12.6682
GV-04257,1626.22,1655.24,-1050.01,-12.551
GV-04258,1667.98,1683.66,-1048.4,-12.5562
GV-04259,1707.02,1668.31,-1099.58,-12.468
GV-04260,1777.77,1661.35,-1099.85,-12.4796
GV-04261,1828.88,1664.82,-1101.01,-12.3831
GV-04262,1881.5,1667.89,-1151.1,-12.3784
GV-04263,1940.23,1663.17,-1154.18,-12.4928
GV-04264,1964.79,1680.15,-1146.62,-12.2048
GV-04265,2029.63,1691.33,-1204.56,-12.3945
GV-04266,2086.09,1666.19,-1201.27,-12.4439
GV-04267,2139.25,1655.59,-1196.57,-12.3595
GV-04268,2180.77,1673.74,-1201.98,-12.2915
GV-04269,2222.81,1678.21,-1246.87,-12.3089
GV-04270,2283.22,1659.9,-1250.65,-12.1462
GV-04271,2324.13,1692.81,-1250.2,-12.3513
GV-04272,2378.92,1656.37,-1300.83,-12.2536
GV-04273,2444.34,1686.65,-1304.56,-12.1899
GV-04274,2466.06,1675.13,-1297.68,-12.0452
GV-04275,2516.01,1679.39,-1300.12,-12.1105
GV-04276,2555.01,1694.55,-1299.63,-12.144
GV-04277,2615.86,1686.16,-1299.45,-12.0889
GV-04278,2673.7,1678.25,-1350.78,-12.0811
GV-04279,2742.92,1670.86,-1352.91,-12.1025
GV-04280,2764.39,1661.95,-1351.51,-12.1793
GV-04281,2819.23,1673.92,-1351.38,-11.9572
GV-04282,2867.0,1657.68,-1349.7,-11.9431
GV-04283,2944.07,1676.32,-1298.7,-11.9497
GV-04284,2981.21,1689.76,-1245.48,-11.9455
GV-04285,3044.56,1690.74,-1200.3,-12.0198
GV-04286,3086.26,1658.39,-1151.05,-11.7491
GV-04287,3137.95,1667.78,-1095.02,-12.0392
GV-04288,3165.45,1689.55,-1052.26,-11.8771
GV-04289,3242.31,1687.91,-998.44,-11.9038
GV-04290,3268.0,1689.5,-900.03,-11.8379
GV-04291,3320.01,1669.17,-852.3,-11.8612
GV-04292,3394.21,1684.31,-845.76,-11.6127
GV-04293,3414.22,1679.32,-799.91,-11.7619
GV-04294,3455.73,1675.88,-796.4,-11.8072
GV-04295,3516.38,1671.94,-796.92,-11.6506
GV-04296,3592.54,1655.7,-795.89,-11.815
GV-04297,3614.43,1687.23,-797.61,-11.7686
GV-04298,3663.35,1670.16,-798.77,-11.6504
GV-04299,3715.56,1680.75,-801.46,-11.4742
GV-04300,3760.86,1687.51,-845.77,-11.4985
GV-04301,3810.29,1665.47,-845.33,-11.5083
GV-04302,3867.29,1669.8,-900.5,-11.4278
GV-04303,3942.87,1682.89,-950.04,-11.4264
GV-04304,3976.27,1656.63,-953.66,-11.3637
GV-04305,4011.92,1676.79,-996.09,-11.3218
GV-04306,4073.01,1661.73,-1046.99,-11.4395
GV-04307,4109.23,1674.2,-1101.36,-11.2183
GV-04308,4155.87,1679.17,-1102.43,-11.2472
GV-04309,4229.45,1672.62,-1152.6,-11.2902
GV-04310,4261.93,1692.22,-1195.49,-11.1296
GV-04311,4323.83,1655.61,-1246.89,-11.0698
GV-04312,4380.66,1661.24,-1304.5,-11.0642
GV-04313,4408.75,1676.42,-1347.26,-10.7876
GV-04314,4478.83,1686.38,-1399.74,-10.8264
GV-04315,4538.78,1661.88,-1399.36,-10.9653
GV-04316,4567.94,1685.02,-1398.95,-10.8854
GV-04317,4632.06,1689.99,-1399.42,-10.7484
GV-04318,4669.24,1661.1,-1396.67,-10.6602
GV-04319,4707.62,1677.77,-1396.85,-10.6136
GV-04320,4762.1,1685.03,-1403.85,-10.5681
GV-04321,4805.56,1691.8,-1400.85,-10.4429
GV-04322,4856.77,1655.95,-1349.36,-10.3313
GV-04323,4908.87,1657.29,-1354.68,-10.3479
GV-04324,4985.57,1664.36,-1347.48,-10.3594
GV-04325,5017.92,1662.95,-1354.93,-10.192
GV-04326,5074.01,1687.88,-1300.16,-10.2452
GV-04327,5139.97,1655.93,-1297.58,-10.1445
GV-04328,5156.05,1665.67,-1251.73,-9.9913
GV-04329,5208.85,1674.75,-1253.07,-9.9873
GV-04330,5293.17,1691.31,-1204.16,-9.9648
GV-04331,5340.58,1656.97,-1196.03,-9.783
GV-04332,5385.88,1682.96,-1198.6,-9.6519
GV-04333,5432.52,1667.6,-1147.31,-9.6234
GV-04334,5474.04,1682.81,-1145.75,-9.4966
GV-04335,5528.03,1689.72,-1103.58,-9.274
GV-04336,5567.82,1671.51,-1098.71,-9.2547
GV-04337,5633.09,1680.19,-1099.22,-9.0587
GV-04338,5661.35,1668.87,-1046.9,-8.8643
GV-04339,5711.14,1655.19,-1054.51,-8.8005
GV-04340,5774.81,1663.24,-1049.36,-8.615
GV-04341,5825.45,1668.88,-1047.63,-8.4369
GV-04342,5877.14,1681.95,-1049.3,-8.416
GV-04343,5923.39,1678.2,-1046.09,-8.1808
GV-04344,5991.22,1687.5,-1047.91,-7.965
GV-04345,6043.55,1664.59,-1045.81,-7.6914
GV-04346,6081.33,1682.91,-1054.92,-7.4933
GV-04347,6143.81,1684.23,-1048.03,-7.5519
GV-04348,6169.67,1683.33,-1046.19,-7.2215
GV-04349,6229.21,1693.47,-1050.07,-6.9493
GV-04350,6277.49,1665.96,-1048.14,-6.7567
GV-04351,6341.1,1679.45,-1053.91,-6.6025
GV-04352,6373.55,1685.08,-1054.05,-6.5702
GV-04353,13.06,1713.52,-1004.07,-10.3075
GV-04354,82.0,1713.4,-997.43,-10.364
GV-04355,136.92,1732.19,-998.8,-10.4478
GV-04356,184.92,1719.94,-1002.49,-10.6629
GV-04357,214.66,1715.75,-1003.83,-10.9231
GV-04358,285.41,1730.47,-999.41,-11.0194
GV-04359,342.82,1723.7,-995.44,-11.0795
GV-04360,366.97,1708.43,-998.1,-11.4759
GV-04361,427.09,1723.4,-1003.35,-11.3513
GV-04362,457.71,1722.69,-1001.21,-11.6211
GV-04363,513.43,1726.36,-998.2,-11.5542
GV-04364,593.49,1717.14,-1003.56,-11.759
GV-04365,608.87,1717.43,-947.81,-11.9413
GV-04366,673.49,1716.61,-946.08,-11.8605
GV-04367,717.44,1727.15,-954.11,-12.0055
GV-04368,783.73,1729.41,-952.94,-12.1
GV-04369,843.7,1715.8,-951.0,-12.2574
GV-04370,887.77,1734.5,-953.21,-12.3263
GV-04371,907.91,1726.42,-953.42,-12.4164
GV-04372,979.83,1714.42,-952.18,-12.1092
GV-04373,1034.4,1717.05,-946.22,-12.4122
GV-04374,1082.05,1740.02,-950.23,-12.3536
GV-04375,1107.87,1710.83,-952.32,-12.4591
GV-04376,1160.32,1743.96,-996.32,-12.4396
GV-04377,1215.61,1715.84,-1000.6,-12.6271
GV-04378,1266.65,1730.35,-995.57,-12.5551
GV-04379,1311.77,1708.31,-999.8,-12.5258
GV-04380,1376.23,1726.76,-1001.1,-12.6754
GV-04381,1415.36,1727.08,-999.11,-12.4914
GV-04382,1472.32,1737.29,-1050.59,-12.5434
GV-04383,1526.44,1740.22,-1047.93,-12.5818
GV-04384,1576.18,1741.62,-1049.65,-12.4878
GV-04385,1617.0,1721.91,-1054.27,-12.7407
GV-04386,1656.92,1716.38,-1095.3,-12.3957
GV-04387,1734.25,1731.66,-1102.51,-12.4627
GV-04388,1781.98,1719.45,-1101.0,-12.5442
GV-04389,1833.33,1708.02,-1150.87,-12.483
GV-04390,1883.05,1715.84,-1147.85,-12.352
GV-04391,1908.05,1709.7,-1152.19,-12.5005
GV-04392,1990.15,1733.58,-1195.8,-12.3503
GV-04393,2012.14,1737.42,-1199.8,-12.3207
GV-04394,2078.46,1735.9,-1200.21,-12.4419
GV-04395,2140.26,1721.5,-1200.58,-12.3411
GV-04396,2168.16,1738.43,-1253.17,-12.4322
GV-04397,2208.1,1743.56,-1252.7,-12.3137
GV-04398,2263.89,1734.15,-1246.88,-12.3108
GV-04399,2317.72,1715.18,-1298.2,-12.3738
GV-04400,2368.9,1729.46,-1295.7,-12.1965
GV-04401,2409.85,1714.34,-1298.02,-12.0727
GV-04402,2465.86,1731.8,-1300.98,-12.3058
GV-04403,2505.93,1717.82,-1304.77,-12.1987
GV-04404,2578.77,1705.1,-1296.81,-12.1149
GV-04405,2605.98,1738.98,-1346.1,-12.0978
GV-04406,2656.85,1716.96,-1348.28,-12.2624
GV-04407,2705.11,1710.61,-1354.87,-12.074
GV-04408,2759.09,1705.87,-1352.55,-12.2238
GV-04409,2828.17,1711.18,-1352.95,-12.2154
GV-04410,2857.41,1721.82,-1300.65,-12.1698
GV-04411,2941.17,1722.69,-1251.17,-12.0815
GV-04412,2967.68,1711.78,-1202.54,-11.9463
GV-04413,3025.27,1715.19,-1145.89,-12.2073
GV-04414,3082.61,1713.5,-1097.01,-12.1311
GV-04415,3105.94,1719.68,-999.99,-11.9708
GV-04416,3189.0,1734.93,-954.45,-11.9622
GV-04417,3223.4,1740.96,-899.41,-11.9733
GV-04418,3257.3,1717.01,-847.93,-12.0282
GV-04419,3307.94,1728.34,-854.15,-11.8947
GV-04420,3382.61,1718.89,-796.16,-11.8516
GV-04421,3437.42,1710.54,-799.53,-11.8733
GV-04422,3462.28,1706.68,-798.96,-11.8165
GV-04423,3522.84,1723.77,-804.18,-11.801
GV-04424,3577.69,1732.17,-795.04,-11.813
GV-04425,3607.47,1725.31,-795.37,-11.839
GV-04426,3672.14,1730.57,-852.87,-11.7565
GV-04427,3706.37,1720.3,-846.36,-11.6276
GV-04428,3760.52,1738.82,-900.24,-11.6204
GV-04429,3818.81,1713.47,-902.78,-11.6785
GV-04430,3861.62,1726.94,-950.86,-11.5413
GV-04431,3928.57,1717.57,-999.65,-11.4492
GV-04432,3971.15,1739.93,-998.5,-11.3892
GV-04433,4024.81,1728.56,-1050.51,-11.5758
GV-04434,4055.43,1718.6,-1104.9,-11.4315
GV-04435,4111.67,1721.98,-1146.2,-11.4133
GV-04436,4179.57,1719.99,-1195.19,-11.2934
GV-04437,4241.32,1744.96,-1204.17,-11.2145
GV-04438,4293.58,1737.56,-1245.59,-11.1114
GV-04439,4327.0,1732.78,-1299.99,-11.3364
GV-04440,4376.45,1732.07,-1348.3,-11.2015
GV-04441,4443.25,1743.31,-1401.73,-11.0633
GV-04442,4457.56,1733.79,-1400.48,-11.0225
GV-04443,4533.29,1718.23,-1399.35,-10.8081
GV-04444,4583.77,1738.28,-1396.64,-10.9146
GV-04445,4628.11,1726.65,-1399.45,-10.8208
GV-04446,4666.3,1718.25,-1401.31,-10.8894
GV-04447,4743.29,1736.99,-1397.77,-10.7533
GV-04448,4793.46,1716.26,-1395.05,-10.532
GV-04449,4832.35,1726.97,-1402.13,-10.6962
GV-04450,4873.36,1707.07,-1351.26,-10.4457
GV-04451,4929.18,1744.87,-1349.45,-10.431
GV-04452,4964.0,1724.03,-1353.48,-10.4232
GV-04453,5027.44,1709.59,-1295.42,-10.4677
GV-04454,5080.71,1719.01,-1303.32,-10.3817
GV-04455,5120.24,1726.03,-1254.53,-10.0411
GV-04456,5191.21,1708.1,-1249.8,-10.1131
GV-04457,5208.23,1706.23,-1246.74,-9.8602
GV-04458,5256.21,1705.57,-1200.99,-9.9809
GV-04459,5330.37,1730.52,-1195.95,-9.9056
GV-04460,5367.36,1723.37,-1147.96,-9.7601
GV-04461,5429.38,1743.57,-1146.44,-9.654
GV-04462,5480.33,1730.14,-1098.24,-9.3945
GV-04463,5543.45,1711.37,-1096.2,-9.4235
GV-04464,5594.62,1705.66,-1095.69,-9.366
GV-04465,5644.07,1714.38,-1047.78,-9.1496
GV-04466,5661.41,1710.37,-1052.21,-9.0347
GV-04467,5734.24,1733.58,-1054.88,-9.0283
GV-04468,5772.58,1716.9,-1050.78,-8.669
GV-04469,5812.23,1721.42,-1051.31,-8.4624
GV-04470,5888.51,1726.03,-1051.61,-8.5288
GV-04471,5926.55,1724.97,-1050.48,-8.075
GV-04472,5985.76,1726.37,-1047.29,-7.9905
GV-04473,6005.19,1710.59,-1051.46,-7.915
GV-04474,6094.97,1742.97,-1045.21,-7.6594
GV-04475,6121.96,1740.48,-1053.81,-7.443
GV-04476,6156.27,1723.95,-1051.75,-7.157
GV-04477,6220.81,1728.39,-1049.35,-6.9424
GV-04478,6281.76,1706.79,-1048.41,-6.7292
GV-04479,6306.26,1716.96,-1046.0,-6.544
GV-04480,6383.75,1733.08,-1047.55,-6.471
GV-04481,39.24,1764.25,-999.37,-10.3558
GV-04482,86.47,1774.25,-995.29,-10.4631
GV-04483,107.73,1767.74,-1001.36,-10.5339
GV-04484,155.08,1772.58,-996.92,-10.8639
GV-04485,208.26,1794.13,-999.07,-10.891
GV-04486,279.32,1771.0,-997.64,-10.9845
GV-04487,311.45,1786.82,-998.54,-11.1444
GV-04488,364.16,1786.65,-1004.66,-11.1473
GV-04489,422.45,1758.59,-998.27,-11.4639
GV-04490,458.43,1786.23,-995.23,-11.5215
GV-04491,529.8,1789.94,-997.98,-11.5813
GV-04492,572.32,1773.22,-995.65,-11.8311
GV-04493,625.53,1760.31,-947.1,-11.9207
GV-04494,687.63,1756.82,-950.81,-11.9138
GV-04495,708.05,1771.76,-948.36,-12.2363
GV-04496,792.4,1763.91,-947.69,-12.3332
GV-04497,830.94,1767.19,-953.31,-12.2328
GV-04498,884.29,1774.37,-946.16,-12.4794
GV-04499,940.64,1772.64,-948.41,-12.2602
GV-04500,985.98,1772.59,-946.73,-12.2754
GV-04501,1018.9,1785.55,-954.45,-12.459
GV-04502,1064.71,1768.23,-949.59,-12.5702
GV-04503,1120.12,1788.82,-1003.6,-12.3976
GV-04504,1165.93,1756.82,-1002.62,-12.4592
GV-04505,1216.24,1785.4,-999.25,-12.5959
GV-04506,1275.84,1769.07,-997.05,-12.5205
GV-04507,1317.42,1783.23,-997.48,-12.5645
GV-04508,1381.05,1769.48,-1004.69,-12.7254
GV-04509,1434.19,1792.44,-1051.03,-12.5498
GV-04510,1459.14,1772.3,-1050.16,-12.5377
GV-04511,1521.16,1782.62,-1049.75,-12.6422
GV-04512,1574.18,1766.09,-1049.21,-12.5805
GV-04513,1624.12,1765.5,-1102.25,-12.6899
GV-04514,1658.19,1783.84,-1101.18,-12.5412
GV-04515,1722.54,1792.07,-1100.08,-12.5822
GV-04516,1755.84,1764.54,-1148.22,-12.8176
GV-04517,1818.18,1781.68,-1148.07,-12.5024
GV-04518,1886.47,1784.96,-1148.99,-12.4838
GV-04519,1921.76,1774.56,-1202.48,-12.5672
GV-04520,1978.46,1777.11,-1197.24,-12.3966
GV-04521,2019.02,1792.52,-1202.58,-12.4232
GV-04522,2090.73,1756.12,-1203.75,-12.5437
GV-04523,2144.54,1774.82,-1246.03,-12.348
GV-04524,2166.72,1759.83,-1246.63,-12.5102
GV-04525,2211.8,1758.17,-1250.38,-12.2283
GV-04526,2260.49,1785.9,-1296.11,-12.392
GV-04527,2324.02,1788.82,-1296.27,-12.199
GV-04528,2372.03,1772.03,-1302.33,-12.3684
GV-04529,2442.82,1780.79,-1301.71,-12.3496
GV-04530,2489.08,1764.41,-1298.95,-12.2086
GV-04531,2532.34,1787.3,-1295.63,-12.2528
GV-04532,2575.1,1762.76,-1348.45,-12.417
GV-04533,2639.73,1785.97,-1347.36,-12.3746
GV-04534,2687.07,1774.01,-1347.84,-12.3349
GV-04535,2709.88,1763.73,-1346.09,-12.3214
GV-04536,2765.89,1755.47,-1346.4,-12.2444
GV-04537,2806.46,1765.32,-1303.23,-12.058
GV-04538,2869.77,1774.22,-1254.65,-12.1763
GV-04539,2938.04,1794.91,-1196.88,-12.2668
GV-04540,2968.49,1790.87,-1146.22,-12.0982
GV-04541,3012.72,1781.99,-1047.18,-12.2085
GV-04542,3085.89,1792.49,-1001.84,-12.0126
GV-04543,3123.27,1761.04,-948.82,-12.0574
GV-04544,3179.04,1793.14,-895.97,-12.1827
GV-04545,3232.51,1765.43,-850.73,-12.0822
GV-04546,3273.39,1791.84,-797.93,-11.9072
GV-04547,3308.42,1761.5,-799.64,-12.0532
GV-04548,3365.02,1755.76,-804.23,-11.9225
GV-04549,3411.44,1762.94,-797.7,-12.0534
GV-04550,3492.37,1784.52,-802.42,-11.7827
GV-04551,3513.47,1781.44,-800.96,-11.7974
GV-04552,3588.04,1763.33,-798.19,-11.7949
GV-04553,3630.54,1786.25,-847.24,-11.682
GV-04554,3658.83,1790.9,-854.67,-11.9186
GV-04555,3715.8,1759.75,-896.54,-11.7264
GV-04556,3778.46,1764.2,-895.7,-11.6537
GV-04557,3814.16,1755.61,-954.28,-11.574
GV-04558,3855.91,1781.19,-997.73,-11.4397
GV-04559,3943.33,1769.62,-1049.64,-11.634
GV-04560,3957.14,1782.16,-1049.29,-11.3533
GV-04561,4028.95,1773.85,-1099.29,-11.3065
GV-04562,4064.53,1783.53,-1150.53,-11.3331
GV-04563,4128.04,1792.99,-1195.7,-11.4463
GV-04564,4187.45,1761.13,-1253.46,-11.2513
GV-04565,4222.47,1794.32,-1302.63,-11.0676
GV-04566,4258.87,1794.37,-1353.66,-11.3661
GV-04567,4342.65,1756.68,-1352.81,-11.1812
GV-04568,4392.0,1793.39,-1404.25,-11.1755
GV-04569,4426.15,1761.6,-1399.59,-11.1839
GV-04570,4466.74,1789.41,-1404.04,-11.1815
GV-04571,4510.51,1755.4,-1398.43,-10.9954
GV-04572,4569.41,1781.01,-1403.8,-11.0364
GV-04573,4630.38,1794.83,-1401.72,-10.8824
GV-04574,4681.23,1789.0,-1400.02,-10.8945
GV-04575,4715.98,1772.84,-1399.76,-10.8394
GV-04576,4773.43,1764.34,-1399.29,-10.6423
GV-04577,4840.72,1784.48,-1347.43,-10.749
GV-04578,4888.48,1771.44,-1345.24,-10.714
GV-04579,4935.4,1793.81,-1348.97,-10.5478
GV-04580,4987.78,1768.69,-1299.65,-10.3776
GV-04581,5033.27,1784.11,-1302.55,-10.3583
GV-04582,5070.75,1760.81,-1296.88,-10.356
GV-04583,5115.46,1771.35,-1254.38,-10.1715
GV-04584,5193.47,1787.44,-1249.34,-10.1138
GV-04585,5230.53,1755.04,-1200.4,-10.057
GV-04586,5276.08,1773.25,-1196.18,-10.0573
GV-04587,5311.97,1755.41,-1148.59,-9.8882
GV-04588,5392.25,1761.45,-1151.51,-9.9292
GV-04589,5438.46,1777.41,-1101.71,-9.6976
GV-04590,5462.33,1769.45,-1102.96,-9.5795
GV-04591,5527.17,1782.43,-1104.71,-9.4278
GV-04592,5570.4,1789.48,-1050.24,-9.426
GV-04593,5642.45,1785.02,-1054.69,-9.3057
GV-04594,5676.05,1789.6,-1048.18,-9.0489
GV-04595,5725.57,1765.79,-1051.91,-9.1037
GV-04596,5768.71,1755.56,-1047.05,-8.9478
GV-04597,5812.14,1771.32,-1046.79,-8.5095
GV-04598,5877.53,1787.54,-1045.29,-8.4526
GV-04599,5931.8,1762.39,-1051.14,-8.1413
GV-04600,5974.91,1775.63,-1053.02,-8.1361
GV-04601,6034.93,1770.72,-1046.05,-8.1575
GV-04602,6055.61,1756.79,-1051.68,-7.7353
GV-04603,6142.85,1759.73,-1049.96,-7.6552
GV-04604,6186.85,1769.09,-1045.44,-7.4075
GV-04605,6214.4,1776.6,-1051.54,-7.1015
GV-04606,6280.65,1778.88,-1048.6,-6.966
GV-04607,6308.61,1784.33,-1048.08,-6.7934
GV-04608,6356.4,1780.82,-1047.42,-6.6074
GV-04609,27.14,1842.22,-1003.88,-10.1761
GV-04610,84.98,1816.44,-1000.37,-10.1981
GV-04611,125.41,1824.59,-1002.93,-10.8393
GV-04612,159.32,1811.6,-1003.41,-10.8539
GV-04613,216.46,1816.94,-1004.62,-10.9204
GV-04614,273.11,1827.41,-1004.08,-11.1249
GV-04615,316.75,1825.01,-1003.95,-11.1589
GV-04616,389.87,1839.79,-1001.46,-11.5046
GV-04617,434.95,1818.69,-1004.37,-11.4555
GV-04618,480.25,1835.28,-1004.77,-11.6027
GV-04619,506.13,1839.86,-1002.22,-11.6929
GV-04620,566.79,1833.86,-996.62,-11.6823
GV-04621,624.56,1843.51,-948.13,-11.807
GV-04622,674.28,1843.06,-954.51,-12.067
GV-04623,734.31,1817.24,-948.65,-12.0573
GV-04624,762.84,1813.83,-946.85,-12.1826
GV-04625,829.25,1824.71,-952.23,-12.3026
GV-04626,881.04,1823.94,-952.88,-12.1291
GV-04627,941.11,1822.89,-950.36,-12.3009
GV-04628,992.33,1827.12,-953.64,-12.3112
GV-04629,1029.0,1825.0,-949.16,-12.4671
GV-04630,1081.17,1831.34,-1002.56,-12.5099
GV-04631,1122.53,1818.4,-1001.27,-12.5635
GV-04632,1170.79,1835.16,-1003.36,-12.531
GV-04633,1219.62,1836.54,-997.91,-12.5617
GV-04634,1272.27,1835.1,-995.04,-12.5881
GV-04635,1317.83,1806.87,-1003.56,-12.6217
GV-04636,1370.84,1840.94,-1052.42,-12.6625
GV-04637,1420.86,1806.96,-1047.5,-12.5987
GV-04638,1474.36,1826.26,-1054.61,-12.5898
GV-04639,1528.99,1830.88,-1049.56,-12.746
GV-04640,1558.12,1821.82,-1104.34,-12.6128
GV-04641,1605.78,1817.63,-1099.65,-12.5991
GV-04642,1686.65,1838.12,-1101.55,-12.7379
GV-04643,1738.07,1824.57,-1154.73,-12.646
GV-04644,1763.7,1815.28,-1148.19,-12.7619
GV-04645,1809.03,1811.08,-1149.39,-12.6134
GV-04646,1885.55,1828.91,-1201.57,-12.6817
GV-04647,1926.74,1820.59,-1196.53,-12.5643
GV-04648,1969.81,1826.68,-1201.76,-12.5936
GV-04649,2021.89,1812.53,-1203.35,-12.6323
GV-04650,2062.99,1814.67,-1248.44,-12.5684
GV-04651,2117.24,1833.06,-1245.95,-12.2982
GV-04652,2170.62,1805.91,-1250.42,-12.4685
GV-04653,2244.17,1830.63,-1304.68,-12.6779
GV-04654,2259.29,1811.0,-1296.32,-12.4762
GV-04655,2306.21,1814.3,-1300.27,-12.4432
GV-04656,2391.73,1805.02,-1303.6,-12.4096
GV-04657,2412.54,1807.57,-1301.73,-12.491
GV-04658,2490.36,1809.83,-1351.63,-12.5133
GV-04659,2528.72,1836.5,-1349.51,-12.3274
GV-04660,2575.45,1838.37,-1346.51,-12.4209
GV-04661,2606.47,1818.48,-1347.72,-12.4648
GV-04662,2659.91,1826.24,-1353.03,-12.4251
GV-04663,2709.38,1817.33,-1350.28,-12.3777
GV-04664,2790.6,1808.16,-1299.36,-12.1788
GV-04665,2833.47,1834.78,-1254.53,-12.3175
GV-04666,2888.19,1839.01,-1201.98,-12.3871
GV-04667,2914.06,1820.25,-1150.15,-12.2659
GV-04668,2984.09,1832.65,-1045.32,-12.0023
GV-04669,3030.4,1814.82,-997.2,-12.236
GV-04670,3070.95,1811.15,-953.29,-12.3521
GV-04671,3111.79,1834.3,-900.57,-12.0733
GV-04672,3157.38,1839.63,-845.56,-12.2207
GV-04673,3244.7,1821.85,-803.47,-12.0004
GV-04674,3255.34,1838.85,-796.31,-11.9618
GV-04675,3333.58,1808.08,-795.21,-11.9368
GV-04676,3388.28,1828.89,-798.25,-12.1098
GV-04677,3439.09,1813.53,-798.91,-12.1817
GV-04678,3493.49,1826.14,-799.27,-12.1026
GV-04679,3539.15,1831.21,-797.93,-11.8818
GV-04680,3565.39,1829.16,-849.24,-11.947
GV-04681,3619.75,1827.19,-852.39,-12.0799
GV-04682,3661.74,1811.07,-895.74,-11.8057
GV-04683,3724.9,1816.36,-946.62,-11.6243
GV-04684,3775.29,1840.71,-950.23,-11.5761
GV-04685,3839.9,1844.73,-1001.73,-11.6876
GV-04686,3864.11,1824.72,-1048.35,-11.5091
GV-04687,3910.28,1815.8,-1104.07,-11.7451
GV-04688,3967.32,1833.39,-1104.97,-11.5422
GV-04689,4020.44,1805.53,-1154.42,-11.6716
GV-04690,4070.69,1807.05,-1204.62,-11.4487
GV-04691,4117.61,1841.03,-1245.38,-11.4169
GV-04692,4155.82,1811.02,-1296.27,-11.2513
GV-04693,4221.21,1817.56,-1350.09,-11.5379
GV-04694,4255.38,1836.13,-1398.34,-11.1384
GV-04695,4306.19,1821.72,-1447.52,-11.2281
GV-04696,4385.53,1806.43,-1447.1,-11.2124
GV-04697,4416.69,1806.71,-1450.65,-11.2229
GV-04698,4458.48,1818.43,-1400.91,-11.0421
GV-04699,4517.05,1824.16,-1404.27,-11.1349
GV-04700,4569.43,1840.8,-1396.03,-11.0906
GV-04701,4639.1,1829.7,-1395.27,-10.8871
GV-04702,4681.89,1841.82,-1396.11,-10.8547
GV-04703,4738.76,1830.54,-1397.2,-10.8586
GV-04704,4771.26,1808.1,-1346.74,-10.7327
GV-04705,4825.56,1832.93,-1348.82,-10.7548
GV-04706,4856.23,1830.45,-1353.64,-10.6943
GV-04707,4927.84,1839.14,-1304.06,-10.5916
GV-04708,4969.7,1833.28,-1303.99,-10.5329
GV-04709,5013.43,1813.72,-1298.26,-10.5524
GV-04710,5091.94,1824.66,-1252.9,-10.4559
GV-04711,5138.78,1836.88,-1253.93,-10.4335
GV-04712,5181.76,1841.45,-1201.83,-10.2907
GV-04713,5238.01,1805.65,-1197.33,-10.2285
GV-04714,5269.34,1839.39,-1150.54,-10.1614
GV-04715,5328.13,1835.09,-1150.28,-10.1357
GV-04716,5382.7,1822.8,-1101.8,-10.0156
GV-04717,5413.57,1826.69,-1098.33,-9.5663
GV-04718,5464.01,1836.65,-1104.83,-9.7727
GV-04719,5528.03,1842.51,-1049.45,-9.6981
GV-04720,5587.98,1832.79,-1052.8,-9.5526
GV-04721,5618.15,1813.22,-1047.86,-9.2486
GV-04722,5668.9,1844.83,-1048.82,-9.1604
GV-04723,5735.69,1839.92,-1047.36,-9.1165
GV-04724,5763.26,1807.39,-1054.49,-8.7674
GV-04725,5828.37,1842.98,-1047.98,-8.8457
GV-04726,5887.77,1805.76,-1049.67,-8.7038
GV-04727,5941.4,1813.15,-1048.0,-8.2858
GV-04728,5956.74,1822.84,-1054.07,-8.262
GV-04729,6021.95,1811.37,-1046.95,-7.9849
GV-04730,6084.86,1839.86,-1054.2,-7.8927
GV-04731,6127.03,1805.91,-1052.23,-7.4526
GV-04732,6161.2,1806.09,-1053.28,-7.4295
GV-04733,6234.65,1841.88,-1049.42,-7.3227
GV-04734,6283.13,1834.95,-1047.95,-7.0619
GV-04735,6337.3,1826.03,-1049.39,-6.7492
GV-04736,6357.24,1829.96,-1048.6,-6.7034
GV-04737,43.87,1868.46,-996.12,-10.4254
GV-04738,61.15,1859.04,-1001.21,-10.4929
GV-04739,142.38,1877.73,-996.43,-10.7915
GV-04740,175.46,1865.05,-1004.23,-10.7728
GV-04741,233.6,1890.46,-1003.24,-10.8965
GV-04742,288.06,1862.97,-995.02,-11.1329
GV-04743,323.56,1862.38,-999.52,-11.2006
GV-04744,394.5,1874.66,-999.68,-11.4029
GV-04745,408.34,1859.83,-999.43,-11.5146
GV-04746,466.92,1892.72,-999.37,-11.6493
GV-04747,513.64,1883.1,-1000.18,-11.7495
GV-04748,586.84,1892.54,-997.11,-11.7977
GV-04749,620.47,1869.37,-946.92,-11.9556
GV-04750,659.34,1861.82,-948.03,-12.1293
GV-04751,744.69,1887.55,-948.55,-12.1477
GV-04752,775.14,1892.92,-952.55,-12.159
GV-04753,831.9,1860.14,-949.19,-12.2743
GV-04754,855.82,1855.35,-947.33,-12.3889
GV-04755,932.98,1869.28,-951.38,-12.5499
GV-04756,959.53,1889.72,-1001.53,-12.4783
GV-04757,1015.51,1861.8,-1001.99,-12.5546
GV-04758,1055.03,1870.19,-1003.97,-12.6739
GV-04759,1115.63,1882.57,-999.56,-12.4498
GV-04760,1171.65,1874.56,-1001.12,-12.7345
GV-04761,1240.01,1869.16,-998.44,-12.7318
GV-04762,1288.24,1884.62,-1004.77,-12.4353
GV-04763,1333.14,1871.76,-1053.62,-12.6653
GV-04764,1367.77,1893.96,-1053.49,-12.6054
GV-04765,1438.63,1871.05,-1054.46,-12.6692
GV-04766,1486.25,1868.49,-1052.35,-12.4778
GV-04767,1534.3,1884.61,-1096.38,-12.6627
GV-04768,1593.67,1875.99,-1104.29,-12.7613
GV-04769,1644.94,1891.67,-1102.51,-12.7559
GV-04770,1675.96,1894.33,-1154.82,-12.8353
GV-04771,1740.75,1876.63,-1145.25,-12.6167
GV-04772,1759.45,1888.0,-1148.88,-12.7195
GV-04773,1805.09,1887.85,-1204.31,-12.7181
GV-04774,1893.53,1877.91,-1196.25,-12.6398
GV-04775,1936.89,1873.03,-1200.97,-12.7968
GV-04776,1987.48,1884.61,-1200.46,-12.5372
GV-04777,2015.32,1869.54,-1246.35,-12.5277
GV-04778,2076.07,1878.66,-1247.45,-12.5114
GV-04779,2124.97,1876.63,-1247.84,-12.6246
GV-04780,2182.5,1890.57,-1299.19,-12.7372
GV-04781,2213.23,1866.06,-1296.91,-12.4338
GV-04782,2274.43,1869.87,-1302.33,-12.455
GV-04783,2328.05,1868.47,-1300.08,-12.4892
GV-04784,2358.61,1891.71,-1298.32,-12.4337
GV-04785,2425.93,1883.66,-1345.72,-12.4476
GV-04786,2466.13,1893.55,-1346.1,-12.5195
GV-04787,2519.71,1857.35,-1345.25,-12.4372
GV-04788,2565.22,1889.56,-1354.65,-12.3814
GV-04789,2607.88,1868.3,-1351.46,-12.4239
GV-04790,2680.2,1892.81,-1347.13,-12.3749
GV-04791,2707.03,1891.92,-1301.71,-12.5136
GV-04792,2756.53,1871.69,-1249.72,-12.2981
GV-04793,2836.32,1883.48,-1201.21,-12.3986
GV-04794,2861.6,1871.44,-1103.79,-12.2213
GV-04795,2941.52,1889.13,-1049.63,-12.5916
GV-04796,2993.43,1877.95,-995.51,-12.2616
GV-04797,3026.41,1859.14,-948.46,-12.3062
GV-04798,3086.51,1878.71,-901.58,-12.2386
GV-04799,3127.6,1881.72,-854.85,-12.3699
GV-04800,3158.77,1868.83,-797.3,-12.117
GV-04801,3222.12,1861.09,-804.97,-12.2795
GV-04802,3264.67,1893.72,-804.72,-12.2857
GV-04803,3329.01,1868.21,-797.28,-12.2857
GV-04804,3379.33,1879.86,-796.26,-12.017
GV-04805,3413.36,1863.19,-799.73,-11.9433
GV-04806,3461.72,1859.0,-796.75,-11.9718
GV-04807,3527.22,1883.34,-845.45,-12.1622
GV-04808,3572.87,1888.54,-847.06,-11.9243
GV-04809,3629.4,1862.43,-900.09,-11.8647
GV-04810,3683.87,1888.2,-953.47,-11.8714
GV-04811,3727.96,1867.69,-954.24,-11.9168
GV-04812,3772.42,1873.4,-1000.59,-11.8926
GV-04813,3807.43,1863.61,-1049.09,-11.6517
GV-04814,3884.28,1857.45,-1101.63,-11.7927
GV-04815,3910.15,1877.61,-1154.68,-11.7281
GV-04816,3969.39,1891.77,-1150.73,-11.7411
GV-04817,4031.3,1855.39,-1202.14,-11.5581
GV-04818,4070.87,1866.42,-1249.4,-11.5994
GV-04819,4120.55,1857.62,-1300.11,-11.4638
GV-04820,4185.73,1861.12,-1346.21,-11.4864
GV-04821,4234.13,1866.63,-1399.36,-11.3601
GV-04822,4272.57,1893.83,-1452.82,-11.4493
GV-04823,4335.62,1869.56,-1450.88,-11.2048
GV-04824,4355.06,1871.85,-1453.23,-11.3047
GV-04825,4433.06,1877.73,-1448.67,-11.0717
GV-04826,4470.44,1875.45,-1397.3,-11.1036
GV-04827,4514.48,1863.12,-1404.76,-11.2452
GV-04828,4582.97,1877.34,-1399.76,-11.1514
GV-04829,4616.03,1874.72,-1399.47,-11.1991
GV-04830,4688.24,1882.53,-1397.38,-10.8618
GV-04831,4707.06,1873.22,-1404.92,-10.8236
GV-04832,4770.83,1893.01,-1347.65,-10.9451
GV-04833,4807.82,1881.32,-1346.93,-10.7521
GV-04834,4868.03,1889.77,-1345.69,-10.7769
GV-04835,4942.59,1862.2,-1298.5,-10.8464
GV-04836,4960.16,1890.22,-1303.7,-10.7381
GV-04837,5009.28,1872.33,-1250.39,-10.4654
GV-04838,5059.01,1884.92,-1248.25,-10.6001
GV-04839,5137.35,1891.21,-1197.04,-10.3917
GV-04840,5163.8,1863.03,-1197.39,-10.3966
GV-04841,5238.07,1871.21,-1147.08,-10.1661
GV-04842,5263.24,1882.22,-1152.82,-10.1178
GV-04843,5308.57,1878.77,-1102.63,-10.1062
GV-04844,5361.62,1893.52,-1097.55,-10.0703
GV-04845,5436.44,1868.08,-1104.25,-10.0888
GV-04846,5461.19,1882.35,-1050.46,-9.6217
GV-04847,5511.86,1859.91,-1052.2,-9.7836
GV-04848,5577.2,1894.76,-1045.73,-9.542
GV-04849,5627.3,1859.07,-1049.18,-9.5419
GV-04850,5694.85,1889.11,-1050.39,-9.1564
GV-04851,5735.18,1889.23,-1051.38,-9.2133
GV-04852,5761.54,1855.82,-1050.6,-8.9187
GV-04853,5825.45,1884.35,-995.75,-8.8571
GV-04854,5894.52,1857.8,-1047.89,-8.5986
GV-04855,5929.9,1883.86,-1051.83,-8.4905
GV-04856,5990.06,1887.38,-1049.51,-8.1268
GV-04857,6019.52,1882.89,-1052.25,-8.0994
GV-04858,6066.51,1863.34,-1045.78,-7.8974
GV-04859,6122.18,1877.25,-1048.63,-7.4981
GV-04860,6182.41,1880.4,-1046.3,-7.658
GV-04861,6213.64,1886.08,-1052.81,-7.2204
GV-04862,6280.93,1877.53,-1053.85,-7.0269
GV-04863,6331.93,1861.65,-1048.87,-6.915
GV-04864,6357.21,1887.27,-1054.98,-6.6352
GV-04865,36.59,1942.95,-995.01,-10.2669
GV-04866,67.31,1924.92,-996.09,-10.3705
GV-04867,116.96,1936.11,-997.95,-10.6067
GV-04868,178.92,1929.31,-1001.18,-10.7276
GV-04869,237.13,1922.72,-995.19,-10.8988
GV-04870,280.69,1911.06,-996.2,-11.0237
GV-04871,318.28,1929.35,-1003.02,-11.0975
GV-04872,373.0,1927.69,-999.89,-11.4221
GV-04873,410.86,1921.73,-995.74,-11.4652
GV-04874,490.63,1916.51,-1002.43,-11.636
GV-04875,533.16,1907.2,-997.22,-11.6786
GV-04876,560.44,1937.59,-1004.2,-11.8254
GV-04877,627.13,1923.58,-997.49,-11.839
GV-04878,686.63,1938.91,-946.2,-11.9428
GV-04879,742.86,1919.52,-948.45,-12.2073
GV-04880,781.0,1942.79,-945.55,-12.0762
GV-04881,806.46,1928.1,-946.67,-12.4537
GV-04882,859.22,1918.56,-954.27,-12.469
GV-04883,920.43,1923.92,-1003.07,-12.3653
GV-04884,955.5,1916.45,-999.17,-12.5157
GV-04885,1043.01,1929.49,-1002.02,-12.5486
GV-04886,1092.45,1930.99,-995.48,-12.7484
GV-04887,1143.51,1944.82,-995.6,-12.5582
GV-04888,1170.88,1912.65,-1003.36,-12.6436
GV-04889,1229.27,1918.29,-1004.8,-12.6026
GV-04890,1292.03,1926.89,-1049.69,-12.564
GV-04891,1311.62,1919.66,-1048.98,-12.624
GV-04892,1375.71,1908.98,-1045.42,-12.673
GV-04893,1405.87,1931.81,-1052.56,-12.8125
GV-04894,1481.96,1933.63,-1104.54,-12.7986
GV-04895,1518.07,1917.92,-1099.13,-12.7083
GV-04896,1562.22,1912.75,-1103.17,-12.6905
GV-04897,1637.32,1924.47,-1146.99,-12.7293
GV-04898,1688.21,1914.03,-1155.0,-12.7857
GV-04899,1726.57,1944.4,-1153.25,-12.6847
GV-04900,1775.35,1916.13,-1198.83,-12.6915
GV-04901,1832.75,1912.12,-1203.03,-12.6873
GV-04902,1878.37,1940.66,-1203.33,-12.5792
GV-04903,1927.31,1937.35,-1202.3,-12.7272
GV-04904,1974.15,1929.39,-1246.93,-12.6899
GV-04905,2028.02,1941.8,-1254.01,-12.5908
GV-04906,2081.65,1917.82,-1246.4,-12.6652
GV-04907,2121.96,1939.87,-1303.08,-12.6345
GV-04908,2155.41,1918.98,-1297.31,-12.4823
GV-04909,2220.15,1913.26,-1304.35,-12.6109
GV-04910,2294.27,1920.55,-1301.14,-12.5568
GV-04911,2344.56,1912.87,-1302.7,-12.5596
GV-04912,2373.56,1931.13,-1348.2,-12.5443
GV-04913,2421.94,1938.16,-1348.88,-12.5885
GV-04914,2485.61,1941.51,-1351.77,-12.409
GV-04915,2537.73,1935.77,-1353.76,-12.4923
GV-04916,2574.4,1919.44,-1347.21,-12.5382
GV-04917,2623.29,1938.19,-1348.67,-12.6089
GV-04918,2684.95,1924.55,-1296.79,-12.2866
GV-04919,2715.35,1930.06,-1245.58,-12.4144
GV-04920,2787.3,1937.89,-1149.36,-12.4517
GV-04921,2813.28,1924.24,-1104.13,-12.4989
GV-04922,2881.17,1920.3,-1047.51,-12.5348
GV-04923,2920.24,1938.42,-996.85,-12.3309
GV-04924,2970.71,1905.53,-903.77,-12.4263
GV-04925,3032.39,1919.22,-847.78,-12.3456
GV-04926,3079.44,1933.47,-848.49,-12.2413
GV-04927,3125.93,1915.99,-797.69,-12.3173
GV-04928,3187.07,1934.71,-795.56,-12.237
GV-04929,3219.96,1927.87,-804.53,-12.4193
GV-04930,3280.87,1915.27,-800.36,-12.2519
GV-04931,3320.23,1908.38,-799.65,-12.3405
GV-04932,3368.27,1933.0,-800.97,-12.1516
GV-04933,3413.57,1913.06,-854.63,-12.1423
GV-04934,3492.3,1929.45,-852.74,-12.0871
GV-04935,3527.51,1907.66,-895.92,-12.0452
GV-04936,3575.32,1905.03,-900.41,-12.1058
GV-04937,3620.64,1940.91,-952.11,-11.9094
GV-04938,3670.04,1931.01,-1003.97,-12.0742
GV-04939,3726.54,1944.95,-1000.68,-11.8953
GV-04940,3776.6,1934.33,-1052.34,-11.8928
GV-04941,3810.93,1911.49,-1102.88,-11.8464
GV-04942,3874.75,1929.74,-1153.67,-11.916
GV-04943,3923.15,1911.85,-1196.59,-11.714
GV-04944,3966.67,1942.09,-1251.78,-11.5967
GV-04945,4027.62,1920.42,-1248.87,-11.6446
GV-04946,4070.5,1925.5,-1303.7,-11.6168
GV-04947,4113.62,1909.99,-1347.21,-11.5762
GV-04948,4186.5,1916.29,-1401.47,-11.63
GV-04949,4205.98,1922.4,-1446.94,-11.4654
GV-04950,4294.73,1940.53,-1445.47,-11.4129
GV-04951,4334.85,1921.86,-1452.96,-11.4068
GV-04952,4372.59,1925.47,-1452.3,-11.2856
GV-04953,4411.54,1922.74,-1447.93,-11.1698
GV-04954,4467.9,1907.57,-1399.53,-11.1868
GV-04955,4518.43,1941.27,-1401.63,-11.2151
GV-04956,4580.19,1917.46,-1402.42,-11.0931
GV-04957,4625.42,1910.39,-1404.7,-11.0717
GV-04958,4688.15,1906.44,-1403.76,-10.9233
GV-04959,4716.23,1914.13,-1345.75,-11.0679
GV-04960,4785.63,1934.64,-1351.72,-11.0065
GV-04961,4829.12,1927.67,-1351.02,-10.914
GV-04962,4892.46,1937.21,-1304.89,-10.8673
GV-04963,4923.39,1908.98,-1300.86,-10.7459
GV-04964,4972.34,1939.23,-1248.21,-10.736
GV-04965,5019.53,1934.13,-1249.58,-10.7786
GV-04966,5085.07,1933.86,-1201.26,-10.6286
GV-04967,5128.48,1920.32,-1202.63,-10.5592
GV-04968,5192.43,1919.37,-1149.96,-10.4173
GV-04969,5211.72,1905.12,-1146.66,-10.5524
GV-04970,5270.38,1920.26,-1104.57,-10.346
GV-04971,5333.76,1908.67,-1095.15,-10.386
GV-04972,5381.03,1944.81,-1100.06,-10.0749
GV-04973,5414.48,1909.41,-1054.69,-9.9716
GV-04974,5473.67,1939.89,-1052.15,-9.9943
GV-04975,5525.27,1937.66,-1046.92,-9.8314
GV-04976,5557.49,1905.46,-1050.65,-9.5982
GV-04977,5621.86,1934.23,-1047.38,-9.6938
GV-04978,5656.91,1909.98,-1048.33,-9.385
GV-04979,5740.85,1939.11,-1001.83,-9.2875
GV-04980,5782.77,1913.35,-999.15,-9.1666
GV-04981,5831.87,1928.63,-1003.01,-8.8781
GV-04982,5889.18,1918.16,-998.81,-8.6251
GV-04983,5944.6,1909.97,-1002.42,-8.4431
GV-04984,5986.08,1930.32,-1054.88,-8.5259
GV-04985,6013.81,1929.83,-1053.11,-8.2612
GV-04986,6061.42,1912.7,-1053.82,-7.908
GV-04987,6125.83,1930.47,-1046.15,-7.8281
GV-04988,6165.97,1928.0,-1045.62,-7.7216
GV-04989,6212.94,1915.05,-1054.05,-7.2651
GV-04990,6284.42,1926.47,-1051.94,-7.1096
GV-04991,6314.42,1913.11,-1054.01,-6.9651
GV-04992,6393.1,1907.76,-1054.04,-6.5529
GV-04993,36.29,1987.24,-1002.17,-10.3516
GV-04994,66.27,1992.57,-995.1,-10.4207
GV-04995,134.55,1957.29,-1004.31,-10.4927
GV-04996,190.47,1975.6,-1000.41,-10.707
GV-04997,241.97,1959.77,-1003.82,-11.0952
GV-04998,280.3,1983.01,-1004.55,-11.0886
GV-04999,327.92,1984.89,-1003.56,-11.3119
GV-05000,365.26,1988.51,-998.53,-11.3268
GV-05001,437.48,1990.38,-1002.24,-11.6967
GV-05002,458.09,1964.09,-1000.28,-11.5411
GV-05003,517.32,1981.67,-1002.23,-11.7506
GV-05004,571.3,1959.94,-1004.03,-11.8949
GV-05005,606.95,1957.32,-1004.01,-12.0861
GV-05006,690.45,1963.0,-995.17,-11.9724
GV-05007,722.8,1958.22,-995.92,-12.175
GV-05008,770.75,1958.37,-1003.66,-12.243
GV-05009,843.24,1974.92,-997.53,-12.4355
GV-05010,870.32,1972.93,-998.19,-12.3355
GV-05011,915.19,1989.35,-995.62,-12.3988
GV-05012,990.93,1974.12,-1004.99,-12.5056
GV-05013,1010.1,1975.52,-999.77,-12.5361
GV-05014,1069.34,1994.92,-996.9,-12.6587
GV-05015,1129.63,1992.67,-995.92,-12.6045
GV-05016,1157.61,1990.88,-1004.68,-12.3672
GV-05017,1219.64,1962.91,-1047.73,-12.8102
GV-05018,1272.68,1978.67,-1048.5,-12.7903
GV-05019,1335.36,1975.26,-1054.98,-12.7124
GV-05020,1383.38,1972.63,-1047.52,-12.725
GV-05021,1423.1,1959.66,-1095.36,-12.6828
GV-05022,1469.29,1984.89,-1099.5,-12.5977
GV-05023,1516.16,1979.75,-1096.47,-12.7477
GV-05024,1589.72,1976.18,-1147.32,-12.879
GV-05025,1621.71,1991.82,-1148.29,-12.6941
GV-05026,1689.45,1976.35,-1146.18,-12.6884
GV-05027,1725.14,1964.93,-1146.98,-12.6792
GV-05028,1785.73,1959.8,-1200.76,-12.7877
GV-05029,1805.93,1966.92,-1199.3,-12.605
GV-05030,1858.83,1958.22,-1201.46,-12.6036
GV-05031,1905.7,1957.67,-1245.62,-12.6209
GV-05032,1960.18,1966.05,-1245.94,-12.7953
GV-05033,2032.55,1961.74,-1254.35,-12.658
GV-05034,2055.36,1960.32,-1302.61,-12.7408
GV-05035,2123.89,1975.68,-1299.46,-12.6743
GV-05036,2194.4,1982.54,-1299.26,-12.7027
GV-05037,2216.63,1983.0,-1299.31,-12.6245
GV-05038,2292.14,1992.7,-1345.42,-12.682
GV-05039,2333.57,1987.79,-1351.3,-12.7579
GV-05040,2369.69,1978.01,-1345.12,-12.6158
GV-05041,2443.61,1974.06,-1353.6,-12.5322
GV-05042,2492.91,1971.54,-1346.45,-12.5923
GV-05043,2508.3,1967.13,-1350.39,-12.593
GV-05044,2565.64,1983.82,-1296.24,-12.4835
GV-05045,2637.05,1986.01,-1254.1,-12.6523
GV-05046,2669.2,1974.28,-1195.43,-12.6213
GV-05047,2712.26,1959.93,-1146.58,-12.7216
GV-05048,2774.1,1968.29,-1098.69,-12.567
GV-05049,2831.4,1993.5,-1045.45,-12.502
GV-05050,2884.6,1985.79,-951.34,-12.545
GV-05051,2917.6,1988.7,-899.81,-12.5675
GV-05052,2982.86,1955.6,-852.53,-12.3264
GV-05053,3013.12,1973.78,-798.64,-12.3852
GV-05054,3084.56,1970.94,-796.4,-12.5202
GV-05055,3113.84,1966.96,-798.25,-12.3779
GV-05056,3178.85,1982.76,-799.59,-12.2331
GV-05057,3210.28,1976.92,-798.17,-12.301
GV-05058,3279.29,1981.25,-799.89,-12.2628
GV-05059,3305.53,1990.71,-798.64,-12.3112
GV-05060,3372.78,1968.01,-846.0,-12.4031
GV-05061,3427.43,1994.56,-854.55,-12.1758
GV-05062,3472.04,1992.81,-899.0,-12.2671
GV-05063,3520.48,1963.61,-899.02,-12.108
GV-05064,3588.67,1984.0,-950.44,-12.2528
GV-05065,3630.16,1993.4,-1003.79,-12.2481
GV-05066,3659.72,1970.36,-1052.67,-12.0505
GV-05067,3737.24,1993.04,-1049.7,-11.8488
GV-05068,3756.61,1991.64,-1097.65,-12.0644
GV-05069,3818.24,1955.18,-1153.57,-11.7811
GV-05070,3869.68,1963.44,-1203.31,-11.6717
GV-05071,3944.8,1977.46,-1251.93,-12.0778
GV-05072,3964.33,1978.05,-1300.13,-11.8533
GV-05073,4019.33,1989.18,-1349.19,-11.853
GV-05074,4072.72,1964.77,-1395.95,-11.8574
GV-05075,4107.69,1973.68,-1399.46,-11.6478
GV-05076,4166.44,1960.76,-1446.01,-11.5646
GV-05077,4213.27,1959.88,-1447.87,-11.7117
GV-05078,4292.69,1958.39,-1447.0,-11.6003
GV-05079,4315.61,1977.75,-1450.18,-11.6277
GV-05080,4384.33,1992.15,-1453.93,-11.1827
GV-05081,4405.62,1990.95,-1452.62,-11.4011
GV-05082,4467.26,1993.41,-1404.38,-11.3633
GV-05083,4512.44,1981.42,-1397.73,-11.1588
GV-05084,4579.95,1957.34,-1401.96,-11.0816
GV-05085,4643.26,1967.2,-1399.86,-11.0713
GV-05086,4676.13,1962.36,-1346.03,-11.2694
GV-05087,4729.38,1978.87,-1347.69,-11.0732
GV-05088,4759.63,1986.1,-1346.11,-10.8846
GV-05089,4816.86,1989.73,-1299.38,-10.9893
GV-05090,4863.45,1985.75,-1299.25,-11.073
GV-05091,4941.31,1970.54,-1249.85,-10.8424
GV-05092,4977.27,1967.8,-1252.92,-10.7454
GV-05093,5022.44,1962.9,-1203.35,-10.737
GV-05094,5072.92,1983.49,-1199.26,-10.7036
GV-05095,5119.5,1994.31,-1153.75,-10.6996
GV-05096,5172.06,1955.34,-1145.57,-10.4795
GV-05097,5206.85,1969.42,-1100.54,-10.5262
GV-05098,5281.57,1977.77,-1097.92,-10.439
GV-05099,5331.48,1963.02,-1098.53,-10.2835
GV-05100,5368.2,1989.86,-1049.0,-10.2835
GV-05101,5405.69,1965.39,-1051.97,-10.0263
GV-05102,5488.07,1984.86,-1054.81,-10.0241
GV-05103,5518.01,1968.41,-1052.73,-9.8289
GV-05104,5568.68,1985.37,-1046.79,-10.0092
GV-05105,5635.45,1958.03,-996.65,-9.4915
GV-05106,5660.8,1965.76,-996.88,-9.4986
GV-05107,5718.97,1986.27,-999.58,-9.2194
GV-05108,5785.39,1988.02,-998.11,-9.2191
GV-05109,5844.52,1959.1,-998.06,-8.745
GV-05110,5882.27,1974.88,-1002.53,-8.8264
GV-05111,5908.61,1992.61,-1001.46,-8.5786
GV-05112,5963.88,1970.33,-1045.56,-8.2578
GV-05113,6032.92,1961.15,-1049.71,-8.2218
GV-05114,6069.44,1959.42,-1046.0,-8.1232
GV-05115,6143.58,1960.55,-1049.91,-7.8759
GV-05116,6182.72,1964.18,-1045.25,-7.8134
GV-05117,6215.06,1957.59,-1046.59,-7.4235
GV-05118,6283.48,1975.9,-1051.51,-6.9186
GV-05119,6328.7,1983.28,-1051.12,-6.9865
GV-05120,6394.9,1959.28,-1054.45,-6.6179
GV-05121,30.42,2015.0,-1003.24,-10.5689
GV-05122,92.04,2030.94,-998.23,-10.5176
GV-05123,139.92,2039.01,-998.73,-10.7977
GV-05124,163.46,2009.98,-999.51,-10.7709
GV-05125,237.06,2010.78,-1001.02,-10.8887
GV-05126,271.35,2018.96,-1001.87,-10.9744
GV-05127,316.93,2010.16,-1000.66,-11.2978
GV-05128,378.7,2022.24,-1001.18,-11.3117
GV-05129,438.6,2026.45,-1002.59,-11.6125
GV-05130,471.87,2036.58,-1000.0,-11.6088
GV-05131,511.22,2044.94,-995.61,-11.6965
GV-05132,586.09,2036.0,-997.24,-11.995
GV-05133,611.18,2028.09,-1002.46,-12.0318
GV-05134,657.99,2018.13,-1001.11,-11.9516
GV-05135,741.01,2023.33,-998.9,-12.1981
GV-05136,756.55,2016.27,-1002.41,-12.2504
GV-05137,809.77,2039.85,-1004.69,-12.4077
GV-05138,879.58,2022.17,-996.76,-12.4316
GV-05139,921.42,2032.3,-996.01,-12.2382
GV-05140,974.75,2022.77,-998.73,-12.4477
GV-05141,1031.21,2013.32,-997.48,-12.6353
GV-05142,1070.37,2017.37,-1004.82,-12.6446
GV-05143,1141.52,2043.61,-1000.5,-12.7009
GV-05144,1157.74,2028.55,-1047.26,-12.6091
GV-05145,1211.63,2043.48,-1047.49,-12.777
GV-05146,1294.27,2006.21,-1045.97,-12.7635
GV-05147,1315.45,2016.69,-1050.02,-12.7184
GV-05148,1391.23,2028.0,-1101.68,-12.8814
GV-05149,1417.23,2026.87,-1095.19,-12.9469
GV-05150,1469.82,2032.58,-1099.49,-12.9169
GV-05151,1528.25,2027.19,-1154.99,-12.7923
GV-05152,1555.04,2010.17,-1146.3,-13.02
GV-05153,1638.91,2040.8,-1147.41,-12.7265
GV-05154,1682.81,2014.02,-1145.44,-12.8525
GV-05155,1744.51,2020.55,-1200.48,-12.8541
GV-05156,1770.02,2027.14,-1195.6,-12.7438
GV-05157,1810.99,2030.84,-1197.1,-12.6563
GV-05158,1893.47,2024.45,-1252.76,-12.8225
GV-05159,1913.87,2038.2,-1246.11,-12.5504
GV-05160,1968.76,2026.43,-1245.54,-12.7727
GV-05161,2021.74,2011.86,-1298.34,-12.8359
GV-05162,2085.42,2044.72,-1304.7,-12.7208
GV-05163,2135.88,2010.47,-1299.97,-12.7572
GV-05164,2194.78,2018.54,-1297.52,-12.7429
GV-05165,2205.88,2022.63,-1354.25,-12.8163
GV-05166,2284.84,2018.49,-1354.97,-12.7697
GV-05167,2327.85,2020.8,-1350.2,-12.8334
GV-05168,2361.13,2014.68,-1346.63,-12.6027
GV-05169,2432.32,2033.48,-1347.59,-12.639
GV-05170,2494.93,2031.45,-1349.07,-12.6558
GV-05171,2517.54,2023.56,-1299.67,-12.6334
GV-05172,2592.49,2043.82,-1250.56,-12.6642
GV-05173,2608.71,2044.51,-1204.86,-12.6518
GV-05174,2686.01,2028.66,-1145.9,-12.7058
GV-05175,2737.51,2024.57,-1103.41,-12.5441
GV-05176,2784.38,2018.88,-1004.84,-12.6796
GV-05177,2818.67,2029.07,-948.79,-12.5084
GV-05178,2885.98,2040.56,-903.46,-12.6879
GV-05179,2944.9,2009.0,-848.1,-12.6282
GV-05180,2964.99,2016.4,-796.15,-12.4074
GV-05181,3020.53,2036.4,-798.7,-12.4764
GV-05182,3055.27,2022.9,-801.4,-12.4228
GV-05183,3126.45,2044.46,-795.85,-12.4404
GV-05184,3182.26,2005.82,-798.67,-12.3906
GV-05185,3228.78,2022.75,-804.21,-12.3898
GV-05186,3270.09,2013.89,-798.01,-12.2325
GV-05187,3341.9,2037.06,-852.96,-12.3863
GV-05188,3369.88,2035.13,-849.77,-12.2105
GV-05189,3407.37,2020.82,-897.85,-12.3826
GV-05190,3471.35,2032.95,-952.2,-12.2277
GV-05191,3511.34,2010.46,-951.62,-12.2274
GV-05192,3593.43,2023.68,-1003.65,-12.0546
GV-05193,3639.05,2038.68,-1046.57,-12.1384
GV-05194,3691.61,2042.68,-1102.06,-12.0445
GV-05195,3711.46,2021.93,-1095.5,-11.9037
GV-05196,3763.87,2025.68,-1151.23,-12.0167
GV-05197,3809.33,2041.05,-1199.92,-11.9037
GV-05198,3885.76,2013.49,-1251.95,-11.9992
GV-05199,3905.39,2007.33,-1303.65,-11.9248
GV-05200,3969.65,2032.18,-1349.03,-11.8575
GV-05201,4041.22,2039.4,-1397.51,-11.8819
GV-05202,4073.1,2023.23,-1446.68,-11.7693
GV-05203,4131.16,2033.25,-1448.96,-11.7377
GV-05204,4162.62,2034.37,-1450.3,-11.7227
GV-05205,4214.23,2033.25,-1445.08,-11.5901
GV-05206,4289.9,2043.12,-1452.6,-11.4827
GV-05207,4336.35,2032.11,-1447.02,-11.7547
GV-05208,4382.44,2006.27,-1448.48,-11.5793
GV-05209,4444.29,2019.12,-1395.03,-11.532
GV-05210,4485.04,2025.84,-1398.8,-11.3293
GV-05211,4521.06,2032.38,-1401.11,-11.2704
GV-05212,4563.59,2043.75,-1400.35,-11.2436
GV-05213,4622.58,2007.77,-1345.75,-10.9918
GV-05214,4693.11,2035.9,-1350.05,-11.1917
GV-05215,4725.46,2037.27,-1352.37,-11.2256
GV-05216,4792.99,2044.8,-1304.19,-10.9376
GV-05217,4833.12,2035.97,-1299.35,-11.1392
GV-05218,4886.54,2012.51,-1245.01,-11.0391
GV-05219,4916.96,2038.0,-1250.01,-10.8578
GV-05220,4967.06,2026.72,-1202.02,-10.9475
GV-05221,5018.38,2015.14,-1197.26,-10.837
GV-05222,5083.89,2034.12,-1152.43,-10.7089
GV-05223,5111.46,2014.02,-1145.05,-10.8492
GV-05224,5184.23,2018.83,-1150.45,-10.5778
GV-05225,5234.55,2041.1,-1103.46,-10.758
GV-05226,5294.58,2027.7,-1095.05,-10.4394
GV-05227,5306.9,2029.25,-1053.47,-10.5077
GV-05228,5371.34,2022.63,-1054.56,-10.1225
GV-05229,5418.86,2028.89,-1045.6,-10.26
GV-05230,5470.92,2028.25,-1052.6,-10.1579
GV-05231,5527.44,2038.06,-1045.07,-9.7704
GV-05232,5593.33,2013.13,-1000.62,-9.7609
GV-05233,5606.07,2023.83,-1001.06,-9.7609
GV-05234,5674.4,2014.9,-999.17,-9.4969
GV-05235,5721.4,2006.85,-995.31,-9.4059
GV-05236,5775.03,2022.27,-1003.01,-9.1029
GV-05237,5823.83,2025.64,-1003.56,-8.9922
GV-05238,5887.44,2033.88,-995.0,-8.948
GV-05239,5918.0,2005.55,-1003.57,-8.6423
GV-05240,5958.07,2020.26,-1004.59,-8.4787
GV-05241,6030.42,2006.99,-1047.76,-8.26
GV-05242,6078.96,2017.46,-1052.54,-8.1086
GV-05243,6116.92,2008.08,-1053.04,-7.9618
GV-05244,6192.81,2030.79,-1048.99,-7.6634
GV-05245,6222.63,2011.47,-1050.92,-7.315
GV-05246,6257.47,2024.95,-1049.5,-7.2768
GV-05247,6315.2,2028.19,-1051.32,-6.8759
GV-05248,6356.88,2043.45,-1051.36,-6.6922
GV-05249,14.06,2087.46,-996.82,-10.1473
GV-05250,63.43,2072.29,-1001.87,-10.3115
GV-05251,108.41,2080.36,-998.92,-10.6331
GV-05252,161.64,2085.3,-997.14,-10.79
GV-05253,212.67,2082.18,-996.62,-10.9871
GV-05254,290.69,2067.53,-997.8,-11.1017
GV-05255,329.82,2088.17,-1003.81,-11.0909
GV-05256,357.25,2093.87,-997.89,-11.4189
GV-05257,415.42,2083.03,-999.75,-11.3355
GV-05258,493.66,2070.81,-1001.24,-11.5646
GV-05259,513.07,2062.56,-1003.67,-11.6344
GV-05260,558.2,2062.25,-1004.65,-11.7601
GV-05261,637.66,2087.83,-1002.97,-12.0811
GV-05262,676.59,2093.23,-1004.98,-12.2615
GV-05263,715.24,2092.8,-998.23,-11.9434
GV-05264,757.38,2082.85,-1000.33,-12.387
GV-05265,818.37,2080.13,-995.67,-12.447
GV-05266,866.41,2073.87,-996.12,-12.3259
GV-05267,934.55,2060.64,-998.96,-12.5256
GV-05268,970.42,2082.79,-997.45,-12.4265
GV-05269,1033.71,2078.15,-997.19,-12.499
GV-05270,1091.47,2085.67,-1001.4,-12.7133
GV-05271,1120.41,2077.85,-1049.44,-12.6218
GV-05272,1168.81,2087.35,-1053.92,-12.7452
GV-05273,1212.02,2091.0,-1047.87,-12.6542
GV-05274,1286.8,2064.83,-1045.27,-12.766
GV-05275,1341.27,2085.58,-1104.04,-12.5368
GV-05276,1391.03,2060.1,-1102.2,-12.8001
GV-05277,1410.49,2073.92,-1096.64,-12.759
GV-05278,1456.58,2057.82,-1096.3,-12.8437
GV-05279,1526.29,2084.08,-1150.91,-12.8431
GV-05280,1593.73,2063.69,-1147.45,-12.8023
GV-05281,1619.24,2082.84,-1146.39,-12.5816
GV-05282,1683.71,2068.37,-1204.63,-12.6871
GV-05283,1741.45,2080.79,-1202.61,-13.0048
GV-05284,1769.01,2077.74,-1197.01,-12.8071
GV-05285,1823.58,2071.47,-1248.92,-12.7953
GV-05286,1870.37,2092.76,-1253.29,-12.8131
GV-05287,1929.17,2080.7,-1254.21,-12.7522
GV-05288,1965.0,2067.6,-1295.22,-12.6489
GV-05289,2022.88,2078.26,-1297.55,-13.0169
GV-05290,2056.61,2087.6,-1299.68,-12.7763
GV-05291,2127.12,2072.65,-1302.54,-12.6891
GV-05292,2160.33,2063.34,-1351.66,-12.7079
GV-05293,2243.48,2092.15,-1354.84,-12.7331
GV-05294,2286.72,2062.52,-1350.16,-12.874
GV-05295,2307.99,2063.87,-1345.65,-12.7783
GV-05296,2383.57,2084.68,-1353.01,-12.9065
GV-05297,2429.78,2057.85,-1346.94,-12.8133
GV-05298,2492.36,2074.99,-1299.78,-12.7358
GV-05299,2523.11,2093.85,-1245.23,-12.7739
GV-05300,2559.99,2072.61,-1202.13,-12.8133
GV-05301,2620.41,2069.83,-1149.99,-12.7681
GV-05302,2676.21,2055.65,-1048.91,-12.5827
GV-05303,2725.83,2059.35,-1003.33,-12.5203
GV-05304,2765.55,2059.93,-945.33,-12.6687
GV-05305,2813.16,2089.05,-895.71,-12.6209
GV-05306,2885.1,2085.49,-849.39,-12.7565
GV-05307,2922.39,2066.58,-803.09,-12.8473
GV-05308,2989.16,2079.33,-800.92,-12.4728
GV-05309,3022.03,2088.07,-795.84,-12.5633
GV-05310,3072.33,2070.86,-801.0,-12.5109
GV-05311,3133.82,2092.74,-801.93,-12.5908
GV-05312,3182.03,2090.31,-802.48,-12.6364
GV-05313,3210.96,2092.15,-797.07,-12.4234
GV-05314,3279.79,2078.54,-852.91,-12.373
GV-05315,3343.14,2069.62,-853.08,-12.5012
GV-05316,3382.15,2061.31,-900.81,-12.4113
GV-05317,3406.02,2089.62,-946.25,-12.3691
GV-05318,3467.87,2077.63,-954.63,-12.3857
GV-05319,3520.17,2089.51,-997.88,-12.3991
GV-05320,3578.75,2082.83,-1048.36,-12.3889
GV-05321,3640.41,2078.2,-1095.13,-12.1727
GV-05322,3665.62,2078.33,-1148.62,-12.2891
GV-05323,3740.09,2079.38,-1204.42,-12.0863
GV-05324,3782.96,2080.76,-1199.73,-12.0931
GV-05325,3806.34,2094.94,-1247.23,-11.9918
GV-05326,3864.81,2077.26,-1298.41,-12.0423
GV-05327,3922.12,2065.83,-1354.95,-11.991
GV-05328,3958.13,2058.48,-1401.74,-11.8731
GV-05329,4034.86,2079.24,-1454.34,-11.8155
GV-05330,4094.88,2092.54,-1445.01,-11.7201
GV-05331,4127.07,2062.22,-1445.18,-11.7489
GV-05332,4194.76,2080.34,-1445.87,-11.7237
GV-05333,4226.93,2072.42,-1448.97,-11.6207
GV-05334,4293.35,2079.61,-1454.96,-11.6486
GV-05335,4334.69,2063.07,-1449.57,-11.7217
GV-05336,4375.18,2082.82,-1399.19,-11.6343
GV-05337,4409.73,2083.75,-1396.37,-11.6412
GV-05338,4491.29,2059.57,-1402.31,-11.5017
GV-05339,4523.7,2069.32,-1399.17,-11.456
GV-05340,4572.96,2061.63,-1404.28,-11.505
GV-05341,4615.98,2073.28,-1354.99,-11.3228
GV-05342,4657.71,2082.68,-1352.0,-11.2683
GV-05343,4724.84,2093.07,-1298.91,-11.4237
GV-05344,4786.14,2063.18,-1302.37,-11.3599
GV-05345,4823.98,2060.02,-1251.42,-11.2068
GV-05346,4867.16,2076.89,-1247.92,-11.2351
GV-05347,4933.17,2061.78,-1202.61,-11.138
GV-05348,4978.8,2072.22,-1196.4,-10.9645
GV-05349,5043.07,2057.48,-1153.44,-10.9188
GV-05350,5089.27,2057.1,-1149.29,-11.0648
GV-05351,5122.27,2079.28,-1149.62,-10.7988
GV-05352,5181.2,2059.32,-1098.4,-10.7108
GV-05353,5234.54,2079.95,-1096.72,-10.6085
GV-05354,5285.54,2058.02,-1054.86,-10.5948
GV-05355,5329.73,2078.49,-1054.68,-10.616
GV-05356,5369.89,2058.47,-1045.09,-10.4469
GV-05357,5437.8,2072.0,-1047.05,-10.2538
GV-05358,5460.7,2086.24,-998.29,-10.309
GV-05359,5516.46,2079.25,-1000.25,-10.1105
GV-05360,5573.19,2064.74,-995.65,-9.9451
GV-05361,5643.79,2075.23,-1000.42,-9.9097
GV-05362,5677.34,2055.47,-1001.19,-9.6558
GV-05363,5720.57,2066.31,-995.24,-9.4301
GV-05364,5766.8,2091.27,-996.05,-9.2285
GV-05365,5821.24,2076.23,-1000.04,-9.0617
GV-05366,5894.31,2093.42,-996.02,-8.8345
GV-05367,5941.85,2074.37,-996.13,-8.8053
GV-05368,5961.71,2061.38,-1004.75,-8.7369
GV-05369,6042.69,2077.74,-1000.1,-8.4752
GV-05370,6088.51,2071.29,-1050.14,-8.151
GV-05371,6119.18,2087.42,-1054.61,-7.9193
GV-05372,6155.43,2091.6,-1045.9,-7.815
GV-05373,6227.4,2066.72,-1051.64,-7.5723
GV-05374,6282.45,2080.0,-1047.19,-7.3078
GV-05375,6332.68,2089.81,-1046.16,-7.0887
GV-05376,6366.96,2067.95,-1048.33,-6.8896
GV-05377,25.07,2124.69,-997.68,-10.3873
GV-05378,87.12,2126.69,-1004.49,-10.178
GV-05379,139.66,2106.79,-998.03,-10.7599
GV-05380,186.75,2108.03,-998.45,-10.7657
GV-05381,235.63,2140.51,-1000.69,-10.9337
GV-05382,288.38,2135.78,-1002.89,-11.1377
GV-05383,319.28,2110.24,-1003.92,-11.1596
GV-05384,393.28,2118.33,-1004.42,-11.2186
GV-05385,416.73,2125.88,-1000.98,-11.6112
GV-05386,477.07,2138.26,-1004.13,-11.5523
GV-05387,517.84,2127.88,-1004.01,-11.7572
GV-05388,577.12,2129.35,-999.65,-11.6762
GV-05389,611.37,2142.51,-998.07,-11.9229
GV-05390,690.11,2141.87,-1003.02,-12.1279
GV-05391,717.55,2144.18,-1003.33,-12.2814
GV-05392,767.85,2129.82,-1000.86,-12.0552
GV-05393,835.21,2142.51,-995.69,-12.3425
GV-05394,865.85,2113.87,-1002.19,-12.3012
GV-05395,943.39,2123.43,-1001.42,-12.4875
GV-05396,970.37,2120.72,-1000.19,-12.4738
GV-05397,1028.3,2142.58,-1001.7,-12.6091
GV-05398,1064.32,2137.93,-1054.39,-12.6113
GV-05399,1135.66,2130.1,-1054.14,-12.6982
GV-05400,1179.82,2113.82,-1053.45,-12.7876
GV-05401,1210.57,2127.0,-1054.87,-12.7195
GV-05402,1260.94,2112.37,-1102.31,-12.7136
GV-05403,1320.46,2113.26,-1098.51,-13.0042
GV-05404,1383.67,2123.26,-1096.52,-12.8229
GV-05405,1432.68,2138.04,-1104.36,-12.8394
GV-05406,1463.78,2127.88,-1146.62,-12.8542
GV-05407,1534.46,2116.01,-1147.79,-12.9302
GV-05408,1572.12,2115.57,-1147.85,-12.6941
GV-05409,1608.33,2127.7,-1203.65,-12.8582
GV-05410,1674.72,2116.1,-1204.27,-12.9194
GV-05411,1716.74,2140.75,-1197.23,-12.6964
GV-05412,1790.78,2129.94,-1253.95,-12.902
GV-05413,1820.1,2130.38,-1252.84,-12.77
GV-05414,1891.66,2141.17,-1251.81,-12.6673
GV-05415,1921.67,2106.51,-1297.26,-12.8655
GV-05416,1965.84,2128.76,-1298.86,-13.058
GV-05417,2018.3,2139.54,-1303.43,-12.7858
GV-05418,2077.97,2116.8,-1304.12,-12.6422
GV-05419,2143.96,2137.91,-1353.31,-12.9064
GV-05420,2183.44,2134.04,-1347.79,-12.7881
GV-05421,2233.13,2139.97,-1353.57,-12.8428
GV-05422,2281.05,2137.13,-1354.87,-13.0456
GV-05423,2312.46,2134.72,-1346.1,-12.7457
GV-05424,2371.29,2142.2,-1352.96,-12.9452
GV-05425,2436.69,2140.93,-1298.52,-12.8883
GV-05426,2484.46,2106.22,-1247.45,-12.7329
GV-05427,2529.95,2127.82,-1199.18,-12.8272
GV-05428,2575.52,2135.92,-1096.01,-12.7118
GV-05429,2642.51,2135.58,-1051.99,-12.734
GV-05430,2655.42,2124.73,-1000.22,-12.731
GV-05431,2720.92,2106.27,-900.82,-12.8355
GV-05432,2774.47,2120.68,-851.73,-12.6686
GV-05433,2812.21,2126.3,-852.98,-12.7727
GV-05434,2893.16,2143.74,-796.75,-12.6699
GV-05435,2909.44,2111.18,-797.68,-12.695
GV-05436,2972.68,2132.23,-799.29,-12.5832
GV-05437,3012.5,2138.19,-800.68,-12.5235
GV-05438,3090.99,2137.95,-801.98,-12.6245
GV-05439,3109.79,2118.35,-801.71,-12.5663
GV-05440,3187.06,2139.57,-853.6,-12.5582
GV-05441,3219.66,2113.24,-845.93,-12.5672
GV-05442,3282.12,2122.89,-899.33,-12.6002
GV-05443,3323.16,2132.2,-903.25,-12.4235
GV-05444,3385.86,2144.18,-946.84,-12.3057
GV-05445,3425.18,2113.63,-997.06,-12.3479
GV-05446,3455.43,2144.34,-997.25,-12.4
GV-05447,3544.92,2113.72,-1050.32,-12.1582
GV-05448,3588.94,2144.94,-1096.69,-12.3593
GV-05449,3632.5,2120.56,-1145.51,-12.4319
GV-05450,3684.08,2143.93,-1196.1,-12.1383
GV-05451,3713.94,2127.36,-1246.2,-12.2386
GV-05452,3772.14,2134.15,-1297.45,-12.2486
GV-05453,3839.79,2121.17,-1347.23,-12.0607
GV-05454,3867.34,2123.25,-1346.97,-12.0001
GV-05455,3906.12,2125.93,-1403.01,-12.0825
GV-05456,3978.49,2144.0,-1445.44,-11.9749
GV-05457,4023.58,2126.55,-1445.9,-12.0311
GV-05458,4070.93,2132.73,-1448.86,-12.1112
GV-05459,4122.65,2105.82,-1453.25,-11.9484
GV-05460,4175.22,2123.63,-1453.35,-11.7491
GV-05461,4219.63,2133.36,-1449.1,-11.7344
GV-05462,4270.71,2111.33,-1454.87,-11.6961
GV-05463,4340.02,2109.5,-1453.85,-11.5469
GV-05464,4389.21,2135.87,-1395.06,-11.728
GV-05465,4405.45,2110.38,-1395.17,-11.6453
GV-05466,4459.41,2130.56,-1400.02,-11.6246
GV-05467,4542.62,2142.24,-1402.83,-11.5793
GV-05468,4585.25,2109.23,-1348.23,-11.4275
GV-05469,4623.13,2123.32,-1351.88,-11.4221
GV-05470,4673.01,2122.26,-1297.6,-11.4908
GV-05471,4725.4,2119.23,-1295.26,-11.4808
GV-05472,4783.83,2125.11,-1301.8,-11.3688
GV-05473,4824.8,2105.42,-1253.84,-11.2862
GV-05474,4879.99,2138.49,-1246.06,-11.2265
GV-05475,4905.66,2107.66,-1195.47,-11.2043
GV-05476,4970.94,2132.06,-1201.93,-11.2107
GV-05477,5013.77,2142.61,-1151.2,-11.0514
GV-05478,5092.26,2137.87,-1150.49,-11.0948
GV-05479,5132.28,2134.09,-1104.91,-10.8594
GV-05480,5166.42,2128.05,-1103.76,-10.9107
GV-05481,5242.13,2119.59,-1050.88,-10.9978
GV-05482,5259.48,2119.46,-1045.11,-10.9155
GV-05483,5315.45,2124.91,-1046.89,-10.8242
GV-05484,5375.02,2140.48,-1047.23,-10.5882
GV-05485,5433.23,2139.33,-995.19,-10.2612
GV-05486,5484.48,2134.23,-998.61,-10.3264
GV-05487,5514.82,2109.13,-1003.0,-10.156
GV-05488,5557.4,2116.9,-1003.59,-10.0635
GV-05489,5613.84,2138.88,-1004.17,-9.946
GV-05490,5669.15,2110.0,-999.53,-9.7454
GV-05491,5733.88,2111.9,-1001.18,-9.4856
GV-05492,5763.6,2140.21,-997.22,-9.4997
GV-05493,5839.24,2118.73,-997.94,-9.1421
GV-05494,5855.88,2142.73,-1003.02,-9.1332
GV-05495,5939.17,2118.26,-995.71,-8.6984
GV-05496,5959.85,2108.27,-1001.02,-8.6778
GV-05497,6041.92,2126.93,-1000.61,-8.251
GV-05498,6074.24,2144.48,-995.7,-8.2443
GV-05499,6133.95,2107.23,-999.18,-8.0883
GV-05500,6161.28,2140.39,-1053.65,-7.8612
GV-05501,6221.81,2139.58,-1046.83,-7.5242
GV-05502,6291.39,2130.32,-1003.62,-7.4032
GV-05503,6341.09,2122.27,-1004.64,-6.9534
GV-05504,6358.23,2119.41,-1002.76,-6.874
GV-05505,28.63,2191.86,-1004.66,-10.3004
GV-05506,90.91,2179.4,-997.34,-10.5537
GV-05507,128.8,2182.35,-995.34,-10.4958
GV-05508,180.67,2171.32,-996.69,-10.6762
GV-05509,225.99,2188.95,-995.18,-10.8774
GV-05510,268.71,2171.06,-998.88,-11.0233
GV-05511,328.96,2188.49,-996.52,-11.0986
GV-05512,375.46,2177.94,-1000.63,-11.4626
GV-05513,432.05,2171.7,-1000.52,-11.6535
GV-05514,489.15,2168.25,-996.53,-11.6279
GV-05515,509.32,2186.16,-1001.82,-11.7001
GV-05516,571.05,2173.86,-999.42,-11.7123
GV-05517,610.8,2193.98,-998.47,-11.9478
GV-05518,658.62,2193.52,-999.98,-12.1936
GV-05519,712.35,2159.88,-1004.87,-12.1785
GV-05520,791.17,2186.46,-998.83,-12.1829
GV-05521,837.61,2161.01,-1004.92,-12.295
GV-05522,876.81,2170.77,-1002.14,-12.316
GV-05523,910.87,2179.53,-1004.34,-12.4051
GV-05524,985.61,2193.92,-1004.52,-12.6386
GV-05525,1025.45,2188.02,-1052.77,-12.701
GV-05526,1085.03,2155.87,-1050.42,-12.5007
GV-05527,1143.81,2184.85,-1053.58,-12.7212
GV-05528,1173.39,2194.34,-1047.61,-12.7174
GV-05529,1229.2,2178.31,-1096.83,-12.5655
GV-05530,1273.04,2180.29,-1104.41,-12.8253
GV-05531,1318.14,2166.33,-1099.61,-12.8215
GV-05532,1389.93,2161.45,-1096.98,-12.7171
GV-05533,1426.13,2190.42,-1147.74,-12.793
GV-05534,1472.28,2182.71,-1145.38,-12.7388
GV-05535,1511.2,2172.94,-1150.82,-12.7719
GV-05536,1584.01,2163.72,-1202.0,-12.9088
GV-05537,1616.98,2171.67,-1201.9,-13.055
GV-05538,1662.04,2166.13,-1196.97,-12.5519
GV-05539,1718.64,2159.55,-1251.55,-12.9405
GV-05540,1794.11,2190.18,-1251.14,-12.7646
GV-05541,1826.31,2161.34,-1251.43,-13.0703
GV-05542,1885.64,2186.74,-1297.59,-12.7996
GV-05543,1935.5,2179.96,-1299.51,-12.8296
GV-05544,1964.82,2167.88,-1298.83,-12.8971
GV-05545,2008.42,2165.46,-1302.33,-12.7591
GV-05546,2063.12,2193.79,-1351.98,-13.0156
GV-05547,2120.4,2177.78,-1345.98,-13.0305
GV-05548,2174.64,2184.27,-1354.97,-12.9259
GV-05549,2235.4,2189.22,-1353.06,-12.9122
GV-05550,2277.36,2189.88,-1350.26,-12.8799
GV-05551,2329.29,2192.86,-1346.66,-12.9586
GV-05552,2387.25,2188.89,-1301.84,-12.8964
GV-05553,2438.91,2172.06,-1252.89,-12.6725
GV-05554,2471.03,2185.56,-1153.9,-12.9295
GV-05555,2515.29,2180.35,-1098.68,-12.7678
GV-05556,2594.47,2194.56,-1047.5,-12.6199
GV-05557,2631.46,2156.97,-949.46,-12.8906
GV-05558,2678.06,2181.19,-902.63,-12.9457
GV-05559,2721.08,2174.01,-854.67,-12.7015
GV-05560,2770.22,2162.76,-803.8,-12.6438
GV-05561,2835.27,2157.74,-799.78,-12.9152
GV-05562,2879.9,2164.09,-801.21,-12.7439
GV-05563,2913.78,2182.36,-803.92,-12.6419
GV-05564,2967.43,2192.0,-802.47,-12.6616
GV-05565,3018.61,2155.71,-797.89,-12.7547
GV-05566,3065.72,2176.86,-799.83,-12.6452
GV-05567,3131.34,2193.76,-846.76,-12.6131
GV-05568,3158.69,2168.83,-852.95,-12.7326
GV-05569,3234.66,2169.07,-900.52,-12.6512
GV-05570,3274.49,2183.37,-898.69,-12.5004
GV-05571,3341.48,2181.68,-952.24,-12.4613
GV-05572,3382.77,2161.69,-998.21,-12.515
GV-05573,3433.58,2166.91,-1045.23,-12.3945
GV-05574,3490.27,2169.13,-1052.4,-12.5043
GV-05575,3505.57,2167.56,-1095.15,-12.3413
GV-05576,3560.99,2189.74,-1154.5,-12.3683
GV-05577,3642.81,2171.27,-1198.38,-12.2916
GV-05578,3688.68,2177.81,-1253.9,-12.2847
GV-05579,3735.63,2175.38,-1299.93,-12.1581
GV-05580,3755.16,2191.01,-1354.45,-12.2404
GV-05581,3842.06,2176.68,-1395.11,-12.0855
GV-05582,3867.8,2161.22,-1452.74,-12.0881
GV-05583,3906.49,2187.27,-1454.51,-12.0679
GV-05584,3993.5,2189.97,-1446.17,-12.0633
GV-05585,4020.68,2173.1,-1447.21,-11.9495
GV-05586,4091.33,2156.39,-1445.28,-12.082
GV-05587,4113.43,2192.23,-1452.19,-11.9437
GV-05588,4176.24,2187.65,-1448.3,-11.9602
GV-05589,4227.55,2194.53,-1449.25,-11.721
GV-05590,4277.27,2161.77,-1450.41,-11.8903
GV-05591,4332.36,2172.65,-1404.55,-11.698
GV-05592,4373.2,2164.08,-1402.29,-11.7756
GV-05593,4412.01,2193.53,-1399.18,-11.9644
GV-05594,4461.96,2166.86,-1398.45,-11.5494
GV-05595,4507.67,2184.31,-1350.5,-11.6072
GV-05596,4588.74,2182.1,-1354.48,-11.6597
GV-05597,4616.54,2191.59,-1348.27,-11.5544
GV-05598,4673.03,2158.93,-1295.34,-11.6008
GV-05599,4727.53,2192.31,-1299.48,-11.4681
GV-05600,4773.73,2156.73,-1254.87,-11.4902
GV-05601,4809.12,2157.27,-1253.4,-11.3446
GV-05602,4875.08,2182.38,-1197.35,-11.3719
GV-05603,4923.24,2169.31,-1201.67,-11.0341
GV-05604,4966.91,2184.86,-1148.3,-11.353
GV-05605,5021.19,2179.11,-1145.83,-11.202
GV-05606,5072.41,2157.25,-1098.1,-10.9935
GV-05607,5137.46,2168.88,-1103.88,-11.2223
GV-05608,5179.48,2165.08,-1051.28,-10.9822
GV-05609,5223.2,2193.23,-1054.95,-11.06
GV-05610,5290.38,2192.17,-1048.76,-10.8361
GV-05611,5325.93,2170.83,-1048.95,-10.5886
GV-05612,5384.61,2194.72,-998.03,-10.5546
GV-05613,5417.39,2166.64,-1004.15,-10.4291
GV-05614,5473.48,2160.94,-996.51,-10.4399
GV-05615,5510.5,2172.91,-997.03,-10.2143
GV-05616,5576.55,2159.47,-997.0,-10.1524
GV-05617,5608.57,2193.5,-1004.03,-10.0985
GV-05618,5680.75,2157.49,-1001.37,-9.8915
GV-05619,5718.81,2169.75,-997.83,-9.7819
GV-05620,5793.7,2178.19,-1000.88,-9.567
GV-05621,5813.66,2185.64,-1001.85,-9.2971
GV-05622,5858.9,2190.58,-1003.15,-9.1395
GV-05623,5941.47,2167.65,-997.53,-8.9218
GV-05624,5956.85,2170.03,-997.04,-8.7614
GV-05625,6022.8,2185.83,-995.12,-8.5791
GV-05626,6090.96,2191.09,-999.66,-8.3135
GV-05627,6144.02,2179.51,-1002.85,-7.9545
GV-05628,6186.14,2193.08,-1001.67,-7.8787
GV-05629,6236.35,2167.4,-996.01,-7.6248
GV-05630,6281.32,2168.44,-997.26,-7.3533
GV-05631,6331.23,2169.23,-995.93,-7.0121
GV-05632,6363.76,2184.23,-995.49,-6.8159
GV-05633,21.22,2224.47,-997.45,-10.3353
GV-05634,64.67,2220.82,-1001.83,-10.5558
GV-05635,112.16,2231.68,-996.1,-10.698
GV-05636,177.19,2221.32,-1003.01,-10.8278
GV-05637,233.23,2242.09,-997.35,-11.0273
GV-05638,259.37,2240.07,-1002.98,-11.1218
GV-05639,319.45,2234.93,-997.14,-11.1587
GV-05640,365.21,2224.65,-1004.94,-11.4377
GV-05641,419.59,2235.83,-999.88,-11.4493
GV-05642,483.16,2223.53,-1000.21,-11.6651
GV-05643,530.71,2220.67,-996.65,-11.824
GV-05644,556.54,2208.77,-1001.67,-11.8483
GV-05645,633.77,2237.98,-1003.85,-11.9064
GV-05646,679.1,2244.2,-998.91,-12.1694
GV-05647,725.03,2241.74,-1004.03,-12.2067
GV-05648,761.67,2217.52,-1000.46,-12.1649
GV-05649,825.59,2205.22,-1000.46,-12.3536
GV-05650,874.91,2238.08,-996.37,-12.3993
GV-05651,913.85,2217.96,-996.45,-12.4455
GV-05652,981.66,2207.68,-1045.63,-12.5552
GV-05653,1040.31,2218.71,-1052.17,-12.5992
GV-05654,1061.03,2224.0,-1053.36,-12.5981
GV-05655,1130.27,2227.5,-1049.94,-12.7162
GV-05656,1157.03,2208.11,-1096.31,-12.7771
GV-05657,1216.83,2243.4,-1104.15,-12.8918
GV-05658,1262.43,2234.35,-1095.49,-12.7589
GV-05659,1335.74,2209.98,-1097.54,-12.7042
GV-05660,1387.55,2228.72,-1150.27,-12.8339
GV-05661,1425.11,2230.1,-1154.21,-12.7591
GV-05662,1463.35,2213.69,-1151.52,-12.8532
GV-05663,1523.25,2226.22,-1202.03,-12.9117
GV-05664,1557.53,2244.68,-1204.21,-12.6586
GV-05665,1620.1,2237.63,-1254.09,-12.9547
GV-05666,1670.92,2211.41,-1252.8,-13.0036
GV-05667,1708.33,2241.99,-1252.88,-13.0818
GV-05668,1774.75,2215.02,-1247.77,-13.0052
GV-05669,1816.03,2240.46,-1297.4,-12.8135
GV-05670,1868.29,2242.12,-1297.24,-12.9404
GV-05671,1905.83,2223.14,-1295.47,-13.0154
GV-05672,1960.56,2207.7,-1299.05,-12.9026
GV-05673,2035.57,2232.74,-1354.94,-12.9883
GV-05674,2078.27,2228.74,-1348.15,-12.8071
GV-05675,2133.31,2242.59,-1351.62,-12.9465
GV-05676,2173.6,2218.24,-1353.98,-12.9683
GV-05677,2215.24,2205.86,-1353.45,-12.8895
GV-05678,2255.44,2234.91,-1351.15,-12.856
GV-05679,2334.64,2227.44,-1301.11,-13.0057
GV-05680,2392.69,2234.12,-1202.93,-12.8702
GV-05681,2414.32,2226.25,-1149.74,-13.0891
GV-05682,2466.64,2222.59,-1097.53,-12.9262
GV-05683,2530.23,2210.36,-1002.37,-12.8884
GV-05684,2565.89,2232.52,-951.34,-12.9038
GV-05685,2623.93,2243.23,-902.23,-12.9569
GV-05686,2685.32,2209.91,-846.98,-13.0406
GV-05687,2712.78,2235.38,-798.39,-12.9705
GV-05688,2793.48,2232.49,-801.35,-12.8444
GV-05689,2821.47,2218.38,-802.42,-12.9666
GV-05690,2890.78,2208.82,-800.08,-12.8965
GV-05691,2944.03,2210.87,-804.04,-12.8737
GV-05692,2966.42,2217.39,-804.78,-12.9656
GV-05693,3012.41,2211.38,-804.33,-12.5674
GV-05694,3061.01,2239.67,-852.41,-12.8902
GV-05695,3106.97,2234.39,-854.67,-12.8887
GV-05696,3158.75,2231.35,-903.79,-12.8109
GV-05697,3238.47,2241.92,-951.05,-12.7405
GV-05698,3255.11,2212.88,-946.24,-12.6199
GV-05699,3328.62,2211.74,-995.03,-12.5156
GV-05700,3379.6,2243.19,-1045.45,-12.4288
GV-05701,3432.83,2205.66,-1102.03,-12.5982
GV-05702,3494.32,2222.81,-1152.66,-12.5948
GV-05703,3529.52,2208.35,-1145.81,-12.3998
GV-05704,3565.16,2223.53,-1202.33,-12.3223
GV-05705,3614.5,2232.95,-1249.75,-12.3177
GV-05706,3680.15,2210.34,-1300.84,-12.3442
GV-05707,3708.13,2242.92,-1353.72,-12.3208
GV-05708,3757.22,2228.79,-1397.83,-12.1095
GV-05709,3844.16,2214.7,-1451.06,-12.2642
GV-05710,3892.32,2222.99,-1452.99,-12.1073
GV-05711,3920.57,2212.68,-1451.0,-12.2864
GV-05712,3964.48,2236.41,-1445.24,-11.959
GV-05713,4030.83,2221.33,-1449.11,-11.9602
GV-05714,4084.5,2219.3,-1445.1,-11.9122
GV-05715,4135.38,2244.49,-1452.35,-11.9336
GV-05716,4156.72,2240.97,-1450.87,-11.9994
GV-05717,4233.79,2212.39,-1448.69,-11.8498
GV-05718,4283.11,2212.34,-1399.83,-11.857
GV-05719,4310.76,2227.82,-1398.91,-11.9187
GV-05720,4378.17,2230.58,-1404.04,-11.6792
GV-05721,4425.78,2229.17,-1395.4,-11.8975
GV-05722,4464.95,2207.76,-1354.06,-11.9679
GV-05723,4510.68,2243.57,-1351.93,-11.7403
GV-05724,4560.72,2238.3,-1352.4,-11.7015
GV-05725,4617.37,2228.07,-1299.67,-11.6453
GV-05726,4680.3,2207.63,-1302.24,-11.4695
GV-05727,4727.19,2243.25,-1252.61,-11.483
GV-05728,4782.01,2244.4,-1251.39,-11.4958
GV-05729,4815.4,2206.79,-1202.32,-11.3942
GV-05730,4888.54,2227.12,-1195.98,-11.4985
GV-05731,4920.17,2242.75,-1152.72,-11.4
GV-05732,4958.8,2219.45,-1147.72,-11.2402
GV-05733,5027.02,2222.37,-1095.29,-11.3479
GV-05734,5072.74,2215.57,-1099.48,-11.2571
GV-05735,5112.61,2207.99,-1054.98,-11.1158
GV-05736,5163.89,2238.47,-1050.81,-10.9522
GV-05737,5240.48,2209.33,-1047.65,-10.7893
GV-05738,5281.91,2214.73,-1045.31,-10.7698
GV-05739,5333.9,2242.53,-997.11,-10.6905
GV-05740,5378.46,2209.09,-997.83,-10.6067
GV-05741,5412.93,2231.24,-1004.28,-10.6069
GV-05742,5474.41,2242.66,-1002.25,-10.4586
GV-05743,5522.35,2214.29,-996.52,-10.2838
GV-05744,5565.81,2225.45,-1004.24,-10.0741
GV-05745,5639.37,2244.07,-1000.98,-10.0272
GV-05746,5686.6,2210.93,-999.17,-9.9054
GV-05747,5719.54,2226.17,-998.15,-9.7114
GV-05748,5772.02,2244.33,-1001.21,-9.4752
GV-05749,5830.78,2232.09,-995.52,-9.3046
GV-05750,5873.44,2234.79,-1002.25,-9.3724
GV-05751,5940.39,2220.31,-996.43,-8.9258
GV-05752,5973.05,2230.56,-1004.06,-8.8908
GV-05753,6021.89,2222.38,-996.45,-8.7563
GV-05754,6069.86,2229.61,-999.57,-8.4638
GV-05755,6107.52,2224.8,-1002.02,-8.3065
GV-05756,6167.78,2218.47,-995.27,-8.1306
GV-05757,6229.22,2228.94,-1001.35,-7.6422
GV-05758,6269.57,2215.03,-1003.45,-7.3014
GV-05759,6342.18,2231.06,-998.08,-7.3428
GV-05760,6393.53,2207.15,-1001.46,-6.9919
GV-05761,14.19,2260.56,-996.57,-10.2258
GV-05762,56.15,2257.02,-997.55,-10.5421
GV-05763,129.61,2280.18,-1000.86,-10.5806
GV-05764,182.66,2292.88,-1002.08,-10.741
GV-05765,209.32,2273.69,-1004.04,-10.9714
GV-05766,289.52,2261.45,-1000.24,-11.0468
GV-05767,338.16,2290.76,-995.73,-11.1589
GV-05768,393.6,2293.37,-995.79,-11.408
GV-05769,430.44,2258.43,-1001.93,-11.3168
GV-05770,468.79,2284.91,-998.65,-11.6813
GV-05771,537.06,2265.93,-996.52,-11.7716
GV-05772,567.06,2279.89,-1004.77,-11.8201
GV-05773,625.31,2272.25,-997.57,-12.0728
GV-05774,678.04,2293.06,-998.43,-12.032
GV-05775,735.05,2282.21,-995.36,-12.0646
GV-05776,786.92,2258.8,-996.45,-12.3064
GV-05777,807.4,2292.1,-1004.65,-12.3036
GV-05778,875.12,2270.61,-1003.62,-12.3901
GV-05779,912.13,2288.65,-1048.75,-12.3185
GV-05780,993.7,2256.02,-1052.11,-12.5348
GV-05781,1031.8,2280.11,-1045.2,-12.7015
GV-05782,1063.37,2259.43,-1051.21,-12.7781
GV-05783,1113.75,2278.01,-1097.22,-12.6874
GV-05784,1175.61,2279.62,-1100.79,-12.6191
GV-05785,1215.58,2271.63,-1101.28,-12.8403
GV-05786,1276.07,2290.3,-1100.12,-12.5882
GV-05787,1306.63,2255.92,-1146.6,-12.9455
GV-05788,1377.9,2276.68,-1148.77,-12.7992
GV-05789,1431.96,2256.51,-1148.73,-12.8783
GV-05790,1463.16,2292.37,-1197.06,-12.7351
GV-05791,1514.77,2267.07,-1195.02,-12.8696
GV-05792,1561.82,2286.9,-1249.11,-12.8919
GV-05793,1615.02,2265.94,-1250.96,-12.9641
GV-05794,1680.16,2282.46,-1246.21,-12.8933
GV-05795,1732.72,2274.78,-1246.91,-12.9994
GV-05796,1759.63,2276.71,-1295.93,-12.7769
GV-05797,1812.35,2284.8,-1295.74,-13.0501
GV-05798,1882.2,2264.67,-1301.21,-12.9804
GV-05799,1926.88,2259.9,-1353.47,-12.9312
GV-05800,1982.69,2267.95,-1353.34,-12.8895
GV-05801,2034.91,2267.53,-1352.92,-12.9842
GV-05802,2065.81,2266.35,-1351.94,-12.931
GV-05803,2137.3,2286.94,-1346.84,-12.8523
GV-05804,2177.52,2290.49,-1352.33,-13.0831
GV-05805,2244.75,2270.15,-1303.23,-12.9831
GV-05806,2260.04,2277.12,-1253.97,-13.0127
GV-05807,2306.31,2290.34,-1199.71,-13.0984
GV-05808,2370.47,2287.61,-1153.67,-12.888
GV-05809,2424.48,2265.18,-1096.82,-12.9925
GV-05810,2493.59,2257.45,-998.27,-13.1071
GV-05811,2527.2,2286.49,-949.67,-13.0948
GV-05812,2561.03,2289.56,-901.07,-12.932
GV-05813,2642.86,2267.62,-849.31,-12.9526
GV-05814,2673.23,2291.19,-795.12,-12.9087
GV-05815,2705.08,2274.53,-799.12,-12.8828
GV-05816,2759.7,2265.05,-799.65,-12.8899
GV-05817,2839.77,2290.93,-799.56,-12.9332
GV-05818,2855.25,2276.03,-797.67,-12.7709
GV-05819,2914.24,2276.28,-804.64,-12.8727
GV-05820,2989.9,2257.52,-797.27,-12.9312
GV-05821,3028.82,2276.92,-850.9,-12.8042
GV-05822,3094.1,2274.53,-898.97,-12.7994
GV-05823,3119.16,2262.56,-904.7,-12.682
GV-05824,3191.98,2269.12,-952.35,-12.7773
GV-05825,3217.87,2259.19,-1004.94,-12.7057
GV-05826,3255.29,2259.94,-996.72,-12.6485
GV-05827,3309.68,2260.1,-1045.3,-12.6249
GV-05828,3369.54,2290.68,-1103.5,-12.5095
GV-05829,3405.66,2294.47,-1153.14,-12.5886
GV-05830,3492.63,2279.51,-1202.5,-12.3822
GV-05831,3511.25,2294.86,-1253.24,-12.5677
GV-05832,3562.39,2276.35,-1252.87,-12.7057
GV-05833,3631.8,2294.63,-1303.97,-12.407
GV-05834,3665.09,2280.87,-1348.11,-12.3489
GV-05835,3742.18,2294.57,-1397.51,-12.3814
GV-05836,3785.16,2293.91,-1445.27,-12.1225
GV-05837,3811.0,2271.84,-1452.43,-12.0847
GV-05838,3889.29,2258.38,-1452.34,-12.2951
GV-05839,3930.22,2288.39,-1448.84,-12.0828
GV-05840,3983.96,2273.29,-1447.09,-12.1627
GV-05841,4018.4,2265.08,-1449.54,-12.0548
GV-05842,4088.5,2271.69,-1452.71,-12.063
GV-05843,4120.82,2293.66,-1447.18,-11.8392
GV-05844,4168.84,2274.13,-1447.07,-11.9851
GV-05845,4218.33,2265.41,-1450.56,-11.8799
GV-05846,4278.98,2269.84,-1400.46,-11.9317
GV-05847,4325.48,2273.08,-1400.8,-11.8807
GV-05848,4362.17,2265.87,-1399.47,-11.881
GV-05849,4431.31,2271.09,-1354.51,-11.9848
GV-05850,4470.64,2294.88,-1347.79,-11.935
GV-05851,4536.25,2286.28,-1346.14,-11.6317
GV-05852,4574.04,2294.53,-1296.9,-11.7055
GV-05853,4631.61,2286.24,-1304.69,-11.7181
GV-05854,4666.78,2261.78,-1248.42,-11.6529
GV-05855,4717.5,2292.26,-1247.2,-11.6421
GV-05856,4790.24,2277.8,-1200.06,-11.7857
GV-05857,4805.47,2260.34,-1202.38,-11.5746
GV-05858,4886.05,2267.98,-1147.37,-11.6042
GV-05859,4905.43,2290.18,-1151.37,-11.5524
GV-05860,4975.44,2257.49,-1103.37,-11.5284
GV-05861,5016.95,2264.62,-1098.08,-11.2915
GV-05862,5057.26,2256.65,-1050.87,-11.3031
GV-05863,5129.95,2287.82,-1054.6,-11.1918
GV-05864,5173.18,2282.64,-1050.12,-11.0487
GV-05865,5213.37,2283.65,-995.91,-11.1488
GV-05866,5262.82,2289.94,-1002.73,-10.8971
GV-05867,5336.6,2284.06,-995.88,-10.8037
GV-05868,5357.08,2277.63,-1004.2,-10.7851
GV-05869,5423.98,2262.31,-1003.63,-10.8002
GV-05870,5485.99,2270.56,-995.55,-10.6374
GV-05871,5508.49,2260.01,-997.16,-10.4716
GV-05872,5558.45,2258.55,-996.85,-10.3638
GV-05873,5635.62,2274.45,-997.47,-10.1306
GV-05874,5679.51,2288.5,-999.81,-9.9153
GV-05875,5713.01,2255.15,-1001.93,-9.8811
GV-05876,5761.59,2288.68,-996.57,-9.669
GV-05877,5838.73,2265.5,-999.89,-9.4147
GV-05878,5871.88,2290.65,-999.4,-9.2462
GV-05879,5934.43,2260.43,-1002.32,-9.1028
GV-05880,5958.77,2277.93,-997.21,-8.9714
GV-05881,6027.67,2257.99,-1000.16,-8.7065
GV-05882,6064.49,2284.55,-1004.8,-8.4933
GV-05883,6129.46,2292.02,-999.8,-8.1519
GV-05884,6172.35,2272.29,-1000.58,-7.9582
GV-05885,6241.01,2293.07,-996.64,-7.8456
GV-05886,6260.85,2275.41,-997.03,-7.4933
GV-05887,6308.64,2262.26,-996.27,-7.0947
GV-05888,6368.07,2264.4,-997.68,-7.0407
GV-05889,13.1,2335.3,-1000.99,-10.2611
GV-05890,66.68,2332.77,-996.52,-10.4127
GV-05891,114.76,2318.45,-996.63,-10.686
GV-05892,172.62,2308.41,-997.34,-10.8099
GV-05893,209.24,2322.78,-996.4,-10.9662
GV-05894,259.07,2331.85,-998.84,-11.1286
GV-05895,341.9,2318.91,-997.53,-11.2665
GV-05896,378.94,2323.46,-1000.63,-11.2268
GV-05897,414.63,2323.74,-995.55,-11.493
GV-05898,487.22,2306.94,-1002.12,-11.7041
GV-05899,534.27,2306.26,-1002.6,-11.6965
GV-05900,577.51,2313.45,-1004.07,-11.9591
GV-05901,638.02,2340.08,-1000.8,-12.0049
GV-05902,689.37,2339.3,-1001.03,-11.9313
GV-05903,729.96,2327.31,-999.06,-12.2763
GV-05904,763.52,2335.67,-1000.45,-12.3804
GV-05905,806.76,2310.09,-1003.7,-12.3269
GV-05906,866.53,2330.63,-1046.48,-12.3438
GV-05907,938.25,2325.31,-1047.45,-12.4474
GV-05908,991.4,2324.17,-1050.14,-12.3818
GV-05909,1036.1,2313.95,-1046.77,-12.5078
GV-05910,1071.02,2329.17,-1097.33,-12.6846
GV-05911,1111.47,2305.16,-1102.89,-12.5762
GV-05912,1158.94,2324.01,-1100.07,-12.6618
GV-05913,1229.58,2320.58,-1095.7,-12.8845
GV-05914,1257.31,2326.85,-1147.24,-12.718
GV-05915,1323.24,2337.5,-1147.25,-12.6581
GV-05916,1393.71,2329.41,-1203.86,-12.7685
GV-05917,1420.38,2325.33,-1202.35,-12.9301
GV-05918,1467.48,2331.03,-1204.8,-13.0754
GV-05919,1542.04,2322.89,-1253.02,-12.9165
GV-05920,1577.77,2344.09,-1247.6,-12.737
GV-05921,1639.82,2339.22,-1254.28,-12.8721
GV-05922,1681.46,2330.39,-1245.98,-13.1508
GV-05923,1719.31,2318.67,-1297.21,-12.9883
GV-05924,1789.37,2310.31,-1303.88,-12.932
GV-05925,1830.78,2312.77,-1299.42,-12.9741
GV-05926,1893.72,2341.73,-1354.4,-12.9031
GV-05927,1938.02,2312.07,-1352.88,-13.0426
GV-05928,1968.73,2344.85,-1350.61,-12.9162
GV-05929,2036.51,2341.64,-1347.42,-13.0701
GV-05930,2067.91,2322.4,-1352.54,-13.1276
GV-05931,2105.65,2322.43,-1345.26,-12.982
GV-05932,2173.38,2323.27,-1304.25,-13.0177
GV-05933,2222.79,2327.18,-1254.87,-12.9908
GV-05934,2282.45,2341.27,-1198.7,-12.9562
GV-05935,2328.0,2339.76,-1145.37,-12.9362
GV-05936,2357.5,2321.96,-1046.93,-13.2353
GV-05937,2431.33,2326.27,-1001.07,-13.1733
GV-05938,2468.56,2323.42,-954.86,-13.0369
GV-05939,2516.51,2313.86,-854.55,-13.212
GV-05940,2580.08,2334.94,-849.88,-13.0007
GV-05941,2616.75,2331.8,-804.97,-12.9871
GV-05942,2680.37,2332.3,-801.63,-13.1088
GV-05943,2731.17,2309.93,-796.39,-12.9983
GV-05944,2788.86,2331.97,-802.03,-12.9677
GV-05945,2831.66,2319.17,-801.24,-12.9621
GV-05946,2863.63,2320.4,-800.65,-13.0125
GV-05947,2939.52,2319.87,-854.49,-12.9094
GV-05948,2984.91,2312.83,-850.6,-12.8259
GV-05949,3014.11,2343.18,-895.47,-12.8077
GV-05950,3065.71,2306.02,-903.99,-12.7478
GV-05951,3138.4,2320.34,-952.24,-12.8897
GV-05952,3173.79,2330.55,-996.42,-12.8124
GV-05953,3221.78,2305.03,-1050.37,-12.8201
GV-05954,3258.55,2344.64,-1049.98,-12.7539
GV-05955,3323.13,2335.54,-1096.97,-12.4829
GV-05956,3369.22,2320.83,-1153.45,-12.5691
GV-05957,3410.0,2313.27,-1203.32,-12.4977
GV-05958,3472.61,2324.78,-1245.04,-12.5124
GV-05959,3525.58,2315.35,-1296.62,-12.6357
GV-05960,3572.47,2344.8,-1352.14,-12.4851
GV-05961,3613.38,2344.95,-1350.79,-12.2907
GV-05962,3657.79,2326.93,-1402.17,-12.3806
GV-05963,3730.98,2317.44,-1449.97,-12.2604
GV-05964,3761.15,2326.85,-1454.65,-12.3174
GV-05965,3834.55,2334.35,-1453.85,-12.3451
GV-05966,3865.85,2344.17,-1445.26,-12.1397
GV-05967,3912.52,2333.12,-1446.92,-12.3258
GV-05968,3981.94,2315.37,-1449.0,-12.102
GV-05969,4034.26,2316.29,-1446.21,-12.1076
GV-05970,4079.81,2323.49,-1450.01,-12.258
GV-05971,4108.45,2306.26,-1449.9,-12.2901
GV-05972,4177.55,2330.06,-1449.19,-12.2487
GV-05973,4209.53,2313.52,-1395.83,-12.1498
GV-05974,4278.1,2327.01,-1398.9,-12.0867
GV-05975,4341.74,2342.35,-1400.89,-11.9568
GV-05976,4376.21,2331.18,-1401.48,-12.068
GV-05977,4418.13,2310.72,-1345.76,-12.0059
GV-05978,4478.26,2310.75,-1350.0,-11.8968
GV-05979,4506.59,2308.76,-1301.49,-11.8454
GV-05980,4589.46,2330.74,-1304.01,-11.7444
GV-05981,4642.13,2342.57,-1253.47,-11.8647
GV-05982,4689.78,2310.9,-1253.82,-11.7622
GV-05983,4739.44,2328.38,-1202.83,-11.8224
GV-05984,4772.69,2343.12,-1201.13,-11.599
GV-05985,4817.7,2343.46,-1147.67,-11.6618
GV-05986,4889.62,2315.16,-1145.54,-11.675
GV-05987,4938.21,2339.32,-1099.17,-11.5433
GV-05988,4977.48,2340.09,-1101.21,-11.56
GV-05989,5009.65,2309.16,-1049.38,-11.4881
GV-05990,5057.95,2317.53,-1046.43,-11.45
GV-05991,5141.64,2316.17,-1047.76,-11.43
GV-05992,5163.81,2322.84,-996.46,-11.2315
GV-05993,5213.78,2336.91,-1000.87,-11.1548
GV-05994,5267.91,2332.34,-1001.1,-11.1643
GV-05995,5324.56,2339.49,-996.72,-11.1485
GV-05996,5363.26,2326.0,-997.23,-10.7828
GV-05997,5442.15,2320.53,-1001.14,-10.7525
GV-05998,5471.58,2322.13,-1004.04,-10.56
GV-05999,5511.74,2324.65,-1002.2,-10.4178
GV-06000,5579.34,2325.23,-1003.16,-10.3402
GV-06001,5609.54,2344.86,-996.57,-10.294
GV-06002,5672.59,2335.59,-1002.37,-10.1255
GV-06003,5716.11,2333.35,-998.48,-9.8357
GV-06004,5783.46,2324.16,-995.2,-9.7298
GV-06005,5815.82,2337.02,-1004.02,-9.7319
GV-06006,5873.81,2321.0,-1001.28,-9.408
GV-06007,5907.16,2316.91,-1004.12,-8.9605
GV-06008,5964.94,2344.99,-1002.74,-8.9782
GV-06009,6017.88,2316.99,-1004.13,-8.7914
GV-06010,6072.51,2334.22,-1002.55,-8.3736
GV-06011,6125.02,2313.19,-999.84,-8.2205
GV-06012,6172.42,2313.28,-998.14,-8.1556
GV-06013,6213.75,2340.64,-995.5,-7.9579
GV-06014,6286.05,2330.09,-998.38,-7.6486
GV-06015,6314.23,2341.26,-998.53,-7.5779
GV-06016,6378.2,2325.13,-952.48,-7.1097
GV-06017,22.77,2383.16,-1003.67,-10.3764
GV-06018,80.38,2356.17,-997.45,-10.4478
GV-06019,129.3,2375.31,-997.81,-10.5708
GV-06020,165.37,2356.71,-997.27,-10.7713
GV-06021,223.91,2381.32,-1001.01,-10.9273
GV-06022,275.37,2375.87,-1001.55,-11.1279
GV-06023,336.05,2390.19,-996.86,-11.3753
GV-06024,386.71,2370.57,-1003.61,-11.435
GV-06025,425.25,2384.52,-1003.17,-11.5922
GV-06026,489.84,2386.7,-997.19,-11.5258
GV-06027,519.82,2363.15,-1002.25,-11.5803
GV-06028,584.95,2393.08,-1002.72,-11.8608
GV-06029,629.0,2369.17,-1004.88,-12.0696
GV-06030,677.89,2357.28,-995.86,-12.077
GV-06031,731.97,2380.79,-1004.11,-12.3493
GV-06032,778.65,2360.76,-1002.53,-12.1482
GV-06033,832.67,2358.89,-1049.33,-12.2062
GV-06034,873.05,2378.75,-1048.16,-12.4402
GV-06035,927.92,2359.64,-1054.12,-12.3266
GV-06036,984.96,2360.28,-1049.34,-12.7174
GV-06037,1020.64,2385.83,-1103.11,-12.4944
GV-06038,1078.05,2362.74,-1098.94,-12.779
GV-06039,1137.46,2366.21,-1101.95,-12.7078
GV-06040,1162.76,2373.42,-1148.61,-12.7272
GV-06041,1228.22,2384.49,-1153.8,-12.5339
GV-06042,1289.31,2387.73,-1153.53,-12.8842
GV-06043,1326.3,2381.85,-1204.18,-12.778
GV-06044,1389.12,2374.25,-1197.1,-12.864
GV-06045,1420.7,2386.2,-1195.97,-13.0268
GV-06046,1484.43,2360.92,-1250.37,-12.8098
GV-06047,1526.56,2383.62,-1251.74,-12.8908
GV-06048,1591.3,2357.43,-1250.69,-13.0331
GV-06049,1633.76,2390.4,-1300.03,-13.0944
GV-06050,1662.28,2369.56,-1300.25,-12.9689
GV-06051,1717.38,2383.72,-1298.76,-12.8367
GV-06052,1765.16,2371.11,-1304.48,-13.1298
GV-06053,1810.98,2372.01,-1354.45,-13.0611
GV-06054,1855.42,2384.83,-1351.08,-12.9846
GV-06055,1936.54,2384.03,-1351.51,-12.8604
GV-06056,1990.72,2355.02,-1351.87,-12.9407
GV-06057,2011.01,2386.34,-1349.71,-13.0577
GV-06058,2067.57,2356.78,-1348.76,-13.0868
GV-06059,2142.99,2382.74,-1299.17,-13.1208
GV-06060,2190.69,2375.59,-1249.92,-13.2799
GV-06061,2230.21,2372.47,-1203.94,-13.1824
GV-06062,2270.18,2369.2,-1095.28,-13.0404
GV-06063,2306.2,2390.69,-1053.72,-13.1164
GV-06064,2378.44,2393.04,-1002.59,-13.1693
GV-06065,2421.77,2369.52,-899.53,-13.1862
GV-06066,2483.38,2389.1,-846.6,-12.971
GV-06067,2539.08,2389.2,-798.81,-12.9911
GV-06068,2594.91,2389.91,-803.6,-13.0197
GV-06069,2640.53,2356.13,-796.85,-12.983
GV-06070,2694.33,2357.11,-796.7,-12.9982
GV-06071,2724.68,2388.35,-799.01,-13.149
GV-06072,2778.05,2387.32,-802.95,-13.0597
GV-06073,2844.73,2391.12,-796.98,-12.906
GV-06074,2891.21,2384.03,-852.24,-12.8413
GV-06075,2908.77,2375.43,-848.66,-12.8643
GV-06076,2986.95,2384.85,-902.4,-13.0057
GV-06077,3011.55,2383.96,-953.59,-12.8382
GV-06078,3056.19,2382.64,-948.07,-12.7358
GV-06079,3141.2,2367.76,-1001.61,-12.8347
GV-06080,3160.1,2357.95,-1051.8,-13.0363
GV-06081,3237.91,2390.96,-1102.65,-12.7213
GV-06082,3278.86,2392.72,-1097.06,-12.7591
GV-06083,3320.7,2388.93,-1153.56,-12.9912
GV-06084,3393.63,2384.72,-1200.4,-12.7341
GV-06085,3423.88,2357.49,-1254.26,-12.5886
GV-06086,3489.62,2379.02,-1302.95,-12.7178
GV-06087,3536.95,2364.05,-1349.51,-12.423
GV-06088,3593.03,2380.85,-1397.77,-12.5492
GV-06089,3622.62,2375.35,-1449.3,-12.5122
GV-06090,3669.4,2391.88,-1446.75,-12.4325
GV-06091,3730.88,2364.23,-1446.43,-12.4144
GV-06092,3789.18,2372.36,-1453.7,-12.493
GV-06093,3825.85,2358.56,-1445.73,-12.4464
GV-06094,3890.18,2368.39,-1446.02,-12.3569
GV-06095,3919.72,2394.08,-1450.2,-12.215
GV-06096,3967.82,2384.97,-1445.38,-12.2034
GV-06097,4009.74,2388.3,-1452.69,-12.2215
GV-06098,4055.12,2389.88,-1451.2,-12.2153
GV-06099,4134.25,2372.45,-1453.23,-12.1113
GV-06100,4180.87,2371.5,-1400.59,-12.135
GV-06101,4211.14,2370.66,-1399.8,-12.1819
GV-06102,4260.57,2383.93,-1402.25,-12.0042
GV-06103,4319.43,2388.92,-1395.68,-12.1357
GV-06104,4380.87,2383.88,-1349.14,-11.9479
GV-06105,4418.83,2368.71,-1351.24,-12.0122
GV-06106,4486.77,2371.75,-1296.97,-11.905
GV-06107,4525.03,2391.67,-1303.55,-11.9485
GV-06108,4562.03,2360.81,-1249.98,-12.1098
GV-06109,4615.69,2373.94,-1252.88,-12.0426
GV-06110,4681.62,2374.35,-1196.09,-11.8533
GV-06111,4741.1,2375.19,-1196.47,-11.883
GV-06112,4772.64,2373.47,-1148.43,-11.9641
GV-06113,4822.67,2382.67,-1145.88,-11.7615
GV-06114,4867.36,2361.77,-1099.98,-11.8284
GV-06115,4910.02,2394.13,-1096.52,-11.6215
GV-06116,4957.8,2372.77,-1052.81,-11.684
GV-06117,5031.71,2386.11,-1053.96,-11.6747
GV-06118,5063.8,2366.56,-1047.04,-11.6041
GV-06119,5114.42,2357.44,-998.26,-11.3144
GV-06120,5182.65,2373.04,-996.63,-11.3293
GV-06121,5217.84,2381.27,-995.8,-11.2617
GV-06122,5278.38,2358.73,-996.23,-11.5353
GV-06123,5311.74,2362.21,-1000.9,-10.9738
GV-06124,5385.89,2379.74,-1001.22,-11.0108
GV-06125,5426.8,2357.81,-996.53,-10.7751
GV-06126,5480.09,2381.89,-1003.19,-10.813
GV-06127,5535.89,2360.72,-997.05,-10.6331
GV-06128,5590.44,2385.47,-1000.81,-10.6701
GV-06129,5619.83,2385.37,-1002.35,-10.4389
GV-06130,5687.83,2360.0,-1003.51,-10.0736
GV-06131,5713.24,2365.37,-1000.52,-9.7386
GV-06132,5779.58,2381.63,-996.29,-9.9256
GV-06133,5836.11,2355.47,-1000.74,-9.7526
GV-06134,5858.75,2359.37,-1004.76,-9.5824
GV-06135,5920.84,2357.3,-1004.49,-9.2571
GV-06136,5994.49,2376.16,-1002.66,-8.9963
GV-06137,6006.94,2376.35,-1001.86,-8.7311
GV-06138,6062.34,2386.22,-995.19,-8.5579
GV-06139,6131.82,2375.75,-1004.63,-8.432
GV-06140,6176.76,2376.54,-1001.67,-8.1358
GV-06141,6230.63,2361.35,-996.41,-7.9001
GV-06142,6260.99,2373.57,-947.68,-7.6464
GV-06143,6336.02,2358.21,-953.57,-7.459
GV-06144,6372.72,2355.71,-951.07,-7.1284
GV-06145,23.17,2428.2,-1003.22,-10.3751
GV-06146,82.12,2416.9,-998.5,-10.4078
GV-06147,129.87,2408.58,-1004.31,-10.5771
GV-06148,161.71,2441.0,-998.86,-10.7243
GV-06149,237.61,2430.56,-1001.36,-10.923
GV-06150,266.06,2441.9,-1000.43,-11.0707
GV-06151,341.68,2432.76,-1000.27,-11.1413
GV-06152,366.91,2423.19,-996.83,-11.3686
GV-06153,411.16,2411.92,-1000.07,-11.6594
GV-06154,490.85,2425.75,-1003.58,-11.6401
GV-06155,527.45,2423.47,-999.31,-11.7499
GV-06156,590.07,2410.72,-1004.63,-11.7232
GV-06157,615.15,2427.93,-1001.56,-11.9864
GV-06158,674.56,2410.32,-997.07,-12.1508
GV-06159,719.16,2407.22,-1004.63,-11.9977
GV-06160,776.92,2424.56,-1049.21,-12.1143
GV-06161,816.54,2436.11,-1053.0,-12.3118
GV-06162,862.52,2416.71,-1052.06,-12.451
GV-06163,915.53,2430.61,-1048.68,-12.3867
GV-06164,976.37,2423.59,-1102.39,-12.4201
GV-06165,1039.43,2440.99,-1104.41,-12.4608
GV-06166,1071.67,2416.67,-1102.67,-12.7687
GV-06167,1143.06,2437.51,-1153.54,-12.6539
GV-06168,1189.62,2434.2,-1151.24,-12.6896
GV-06169,1239.99,2416.11,-1154.5,-12.7207
GV-06170,1276.41,2416.87,-1200.78,-12.774
GV-06171,1337.72,2440.06,-1201.72,-12.6908
GV-06172,1378.28,2437.53,-1196.58,-12.8744
GV-06173,1435.16,2417.1,-1248.08,-12.7591
GV-06174,1488.87,2425.28,-1252.84,-13.0078
GV-06175,1540.16,2418.28,-1249.12,-12.9997
GV-06176,1556.65,2428.5,-1303.53,-12.8937
GV-06177,1633.17,2437.62,-1296.07,-12.7715
GV-06178,1694.08,2434.85,-1296.9,-13.0875
GV-06179,1710.25,2444.6,-1301.83,-13.0617
GV-06180,1789.8,2432.04,-1349.03,-12.8204
GV-06181,1811.32,2439.53,-1347.93,-13.1928
GV-06182,1894.33,2437.13,-1354.02,-13.0456
GV-06183,1913.29,2431.61,-1352.88,-13.13
GV-06184,1962.63,2427.0,-1351.06,-13.1727
GV-06185,2010.01,2417.09,-1351.68,-13.2202
GV-06186,2086.54,2427.6,-1304.71,-13.1372
GV-06187,2142.36,2410.38,-1249.78,-13.1306
GV-06188,2185.36,2412.31,-1146.07,-13.0449
GV-06189,2239.14,2425.28,-1103.55,-13.1325
GV-06190,2279.7,2410.33,-1053.27,-13.1447
GV-06191,2328.49,2408.07,-948.04,-13.108
GV-06192,2357.96,2441.43,-897.9,-13.1521
GV-06193,2428.21,2444.67,-851.56,-12.9875
GV-06194,2459.99,2407.63,-800.47,-13.324
GV-06195,2512.79,2441.11,-799.77,-13.0483
GV-06196,2564.25,2406.43,-796.92,-13.0808
GV-06197,2615.71,2443.96,-796.78,-13.2072
GV-06198,2670.48,2417.34,-802.5,-13.0669
GV-06199,2739.45,2424.76,-801.45,-13.0653
GV-06200,2786.33,2441.1,-800.27,-12.934
GV-06201,2838.99,2409.2,-849.29,-13.2409
GV-06202,2867.18,2428.31,-852.82,-13.0025
GV-06203,2917.32,2428.64,-897.11,-13.0059
GV-06204,2967.94,2437.36,-952.1,-12.9274
GV-06205,3035.0,2443.14,-951.17,-12.9385
GV-06206,3076.35,2441.05,-1004.11,-12.9503
GV-06207,3113.85,2418.26,-1049.1,-12.8749
GV-06208,3178.15,2430.37,-1104.12,-12.974
GV-06209,3240.11,2434.3,-1146.48,-12.823
GV-06210,3280.3,2407.6,-1152.56,-12.7886
GV-06211,3333.64,2440.81,-1197.06,-12.7344
GV-06212,3360.99,2444.65,-1251.13,-12.7599
GV-06213,3408.42,2441.07,-1295.36,-12.6696
GV-06214,3460.72,2444.87,-1354.32,-12.6608
GV-06215,3527.89,2423.64,-1401.76,-12.6748
GV-06216,3591.89,2444.57,-1445.66,-12.4581
GV-06217,3641.67,2417.8,-1452.74,-12.4257
GV-06218,3675.88,2422.62,-1450.47,-12.6005
GV-06219,3720.01,2442.52,-1448.43,-12.5174
GV-06220,3766.44,2407.96,-1454.33,-12.5203
GV-06221,3812.46,2440.93,-1454.44,-12.3731
GV-06222,3891.73,2418.8,-1450.43,-12.4496
GV-06223,3933.41,2439.35,-1453.58,-12.518
GV-06224,3981.96,2444.88,-1449.19,-12.3992
GV-06225,4024.33,2424.91,-1445.56,-12.2632
GV-06226,4058.94,2430.09,-1445.95,-12.3099
GV-06227,4126.37,2432.21,-1398.36,-12.1908
GV-06228,4186.59,2442.51,-1403.69,-12.3123
GV-06229,4223.65,2439.73,-1401.59,-12.1988
GV-06230,4290.34,2410.91,-1400.31,-12.0779
GV-06231,4319.78,2441.64,-1346.23,-12.1733
GV-06232,4370.43,2441.22,-1351.29,-12.2924
GV-06233,4435.95,2415.48,-1300.06,-12.2256
GV-06234,4490.18,2438.19,-1303.73,-12.1086
GV-06235,4527.98,2436.97,-1250.88,-12.119
GV-06236,4560.21,2440.21,-1250.66,-11.9496
GV-06237,4640.92,2438.09,-1200.58,-12.0308
GV-06238,4682.05,2412.62,-1197.54,-12.0286
GV-06239,4730.75,2424.82,-1148.31,-12.033
GV-06240,4763.14,2437.92,-1149.89,-11.908
GV-06241,4828.32,2428.52,-1097.75,-11.899
GV-06242,4859.73,2422.13,-1099.72,-11.9013
GV-06243,4909.91,2422.83,-1052.33,-11.8092
GV-06244,4990.77,2434.07,-1050.51,-11.7137
GV-06245,5022.34,2416.1,-1047.95,-11.7263
GV-06246,5069.95,2406.57,-996.68,-11.5808
GV-06247,5139.43,2408.93,-1001.93,-11.4501
GV-06248,5158.96,2408.63,-997.48,-11.527
GV-06249,5218.65,2405.39,-1001.81,-11.47
GV-06250,5263.5,2425.49,-999.27,-11.4732
GV-06251,5339.62,2440.7,-1000.95,-11.3093
GV-06252,5381.31,2411.21,-1003.23,-11.0153
GV-06253,5437.82,2408.83,-999.62,-10.9428
GV-06254,5457.66,2421.35,-998.82,-10.9509
GV-06255,5527.41,2417.85,-1003.39,-10.675
GV-06256,5560.97,2415.91,-996.0,-10.7331
GV-06257,5613.99,2431.11,-1000.83,-10.4441
GV-06258,5676.18,2436.04,-1002.42,-10.1373
GV-06259,5726.8,2410.38,-996.49,-10.1344
GV-06260,5791.23,2408.94,-1000.16,-9.8772
GV-06261,5835.41,2414.97,-999.23,-9.771
GV-06262,5875.32,2421.39,-997.56,-9.6023
GV-06263,5937.44,2409.4,-996.61,-9.374
GV-06264,5982.45,2426.71,-998.54,-9.2506
GV-06265,6023.57,2433.09,-999.81,-8.9464
GV-06266,6056.71,2409.55,-998.33,-8.721
GV-06267,6134.75,2408.85,-999.54,-8.5374
GV-06268,6164.22,2412.37,-950.86,-8.0974
GV-06269,6244.66,2406.29,-954.31,-8.0544
GV-06270,6262.05,2439.36,-953.45,-7.8318
GV-06271,6336.53,2417.45,-948.2,-7.5814
GV-06272,6385.09,2424.8,-948.83,-7.1801
GV-06273,17.72,2481.21,-1001.08,-10.4506
GV-06274,64.97,2473.29,-1002.66,-10.5453
GV-06275,107.99,2490.58,-1004.3,-10.6879
GV-06276,168.65,2491.38,-1002.15,-10.7337
GV-06277,230.29,2457.38,-998.02,-10.8158
GV-06278,267.06,2494.29,-1002.68,-11.0956
GV-06279,316.51,2484.96,-1004.07,-11.2947
GV-06280,376.35,2478.58,-997.3,-11.3655
GV-06281,444.13,2490.21,-995.21,-11.4996
GV-06282,471.33,2461.44,-1000.45,-11.5722
GV-06283,529.72,2491.96,-1003.45,-11.7876
GV-06284,578.64,2461.91,-1001.21,-11.7469
GV-06285,620.67,2461.06,-1001.84,-11.8973
GV-06286,673.36,2475.83,-1052.07,-12.2308
GV-06287,710.3,2468.54,-1048.31,-12.1193
GV-06288,793.67,2479.35,-1050.37,-12.2834
GV-06289,817.88,2483.43,-1046.17,-12.2622
GV-06290,863.55,2479.55,-1049.27,-12.3655
GV-06291,932.09,2461.75,-1103.25,-12.3904
GV-06292,986.72,2473.72,-1102.19,-12.6131
GV-06293,1022.49,2464.32,-1100.26,-12.489
GV-06294,1066.54,2465.13,-1147.85,-12.725
GV-06295,1127.4,2465.97,-1145.93,-12.67
GV-06296,1168.17,2480.74,-1148.4,-12.8009
GV-06297,1217.41,2491.59,-1201.01,-12.975
GV-06298,1272.75,2471.27,-1196.1,-12.6722
GV-06299,1337.77,2455.76,-1198.15,-12.9135
GV-06300,1370.89,2488.79,-1248.8,-12.7599
GV-06301,1443.39,2474.18,-1247.21,-12.9067
GV-06302,1471.99,2494.48,-1249.66,-13.0989
GV-06303,1514.09,2485.51,-1296.24,-12.9115
GV-06304,1579.99,2457.56,-1295.88,-13.0254
GV-06305,1622.89,2476.42,-1302.95,-12.9158
GV-06306,1685.32,2462.22,-1303.54,-12.9861
GV-06307,1742.48,2482.68,-1347.92,-13.0602
GV-06308,1776.34,2481.02,-1346.26,-12.9341
GV-06309,1826.75,2484.56,-1352.31,-13.0057
GV-06310,1883.78,2484.61,-1347.61,-13.1007
GV-06311,1924.02,2472.8,-1349.89,-12.9722
GV-06312,1969.23,2486.03,-1347.56,-13.1503
GV-06313,2026.86,2472.18,-1299.18,-13.1704
GV-06314,2076.46,2482.89,-1197.21,-13.1725
GV-06315,2119.09,2489.44,-1153.17,-12.9709
GV-06316,2165.93,2461.77,-1098.5,-13.0374
GV-06317,2207.03,2477.45,-997.67,-12.8719
GV-06318,2260.53,2471.45,-951.39,-13.119
GV-06319,2316.78,2483.05,-899.28,-13.2903
GV-06320,2370.71,2477.87,-852.28,-13.1563
GV-06321,2442.39,2483.98,-795.89,-13.2636
GV-06322,2459.57,2494.54,-796.42,-13.1374
GV-06323,2509.46,2479.64,-799.99,-13.0916
GV-06324,2574.8,2488.58,-797.5,-13.1182
GV-06325,2630.55,2468.52,-799.54,-13.06
GV-06326,2685.95,2461.44,-802.7,-13.0552
GV-06327,2741.08,2477.69,-846.54,-13.1493
GV-06328,2791.01,2475.72,-848.51,-13.0873
GV-06329,2820.81,2489.19,-902.73,-12.9215
GV-06330,2881.18,2487.82,-895.42,-12.892
GV-06331,2942.8,2487.86,-954.91,-13.0906
GV-06332,2981.67,2482.91,-1004.1,-13.0282
GV-06333,3044.52,2457.64,-1001.7,-12.7602
GV-06334,3063.75,2486.82,-1046.07,-12.7453
GV-06335,3106.78,2470.59,-1095.04,-12.9569
GV-06336,3173.94,2477.67,-1150.41,-12.8425
GV-06337,3213.09,2487.87,-1200.6,-12.8083
GV-06338,3276.54,2480.47,-1254.72,-12.8722
GV-06339,3323.26,2464.66,-1248.5,-12.7517
GV-06340,3368.09,2487.3,-1304.38,-12.8005
GV-06341,3439.53,2493.66,-1350.08,-12.6521
GV-06342,3461.47,2476.36,-1401.24,-12.659
GV-06343,3512.03,2462.65,-1454.73,-12.7478
GV-06344,3592.51,2456.28,-1449.62,-12.5108
GV-06345,3634.14,2475.96,-1446.2,-12.5821
GV-06346,3682.71,2486.73,-1453.7,-12.6395
GV-06347,3730.31,2466.78,-1446.65,-12.6142
GV-06348,3788.2,2479.94,-1448.17,-12.372
GV-06349,3810.45,2484.55,-1451.84,-12.455
GV-06350,3869.06,2480.45,-1452.88,-12.5453
GV-06351,3943.8,2473.94,-1448.83,-12.5483
GV-06352,3987.9,2472.97,-1447.14,-12.3825
GV-06353,4034.67,2477.77,-1447.8,-12.4328
GV-06354,4071.74,2458.08,-1395.14,-12.0185
GV-06355,4142.05,2489.18,-1398.78,-12.3106
GV-06356,4167.99,2492.19,-1395.89,-12.2089
GV-06357,4233.9,2456.32,-1395.3,-12.4852
GV-06358,4266.92,2489.33,-1350.77,-12.3508
GV-06359,4333.64,2472.66,-1346.62,-12.3122
GV-06360,4375.08,2478.88,-1303.43,-12.2578
GV-06361,4432.75,2458.27,-1304.02,-12.2857
GV-06362,4480.15,2488.67,-1247.01,-12.2197
GV-06363,4525.7,2462.34,-1249.78,-12.2942
GV-06364,4592.78,2455.55,-1196.97,-12.1779
GV-06365,4629.41,2478.91,-1204.72,-12.0343
GV-06366,4684.06,2491.44,-1153.45,-12.0992
GV-06367,4744.0,2455.84,-1145.36,-12.0898
GV-06368,4761.02,2493.5,-1096.08,-11.9602
GV-06369,4813.75,2487.4,-1099.44,-11.883
GV-06370,4891.85,2494.53,-1048.83,-11.7908
GV-06371,4923.73,2462.36,-1054.09,-12.0043
GV-06372,4955.89,2457.35,-1047.86,-12.0161
GV-06373,5005.82,2474.22,-996.23,-11.8186
GV-06374,5093.23,2494.94,-995.83,-11.7095
GV-06375,5106.79,2476.41,-1003.33,-11.7422
GV-06376,5172.15,2465.04,-1001.59,-11.5616
GV-06377,5211.27,2478.21,-997.77,-11.4849
GV-06378,5283.89,2460.45,-996.9,-11.4054
GV-06379,5323.48,2474.98,-945.29,-11.3448
GV-06380,5355.38,2466.77,-952.38,-11.273
GV-06381,5433.43,2462.0,-951.49,-11.0325
GV-06382,5487.45,2492.7,-949.78,-10.9202
GV-06383,5511.14,2490.5,-952.7,-10.7512
GV-06384,5574.18,2481.9,-954.16,-10.7569
GV-06385,5623.36,2461.38,-945.92,-10.4943
GV-06386,5689.7,2480.89,-1003.3,-10.3708
GV-06387,5733.06,2465.17,-998.46,-10.1426
GV-06388,5769.33,2475.55,-1000.6,-10.1079
GV-06389,5818.53,2472.3,-999.31,-9.8501
GV-06390,5891.03,2493.11,-996.04,-9.6505
GV-06391,5929.19,2480.17,-995.08,-9.3082
GV-06392,5964.63,2470.87,-998.28,-9.1776
GV-06393,6027.24,2471.73,-945.64,-9.0427
GV-06394,6069.02,2458.77,-954.17,-8.8811
GV-06395,6142.13,2480.48,-948.01,-8.5131
GV-06396,6157.36,2457.84,-949.9,-8.4398
GV-06397,6239.92,2467.41,-954.85,-7.9842
GV-06398,6278.1,2458.48,-954.52,-7.9148
GV-06399,6319.5,2468.58,-952.0,-7.5161
GV-06400,6392.43,2486.95,-896.64,-7.1093
GV-06401,27.14,2524.15,-1002.69,-10.3564
GV-06402,62.96,2529.53,-1000.25,-10.3577
GV-06403,131.87,2514.49,-998.62,-10.5873
GV-06404,164.27,2510.36,-999.53,-10.6289
GV-06405,243.49,2533.05,-995.91,-10.9993
GV-06406,288.02,2532.55,-996.69,-11.109
GV-06407,308.79,2525.1,-1003.8,-11.1629
GV-06408,366.63,2506.43,-1003.04,-11.4038
GV-06409,438.56,2506.3,-998.96,-11.3939
GV-06410,465.66,2511.26,-999.56,-11.6147
GV-06411,526.96,2541.2,-1001.46,-11.7872
GV-06412,581.78,2513.23,-1003.73,-11.7931
GV-06413,606.89,2522.97,-1052.85,-11.9449
GV-06414,655.54,2540.01,-1046.45,-12.0464
GV-06415,722.78,2522.83,-1047.41,-12.0903
GV-06416,757.06,2532.1,-1046.41,-12.1799
GV-06417,820.25,2519.01,-1045.14,-12.5218
GV-06418,860.84,2532.48,-1103.79,-12.3281
GV-06419,934.15,2518.67,-1101.84,-12.5241
GV-06420,974.93,2513.0,-1096.23,-12.6192
GV-06421,1025.19,2530.84,-1147.5,-12.5232
GV-06422,1056.36,2525.0,-1150.01,-12.4268
GV-06423,1115.81,2544.68,-1149.41,-12.7275
GV-06424,1170.08,2517.7,-1198.78,-12.7579
GV-06425,1207.8,2522.93,-1198.64,-12.7635
GV-06426,1278.69,2539.06,-1197.89,-12.6763
GV-06427,1317.75,2524.19,-1249.45,-12.6855
GV-06428,1357.7,2518.92,-1248.74,-12.8914
GV-06429,1405.99,2529.33,-1246.0,-12.8567
GV-06430,1477.41,2505.06,-1296.24,-12.947
GV-06431,1509.44,2538.43,-1300.59,-12.933
GV-06432,1583.43,2515.05,-1300.49,-12.994
GV-06433,1618.04,2525.02,-1302.85,-13.1405
GV-06434,1693.74,2544.8,-1350.15,-13.0824
GV-06435,1723.18,2538.55,-1347.1,-13.1196
GV-06436,1788.42,2531.01,-1352.85,-13.0646
GV-06437,1810.1,2524.24,-1346.1,-13.0462
GV-06438,1872.25,2512.96,-1351.14,-13.1413
GV-06439,1935.71,2508.12,-1300.07,-13.1517
GV-06440,1960.2,2541.95,-1253.16,-13.1963
GV-06441,2018.63,2508.38,-1199.6,-13.068
GV-06442,2075.76,2533.73,-1148.52,-13.1339
GV-06443,2127.9,2512.83,-1047.2,-13.1048
GV-06444,2164.32,2536.14,-996.5,-13.167
GV-06445,2239.38,2520.97,-945.11,-13.176
GV-06446,2262.54,2544.0,-853.34,-13.2243
GV-06447,2331.32,2509.78,-854.55,-13.2982
GV-06448,2359.2,2516.46,-799.1,-13.1195
GV-06449,2415.73,2526.7,-799.5,-13.1307
GV-06450,2465.49,2535.36,-800.57,-13.3003
GV-06451,2521.66,2515.37,-803.5,-13.037
GV-06452,2563.14,2525.31,-799.62,-12.9684
GV-06453,2643.11,2531.62,-800.87,-13.2261
GV-06454,2659.66,2541.21,-849.62,-13.1399
GV-06455,2705.91,2509.26,-847.16,-12.8562
GV-06456,2771.86,2540.81,-898.56,-13.1694
GV-06457,2840.73,2535.9,-902.72,-13.0415
GV-06458,2892.81,2527.46,-946.73,-13.052
GV-06459,2941.88,2518.11,-1002.24,-13.0327
GV-06460,2968.89,2522.26,-1050.63,-12.9865
GV-06461,3037.61,2542.62,-1047.99,-12.9833
GV-06462,3073.41,2522.57,-1096.24,-12.934
GV-06463,3139.47,2539.07,-1150.39,-12.8227
GV-06464,3177.05,2516.68,-1197.01,-12.7028
GV-06465,3243.68,2523.63,-1248.56,-12.9171
GV-06466,3270.66,2541.69,-1297.92,-12.8771
GV-06467,3324.93,2543.93,-1347.82,-12.7867
GV-06468,3380.36,2525.3,-1352.69,-12.78
GV-06469,3407.88,2537.61,-1398.55,-12.699
GV-06470,3488.57,2534.86,-1447.77,-12.5447
GV-06471,3543.53,2518.0,-1447.65,-12.7217
GV-06472,3556.92,2518.51,-1454.58,-12.6441
GV-06473,3618.99,2518.4,-1445.42,-12.473
GV-06474,3664.28,2518.99,-1450.98,-12.7688
GV-06475,3710.42,2520.76,-1453.26,-12.499
GV-06476,3779.47,2514.78,-1450.2,-12.581
GV-06477,3834.31,2531.7,-1452.46,-12.4856
GV-06478,3870.6,2509.47,-1453.81,-12.5667
GV-06479,3914.95,2514.85,-1449.57,-12.47
GV-06480,3979.46,2517.81,-1447.01,-12.4604
GV-06481,4028.69,2524.15,-1452.23,-12.4862
GV-06482,4061.28,2541.67,-1401.08,-12.4107
GV-06483,4133.2,2517.25,-1404.03,-12.4773
GV-06484,4174.64,2521.91,-1403.86,-12.3268
GV-06485,4215.13,2542.26,-1353.8,-12.349
GV-06486,4280.88,2544.05,-1354.42,-12.4051
GV-06487,4314.2,2533.8,-1349.59,-12.2521
GV-06488,4364.57,2512.42,-1303.4,-12.3917
GV-06489,4429.67,2518.25,-1297.2,-12.3543
GV-06490,4467.01,2515.37,-1246.37,-12.3618
GV-06491,4543.29,2522.31,-1200.19,-12.3809
GV-06492,4591.49,2524.44,-1202.9,-12.3897
GV-06493,4635.11,2518.89,-1153.75,-12.2076
GV-06494,4666.42,2525.91,-1152.41,-12.1529
GV-06495,4717.64,2509.35,-1103.41,-11.9603
GV-06496,4790.2,2542.51,-1101.25,-12.1307
GV-06497,4843.85,2540.51,-1052.03,-12.1574
GV-06498,4868.56,2509.77,-1048.2,-12.0683
GV-06499,4938.7,2523.67,-1052.36,-11.9085
GV-06500,4963.25,2539.38,-1004.23,-11.8819
GV-06501,5042.66,2527.11,-995.37,-11.7866
GV-06502,5060.21,2514.8,-995.04,-11.9679
GV-06503,5112.4,2535.58,-995.59,-11.7244
GV-06504,5180.3,2510.78,-952.71,-11.6973
GV-06505,5218.77,2515.49,-954.45,-11.5557
GV-06506,5276.71,2537.35,-946.88,-11.5476
GV-06507,5310.47,2532.08,-946.61,-11.259
GV-06508,5388.73,2522.53,-950.33,-11.2327
GV-06509,5408.79,2507.18,-952.69,-11.0279
GV-06510,5465.43,2530.6,-948.1,-10.8574
GV-06511,5539.63,2529.35,-948.29,-10.9728
GV-06512,5558.94,2526.77,-947.01,-10.827
GV-06513,5633.48,2508.68,-954.64,-10.6732
GV-06514,5685.29,2523.18,-953.29,-10.4179
GV-06515,5741.55,2526.0,-954.25,-10.4321
GV-06516,5790.91,2512.99,-954.31,-10.2136
GV-06517,5806.63,2508.28,-951.47,-9.662
GV-06518,5886.06,2528.63,-945.87,-9.7
GV-06519,5907.36,2505.75,-953.99,-9.583
GV-06520,5981.05,2522.69,-952.47,-9.4397
GV-06521,6018.17,2536.4,-948.23,-8.9994
GV-06522,6075.03,2522.18,-952.29,-8.8443
GV-06523,6123.02,2518.98,-948.22,-8.7461
GV-06524,6166.99,2525.92,-945.49,-8.4613
GV-06525,6207.35,2519.68,-951.24,-8.0184
GV-06526,6284.66,2510.31,-899.9,-7.7903
GV-06527,6322.08,2522.51,-899.54,-7.6731
GV-06528,6390.0,2528.73,-898.31,-7.1507
GV-06529,16.74,2575.32,-996.06,-10.3639
GV-06530,55.05,2589.57,-1003.53,-10.365
GV-06531,110.07,2565.94,-998.33,-10.6584
GV-06532,190.94,2571.75,-999.1,-10.6293
GV-06533,237.95,2562.61,-1000.39,-10.9118
GV-06534,271.38,2583.07,-998.8,-11.0333
GV-06535,335.31,2585.59,-998.76,-11.3551
GV-06536,368.44,2593.13,-1001.98,-11.2233
GV-06537,440.94,2592.65,-1003.15,-11.449
GV-06538,462.36,2566.64,-996.42,-11.5642
GV-06539,539.24,2567.9,-1001.83,-11.8027
GV-06540,582.01,2577.08,-1051.39,-11.9295
GV-06541,619.54,2582.52,-1048.61,-11.7356
GV-06542,682.0,2572.47,-1045.3,-11.9748
GV-06543,721.51,2565.01,-1046.49,-12.1782
GV-06544,782.98,2594.34,-1048.67,-12.2221
GV-06545,842.06,2571.21,-1098.64,-12.1906
GV-06546,865.56,2583.03,-1102.93,-12.4388
GV-06547,916.93,2555.36,-1102.66,-12.3249
GV-06548,973.17,2555.66,-1152.23,-12.566
GV-06549,1005.92,2577.68,-1146.47,-12.7655
GV-06550,1078.27,2572.2,-1148.54,-12.664
GV-06551,1109.41,2585.32,-1200.23,-12.6595
GV-06552,1172.28,2590.25,-1203.49,-12.6123
GV-06553,1214.85,2589.36,-1197.89,-12.8094
GV-06554,1282.88,2584.64,-1251.8,-12.9098
GV-06555,1336.82,2580.29,-1245.66,-12.821
GV-06556,1378.08,2594.58,-1249.47,-13.0741
GV-06557,1421.32,2586.52,-1298.75,-12.8753
GV-06558,1489.62,2583.19,-1302.92,-12.8188
GV-06559,1540.35,2555.04,-1301.0,-12.985
GV-06560,1577.3,2574.64,-1300.06,-13.1303
GV-06561,1636.89,2558.98,-1352.43,-12.8733
GV-06562,1662.77,2583.99,-1353.91,-12.8748
GV-06563,1740.7,2571.69,-1350.07,-13.0758
GV-06564,1769.49,2584.63,-1348.61,-13.1526
GV-06565,1809.85,2593.52,-1352.38,-13.2186
GV-06566,1882.99,2569.41,-1296.56,-13.3357
GV-06567,1942.67,2571.87,-1245.52,-13.1136
GV-06568,1993.07,2563.93,-1196.96,-13.0716
GV-06569,2034.33,2575.47,-1099.86,-13.0706
GV-06570,2087.05,2573.05,-1045.6,-13.2098
GV-06571,2133.34,2575.62,-996.37,-13.2532
GV-06572,2164.49,2564.3,-898.67,-13.342
GV-06573,2232.34,2588.32,-852.35,-13.3604
GV-06574,2275.03,2561.52,-799.66,-13.2603
GV-06575,2312.34,2588.79,-802.99,-12.9784
GV-06576,2359.2,2575.54,-798.3,-13.3151
GV-06577,2413.29,2593.84,-803.68,-13.4865
GV-06578,2481.23,2580.67,-798.47,-12.9845
GV-06579,2532.72,2593.31,-797.06,-13.1135
GV-06580,2585.0,2592.35,-802.18,-13.2197
GV-06581,2620.97,2574.33,-854.2,-13.1891
GV-06582,2659.28,2567.76,-852.07,-13.1814
GV-06583,2734.02,2569.73,-901.45,-13.2235
GV-06584,2775.6,2592.27,-952.21,-13.135
GV-06585,2826.46,2568.01,-954.13,-13.0717
GV-06586,2870.89,2562.24,-1002.38,-12.8661
GV-06587,2915.47,2557.86,-1047.15,-12.9869
GV-06588,2962.41,2585.74,-1102.92,-12.9354
GV-06589,3018.65,2559.0,-1095.49,-12.8384
GV-06590,3080.67,2561.28,-1151.39,-12.9315
GV-06591,3129.94,2584.6,-1197.9,-13.057
GV-06592,3174.64,2590.47,-1253.07,-12.9486
GV-06593,3231.91,2584.06,-1296.82,-12.8135
GV-06594,3290.3,2559.39,-1349.26,-12.7519
GV-06595,3327.03,2592.04,-1397.12,-12.7491
GV-06596,3382.77,2563.79,-1398.87,-12.9773
GV-06597,3443.66,2564.84,-1448.83,-12.7489
GV-06598,3481.61,2570.76,-1452.24,-12.8063
GV-06599,3513.23,2571.84,-1452.42,-12.7491
GV-06600,3563.23,2565.41,-1452.27,-12.7878
GV-06601,3621.39,2566.95,-1452.07,-12.6952
GV-06602,3658.79,2555.83,-1446.67,-12.8211
GV-06603,3740.31,2587.59,-1445.29,-12.5619
GV-06604,3777.38,2572.48,-1447.64,-12.4935
GV-06605,3813.26,2591.12,-1453.8,-12.5506
GV-06606,3867.59,2575.69,-1447.74,-12.4678
GV-06607,3920.24,2556.76,-1452.29,-12.7062
GV-06608,3990.08,2563.36,-1450.75,-12.4673
GV-06609,4029.15,2561.91,-1401.68,-12.5013
GV-06610,4057.92,2591.61,-1398.32,-12.6418
GV-06611,4113.02,2561.12,-1398.04,-12.4164
GV-06612,4194.59,2565.7,-1345.86,-12.2676
GV-06613,4218.1,2581.07,-1354.48,-12.6582
GV-06614,4260.02,2571.44,-1353.14,-12.4453
GV-06615,4319.01,2581.3,-1298.77,-12.386
GV-06616,4365.97,2582.87,-1296.61,-12.4384
GV-06617,4422.56,2557.02,-1246.98,-12.3914
GV-06618,4482.78,2590.95,-1204.46,-12.4848
GV-06619,4537.5,2592.44,-1201.93,-12.5767
GV-06620,4581.7,2559.1,-1153.51,-12.2035
GV-06621,4617.4,2562.63,-1149.19,-12.3941
GV-06622,4675.88,2569.74,-1101.02,-12.2507
GV-06623,4722.34,2580.59,-1095.64,-12.4558
GV-06624,4779.17,2587.51,-1046.97,-12.2852
GV-06625,4838.26,2558.93,-1045.03,-12.2498
GV-06626,4870.41,2569.58,-1050.54,-12.1485
GV-06627,4906.02,2587.79,-1003.21,-12.1216
GV-06628,4970.87,2592.55,-1000.49,-12.0735
GV-06629,5011.22,2585.71,-1004.36,-12.0802
GV-06630,5084.78,2559.94,-1002.67,-12.0325
GV-06631,5126.21,2560.78,-946.59,-11.6731
GV-06632,5173.91,2567.62,-946.41,-11.8804
GV-06633,5225.06,2556.05,-946.68,-11.72
GV-06634,5287.38,2569.46,-953.24,-11.5916
GV-06635,5317.78,2568.61,-945.46,-11.4598
GV-06636,5368.76,2585.67,-951.88,-11.3392
GV-06637,5442.35,2560.71,-949.72,-11.3696
GV-06638,5493.96,2570.65,-951.55,-11.1739
GV-06639,5505.85,2584.29,-946.8,-10.8856
GV-06640,5586.48,2556.37,-952.73,-10.9269
GV-06641,5609.19,2565.8,-951.49,-10.8425
GV-06642,5671.99,2578.02,-948.19,-10.5673
GV-06643,5709.37,2582.14,-952.81,-10.4086
GV-06644,5787.44,2577.21,-945.98,-10.1014
GV-06645,5832.67,2577.68,-951.05,-10.0404
GV-06646,5883.24,2592.47,-951.45,-9.7271
GV-06647,5908.9,2555.55,-947.75,-9.53
GV-06648,5974.41,2561.02,-947.16,-9.3345
GV-06649,6013.47,2571.43,-947.82,-9.0737
GV-06650,6083.68,2586.36,-947.89,-8.9808
GV-06651,6122.42,2572.18,-954.58,-8.7951
GV-06652,6158.6,2557.11,-950.89,-8.4432
GV-06653,6225.66,2577.82,-900.06,-8.2334
GV-06654,6276.67,2562.75,-896.49,-8.0477
GV-06655,6322.83,2573.11,-897.2,-7.6073
GV-06656,6383.8,2566.51,-896.87,-7.5092
GV-06657,35.77,2642.82,-996.65,-10.0131
GV-06658,79.27,2613.94,-1001.68,-10.4816
GV-06659,133.28,2629.58,-1004.61,-10.4919
GV-06660,187.51,2611.69,-1001.27,-10.72
GV-06661,208.51,2614.7,-1004.64,-11.0149
GV-06662,280.75,2622.78,-1002.69,-10.9069
GV-06663,310.28,2627.14,-1000.41,-11.1531
GV-06664,374.08,2622.29,-997.02,-11.3916
GV-06665,414.57,2619.38,-1001.54,-11.4203
GV-06666,488.61,2616.41,-998.95,-11.5608
GV-06667,519.52,2643.79,-1048.69,-11.7234
GV-06668,557.5,2641.43,-1054.07,-11.7966
GV-06669,615.0,2619.12,-1051.02,-12.0069
GV-06670,682.01,2623.31,-1051.88,-11.9297
GV-06671,707.13,2637.23,-1054.5,-11.9025
GV-06672,759.08,2633.37,-1098.45,-12.2625
GV-06673,844.06,2644.84,-1104.26,-12.1579
GV-06674,870.44,2619.19,-1102.34,-12.3303
GV-06675,919.69,2617.5,-1149.14,-12.2041
GV-06676,983.5,2620.62,-1145.51,-12.3531
GV-06677,1033.48,2608.07,-1148.39,-12.5914
GV-06678,1088.85,2633.57,-1197.66,-12.6512
GV-06679,1141.05,2607.37,-1203.85,-12.6786
GV-06680,1177.04,2621.57,-1199.18,-12.7646
GV-06681,1214.44,2632.64,-1251.74,-12.5981
GV-06682,1292.91,2637.69,-1254.65,-12.887
GV-06683,1329.04,2618.89,-1249.73,-12.9046
GV-06684,1360.65,2613.12,-1299.01,-12.9575
GV-06685,1428.25,2633.19,-1298.5,-12.9004
GV-06686,1476.29,2617.22,-1297.47,-12.9452
GV-06687,1538.32,2643.04,-1295.05,-13.1168
GV-06688,1594.06,2616.03,-1349.69,-13.0156
GV-06689,1615.7,2631.53,-1347.01,-13.1107
GV-06690,1690.03,2618.35,-1351.24,-13.0394
GV-06691,1727.43,2620.62,-1352.26,-12.9542
GV-06692,1784.42,2612.55,-1348.86,-13.0966
GV-06693,1813.94,2634.27,-1303.84,-13.1697
GV-06694,1876.45,2633.43,-1253.6,-13.2176
GV-06695,1921.23,2627.41,-1145.79,-13.2438
GV-06696,1955.52,2605.71,-1095.59,-13.1784
GV-06697,2032.93,2629.38,-1045.65,-13.0974
GV-06698,2087.2,2614.25,-952.42,-13.4631
GV-06699,2122.64,2619.11,-902.11,-13.1341
GV-06700,2157.49,2643.03,-854.6,-13.3149
GV-06701,2215.52,2615.67,-799.76,-13.237
GV-06702,2260.13,2625.52,-797.98,-13.1882
GV-06703,2342.19,2622.3,-803.09,-13.1206
GV-06704,2365.01,2627.76,-798.29,-13.3488
GV-06705,2437.34,2626.08,-796.99,-13.1951
GV-06706,2456.44,2626.82,-797.22,-13.2087
GV-06707,2530.0,2630.4,-801.96,-13.2601
GV-06708,2570.07,2639.5,-849.04,-13.308
GV-06709,2626.84,2620.6,-848.23,-13.2313
GV-06710,2679.19,2609.43,-895.84,-13.4372
GV-06711,2735.63,2630.85,-953.95,-13.0919
GV-06712,2761.53,2637.55,-954.8,-13.3067
GV-06713,2813.26,2619.72,-998.36,-13.3411
GV-06714,2869.8,2627.8,-1047.52,-12.9564
GV-06715,2944.91,2618.63,-1101.91,-13.106
GV-06716,2961.15,2616.6,-1150.92,-12.9535
GV-06717,3035.09,2607.69,-1154.56,-13.0533
GV-06718,3085.72,2622.84,-1199.93,-13.021
GV-06719,3140.43,2637.7,-1246.38,-12.9147
GV-06720,3169.42,2621.29,-1300.64,-12.8542
GV-06721,3242.29,2633.39,-1354.6,-12.8904
GV-06722,3292.5,2644.23,-1395.11,-12.9748
GV-06723,3337.9,2632.76,-1402.2,-12.6698
GV-06724,3359.17,2625.06,-1447.8,-12.7771
GV-06725,3433.32,2636.46,-1449.68,-12.7183
GV-06726,3482.19,2634.16,-1448.74,-12.714
GV-06727,3517.79,2640.47,-1454.63,-12.6373
GV-06728,3562.16,2638.65,-1454.98,-12.608
GV-06729,3639.49,2638.9,-1447.17,-12.8637
GV-06730,3659.59,2641.75,-1447.89,-12.5545
GV-06731,3710.44,2644.78,-1445.92,-12.7557
GV-06732,3789.95,2637.13,-1451.91,-12.5438
GV-06733,3812.38,2632.15,-1449.72,-12.7164
GV-06734,3877.03,2642.74,-1445.18,-12.7367
GV-06735,3933.69,2627.29,-1447.46,-12.6247
GV-06736,3990.03,2628.88,-1404.62,-12.6586
GV-06737,4005.29,2606.0,-1400.19,-12.5941
GV-06738,4081.13,2610.1,-1399.72,-12.6593
GV-06739,4105.35,2627.37,-1353.61,-12.5789
GV-06740,4190.64,2644.12,-1351.72,-12.5647
GV-06741,4223.93,2620.93,-1349.05,-12.7679
GV-06742,4286.73,2615.81,-1299.37,-12.7307
GV-06743,4334.33,2613.77,-1301.35,-12.578
GV-06744,4373.64,2616.92,-1247.7,-12.5897
GV-06745,4435.55,2612.9,-1248.34,-12.4792
GV-06746,4457.58,2617.39,-1204.68,-12.4693
GV-06747,4519.67,2632.98,-1151.03,-12.655
GV-06748,4589.61,2607.99,-1154.11,-12.3195
GV-06749,4643.01,2616.14,-1098.65,-12.4017
GV-06750,4692.18,2618.72,-1098.8,-12.3408
GV-06751,4717.88,2620.4,-1046.04,-12.3737
GV-06752,4773.79,2637.05,-1051.46,-12.4342
GV-06753,4844.63,2611.21,-1004.73,-12.0976
GV-06754,4867.59,2605.9,-1004.87,-12.2576
GV-06755,4909.73,2631.6,-996.32,-12.2853
GV-06756,4962.12,2624.09,-995.14,-12.0776
GV-06757,5026.89,2607.93,-946.28,-12.1181
GV-06758,5084.35,2643.97,-953.85,-12.0259
GV-06759,5116.3,2625.55,-945.41,-12.0971
GV-06760,5156.47,2613.04,-948.21,-11.8431
GV-06761,5242.51,2636.51,-948.96,-11.7449
GV-06762,5288.29,2618.9,-951.78,-11.6084
GV-06763,5329.03,2642.07,-950.01,-11.3445
GV-06764,5368.76,2627.49,-954.39,-11.4364
GV-06765,5409.98,2637.93,-952.14,-11.3933
GV-06766,5476.77,2615.68,-946.37,-11.2821
GV-06767,5513.62,2613.8,-951.48,-11.1725
GV-06768,5592.4,2614.09,-953.69,-10.9025
GV-06769,5634.65,2605.21,-946.94,-10.7204
GV-06770,5657.13,2620.88,-946.08,-10.8213
GV-06771,5710.4,2618.19,-950.43,-10.5545
GV-06772,5787.81,2624.75,-946.82,-10.2132
GV-06773,5811.89,2637.33,-951.85,-10.0616
GV-06774,5875.03,2608.68,-949.62,-10.0015
GV-06775,5933.62,2637.65,-949.48,-9.6637
GV-06776,5964.05,2644.6,-946.98,-9.5913
GV-06777,6026.81,2632.02,-946.9,-9.3902
GV-06778,6060.72,2631.04,-950.71,-8.8792
GV-06779,6139.22,2643.55,-900.97,-8.6401
GV-06780,6174.74,2607.47,-898.91,-8.5933
GV-06781,6232.13,2629.35,-903.93,-8.1098
GV-06782,6283.47,2608.36,-897.32,-8.0559
GV-06783,6314.25,2644.77,-845.48,-7.5969
GV-06784,6386.63,2629.64,-848.85,-7.3609
GV-06785,43.03,2666.47,-997.33,-10.0941
GV-06786,58.01,2656.39,-1002.14,-10.4072
GV-06787,109.21,2673.68,-997.84,-10.4813
GV-06788,155.47,2666.31,-996.16,-10.8609
GV-06789,223.35,2691.83,-999.69,-10.6879
GV-06790,262.85,2687.03,-999.4,-10.8434
GV-06791,329.39,2659.04,-997.58,-11.1542
GV-06792,363.33,2693.77,-1004.12,-11.0628
GV-06793,421.27,2677.83,-1004.43,-11.5223
GV-06794,467.62,2688.42,-1053.47,-11.6473
GV-06795,530.84,2660.2,-1054.4,-11.441
GV-06796,556.21,2692.38,-1054.85,-11.8041
GV-06797,644.8,2655.42,-1047.17,-12.0282
GV-06798,692.97,2687.11,-1054.55,-11.9673
GV-06799,718.93,2665.12,-1095.25,-12.1356
GV-06800,770.13,2688.25,-1097.74,-12.2336
GV-06801,842.62,2669.68,-1096.58,-12.2472
GV-06802,876.72,2680.73,-1145.13,-12.3171
GV-06803,922.31,2675.73,-1152.14,-12.4681
GV-06804,986.49,2666.92,-1148.08,-12.3275
GV-06805,1011.96,2666.91,-1201.05,-12.4848
GV-06806,1074.23,2670.69,-1201.27,-12.5644
GV-06807,1105.4,2662.14,-1202.25,-12.7674
GV-06808,1157.81,2660.33,-1248.31,-12.6295
GV-06809,1221.49,2686.56,-1247.3,-12.528
GV-06810,1264.09,2687.9,-1251.87,-12.726
GV-06811,1325.73,2694.21,-1303.27,-12.6907
GV-06812,1391.53,2689.21,-1301.94,-12.9192
GV-06813,1428.57,2658.54,-1302.05,-12.8846
GV-06814,1478.36,2658.47,-1345.94,-12.9778
GV-06815,1536.9,2683.03,-1349.15,-13.0388
GV-06816,1577.85,2694.72,-1352.45,-13.1147
GV-06817,1634.92,2682.26,-1347.52,-12.8978
GV-06818,1659.17,2662.1,-1345.5,-13.1746
GV-06819,1711.78,2688.99,-1345.7,-13.0091
GV-06820,1758.3,2662.81,-1295.04,-13.1305
GV-06821,1836.69,2687.95,-1203.1,-13.258
GV-06822,1859.6,2689.3,-1150.11,-13.0896
GV-06823,1940.26,2667.73,-1095.12,-13.2348
GV-06824,1985.58,2679.2,-1001.86,-13.1532
GV-06825,2024.31,2678.75,-945.15,-13.2311
GV-06826,2079.62,2666.07,-904.02,-13.2948
GV-06827,2135.35,2691.72,-851.8,-13.2251
GV-06828,2156.89,2664.87,-802.68,-13.1992
GV-06829,2208.25,2665.17,-795.12,-13.3383
GV-06830,2262.02,2663.45,-803.33,-13.1943
GV-06831,2329.88,2691.6,-799.18,-13.2945
GV-06832,2378.63,2687.11,-801.97,-13.4535
GV-06833,2440.02,2665.43,-803.84,-13.4173
GV-06834,2477.57,2677.88,-846.07,-13.1307
GV-06835,2525.65,2674.96,-848.37,-13.2841
GV-06836,2556.87,2677.41,-897.85,-13.1094
GV-06837,2612.49,2659.28,-904.41,-13.3254
GV-06838,2685.33,2687.58,-954.49,-13.2132
GV-06839,2733.9,2678.97,-1004.59,-13.2221
GV-06840,2758.69,2680.39,-997.38,-13.2168
GV-06841,2813.53,2677.19,-1050.25,-13.1687
GV-06842,2874.96,2668.09,-1103.02,-12.9974
GV-06843,2941.56,2678.14,-1145.03,-13.097
GV-06844,2989.6,2693.6,-1201.52,-13.1193
GV-06845,3032.89,2677.32,-1251.49,-13.0067
GV-06846,3067.09,2681.41,-1251.74,-13.0851
GV-06847,3121.22,2669.23,-1300.23,-12.9683
GV-06848,3179.17,2665.14,-1350.44,-12.904
GV-06849,3227.04,2672.12,-1400.49,-13.1522
GV-06850,3267.27,2685.6,-1398.92,-12.8913
GV-06851,3329.92,2667.04,-1448.26,-12.829
GV-06852,3387.58,2683.52,-1449.33,-12.8717
GV-06853,3421.39,2679.45,-1454.7,-12.8712
GV-06854,3494.41,2657.15,-1450.9,-12.741
GV-06855,3514.08,2657.45,-1454.3,-12.8164
GV-06856,3591.57,2676.49,-1448.2,-12.7421
GV-06857,3623.77,2689.34,-1450.46,-12.6878
GV-06858,3667.46,2687.53,-1446.55,-12.8005
GV-06859,3712.94,2656.34,-1453.36,-12.7091
GV-06860,3788.49,2693.35,-1453.15,-12.6705
GV-06861,3828.85,2664.97,-1445.52,-12.8436
GV-06862,3862.31,2686.53,-1450.24,-12.6563
GV-06863,3933.95,2658.67,-1395.42,-12.6593
GV-06864,3961.48,2689.07,-1399.39,-12.6863
GV-06865,4007.55,2659.41,-1402.83,-12.8328
GV-06866,4090.43,2661.86,-1351.1,-12.7397
GV-06867,4121.75,2687.8,-1345.66,-12.6063
GV-06868,4159.29,2671.24,-1354.61,-12.6308
GV-06869,4224.93,2656.25,-1298.9,-12.6453
GV-06870,4278.83,2668.52,-1302.17,-12.5056
GV-06871,4312.54,2686.86,-1252.36,-12.5431
GV-06872,4375.75,2668.55,-1248.87,-12.624
GV-06873,4425.72,2683.19,-1203.71,-12.6308
GV-06874,4491.35,2662.88,-1146.36,-12.5816
GV-06875,4522.62,2662.15,-1154.73,-12.5176
GV-06876,4594.62,2657.24,-1097.61,-12.6643
GV-06877,4623.67,2671.99,-1101.07,-12.5207
GV-06878,4657.27,2685.22,-1046.54,-12.5862
GV-06879,4717.38,2683.99,-1050.52,-12.4002
GV-06880,4772.62,2692.77,-1002.75,-12.5251
GV-06881,4814.65,2690.6,-1001.07,-12.4537
GV-06882,4885.55,2694.44,-1001.28,-12.2992
GV-06883,4926.03,2666.06,-1004.41,-12.1745
GV-06884,4984.02,2669.31,-951.73,-12.2528
GV-06885,5035.57,2693.52,-947.25,-12.109
GV-06886,5080.45,2683.81,-947.99,-12.1542
GV-06887,5144.16,2675.85,-946.85,-11.903
GV-06888,5156.52,2691.74,-945.76,-12.015
GV-06889,5239.76,2689.18,-945.84,-11.8076
GV-06890,5266.39,2655.42,-945.88,-11.59
GV-06891,5342.15,2663.62,-950.47,-11.8705
GV-06892,5385.36,2662.84,-945.04,-11.7116
GV-06893,5442.51,2673.67,-945.9,-11.5699
GV-06894,5476.44,2691.66,-945.8,-11.6169
GV-06895,5528.97,2677.28,-945.41,-11.312
GV-06896,5594.06,2675.32,-953.31,-10.9398
GV-06897,5609.16,2687.81,-951.91,-11.0295
GV-06898,5664.61,2666.97,-945.76,-10.6512
GV-06899,5732.7,2669.5,-945.5,-10.5877
GV-06900,5764.45,2685.86,-946.12,-10.3756
GV-06901,5812.3,2656.25,-952.43,-10.161
GV-06902,5878.97,2664.19,-953.58,-10.0604
GV-06903,5937.88,2663.37,-953.04,-9.9273
GV-06904,5981.22,2687.53,-951.07,-9.6867
GV-06905,6032.45,2687.23,-896.65,-9.2764
GV-06906,6064.54,2692.56,-897.23,-8.9212
GV-06907,6135.62,2658.17,-904.29,-8.7441
GV-06908,6168.85,2666.47,-904.02,-8.6744
GV-06909,6235.28,2678.46,-898.22,-8.4987
GV-06910,6289.25,2661.37,-852.29,-7.8823
GV-06911,6320.61,2685.14,-850.82,-7.7312
GV-06912,6393.74,2686.34,-845.85,-7.5294
GV-06913,7.55,2733.78,-1002.81,-10.2229
GV-06914,61.2,2728.3,-1001.72,-10.1989
GV-06915,127.75,2733.79,-997.49,-10.5199
GV-06916,160.36,2708.41,-1004.32,-10.7771
GV-06917,209.72,2727.29,-1003.28,-10.72
GV-06918,265.36,2736.61,-1004.39,-10.8654
GV-06919,321.86,2712.15,-1003.09,-11.2167
GV-06920,389.35,2719.24,-1052.55,-11.1709
GV-06921,444.74,2730.58,-1049.06,-11.4495
GV-06922,489.91,2728.17,-1048.76,-11.3343
GV-06923,531.71,2734.97,-1051.18,-11.544
GV-06924,584.05,2731.21,-1045.2,-11.6749
GV-06925,632.27,2726.5,-1048.97,-11.8504
GV-06926,689.66,2715.96,-1097.47,-11.9562
GV-06927,744.71,2728.18,-1100.74,-12.055
GV-06928,775.98,2726.74,-1097.6,-12.279
GV-06929,816.25,2729.35,-1149.37,-12.1676
GV-06930,885.55,2719.3,-1146.68,-12.5313
GV-06931,942.35,2716.17,-1146.23,-12.3136
GV-06932,967.45,2727.6,-1195.77,-12.2887
GV-06933,1007.63,2735.19,-1196.66,-12.3885
GV-06934,1074.79,2740.55,-1197.81,-12.5238
GV-06935,1107.45,2734.06,-1253.04,-12.6375
GV-06936,1161.75,2717.26,-1249.28,-12.6204
GV-06937,1226.28,2721.66,-1247.22,-12.6436
GV-06938,1288.41,2733.89,-1301.52,-12.7864
GV-06939,1312.19,2709.09,-1301.14,-12.8017
GV-06940,1359.0,2719.83,-1295.26,-12.7041
GV-06941,1411.06,2706.32,-1345.92,-12.8748
GV-06942,1477.02,2719.23,-1347.99,-12.9493
GV-06943,1515.93,2705.77,-1346.35,-13.0661
GV-06944,1581.32,2735.12,-1348.03,-13.0232
GV-06945,1629.14,2737.36,-1347.65,-13.0891
GV-06946,1664.26,2742.86,-1298.51,-13.1211
GV-06947,1723.61,2711.79,-1249.25,-13.0895
GV-06948,1764.64,2713.39,-1195.84,-13.0859
GV-06949,1822.41,2721.8,-1153.19,-13.2152
GV-06950,1872.81,2716.37,-1045.47,-13.2469
GV-06951,1935.18,2721.78,-996.57,-13.2446
GV-06952,1964.13,2730.75,-895.69,-13.329
GV-06953,2009.8,2720.96,-847.78,-13.3439
GV-06954,2083.07,2713.09,-853.75,-13.1536
GV-06955,2121.41,2730.36,-802.36,-13.2251
GV-06956,2166.73,2737.29,-797.33,-13.2738
GV-06957,2233.64,2727.8,-796.3,-13.2617
GV-06958,2257.75,2744.65,-802.25,-13.1976
GV-06959,2341.79,2741.81,-796.85,-13.251
GV-06960,2377.73,2723.79,-803.1,-13.2725
GV-06961,2420.12,2731.73,-854.18,-13.3842
GV-06962,2481.79,2710.32,-845.6,-13.1207
GV-06963,2526.67,2709.73,-903.15,-13.2224
GV-06964,2566.31,2743.57,-904.22,-13.3055
GV-06965,2618.82,2741.97,-948.25,-13.2089
GV-06966,2692.77,2716.61,-1001.02,-13.2076
GV-06967,2738.91,2742.36,-1051.07,-13.1511
GV-06968,2784.02,2722.64,-1048.44,-13.19
GV-06969,2815.26,2705.54,-1103.68,-13.1716
GV-06970,2876.28,2722.37,-1150.83,-13.0726
GV-06971,2935.11,2738.09,-1198.14,-13.1383
GV-06972,2992.7,2737.01,-1252.34,-12.9724
GV-06973,3015.65,2738.59,-1301.13,-13.103
GV-06974,3092.1,2718.7,-1349.63,-12.9165
GV-06975,3108.3,2708.3,-1354.38,-13.1121
GV-06976,3185.82,2722.13,-1395.56,-12.9239
GV-06977,3242.25,2713.18,-1396.47,-12.8828
GV-06978,3294.8,2715.96,-1450.83,-12.9015
GV-06979,3333.41,2727.34,-1447.11,-12.8702
GV-06980,3376.2,2726.78,-1445.27,-12.8103
GV-06981,3411.28,2744.24,-1453.13,-12.9568
GV-06982,3485.99,2738.59,-1454.38,-12.7248
GV-06983,3511.3,2737.61,-1453.21,-12.9114
GV-06984,3556.39,2714.39,-1452.49,-12.7145
GV-06985,3630.62,2732.8,-1451.43,-12.7431
GV-06986,3676.63,2742.4,-1454.49,-12.8253
GV-06987,3709.71,2730.87,-1447.8,-13.0499
GV-06988,3768.8,2716.61,-1445.0,-12.8478
GV-06989,3844.94,2718.54,-1447.78,-12.8015
GV-06990,3879.17,2737.06,-1399.51,-12.8578
GV-06991,3908.9,2725.49,-1399.31,-12.6644
GV-06992,3966.41,2743.91,-1401.57,-12.9552
GV-06993,4041.43,2717.45,-1398.7,-12.7415
GV-06994,4068.32,2718.42,-1346.3,-12.8492
GV-06995,4110.98,2743.89,-1348.07,-12.8314
GV-06996,4161.84,2725.94,-1297.48,-12.6819
GV-06997,4218.9,2722.25,-1297.64,-12.5536
GV-06998,4258.47,2733.59,-1250.77,-12.5173
GV-06999,4325.6,2723.84,-1247.7,-12.6777
GV-07000,4360.5,2727.14,-1196.3,-12.7328
GV-07001,4406.92,2735.44,-1148.88,-12.8458
GV-07002,4467.07,2711.04,-1152.97,-12.6963
GV-07003,4532.14,2726.84,-1095.98,-12.7238
GV-07004,4569.61,2717.26,-1101.21,-12.6844
GV-07005,4635.83,2737.29,-1049.79,-12.5431
GV-07006,4675.96,2737.04,-1052.91,-12.4349
GV-07007,4730.2,2744.29,-996.6,-12.6299
GV-07008,4793.99,2716.18,-999.61,-12.5144
GV-07009,4805.42,2709.47,-1000.13,-12.3216
GV-07010,4890.24,2732.5,-952.61,-12.4345
GV-07011,4936.35,2745.0,-945.97,-12.4574
GV-07012,4970.75,2722.07,-954.4,-12.2438
GV-07013,5015.86,2729.59,-946.18,-12.2846
GV-07014,5081.57,2709.56,-946.29,-12.235
GV-07015,5136.65,2724.51,-947.81,-12.1456
GV-07016,5191.68,2706.81,-945.16,-12.1025
GV-07017,5217.03,2709.98,-951.0,-12.0263
GV-07018,5268.34,2736.81,-945.82,-11.8217
GV-07019,5318.84,2718.25,-946.53,-11.6174
GV-07020,5355.83,2728.36,-946.98,-11.6631
GV-07021,5406.57,2726.89,-950.6,-11.5741
GV-07022,5486.66,2722.73,-951.26,-11.4244
GV-07023,5530.0,2719.73,-954.9,-11.4101
GV-07024,5576.06,2740.16,-954.4,-11.0803
GV-07025,5618.37,2705.52,-946.72,-10.9646
GV-07026,5672.26,2741.37,-945.56,-10.9347
GV-07027,5741.39,2713.78,-947.54,-10.6523
GV-07028,5792.7,2736.74,-949.45,-10.589
GV-07029,5835.67,2717.27,-945.47,-10.383
GV-07030,5877.92,2710.75,-952.19,-10.0926
GV-07031,5930.49,2721.52,-904.92,-10.0889
GV-07032,5955.54,2710.9,-900.04,-9.5434
GV-07033,6024.1,2719.02,-898.63,-9.4431
GV-07034,6065.41,2731.75,-901.18,-9.2291
GV-07035,6138.32,2706.93,-896.86,-9.0099
GV-07036,6162.48,2738.18,-849.6,-8.761
GV-07037,6239.24,2711.34,-854.28,-8.2341
GV-07038,6282.09,2731.79,-851.23,-8.2013
GV-07039,6334.01,2744.25,-853.78,-7.8217
GV-07040,6380.47,2719.8,-796.73,-7.6763
GV-07041,39.94,2756.25,-995.95,-10.1014
GV-07042,66.27,2794.45,-997.42,-10.3692
GV-07043,133.3,2759.72,-1001.9,-10.4914
GV-07044,173.43,2759.63,-997.82,-10.5437
GV-07045,229.64,2781.14,-1001.39,-10.9057
GV-07046,286.82,2772.84,-998.16,-10.8055
GV-07047,311.12,2761.06,-1045.22,-11.1197
GV-07048,361.44,2763.74,-1049.31,-11.3347
GV-07049,425.86,2782.38,-1047.18,-11.4048
GV-07050,455.62,2767.01,-1047.14,-11.4654
GV-07051,534.38,2765.19,-1047.77,-11.4187
GV-07052,587.38,2782.48,-1054.89,-11.7234
GV-07053,629.25,2779.29,-1098.8,-11.9126
GV-07054,677.6,2776.66,-1099.18,-11.9254
GV-07055,708.03,2794.78,-1100.89,-12.1753
GV-07056,761.32,2786.64,-1153.26,-12.15
GV-07057,832.96,2769.21,-1153.87,-12.1114
GV-07058,878.65,2773.4,-1147.83,-12.2747
GV-07059,942.47,2792.89,-1201.45,-12.1167
GV-07060,965.48,2764.29,-1196.09,-12.4874
GV-07061,1029.73,2772.69,-1204.65,-12.4713
GV-07062,1081.61,2760.44,-1249.57,-12.7105
GV-07063,1116.0,2776.96,-1249.62,-12.5252
GV-07064,1176.35,2774.34,-1248.68,-12.6635
GV-07065,1232.03,2781.28,-1304.83,-12.7499
GV-07066,1265.11,2766.29,-1302.45,-12.8194
GV-07067,1323.29,2775.65,-1301.6,-12.7337
GV-07068,1382.15,2771.23,-1351.42,-12.8103
GV-07069,1434.46,2790.55,-1346.72,-12.9428
GV-07070,1461.24,2781.67,-1346.48,-12.9797
GV-07071,1541.12,2790.8,-1348.56,-12.9692
GV-07072,1560.99,2758.3,-1354.11,-12.8907
GV-07073,1641.03,2761.0,-1302.23,-12.9976
GV-07074,1680.35,2770.56,-1247.4,-13.2395
GV-07075,1705.53,2768.16,-1202.4,-12.987
GV-07076,1786.4,2755.2,-1102.99,-13.0671
GV-07077,1805.84,2784.51,-1054.09,-13.21
GV-07078,1889.25,2788.43,-946.41,-13.0658
GV-07079,1937.89,2775.02,-902.78,-13.3347
GV-07080,1987.65,2783.48,-845.17,-13.2784
GV-07081,2031.1,2779.66,-801.08,-13.3413
GV-07082,2087.55,2775.13,-798.28,-13.4243
GV-07083,2105.9,2764.26,-804.33,-13.1974
GV-07084,2168.62,2794.56,-800.14,-13.3056
GV-07085,2217.92,2768.69,-804.96,-13.1549
GV-07086,2286.79,2774.7,-795.48,-13.4511
GV-07087,2306.84,2782.97,-800.44,-13.2749
GV-07088,2386.83,2787.11,-851.44,-13.1441
GV-07089,2424.47,2761.55,-853.81,-13.2827
GV-07090,2459.48,2788.41,-896.49,-13.2591
GV-07091,2529.52,2791.08,-948.57,-13.2268
GV-07092,2579.16,2777.99,-945.5,-13.2634
GV-07093,2635.21,2771.42,-997.2,-13.2275
GV-07094,2666.19,2782.15,-1050.65,-13.2338
GV-07095,2719.34,2788.63,-1099.27,-13.2267
GV-07096,2772.95,2791.53,-1104.66,-13.3135
GV-07097,2817.25,2767.34,-1147.64,-13.2742
GV-07098,2880.45,2792.47,-1200.35,-13.2733
GV-07099,2906.65,2755.87,-1251.42,-13.107
GV-07100,2962.39,2766.11,-1300.46,-13.1632
GV-07101,3031.51,2787.56,-1348.76,-13.1247
GV-07102,3074.88,2793.45,-1404.0,-12.9373
GV-07103,3116.59,2793.54,-1400.35,-13.1752
GV-07104,3166.06,2794.59,-1403.42,-12.9229
GV-07105,3209.32,2773.94,-1397.15,-13.0347
GV-07106,3282.27,2775.4,-1448.89,-13.0017
GV-07107,3317.41,2784.74,-1451.23,-12.8814
GV-07108,3373.12,2781.86,-1445.31,-13.0165
GV-07109,3436.22,2772.7,-1448.81,-13.0137
GV-07110,3479.9,2786.22,-1447.23,-12.8984
GV-07111,3515.48,2792.13,-1454.01,-12.8752
GV-07112,3577.15,2777.43,-1448.19,-12.8812
GV-07113,3606.18,2758.06,-1450.42,-12.856
GV-07114,3687.04,2771.86,-1448.57,-12.9121
GV-07115,3713.66,2783.76,-1446.08,-12.6499
GV-07116,3762.35,2761.13,-1446.32,-12.9162
GV-07117,3841.61,2759.83,-1398.95,-12.7214
GV-07118,3872.18,2760.83,-1398.34,-12.8193
GV-07119,3923.6,2757.13,-1395.84,-12.7681
GV-07120,3993.91,2775.89,-1399.51,-12.81
GV-07121,4042.82,2771.7,-1345.75,-12.6811
GV-07122,4081.72,2762.54,-1352.65,-12.9008
GV-07123,4138.53,2780.62,-1298.61,-12.725
GV-07124,4181.07,2780.1,-1300.25,-12.8098
GV-07125,4236.78,2757.1,-1253.71,-12.9074
GV-07126,4277.85,2771.45,-1249.28,-12.7234
GV-07127,4307.54,2774.63,-1197.94,-12.7863
GV-07128,4372.89,2757.49,-1148.79,-12.7793
GV-07129,4443.18,2778.63,-1151.59,-12.8755
GV-07130,4484.1,2760.0,-1098.22,-12.6409
GV-07131,4516.05,2786.4,-1103.47,-12.8196
GV-07132,4573.52,2768.22,-1045.6,-12.8377
GV-07133,4630.97,2768.57,-1050.71,-12.7546
GV-07134,4680.1,2763.3,-1002.77,-12.5231
GV-07135,4744.4,2780.34,-1001.78,-12.5892
GV-07136,4789.52,2787.09,-996.1,-12.4813
GV-07137,4840.07,2774.45,-953.89,-12.7747
GV-07138,4882.06,2764.52,-948.6,-12.5129
GV-07139,4920.78,2778.46,-952.93,-12.4645
GV-07140,4968.46,2766.3,-951.29,-12.5011
GV-07141,5033.22,2757.23,-953.49,-12.3063
GV-07142,5069.92,2786.5,-948.2,-12.3569
GV-07143,5107.24,2785.49,-951.0,-12.2387
GV-07144,5163.26,2767.12,-949.15,-12.07
GV-07145,5225.33,2791.21,-953.41,-12.062
GV-07146,5263.48,2781.54,-953.58,-12.1595
GV-07147,5312.73,2768.82,-952.6,-11.9479
GV-07148,5383.97,2772.88,-954.29,-11.7746
GV-07149,5442.23,2778.49,-950.66,-11.6598
GV-07150,5469.78,2790.36,-954.86,-11.5147
GV-07151,5507.2,2756.81,-950.33,-11.5121
GV-07152,5563.07,2767.17,-953.32,-11.1743
GV-07153,5632.48,2779.89,-946.86,-11.0909
GV-07154,5681.02,2790.83,-945.83,-10.998
GV-07155,5713.95,2771.73,-946.5,-10.6912
GV-07156,5770.89,2772.19,-952.83,-10.4892
GV-07157,5826.64,2766.46,-902.55,-10.3915
GV-07158,5858.78,2770.98,-898.49,-10.151
GV-07159,5917.56,2780.82,-900.27,-10.0955
GV-07160,5973.46,2766.23,-900.54,-9.7388
GV-07161,6027.44,2769.07,-898.19,-9.5359
GV-07162,6063.66,2786.91,-902.89,-9.387
GV-07163,6127.68,2794.89,-848.7,-9.0117
GV-07164,6158.77,2762.01,-851.03,-8.7321
GV-07165,6220.2,2775.85,-851.76,-8.6874
GV-07166,6292.26,2777.54,-846.82,-8.2135
GV-07167,6342.34,2755.93,-795.4,-8.0255
GV-07168,6364.68,2791.43,-802.75,-7.5231
GV-07169,12.1,2822.89,-999.16,-10.2631
GV-07170,57.42,2816.34,-1002.15,-10.2932
GV-07171,110.62,2819.81,-996.01,-10.472
GV-07172,185.37,2819.01,-1002.22,-10.7865
GV-07173,220.36,2833.43,-1000.69,-10.8071
GV-07174,274.22,2829.45,-1054.73,-10.7685
GV-07175,323.09,2841.83,-1049.54,-11.1486
GV-07176,389.39,2838.8,-1046.07,-11.3139
GV-07177,424.47,2843.23,-1046.34,-11.4395
GV-07178,478.46,2817.85,-1050.99,-11.5775
GV-07179,541.53,2817.43,-1051.91,-11.503
GV-07180,565.7,2821.36,-1103.46,-11.6128
GV-07181,607.01,2815.05,-1099.13,-11.7275
GV-07182,655.13,2830.91,-1102.36,-11.7661
GV-07183,739.44,2835.96,-1151.0,-11.9274
GV-07184,760.06,2843.1,-1147.69,-12.1194
GV-07185,836.77,2842.62,-1149.38,-12.2116
GV-07186,862.82,2820.33,-1204.42,-12.2271
GV-07187,927.64,2820.4,-1196.44,-12.348
GV-07188,964.1,2808.32,-1199.34,-12.4396
GV-07189,1019.39,2838.43,-1254.06,-12.6451
GV-07190,1090.38,2822.9,-1250.88,-12.4807
GV-07191,1143.84,2840.06,-1251.3,-12.6179
GV-07192,1188.09,2829.39,-1302.58,-12.6648
GV-07193,1206.59,2823.8,-1300.2,-12.7562
GV-07194,1282.61,2843.79,-1300.59,-12.9577
GV-07195,1344.39,2829.25,-1350.28,-12.8777
GV-07196,1359.74,2830.32,-1348.86,-13.0279
GV-07197,1405.93,2841.65,-1352.02,-13.0051
GV-07198,1456.49,2816.27,-1346.3,-12.93
GV-07199,1537.13,2806.15,-1349.87,-13.1578
GV-07200,1580.99,2824.04,-1303.67,-13.1315
GV-07201,1622.36,2811.92,-1245.36,-13.1333
GV-07202,1656.07,2840.6,-1152.1,-13.1771
GV-07203,1742.26,2807.24,-1098.2,-13.0948
GV-07204,1774.14,2839.84,-1047.04,-13.2335
GV-07205,1837.01,2826.37,-953.96,-13.1537
GV-07206,1866.17,2826.54,-898.7,-13.3412
GV-07207,1926.0,2809.66,-851.08,-13.2286
GV-07208,1994.55,2808.97,-800.87,-13.3607
GV-07209,2013.82,2805.1,-800.74,-13.3969
GV-07210,2072.26,2814.41,-801.08,-13.3704
GV-07211,2113.84,2822.08,-801.43,-13.3668
GV-07212,2171.0,2814.13,-798.88,-13.4586
GV-07213,2242.52,2813.46,-804.4,-13.2478
GV-07214,2263.19,2817.74,-849.81,-13.3056
GV-07215,2341.45,2824.92,-848.17,-13.2903
GV-07216,2371.01,2833.62,-898.33,-13.2282
GV-07217,2420.25,2823.11,-899.84,-13.3119
GV-07218,2493.33,2824.56,-950.2,-13.283
GV-07219,2542.63,2831.43,-1003.69,-13.394
GV-07220,2577.75,2815.82,-995.99,-13.3334
GV-07221,2609.84,2830.5,-1048.08,-13.2204
GV-07222,2663.24,2836.43,-1103.41,-13.2338
GV-07223,2712.46,2837.73,-1149.36,-13.1902
GV-07224,2773.8,2826.17,-1147.17,-13.2672
GV-07225,2825.07,2813.0,-1196.43,-13.1748
GV-07226,2858.24,2820.48,-1249.88,-13.1487
GV-07227,2911.38,2827.52,-1303.51,-12.928
GV-07228,2974.09,2827.22,-1345.48,-12.8023
GV-07229,3028.93,2831.34,-1401.21,-13.0966
GV-07230,3086.12,2809.98,-1396.42,-13.0377
GV-07231,3129.74,2822.81,-1396.52,-12.9597
GV-07232,3181.66,2820.56,-1395.62,-13.1643
GV-07233,3222.08,2825.03,-1446.06,-13.0065
GV-07234,3264.21,2808.66,-1446.65,-13.0855
GV-07235,3313.95,2809.93,-1454.19,-12.9623
GV-07236,3380.83,2817.8,-1448.72,-12.9131
GV-07237,3442.31,2836.98,-1450.21,-13.0754
GV-07238,3467.85,2809.07,-1452.42,-13.2688
GV-07239,3506.26,2837.89,-1452.56,-13.0125
GV-07240,3556.74,2831.14,-1449.53,-12.9028
GV-07241,3630.77,2835.98,-1445.34,-12.9264
GV-07242,3669.09,2819.12,-1454.9,-13.0908
GV-07243,3734.74,2843.62,-1449.85,-12.8455
GV-07244,3791.6,2814.8,-1398.14,-12.9485
GV-07245,3806.57,2818.12,-1403.26,-12.9763
GV-07246,3876.23,2831.24,-1401.77,-12.9213
GV-07247,3939.11,2841.31,-1400.25,-12.8144
GV-07248,3992.31,2816.34,-1352.25,-13.1123
GV-07249,4018.55,2843.27,-1348.28,-12.7363
GV-07250,4084.86,2825.02,-1298.97,-12.9143
GV-07251,4135.65,2838.85,-1302.23,-12.8238
GV-07252,4181.73,2821.64,-1250.57,-12.8671
GV-07253,4220.44,2817.92,-1250.15,-12.9758
GV-07254,4279.12,2838.29,-1195.48,-12.8075
GV-07255,4324.49,2839.09,-1147.96,-12.7588
GV-07256,4360.37,2830.77,-1152.0,-12.8851
GV-07257,4407.89,2820.87,-1104.74,-12.9006
GV-07258,4494.35,2839.95,-1100.63,-12.9505
GV-07259,4507.48,2825.96,-1045.86,-12.7768
GV-07260,4579.28,2842.29,-1050.62,-13.0457
GV-07261,4643.45,2842.2,-1001.43,-12.8538
GV-07262,4672.52,2837.93,-997.43,-12.7367
GV-07263,4720.73,2827.52,-1003.18,-12.7629
GV-07264,4773.61,2810.17,-948.59,-12.6786
GV-07265,4815.73,2830.21,-951.38,-12.7107
GV-07266,4880.27,2833.92,-953.73,-12.6428
GV-07267,4909.02,2813.73,-954.23,-12.6289
GV-07268,4988.56,2810.43,-953.29,-12.7279
GV-07269,5030.41,2834.11,-954.55,-12.2797
GV-07270,5079.89,2826.92,-954.22,-12.2235
GV-07271,5136.58,2828.03,-895.72,-12.3544
GV-07272,5180.85,2818.46,-903.16,-12.2649
GV-07273,5208.06,2806.05,-895.48,-12.1515
GV-07274,5277.5,2822.4,-898.31,-12.077
GV-07275,5322.24,2809.2,-903.04,-12.0053
GV-07276,5389.04,2844.16,-902.22,-11.7459
GV-07277,5430.97,2832.86,-896.45,-11.8794
GV-07278,5461.01,2842.05,-947.82,-11.5103
GV-07279,5515.6,2827.06,-951.93,-11.4391
GV-07280,5569.07,2817.69,-895.44,-11.3373
GV-07281,5630.06,2817.71,-898.96,-11.1975
GV-07282,5672.02,2822.41,-898.62,-11.0728
GV-07283,5716.09,2840.17,-895.78,-10.8462
GV-07284,5785.69,2832.58,-902.35,-10.6223
GV-07285,5809.02,2807.94,-902.43,-10.5603
GV-07286,5855.09,2828.24,-896.61,-10.3603
GV-07287,5908.11,2842.72,-904.96,-10.3771
GV-07288,5971.15,2824.04,-896.7,-10.0026
GV-07289,6036.22,2837.19,-853.82,-9.4981
GV-07290,6075.52,2844.35,-845.52,-9.3736
GV-07291,6142.22,2825.54,-851.7,-9.025
GV-07292,6164.66,2812.49,-845.86,-9.0075
GV-07293,6206.33,2808.88,-801.61,-8.4937
GV-07294,6258.99,2831.89,-804.54,-8.2084
GV-07295,6342.14,2808.05,-798.25,-7.992
GV-07296,6368.51,2817.09,-796.9,-7.6156
GV-07297,43.66,2891.98,-1004.75,-10.1745
GV-07298,57.39,2882.29,-1000.34,-10.2357
GV-07299,126.52,2893.29,-1004.79,-10.5207
GV-07300,193.89,2869.56,-1048.23,-10.529
GV-07301,228.89,2876.28,-1053.01,-10.7937
GV-07302,265.71,2893.25,-1053.41,-10.8849
GV-07303,340.66,2864.68,-1048.35,-11.0829
GV-07304,374.61,2893.27,-1047.42,-11.3557
GV-07305,432.1,2865.95,-1051.96,-11.4213
GV-07306,472.68,2889.98,-1050.0,-11.4573
GV-07307,525.12,2867.69,-1095.29,-11.5414
GV-07308,572.37,2880.09,-1102.77,-11.6768
GV-07309,621.77,2862.12,-1097.08,-11.7753
GV-07310,695.0,2869.38,-1145.27,-11.8216
GV-07311,707.75,2892.94,-1150.06,-11.9478
GV-07312,764.45,2893.29,-1154.71,-12.0598
GV-07313,836.0,2857.65,-1195.86,-12.1007
GV-07314,864.87,2874.23,-1196.33,-12.1744
GV-07315,940.72,2890.52,-1199.25,-12.5627
GV-07316,963.39,2859.05,-1246.05,-12.42
GV-07317,1037.9,2857.93,-1250.93,-12.4131
GV-07318,1094.61,2888.43,-1246.13,-12.604
GV-07319,1109.15,2871.18,-1297.15,-12.6666
GV-07320,1159.82,2882.44,-1303.16,-12.5819
GV-07321,1231.24,2877.61,-1300.88,-12.6329
GV-07322,1258.46,2881.65,-1351.08,-12.8303
GV-07323,1309.89,2875.61,-1350.83,-12.9336
GV-07324,1358.62,2884.57,-1353.66,-12.8421
GV-07325,1405.8,2873.8,-1350.84,-13.0305
GV-07326,1462.02,2869.1,-1301.43,-12.9405
GV-07327,1517.11,2882.87,-1252.57,-13.0892
GV-07328,1564.48,2880.95,-1199.12,-13.0737
GV-07329,1614.09,2888.65,-1146.93,-13.0981
GV-07330,1667.07,2872.65,-1095.99,-13.0393
GV-07331,1705.25,2855.05,-1004.5,-13.1502
GV-07332,1776.71,2877.59,-954.35,-13.1198
GV-07333,1814.53,2871.3,-904.24,-13.1668
GV-07334,1878.59,2879.52,-847.47,-13.3794
GV-07335,1916.61,2859.62,-795.46,-13.4571
GV-07336,1985.26,2873.11,-799.88,-13.2642
GV-07337,2017.29,2890.77,-800.76,-13.1792
GV-07338,2067.85,2855.18,-801.06,-13.1809
GV-07339,2122.04,2865.82,-798.27,-13.3721
GV-07340,2160.18,2873.22,-800.25,-13.3142
GV-07341,2223.81,2894.05,-847.39,-13.4479
GV-07342,2288.32,2888.81,-849.91,-13.4598
GV-07343,2312.83,2881.96,-901.63,-13.2237
GV-07344,2360.86,2870.8,-899.49,-13.3543
GV-07345,2414.4,2868.13,-954.91,-13.3062
GV-07346,2479.22,2880.17,-1000.75,-13.2607
GV-07347,2533.97,2862.51,-998.1,-13.2405
GV-07348,2556.85,2879.97,-1049.63,-13.3859
GV-07349,2642.14,2884.49,-1100.87,-13.1905
GV-07350,2673.21,2879.91,-1152.57,-13.2789
GV-07351,2715.85,2893.64,-1197.42,-13.163
GV-07352,2762.12,2883.71,-1251.97,-13.3173
GV-07353,2816.61,2862.29,-1245.54,-13.3077
GV-07354,2877.66,2864.3,-1304.24,-13.0541
GV-07355,2925.7,2891.46,-1349.29,-13.3691
GV-07356,2967.4,2885.9,-1402.44,-13.136
GV-07357,3031.72,2874.11,-1400.54,-13.2092
GV-07358,3066.43,2871.71,-1401.62,-13.1066
GV-07359,3130.19,2879.46,-1403.53,-13.1471
GV-07360,3182.4,2879.08,-1445.86,-13.0216
GV-07361,3234.42,2882.44,-1449.54,-13.0394
GV-07362,3288.96,2876.29,-1452.56,-13.0432
GV-07363,3307.12,2889.65,-1450.23,-13.1715
GV-07364,3385.2,2892.26,-1454.71,-13.1705
GV-07365,3437.69,2880.13,-1445.72,-12.9699
GV-07366,3472.83,2874.3,-1446.68,-13.0828
GV-07367,3520.13,2865.56,-1451.98,-13.0934
GV-07368,3559.41,2880.73,-1451.61,-12.9642
GV-07369,3631.72,2866.99,-1450.72,-12.9431
GV-07370,3661.77,2884.75,-1447.84,-13.007
GV-07371,3707.43,2874.83,-1404.87,-13.0958
GV-07372,3780.03,2892.07,-1397.99,-12.8995
GV-07373,3815.08,2892.01,-1399.96,-13.0137
GV-07374,3868.45,2869.31,-1400.71,-12.9237
GV-07375,3920.2,2858.21,-1351.22,-13.0583
GV-07376,3974.88,2894.96,-1346.39,-13.1752
GV-07377,4042.12,2884.23,-1296.99,-13.0964
GV-07378,4073.58,2862.92,-1301.18,-12.9232
GV-07379,4106.24,2863.5,-1247.7,-12.9328
GV-07380,4183.36,2861.68,-1246.94,-12.9222
GV-07381,4206.14,2878.84,-1202.72,-12.8219
GV-07382,4271.44,2892.49,-1203.91,-13.0491
GV-07383,4342.91,2878.8,-1148.38,-12.9907
GV-07384,4374.87,2891.15,-1099.01,-13.1347
GV-07385,4443.69,2860.96,-1100.78,-13.066
GV-07386,4476.88,2891.43,-1050.98,-13.089
GV-07387,4527.04,2891.76,-1051.82,-13.0363
GV-07388,4590.83,2890.46,-998.1,-13.0161
GV-07389,4618.19,2882.95,-996.42,-12.9613
GV-07390,4663.38,2881.57,-998.92,-12.9835
GV-07391,4736.11,2867.75,-945.02,-12.6857
GV-07392,4781.01,2891.58,-952.39,-12.7897
GV-07393,4813.75,2883.37,-954.79,-12.8697
GV-07394,4877.22,2888.58,-950.88,-12.711
GV-07395,4932.4,2873.77,-948.15,-12.8819
GV-07396,4991.24,2879.15,-904.62,-12.8405
GV-07397,5028.67,2879.96,-901.21,-12.5183
GV-07398,5088.26,2885.36,-901.74,-12.661
GV-07399,5132.5,2870.5,-897.46,-12.3612
GV-07400,5166.8,2894.83,-895.58,-12.4098
GV-07401,5242.09,2894.29,-902.14,-12.3393
GV-07402,5273.59,2869.59,-903.04,-12.1793
GV-07403,5322.59,2884.39,-903.85,-12.078
GV-07404,5379.14,2859.21,-898.38,-12.114
GV-07405,5410.29,2857.48,-896.87,-12.0717
GV-07406,5475.77,2879.86,-896.58,-11.7695
GV-07407,5522.71,2866.38,-895.86,-11.5924
GV-07408,5569.55,2892.03,-900.42,-11.5468
GV-07409,5613.85,2863.79,-895.1,-11.3932
GV-07410,5671.56,2870.34,-904.81,-11.2179
GV-07411,5732.58,2859.9,-900.47,-11.206
GV-07412,5769.22,2889.46,-898.86,-10.769
GV-07413,5836.17,2874.94,-896.6,-10.6454
GV-07414,5894.36,2873.95,-900.21,-10.3787
GV-07415,5935.93,2862.52,-897.44,-10.1464
GV-07416,5981.89,2892.5,-850.47,-9.8053
GV-07417,6038.24,2874.8,-847.47,-9.8598
GV-07418,6094.97,2860.41,-846.55,-9.6094
GV-07419,6141.73,2874.25,-850.17,-9.3949
GV-07420,6190.52,2870.56,-797.99,-8.8991
GV-07421,6206.61,2887.38,-796.04,-8.6733
GV-07422,6283.97,2864.25,-796.01,-8.333
GV-07423,6325.84,2865.5,-745.51,-8.2382
GV-07424,6360.81,2863.59,-750.53,-7.7473
GV-07425,39.05,2927.02,-1004.12,-10.0978
GV-07426,74.12,2911.24,-997.75,-10.1795
GV-07427,128.09,2935.18,-1047.76,-10.3561
GV-07428,192.12,2915.57,-1045.55,-10.5058
GV-07429,244.93,2922.68,-1047.12,-10.8452
GV-07430,293.04,2926.54,-1047.39,-10.9207
GV-07431,310.68,2909.06,-1053.82,-10.9534
GV-07432,380.04,2926.02,-1049.57,-11.0
GV-07433,422.62,2941.59,-1049.68,-11.1058
GV-07434,480.07,2942.41,-1103.27,-11.4615
GV-07435,523.39,2938.93,-1098.17,-11.4556
GV-07436,582.83,2924.88,-1096.83,-11.7834
GV-07437,637.83,2932.19,-1154.71,-11.6341
GV-07438,688.65,2918.47,-1148.33,-11.8867
GV-07439,722.12,2941.62,-1152.02,-11.8917
GV-07440,784.49,2916.04,-1201.69,-12.0485
GV-07441,824.64,2915.49,-1199.89,-12.1346
GV-07442,860.03,2922.2,-1200.37,-12.2946
GV-07443,913.22,2938.75,-1245.63,-12.3553
GV-07444,983.84,2931.71,-1254.3,-12.411
GV-07445,1011.65,2907.47,-1254.43,-12.5142
GV-07446,1069.79,2934.91,-1303.87,-12.3806
GV-07447,1116.47,2914.28,-1298.59,-12.6339
GV-07448,1159.95,2917.93,-1304.27,-12.7024
GV-07449,1207.26,2926.56,-1352.9,-12.7475
GV-07450,1274.42,2925.66,-1346.11,-12.7377
GV-07451,1308.0,2929.65,-1352.95,-12.7299
GV-07452,1372.36,2939.11,-1348.28,-12.7932
GV-07453,1432.6,2944.77,-1300.67,-12.8828
GV-07454,1470.22,2912.07,-1253.13,-12.9055
GV-07455,1505.28,2935.58,-1195.48,-13.01
GV-07456,1560.91,2927.8,-1147.88,-13.0904
GV-07457,1639.27,2928.11,-1050.82,-13.0694
GV-07458,1672.9,2927.79,-1003.98,-13.1555
GV-07459,1725.11,2932.9,-904.77,-13.2021
GV-07460,1788.7,2908.02,-853.25,-13.3359
GV-07461,1809.08,2936.76,-799.68,-13.196
GV-07462,1884.92,2943.52,-804.35,-13.4641
GV-07463,1943.97,2943.62,-797.19,-13.2938
GV-07464,1976.2,2911.38,-798.89,-13.3256
GV-07465,2044.72,2912.51,-804.16,-13.1979
GV-07466,2090.37,2937.25,-804.47,-13.3762
GV-07467,2142.09,2914.46,-802.39,-13.3172
GV-07468,2174.54,2934.82,-847.32,-13.3677
GV-07469,2209.03,2921.61,-849.77,-13.4388
GV-07470,2288.35,2922.85,-900.36,-13.3955
GV-07471,2311.57,2916.53,-945.11,-13.2274
GV-07472,2363.14,2937.48,-953.61,-13.3568
GV-07473,2411.79,2943.35,-1002.45,-13.3156
GV-07474,2487.4,2911.05,-1045.01,-13.3277
GV-07475,2518.36,2942.43,-1047.12,-13.3576
GV-07476,2583.1,2919.91,-1104.94,-13.2161
GV-07477,2627.09,2916.53,-1154.33,-13.2649
GV-07478,2676.89,2940.23,-1203.8,-13.2486
GV-07479,2740.33,2919.49,-1254.83,-13.3709
GV-07480,2756.22,2911.21,-1297.26,-13.1802
GV-07481,2820.11,2929.35,-1304.59,-13.172
GV-07482,2866.73,2938.82,-1350.68,-13.1299
GV-07483,2925.54,2911.17,-1396.1,-13.2848
GV-07484,2961.19,2909.01,-1395.78,-13.2138
GV-07485,3014.59,2939.28,-1404.69,-13.0334
GV-07486,3087.45,2925.37,-1398.43,-13.319
GV-07487,3127.35,2943.63,-1400.75,-13.1588
GV-07488,3159.57,2941.19,-1447.29,-13.0475
GV-07489,3216.31,2918.96,-1453.86,-13.0221
GV-07490,3277.83,2934.01,-1454.15,-13.1229
GV-07491,3326.86,2942.82,-1449.38,-12.9211
GV-07492,3394.9,2913.64,-1445.91,-13.0552
GV-07493,3439.76,2912.88,-1445.14,-13.0681
GV-07494,3469.28,2908.99,-1451.5,-13.21
GV-07495,3529.25,2919.18,-1447.39,-13.0789
GV-07496,3574.64,2913.48,-1454.83,-13.0619
GV-07497,3613.87,2926.79,-1445.34,-13.1244
GV-07498,3686.5,2919.05,-1403.82,-13.1958
GV-07499,3706.18,2944.48,-1400.11,-13.2329
GV-07500,3784.23,2911.45,-1402.8,-13.1526
GV-07501,3827.07,2921.89,-1400.56,-13.0227
GV-07502,3884.67,2905.04,-1349.09,-13.0529
GV-07503,3917.14,2936.93,-1346.3,-13.0193
GV-07504,3983.37,2934.02,-1304.76,-13.1231
GV-07505,4012.93,2932.96,-1300.83,-13.0176
GV-07506,4065.04,2944.55,-1253.16,-13.1444
GV-07507,4134.62,2944.59,-1253.06,-13.0838
GV-07508,4160.99,2936.27,-1198.14,-13.2273
GV-07509,4235.56,2906.28,-1196.3,-13.3403
GV-07510,4274.96,2933.54,-1151.62,-13.116
GV-07511,4340.41,2916.0,-1096.85,-13.2103
GV-07512,4373.0,2923.48,-1096.02,-13.1573
GV-07513,4422.77,2936.81,-1052.38,-13.128
GV-07514,4469.9,2938.0,-1054.64,-13.094
GV-07515,4534.77,2925.1,-998.95,-13.2257
GV-07516,4565.32,2912.72,-998.87,-13.3067
GV-07517,4614.33,2931.85,-949.85,-13.176
GV-07518,4672.94,2911.12,-954.11,-13.0847
GV-07519,4717.1,2937.7,-952.27,-13.0914
GV-07520,4777.4,2920.86,-947.68,-13.0491
GV-07521,4814.04,2923.48,-946.34,-12.8829
GV-07522,4887.27,2921.91,-899.16,-13.1719
GV-07523,4928.27,2942.7,-897.38,-12.7432
GV-07524,4981.11,2912.55,-900.25,-12.7112
GV-07525,5013.87,2907.0,-903.38,-12.7608
GV-07526,5058.93,2930.01,-898.24,-12.6404
GV-07527,5144.86,2916.7,-903.1,-12.6498
GV-07528,5157.39,2942.46,-897.09,-12.6341
GV-07529,5241.26,2918.24,-900.05,-12.4708
GV-07530,5268.69,2944.34,-904.34,-12.3349
GV-07531,5337.0,2941.57,-895.35,-12.1534
GV-07532,5357.82,2926.55,-904.85,-12.0288
GV-07533,5440.73,2919.58,-896.95,-11.9596
GV-07534,5462.87,2910.45,-897.03,-11.7601
GV-07535,5516.54,2939.43,-899.71,-11.6495
GV-07536,5577.05,2908.03,-902.35,-11.6575
GV-07537,5617.95,2925.81,-901.93,-11.5928
GV-07538,5678.11,2938.05,-904.27,-11.2567
GV-07539,5720.87,2910.93,-902.16,-11.148
GV-07540,5787.31,2943.91,-898.49,-10.7483
GV-07541,5829.7,2941.96,-898.9,-10.6924
GV-07542,5888.92,2929.99,-847.8,-10.5093
GV-07543,5932.07,2905.38,-851.31,-10.2532
GV-07544,5973.35,2935.92,-852.29,-9.9527
GV-07545,6024.02,2905.74,-846.24,-9.811
GV-07546,6059.08,2928.12,-803.58,-9.5897
GV-07547,6114.7,2942.93,-800.81,-9.5516
GV-07548,6185.88,2918.91,-801.2,-8.9783
GV-07549,6243.19,2910.5,-801.91,-8.7098
GV-07550,6262.79,2936.0,-751.48,-8.4172
GV-07551,6322.92,2922.23,-747.68,-8.258
GV-07552,6366.6,2918.94,-754.84,-7.867
GV-07553,33.62,2972.62,-1050.88,-9.9828
GV-07554,93.61,2979.96,-1045.45,-10.1997
GV-07555,117.81,2964.52,-1047.0,-10.3669
GV-07556,166.72,2970.37,-1045.2,-10.5501
GV-07557,244.01,2960.38,-1047.48,-10.6012
GV-07558,281.72,2982.58,-1051.69,-10.7841
GV-07559,323.59,2985.29,-1053.23,-10.953
GV-07560,369.7,2985.0,-1052.64,-11.1545
GV-07561,428.0,2979.67,-1096.81,-11.2968
GV-07562,477.84,2963.27,-1100.39,-11.3892
GV-07563,516.02,2994.25,-1100.31,-11.5016
GV-07564,574.5,2975.85,-1152.32,-11.6484
GV-07565,616.11,2958.98,-1154.74,-11.7616
GV-07566,659.99,2983.77,-1149.81,-11.8501
GV-07567,740.39,2984.06,-1198.72,-11.7577
GV-07568,793.95,2974.78,-1199.8,-12.0639
GV-07569,827.17,2967.95,-1195.47,-12.2522
GV-07570,859.9,2966.73,-1252.87,-12.3245
GV-07571,913.98,2990.23,-1247.54,-12.3303
GV-07572,969.37,2960.83,-1250.37,-12.3923
GV-07573,1043.41,2988.88,-1299.61,-12.431
GV-07574,1057.32,2989.52,-1303.73,-12.5912
GV-07575,1134.78,2981.97,-1304.63,-12.5775
GV-07576,1180.8,2961.25,-1347.6,-12.8029
GV-07577,1232.25,2959.01,-1354.39,-12.8038
GV-07578,1290.12,2956.19,-1351.13,-13.0095
GV-07579,1324.06,2989.98,-1349.08,-12.8063
GV-07580,1391.02,2963.64,-1303.66,-12.9996
GV-07581,1418.55,2972.05,-1254.5,-13.0494
GV-07582,1457.81,2975.97,-1204.81,-13.0205
GV-07583,1509.7,2978.45,-1095.54,-12.9975
GV-07584,1587.68,2974.93,-1046.45,-12.9606
GV-07585,1622.7,2963.1,-951.49,-13.1123
GV-07586,1669.63,2987.94,-895.5,-13.1231
GV-07587,1737.93,2958.43,-847.19,-13.2668
GV-07588,1756.34,2957.01,-797.32,-13.1476
GV-07589,1805.12,2968.06,-803.84,-13.4779
GV-07590,1856.69,2994.51,-795.89,-13.4265
GV-07591,1933.91,2973.4,-804.11,-13.2906
GV-07592,1989.15,2983.61,-801.3,-13.2234
GV-07593,2034.05,2971.29,-803.5,-13.2487
GV-07594,2094.61,2992.93,-851.81,-13.3532
GV-07595,2119.55,2982.37,-851.05,-13.2387
GV-07596,2186.78,2967.54,-902.31,-13.4666
GV-07597,2207.69,2973.36,-896.76,-13.2732
GV-07598,2280.55,2977.35,-946.73,-13.3681
GV-07599,2334.98,2986.19,-949.82,-13.1675
GV-07600,2356.8,2959.77,-997.07,-13.2538
GV-07601,2443.23,2976.29,-1052.84,-13.478
GV-07602,2462.71,2969.46,-1104.8,-13.4041
GV-07603,2538.87,2994.85,-1099.83,-13.2858
GV-07604,2592.85,2957.75,-1146.14,-13.3043
GV-07605,2636.88,2972.75,-1197.49,-13.2668
GV-07606,2687.06,2961.15,-1245.95,-13.3443
GV-07607,2740.05,2963.97,-1297.38,-13.3106
GV-07608,2792.77,2994.7,-1350.26,-13.3341
GV-07609,2820.26,2978.45,-1346.78,-13.3285
GV-07610,2889.36,2959.98,-1404.31,-13.124
GV-07611,2940.29,2958.53,-1402.61,-13.2466
GV-07612,2958.37,2962.46,-1399.13,-13.1997
GV-07613,3039.39,2989.39,-1399.65,-13.118
GV-07614,3064.08,2956.54,-1404.69,-13.1698
GV-07615,3109.66,2988.67,-1449.1,-13.0232
GV-07616,3170.56,2992.48,-1453.63,-13.0424
GV-07617,3226.53,2967.49,-1453.69,-13.0804
GV-07618,3290.17,2955.17,-1450.24,-13.0375
GV-07619,3323.66,2973.15,-1446.93,-13.0919
GV-07620,3382.72,2983.04,-1450.25,-13.1584
GV-07621,3406.17,2993.94,-1451.22,-13.1901
GV-07622,3481.54,2977.06,-1454.29,-13.0107
GV-07623,3511.0,2977.12,-1452.55,-13.0888
GV-07624,3557.23,2969.17,-1454.85,-12.9405
GV-07625,3618.49,2992.76,-1397.49,-13.1862
GV-07626,3655.74,2973.96,-1404.49,-13.3218
GV-07627,3727.41,2980.67,-1395.03,-13.0678
GV-07628,3785.71,2990.49,-1402.59,-13.1007
GV-07629,3820.15,2986.05,-1352.31,-13.1719
GV-07630,3875.19,2967.37,-1345.76,-13.0626
GV-07631,3940.65,2961.15,-1300.22,-13.2922
GV-07632,3965.49,2963.24,-1299.56,-13.1745
GV-07633,4033.54,2981.92,-1253.03,-13.3216
GV-07634,4056.26,2964.23,-1246.34,-13.1821
GV-07635,4132.05,2970.64,-1197.08,-13.227
GV-07636,4188.4,2980.0,-1202.42,-13.1296
GV-07637,4222.82,2989.57,-1150.32,-13.2029
GV-07638,4289.0,2978.19,-1097.67,-13.1428
GV-07639,4314.33,2975.26,-1102.19,-13.2444
GV-07640,4356.72,2972.46,-1051.71,-13.1053
GV-07641,4424.51,2962.24,-1054.95,-13.2891
GV-07642,4490.76,2960.22,-995.66,-13.2375
GV-07643,4541.24,2969.52,-1001.12,-12.9859
GV-07644,4566.9,2987.64,-946.32,-13.2096
GV-07645,4638.86,2975.65,-952.77,-13.1658
GV-07646,4680.2,2972.68,-951.45,-13.1995
GV-07647,4742.21,2962.71,-951.86,-13.0832
GV-07648,4771.28,2968.71,-902.68,-13.0696
GV-07649,4812.24,2963.49,-898.42,-13.1472
GV-07650,4876.25,2963.36,-902.45,-12.9797
GV-07651,4905.29,2992.31,-899.01,-13.1489
GV-07652,4975.24,2972.57,-902.89,-13.0333
GV-07653,5026.09,2990.45,-902.82,-12.8791
GV-07654,5076.81,2982.42,-904.51,-12.6415
GV-07655,5111.54,2967.22,-895.76,-12.7149
GV-07656,5159.17,2983.33,-899.18,-12.5326
GV-07657,5212.05,2967.8,-895.24,-12.563
GV-07658,5255.36,2973.97,-897.67,-12.3255
GV-07659,5343.72,2990.85,-897.15,-12.1179
GV-07660,5373.03,2967.44,-898.08,-12.2615
GV-07661,5425.57,2955.32,-895.14,-12.0328
GV-07662,5473.35,2989.4,-898.23,-11.9269
GV-07663,5520.74,2957.61,-900.75,-11.5781
GV-07664,5593.63,2983.86,-901.02,-11.6413
GV-07665,5618.06,2972.72,-903.45,-11.2893
GV-07666,5683.66,2994.4,-895.45,-11.4326
GV-07667,5707.68,2956.5,-899.66,-11.1675
GV-07668,5787.72,2962.2,-852.78,-11.0647
GV-07669,5837.97,2955.73,-849.65,-10.7559
GV-07670,5893.71,2987.84,-854.02,-10.5904
GV-07671,5932.45,2956.14,-848.43,-10.3926
GV-07672,5976.39,2969.1,-852.39,-10.1314
GV-07673,6039.52,2960.22,-796.98,-9.8063
GV-07674,6076.27,2979.56,-802.48,-9.6504
GV-07675,6112.06,2990.32,-797.48,-9.5179
GV-07676,6182.11,2981.36,-747.51,-9.1765
GV-07677,6207.48,2986.61,-752.89,-8.8566
GV-07678,6294.73,2964.97,-748.99,-8.7656
GV-07679,6323.33,2978.94,-749.08,-8.0526
GV-07680,6373.47,2992.22,-698.0,-7.7762
GV-07681,26.37,3041.05,-1054.24,-10.2246
GV-07682,93.6,3036.57,-1048.64,-10.2215
GV-07683,106.76,3006.1,-1049.16,-10.3472
GV-07684,170.55,3011.29,-1048.45,-10.5028
GV-07685,219.3,3024.26,-1045.76,-10.4883
GV-07686,261.92,3009.2,-1054.29,-10.8083
GV-07687,318.76,3010.93,-1049.63,-10.887
GV-07688,393.99,3018.41,-1096.77,-11.2372
GV-07689,406.05,3008.5,-1096.7,-11.3702
GV-07690,467.83,3027.45,-1103.06,-11.3833
GV-07691,542.02,3035.25,-1153.93,-11.512
GV-07692,565.54,3019.2,-1149.91,-11.4614
GV-07693,642.87,3033.56,-1146.03,-11.6962
GV-07694,676.39,3037.92,-1197.05,-11.8083
GV-07695,722.92,3031.2,-1203.79,-11.9685
GV-07696,787.1,3039.96,-1202.32,-11.9091
GV-07697,839.64,3007.4,-1251.39,-12.1524
GV-07698,890.81,3027.5,-1251.03,-12.0664
GV-07699,925.04,3022.01,-1250.99,-12.2097
GV-07700,968.03,3034.55,-1297.07,-12.2917
GV-07701,1022.08,3029.47,-1304.79,-12.4072
GV-07702,1067.33,3033.0,-1301.66,-12.3624
GV-07703,1115.57,3018.51,-1348.16,-12.4533
GV-07704,1168.16,3016.8,-1345.33,-12.5794
GV-07705,1217.94,3028.3,-1346.91,-12.8057
GV-07706,1294.97,3019.15,-1304.12,-12.7147
GV-07707,1341.61,3026.01,-1251.24,-12.8555
GV-07708,1391.78,3014.02,-1201.89,-13.1854
GV-07709,1423.99,3028.49,-1150.81,-13.1311
GV-07710,1466.17,3017.48,-1100.8,-12.9606
GV-07711,1533.75,3027.29,-1002.93,-13.0522
GV-07712,1559.14,3025.66,-953.72,-13.1159
GV-07713,1641.56,3030.76,-903.54,-13.3388
GV-07714,1656.72,3030.92,-847.08,-13.166
GV-07715,1728.08,3026.77,-800.64,-13.3497
GV-07716,1763.36,3033.39,-801.9,-13.395
GV-07717,1833.79,3044.96,-803.4,-13.2656
GV-07718,1855.92,3011.53,-803.72,-13.3769
GV-07719,1926.59,3006.9,-804.72,-13.357
GV-07720,1962.27,3027.87,-799.04,-13.2908
GV-07721,2027.55,3041.56,-850.07,-13.4228
GV-07722,2062.15,3025.73,-852.2,-13.2869
GV-07723,2134.23,3014.64,-899.25,-13.4142
GV-07724,2161.05,3038.05,-899.77,-13.4164
GV-07725,2239.39,3008.84,-954.72,-13.3257
GV-07726,2259.82,3016.9,-1001.61,-13.4128
GV-07727,2307.86,3038.73,-1000.93,-13.2786
GV-07728,2355.94,3034.38,-1052.01,-13.2187
GV-07729,2444.48,3030.01,-1103.84,-13.2597
GV-07730,2482.88,3038.59,-1149.29,-13.3125
GV-07731,2528.78,3027.87,-1152.3,-13.2743
GV-07732,2567.71,3017.13,-1198.22,-13.3686
GV-07733,2639.41,3028.55,-1245.3,-13.1946
GV-07734,2694.97,3021.77,-1300.61,-13.2809
GV-07735,2720.19,3009.4,-1353.05,-13.3017
GV-07736,2794.6,3027.54,-1395.12,-13.1666
GV-07737,2808.64,3008.17,-1404.72,-13.1106
GV-07738,2892.01,3022.97,-1400.39,-13.3878
GV-07739,2931.37,3018.4,-1396.21,-13.1668
GV-07740,2994.71,3018.64,-1396.91,-13.2907
GV-07741,3031.65,3033.61,-1403.24,-13.0466
GV-07742,3088.67,3036.97,-1404.72,-13.1106
GV-07743,3142.98,3019.11,-1447.14,-13.0647
GV-07744,3160.84,3028.91,-1453.38,-13.1444
GV-07745,3212.08,3020.67,-1448.58,-13.1295
GV-07746,3293.98,3040.8,-1452.62,-13.1186
GV-07747,3313.43,3042.35,-1451.77,-13.1121
GV-07748,3375.43,3031.31,-1447.91,-13.2663
GV-07749,3436.42,3015.91,-1450.87,-13.3042
GV-07750,3455.83,3038.3,-1446.32,-13.1566
GV-07751,3524.63,3043.85,-1450.17,-13.1695
GV-07752,3575.87,3023.88,-1398.16,-13.0411
GV-07753,3619.4,3032.31,-1395.53,-13.1532
GV-07754,3672.06,3041.33,-1404.9,-13.1507
GV-07755,3714.33,3036.17,-1403.5,-13.1997
GV-07756,3761.9,3022.51,-1345.48,-13.2593
GV-07757,3844.69,3043.45,-1354.3,-13.0713
GV-07758,3860.89,3005.81,-1302.82,-13.2081
GV-07759,3942.61,3013.57,-1296.41,-13.2929
GV-07760,3991.4,3015.08,-1250.12,-13.2672
GV-07761,4006.94,3039.0,-1249.65,-13.2065
GV-07762,4070.83,3032.52,-1200.56,-13.2035
GV-07763,4128.91,3040.43,-1197.48,-13.2752
GV-07764,4183.06,3015.62,-1148.5,-13.3145
GV-07765,4240.18,3010.12,-1102.68,-13.4185
GV-07766,4276.88,3037.11,-1103.49,-13.3188
GV-07767,4310.33,3005.28,-1053.45,-13.1576
GV-07768,4383.01,3005.84,-1051.74,-13.289
GV-07769,4408.46,3042.94,-1001.3,-13.3472
GV-07770,4461.45,3038.14,-1001.68,-13.2784
GV-07771,4540.38,3039.96,-948.14,-13.4502
GV-07772,4563.47,3022.82,-954.71,-13.2683
GV-07773,4624.14,3040.53,-949.11,-13.3901
GV-07774,4660.58,3036.66,-947.26,-13.2718
GV-07775,4732.42,3041.15,-897.64,-13.3054
GV-07776,4776.45,3018.79,-904.9,-13.3148
GV-07777,4820.6,3040.56,-898.78,-13.2197
GV-07778,4872.58,3028.83,-902.77,-13.191
GV-07779,4921.92,3043.77,-898.26,-13.052
GV-07780,4984.28,3036.74,-898.45,-12.9481
GV-07781,5012.37,3023.03,-897.78,-13.0209
GV-07782,5075.5,3035.61,-899.07,-12.8769
GV-07783,5140.18,3022.38,-901.74,-12.7769
GV-07784,5165.25,3016.44,-904.94,-12.6776
GV-07785,5207.91,3018.19,-903.26,-12.4765
GV-07786,5259.21,3007.01,-900.29,-12.63
GV-07787,5324.83,3036.15,-903.36,-12.564
GV-07788,5386.95,3043.75,-896.99,-12.4997
GV-07789,5420.34,3009.6,-900.94,-12.208
GV-07790,5461.95,3042.02,-903.57,-12.0611
GV-07791,5509.09,3022.98,-899.85,-11.9685
GV-07792,5557.57,3020.09,-904.5,-11.7482
GV-07793,5612.82,3043.83,-904.74,-11.6822
GV-07794,5677.23,3037.57,-845.64,-11.4816
GV-07795,5710.33,3013.78,-850.36,-11.3714
GV-07796,5782.27,3032.57,-853.75,-11.0169
GV-07797,5820.27,3023.38,-852.42,-10.8983
GV-07798,5870.54,3032.6,-852.48,-10.6677
GV-07799,5939.53,3032.26,-801.54,-10.4546
GV-07800,5975.17,3033.3,-797.4,-10.2805
GV-07801,6010.02,3020.0,-798.57,-10.1931
GV-07802,6076.86,3015.81,-800.89,-9.7826
GV-07803,6106.09,3025.03,-750.27,-9.4691
GV-07804,6167.01,3008.73,-753.56,-9.2416
GV-07805,6230.97,3036.69,-747.04,-8.9131
GV-07806,6272.4,3012.39,-702.27,-8.6288
GV-07807,6311.47,3036.29,-696.14,-8.3411
GV-07808,6369.61,3038.39,-699.91,-7.9032
GV-07809,26.67,3071.65,-1047.27,-9.9527
GV-07810,94.47,3057.25,-1052.44,-10.1317
GV-07811,110.6,3074.54,-1050.51,-10.3598
GV-07812,162.76,3066.29,-1045.28,-10.4029
GV-07813,244.84,3058.63,-1047.8,-10.5885
GV-07814,277.48,3074.11,-1048.94,-10.6911
GV-07815,325.69,3075.81,-1096.67,-10.9829
GV-07816,387.01,3066.75,-1098.68,-11.0071
GV-07817,414.81,3060.19,-1099.08,-11.2742
GV-07818,459.56,3073.19,-1148.79,-11.4011
GV-07819,510.0,3073.28,-1152.67,-11.3986
GV-07820,589.57,3094.46,-1153.67,-11.5286
GV-07821,623.12,3062.84,-1202.0,-11.6543
GV-07822,668.09,3076.61,-1204.99,-11.9172
GV-07823,742.85,3084.43,-1200.69,-11.8472
GV-07824,771.42,3094.36,-1252.24,-12.1439
GV-07825,831.03,3084.29,-1252.17,-12.1826
GV-07826,869.87,3072.16,-1251.67,-12.1184
GV-07827,910.25,3091.31,-1296.86,-12.4012
GV-07828,982.33,3058.14,-1300.24,-12.4539
GV-07829,1022.6,3068.56,-1295.7,-12.5224
GV-07830,1058.2,3073.84,-1351.38,-12.4834
GV-07831,1106.8,3090.38,-1350.59,-12.5155
GV-07832,1180.43,3086.29,-1350.48,-12.6859
GV-07833,1239.52,3068.75,-1300.45,-12.585
GV-07834,1271.28,3093.3,-1245.24,-12.6695
GV-07835,1320.45,3071.52,-1195.53,-12.7786
GV-07836,1364.72,3076.93,-1145.1,-12.6938
GV-07837,1426.76,3082.89,-1053.03,-12.9564
GV-07838,1487.45,3086.09,-1004.02,-12.8587
GV-07839,1513.41,3077.82,-895.26,-13.0118
GV-07840,1556.21,3089.09,-849.56,-13.0038
GV-07841,1609.5,3060.66,-851.17,-13.1911
GV-07842,1683.65,3089.08,-795.49,-13.2854
GV-07843,1707.03,3058.13,-799.12,-13.3419
GV-07844,1758.25,3088.18,-804.83,-13.1698
GV-07845,1835.17,3092.04,-803.01,-13.2923
GV-07846,1893.56,3073.66,-797.6,-13.3707
GV-07847,1934.03,3067.53,-801.06,-13.2712
GV-07848,1966.29,3076.49,-846.03,-13.3776
GV-07849,2033.28,3086.9,-851.23,-13.2797
GV-07850,2071.98,3073.73,-904.45,-13.2619
GV-07851,2135.43,3067.73,-903.24,-13.1746
GV-07852,2177.47,3088.46,-947.98,-13.3642
GV-07853,2205.22,3088.46,-1003.7,-13.2619
GV-07854,2276.3,3087.77,-1052.0,-13.3435
GV-07855,2319.94,3071.58,-1052.45,-13.3208
GV-07856,2356.89,3061.77,-1101.38,-13.3871
GV-07857,2422.66,3071.1,-1145.16,-13.4451
GV-07858,2466.11,3089.27,-1198.66,-13.0604
GV-07859,2535.63,3063.32,-1200.89,-13.3765
GV-07860,2564.9,3082.19,-1253.14,-13.28
GV-07861,2641.25,3058.67,-1300.09,-13.4601
GV-07862,2659.6,3070.78,-1350.2,-13.2713
GV-07863,2726.71,3072.0,-1396.76,-13.171
GV-07864,2760.3,3065.26,-1400.66,-13.3106
GV-07865,2823.64,3069.95,-1402.46,-13.2676
GV-07866,2885.83,3075.35,-1399.76,-13.3085
GV-07867,2930.17,3057.08,-1396.38,-13.1314
GV-07868,2960.09,3090.28,-1403.97,-13.3085
GV-07869,3015.44,3056.93,-1404.25,-13.1719
GV-07870,3082.91,3069.87,-1451.0,-13.2147
GV-07871,3115.14,3085.95,-1447.77,-13.1917
GV-07872,3169.13,3070.13,-1454.74,-13.3025
GV-07873,3243.46,3056.03,-1448.93,-13.0843
GV-07874,3270.52,3091.2,-1449.19,-13.0614
GV-07875,3326.24,3093.65,-1448.16,-13.2274
GV-07876,3357.84,3078.42,-1447.77,-13.2363
GV-07877,3437.37,3056.94,-1452.87,-13.2275
GV-07878,3468.85,3080.81,-1400.01,-13.3313
GV-07879,3537.07,3071.27,-1399.33,-13.3161
GV-07880,3591.36,3093.38,-1401.01,-13.3186
GV-07881,3621.34,3082.71,-1400.09,-13.3158
GV-07882,3694.9,3070.51,-1400.67,-13.2508
GV-07883,3736.97,3086.48,-1345.13,-13.2467
GV-07884,3784.57,3092.14,-1353.26,-13.2973
GV-07885,3822.62,3092.42,-1297.25,-13.4966
GV-07886,3884.04,3056.62,-1299.12,-13.2484
GV-07887,3918.41,3056.65,-1252.76,-13.1758
GV-07888,3979.75,3060.35,-1247.54,-13.2819
GV-07889,4044.13,3093.13,-1200.35,-13.33
GV-07890,4056.11,3067.92,-1199.91,-13.2551
GV-07891,4116.06,3092.09,-1154.11,-13.2633
GV-07892,4172.04,3063.39,-1103.41,-13.519
GV-07893,4216.55,3055.77,-1097.55,-13.3138
GV-07894,4293.97,3090.03,-1051.74,-13.2826
GV-07895,4338.1,3072.76,-1046.72,-13.4641
GV-07896,4358.71,3066.32,-1002.31,-13.474
GV-07897,4426.58,3077.03,-999.48,-13.3502
GV-07898,4486.84,3057.38,-951.07,-13.5825
GV-07899,4543.93,3071.21,-952.05,-13.2966
GV-07900,4587.8,3077.77,-953.31,-13.4613
GV-07901,4622.43,3083.89,-898.88,-13.4091
GV-07902,4662.73,3077.32,-896.9,-13.2828
GV-07903,4739.02,3078.63,-897.17,-13.2896
GV-07904,4763.49,3058.69,-899.18,-13.2623
GV-07905,4806.08,3094.65,-895.45,-13.2733
GV-07906,4869.28,3057.34,-899.14,-13.2157
GV-07907,4932.73,3093.7,-899.34,-13.1772
GV-07908,4972.92,3085.79,-902.57,-12.9528
GV-07909,5011.35,3066.24,-898.04,-13.0328
GV-07910,5064.53,3094.92,-899.08,-12.891
GV-07911,5112.31,3072.43,-899.13,-12.8031
GV-07912,5170.76,3094.31,-900.76,-12.9577
GV-07913,5230.86,3093.4,-897.66,-12.7007
GV-07914,5284.84,3081.51,-900.89,-12.5222
GV-07915,5341.88,3057.54,-904.7,-12.513
GV-07916,5371.83,3083.96,-903.96,-12.6327
GV-07917,5408.9,3087.0,-897.38,-12.0347
GV-07918,5459.19,3064.01,-895.39,-12.3139
GV-07919,5505.03,3075.82,-850.56,-11.8575
GV-07920,5564.62,3084.09,-850.27,-11.8451
GV-07921,5629.86,3066.74,-855.0,-11.8725
GV-07922,5681.44,3070.61,-849.2,-11.6519
GV-07923,5709.85,3063.28,-848.14,-11.506
GV-07924,5771.81,3077.12,-847.79,-11.3521
GV-07925,5830.86,3085.76,-847.72,-11.0613
GV-07926,5887.1,3072.28,-801.24,-10.737
GV-07927,5942.73,3056.7,-799.5,-10.5602
GV-07928,5987.26,3081.01,-801.52,-10.4422
GV-07929,6033.68,3089.22,-750.63,-10.0822
GV-07930,6057.34,3075.22,-753.12,-9.9765
GV-07931,6128.73,3090.21,-749.19,-9.6328
GV-07932,6180.15,3066.68,-747.33,-9.2775
GV-07933,6223.0,3091.59,-698.14,-8.9537
GV-07934,6291.23,3075.84,-696.43,-8.6054
GV-07935,6322.05,3082.26,-697.18,-8.3634
GV-07936,6357.03,3088.13,-697.63,-8.1662
GV-07937,30.05,3132.99,-1048.88,-9.9934
GV-07938,85.3,3118.9,-1047.28,-10.0878
GV-07939,126.9,3133.67,-1054.51,-10.3048
GV-07940,172.84,3108.93,-1047.39,-10.3449
GV-07941,221.75,3127.39,-1049.09,-10.4926
GV-07942,265.93,3130.31,-1097.65,-10.8172
GV-07943,315.27,3138.16,-1095.34,-10.8721
GV-07944,355.48,3108.8,-1098.18,-10.9742
GV-07945,428.5,3127.61,-1148.44,-11.214
GV-07946,480.17,3134.59,-1148.36,-11.3118
GV-07947,516.12,3105.41,-1151.45,-11.4509
GV-07948,567.85,3113.41,-1199.46,-11.5652
GV-07949,639.79,3123.09,-1198.34,-11.5818
GV-07950,661.15,3144.73,-1199.44,-11.9062
GV-07951,722.75,3107.38,-1252.91,-11.9552
GV-07952,789.48,3108.49,-1251.91,-12.0771
GV-07953,834.97,3119.35,-1254.99,-12.1886
GV-07954,885.0,3144.24,-1296.38,-12.0301
GV-07955,937.1,3122.34,-1302.28,-12.258
GV-07956,974.92,3129.2,-1296.57,-12.359
GV-07957,1032.28,3114.07,-1348.06,-12.4651
GV-07958,1069.86,3134.09,-1346.85,-12.5393
GV-07959,1138.34,3141.92,-1346.26,-12.6134
GV-07960,1183.81,3111.09,-1300.85,-12.6002
GV-07961,1232.0,3119.22,-1246.02,-12.6626
GV-07962,1265.8,3116.1,-1201.05,-12.8936
GV-07963,1313.33,3112.78,-1104.92,-12.8607
GV-07964,1380.83,3125.16,-1049.45,-12.8718
GV-07965,1437.66,3121.69,-946.02,-13.0086
GV-07966,1478.19,3138.57,-895.45,-12.9063
GV-07967,1516.75,3126.69,-850.67,-13.0068
GV-07968,1560.24,3122.83,-804.59,-12.9901
GV-07969,1622.03,3105.68,-797.55,-13.0934
GV-07970,1679.6,3136.9,-797.24,-13.1569
GV-07971,1706.13,3112.8,-803.91,-13.1822
GV-07972,1772.32,3130.11,-797.26,-13.0176
GV-07973,1819.39,3129.24,-804.27,-13.3273
GV-07974,1855.47,3118.42,-852.41,-13.3597
GV-07975,1930.03,3128.52,-845.19,-13.2674
GV-07976,1970.97,3127.72,-850.16,-13.4467
GV-07977,2029.88,3136.81,-896.12,-13.2536
GV-07978,2061.45,3105.41,-950.14,-13.3589
GV-07979,2127.88,3107.74,-952.15,-13.2623
GV-07980,2165.79,3114.57,-999.11,-13.3876
GV-07981,2226.8,3129.85,-1052.29,-13.2621
GV-07982,2261.19,3130.28,-1048.96,-13.325
GV-07983,2317.42,3140.71,-1104.03,-13.3762
GV-07984,2384.03,3135.79,-1152.44,-13.2176
GV-07985,2417.2,3126.05,-1199.36,-13.2135
GV-07986,2488.29,3106.15,-1246.61,-13.388
GV-07987,2508.74,3131.61,-1250.78,-13.2561
GV-07988,2580.55,3143.71,-1299.35,-13.4804
GV-07989,2621.71,3124.48,-1348.38,-13.3
GV-07990,2686.4,3105.58,-1404.5,-13.2849
GV-07991,2733.07,3122.81,-1401.34,-13.3809
GV-07992,2756.11,3117.68,-1396.92,-13.2094
GV-07993,2829.18,3133.91,-1399.15,-13.2487
GV-07994,2879.65,3106.93,-1403.06,-13.1139
GV-07995,2920.47,3111.92,-1402.86,-13.2577
GV-07996,2976.83,3142.86,-1399.24,-13.2594
GV-07997,3017.37,3118.21,-1402.22,-13.2498
GV-07998,3088.27,3119.26,-1448.38,-13.3135
GV-07999,3122.95,3106.07,-1453.52,-13.2488
GV-08000,3187.5,3140.75,-1447.39,-13.37
GV-08001,3224.79,3143.12,-1448.3,-13.2348
GV-08002,3255.88,3143.68,-1446.55,-13.2267
GV-08003,3335.67,3111.12,-1447.06,-13.1736
GV-08004,3365.78,3119.99,-1449.02,-13.1187
GV-08005,3428.8,3134.78,-1397.14,-13.2802
GV-08006,3475.46,3116.16,-1399.19,-13.4365
GV-08007,3521.42,3110.33,-1397.29,-13.2363
GV-08008,3585.87,3120.48,-1398.22,-13.3461
GV-08009,3638.86,3110.81,-1398.59,-13.3108
GV-08010,3686.66,3139.62,-1350.14,-13.4234
GV-08011,3710.65,3120.92,-1346.97,-13.1421
GV-08012,3783.6,3127.12,-1302.65,-13.1163
GV-08013,3843.78,3123.21,-1298.64,-13.3641
GV-08014,3882.63,3141.95,-1246.4,-13.4998
GV-08015,3906.97,3108.64,-1252.02,-13.4987
GV-08016,3961.14,3122.52,-1196.66,-13.3527
GV-08017,4031.93,3127.99,-1197.77,-13.5727
GV-08018,4068.89,3143.06,-1146.24,-13.469
GV-08019,4133.49,3127.01,-1100.6,-13.4552
GV-08020,4165.87,3131.39,-1100.64,-13.5843
GV-08021,4237.65,3105.67,-1052.26,-13.4293
GV-08022,4270.37,3123.44,-1048.38,-13.4149
GV-08023,4335.64,3128.69,-995.93,-13.5441
GV-08024,4357.09,3111.3,-1001.37,-13.4777
GV-08025,4420.78,3108.44,-950.19,-13.5921
GV-08026,4473.75,3120.05,-950.37,-13.5389
GV-08027,4537.36,3139.46,-953.53,-13.5743
GV-08028,4560.98,3118.21,-899.03,-13.446
GV-08029,4612.49,3123.25,-900.76,-13.5468
GV-08030,4693.79,3114.71,-904.39,-13.6135
GV-08031,4733.83,3121.0,-901.72,-13.2797
GV-08032,4780.19,3128.48,-898.15,-13.6387
GV-08033,4820.77,3132.3,-895.18,-13.3201
GV-08034,4861.87,3137.62,-904.14,-13.2558
GV-08035,4916.02,3130.78,-851.97,-13.3738
GV-08036,4985.33,3110.41,-851.75,-13.2494
GV-08037,5026.18,3106.11,-847.14,-13.3282
GV-08038,5070.66,3115.34,-853.09,-13.262
GV-08039,5109.2,3135.71,-851.24,-12.976
GV-08040,5166.12,3134.44,-845.6,-12.8054
GV-08041,5214.85,3140.98,-845.19,-12.8777
GV-08042,5262.91,3117.94,-849.87,-12.5105
GV-08043,5339.34,3118.84,-851.72,-12.525
GV-08044,5375.19,3126.62,-853.37,-12.4432
GV-08045,5443.5,3144.89,-845.05,-12.2884
GV-08046,5486.42,3109.42,-851.75,-12.1559
GV-08047,5537.77,3142.23,-852.58,-12.1207
GV-08048,5582.06,3129.11,-845.99,-11.9614
GV-08049,5614.07,3140.1,-846.6,-11.8407
GV-08050,5693.49,3130.22,-851.07,-11.7071
GV-08051,5709.84,3124.42,-846.8,-11.5163
GV-08052,5777.0,3122.13,-801.6,-11.3041
GV-08053,5817.27,3137.78,-804.06,-11.0553
GV-08054,5862.45,3140.83,-799.64,-10.8499
GV-08055,5926.59,3140.44,-804.05,-10.6045
GV-08056,5987.37,3110.47,-753.38,-10.5134
GV-08057,6016.91,3109.46,-747.16,-10.3234
GV-08058,6074.63,3124.08,-752.81,-10.0273
GV-08059,6126.08,3126.58,-696.16,-9.6998
GV-08060,6169.29,3137.91,-703.81,-9.3434
GV-08061,6215.12,3132.85,-698.98,-9.1222
GV-08062,6275.72,3109.15,-704.4,-8.7731
GV-08063,6337.93,3125.58,-647.31,-8.4856
GV-08064,6379.04,3107.85,-652.59,-8.0276
GV-08065,36.39,3174.44,-1054.72,-9.9493
GV-08066,74.42,3162.58,-1046.32,-10.1412
GV-08067,117.8,3193.57,-1045.28,-10.5316
GV-08068,172.39,3189.74,-1049.68,-10.4308
GV-08069,237.59,3166.77,-1096.9,-10.6493
GV-08070,293.73,3191.62,-1099.97,-10.839
GV-08071,337.97,3160.02,-1098.59,-10.9684
GV-08072,383.6,3165.07,-1145.03,-11.1186
GV-08073,421.2,3180.71,-1153.34,-11.1971
GV-08074,472.85,3165.7,-1146.21,-11.4388
GV-08075,542.17,3158.15,-1146.32,-11.5683
GV-08076,568.02,3182.31,-1203.31,-11.5717
GV-08077,623.12,3170.31,-1195.37,-11.529
GV-08078,670.92,3167.35,-1245.4,-11.8186
GV-08079,737.3,3189.6,-1248.19,-11.862
GV-08080,785.04,3183.24,-1253.92,-11.9116
GV-08081,822.41,3171.82,-1303.01,-12.0743
GV-08082,883.71,3179.46,-1297.58,-12.2036
GV-08083,932.44,3164.63,-1302.58,-12.3619
GV-08084,983.97,3180.95,-1354.03,-12.3089
GV-08085,1006.71,3191.89,-1347.7,-12.1959
GV-08086,1080.74,3178.98,-1301.06,-12.3621
GV-08087,1118.22,3164.93,-1246.76,-12.708
GV-08088,1160.45,3180.99,-1204.11,-12.6892
GV-08089,1212.38,3192.11,-1152.4,-12.8536
GV-08090,1281.47,3194.42,-1098.45,-12.9179
GV-08091,1331.4,3193.89,-995.61,-12.88
GV-08092,1369.27,3157.06,-945.41,-12.8845
GV-08093,1410.79,3192.94,-897.29,-13.0364
GV-08094,1462.69,3194.2,-847.25,-13.1368
GV-08095,1541.79,3183.74,-798.19,-13.0051
GV-08096,1593.34,3173.11,-804.46,-13.1132
GV-08097,1620.54,3165.23,-799.93,-13.1256
GV-08098,1665.36,3160.57,-798.49,-13.0966
GV-08099,1741.38,3171.69,-798.7,-13.2232
GV-08100,1794.17,3158.69,-795.88,-13.2692
GV-08101,1829.9,3161.83,-853.2,-12.9906
GV-08102,1891.16,3192.57,-848.81,-13.229
GV-08103,1933.5,3155.55,-899.43,-13.1615
GV-08104,1987.43,3170.77,-895.63,-13.3335
GV-08105,2017.18,3167.1,-947.86,-13.4123
GV-08106,2063.21,3181.04,-953.67,-13.3591
GV-08107,2105.59,3161.22,-1000.77,-13.3043
GV-08108,2176.85,3189.85,-1053.86,-13.4277
GV-08109,2213.5,3193.15,-1102.36,-13.3768
GV-08110,2274.02,3157.32,-1104.01,-13.3245
GV-08111,2327.86,3168.26,-1154.99,-13.2853
GV-08112,2386.47,3177.96,-1204.67,-13.3472
GV-08113,2439.58,3186.32,-1253.62,-13.3513
GV-08114,2457.31,3182.93,-1297.95,-13.4474
GV-08115,2539.9,3175.61,-1298.83,-13.1125
GV-08116,2560.02,3167.41,-1347.73,-13.2727
GV-08117,2639.03,3166.41,-1403.57,-13.1725
GV-08118,2694.44,3160.17,-1404.67,-13.2143
GV-08119,2707.15,3163.32,-1403.74,-13.2432
GV-08120,2761.8,3171.31,-1395.95,-13.3159
GV-08121,2807.03,3188.38,-1398.67,-13.2712
GV-08122,2889.89,3179.73,-1396.86,-13.4568
GV-08123,2944.15,3194.63,-1398.12,-13.2112
GV-08124,2966.86,3174.93,-1402.55,-13.2191
GV-08125,3039.13,3192.16,-1404.44,-13.357
GV-08126,3065.56,3181.07,-1450.34,-13.4264
GV-08127,3121.04,3182.71,-1451.21,-13.2222
GV-08128,3171.12,3188.02,-1454.06,-13.2999
GV-08129,3228.41,3155.62,-1449.18,-13.16
GV-08130,3278.08,3180.51,-1448.76,-13.2211
GV-08131,3306.16,3194.24,-1446.01,-13.338
GV-08132,3364.34,3193.11,-1404.39,-13.5233
GV-08133,3413.34,3160.54,-1404.12,-13.1354
GV-08134,3480.03,3193.48,-1395.71,-13.1365
GV-08135,3522.34,3171.54,-1400.22,-13.443
GV-08136,3566.12,3161.81,-1402.95,-13.3829
GV-08137,3611.88,3161.51,-1347.49,-13.5883
GV-08138,3655.14,3159.22,-1353.11,-13.4458
GV-08139,3707.77,3193.2,-1297.44,-13.5002
GV-08140,3770.09,3159.14,-1295.19,-13.3836
GV-08141,3834.11,3159.71,-1246.12,-13.2385
GV-08142,3859.16,3187.58,-1248.21,-13.5136
GV-08143,3925.01,3182.26,-1198.96,-13.4283
GV-08144,3979.8,3193.5,-1198.0,-13.4872
GV-08145,4021.22,3191.15,-1151.36,-13.5136
GV-08146,4072.89,3167.68,-1097.44,-13.5096
GV-08147,4127.08,3185.02,-1101.03,-13.5786
GV-08148,4179.13,3165.48,-1045.7,-13.6174
GV-08149,4208.82,3168.21,-1046.23,-13.4511
GV-08150,4256.0,3187.25,-1002.49,-13.5638
GV-08151,4305.35,3175.94,-995.04,-13.6396
GV-08152,4381.53,3189.21,-950.49,-13.7992
GV-08153,4419.62,3193.2,-946.71,-13.6361
GV-08154,4476.27,3177.77,-895.47,-13.6396
GV-08155,4523.1,3169.22,-901.92,-13.8196
GV-08156,4581.58,3183.88,-903.74,-13.463
GV-08157,4643.17,3180.34,-898.17,-13.6232
GV-08158,4658.46,3169.5,-905.0,-13.6786
GV-08159,4707.38,3179.39,-904.83,-13.6243
GV-08160,4785.69,3189.85,-853.79,-13.6331
GV-08161,4808.61,3162.54,-848.62,-13.5402
GV-08162,4889.28,3163.76,-848.13,-13.4575
GV-08163,4918.98,3171.58,-846.49,-13.3595
GV-08164,4988.45,3162.01,-854.91,-13.1868
GV-08165,5036.54,3177.23,-845.53,-13.2394
GV-08166,5085.37,3169.81,-845.66,-13.2924
GV-08167,5143.84,3164.44,-854.97,-13.008
GV-08168,5192.76,3155.65,-849.3,-13.0042
GV-08169,5235.61,3168.55,-851.56,-12.9935
GV-08170,5268.43,3179.47,-847.1,-12.8076
GV-08171,5312.26,3161.45,-848.83,-12.8345
GV-08172,5356.62,3174.29,-850.99,-12.5635
GV-08173,5432.23,3172.58,-852.76,-12.4046
GV-08174,5481.78,3188.39,-848.77,-12.4853
GV-08175,5518.23,3178.08,-846.11,-12.3185
GV-08176,5580.12,3194.16,-848.69,-12.1795
GV-08177,5619.54,3155.69,-848.2,-11.9453
GV-08178,5690.07,3184.77,-798.33,-11.7582
GV-08179,5726.69,3184.39,-798.61,-11.7187
GV-08180,5785.08,3160.1,-804.19,-11.3961
GV-08181,5841.64,3191.22,-804.0,-11.2069
GV-08182,5862.03,3167.12,-752.0,-11.0297
GV-08183,5920.69,3192.85,-751.16,-10.7457
GV-08184,5980.27,3160.67,-754.78,-10.6647
GV-08185,6013.29,3181.95,-750.11,-10.1462
GV-08186,6093.89,3178.97,-700.41,-10.2517
GV-08187,6144.1,3186.64,-703.43,-9.8515
GV-08188,6164.75,3179.14,-697.19,-9.5117
GV-08189,6217.38,3175.69,-650.3,-9.1273
GV-08190,6293.07,3179.31,-649.19,-8.9109
GV-08191,6339.01,3191.99,-653.96,-8.6569
GV-08192,6391.35,3180.5,-650.04,-8.1386
GV-08193,11.07,3224.13,-1052.51,-9.91
GV-08194,63.69,3222.78,-1049.16,-9.9932
GV-08195,112.6,3217.78,-1050.15,-10.1561
GV-08196,190.78,3223.07,-1099.7,-10.4909
GV-08197,232.87,3232.05,-1095.24,-10.7123
GV-08198,261.06,3243.93,-1098.05,-10.6618
GV-08199,329.12,3210.53,-1098.37,-10.9085
GV-08200,356.04,3240.09,-1150.61,-10.9116
GV-08201,439.4,3225.47,-1153.53,-11.1119
GV-08202,474.64,3212.71,-1150.19,-11.2143
GV-08203,524.74,3207.9,-1197.91,-11.3455
GV-08204,559.78,3214.36,-1204.91,-11.5409
GV-08205,606.75,3234.32,-1251.51,-11.7066
GV-08206,674.66,3229.46,-1249.92,-11.4351
GV-08207,734.9,3230.11,-1250.43,-11.8029
GV-08208,773.23,3241.2,-1295.08,-11.9907
GV-08209,827.5,3213.9,-1298.47,-11.9149
GV-08210,869.8,3226.23,-1302.12,-12.084
GV-08211,936.71,3209.89,-1354.51,-12.4167
GV-08212,983.5,3220.87,-1349.32,-12.2179
GV-08213,1039.15,3216.79,-1299.59,-12.4696
GV-08214,1071.25,3221.18,-1251.22,-12.4894
GV-08215,1125.0,3237.47,-1197.06,-12.5869
GV-08216,1178.96,3215.43,-1146.43,-12.7204
GV-08217,1218.97,3222.1,-1049.64,-12.5801
GV-08218,1283.78,3228.03,-1003.85,-12.7766
GV-08219,1333.0,3243.8,-899.5,-12.8266
GV-08220,1387.16,3240.65,-854.91,-12.9312
GV-08221,1408.15,3237.81,-854.3,-12.9447
GV-08222,1474.67,3226.37,-800.19,-12.9013
GV-08223,1516.35,3219.45,-795.08,-13.0392
GV-08224,1594.0,3205.92,-797.92,-13.1678
GV-08225,1612.44,3230.22,-799.98,-13.162
GV-08226,1680.77,3215.66,-804.3,-13.2351
GV-08227,1709.05,3205.19,-795.36,-13.0807
GV-08228,1779.14,3223.86,-847.8,-13.2402
GV-08229,1839.06,3214.36,-854.75,-13.1645
GV-08230,1855.35,3210.29,-899.34,-13.1864
GV-08231,1908.09,3225.93,-904.8,-13.2271
GV-08232,1971.7,3218.38,-950.66,-13.1089
GV-08233,2006.48,3210.9,-999.48,-13.2673
GV-08234,2056.82,3238.67,-995.32,-13.2884
GV-08235,2116.56,3234.44,-1051.66,-13.2325
GV-08236,2178.52,3211.55,-1100.57,-13.249
GV-08237,2226.94,3236.2,-1148.2,-13.384
GV-08238,2274.86,3227.07,-1147.68,-13.413
GV-08239,2323.22,3210.36,-1195.94,-13.3325
GV-08240,2374.37,3224.96,-1253.34,-13.2313
GV-08241,2428.06,3220.65,-1301.65,-13.335
GV-08242,2467.51,3228.21,-1350.54,-13.271
GV-08243,2517.39,3231.34,-1347.78,-13.1506
GV-08244,2567.03,3227.06,-1401.99,-13.2664
GV-08245,2605.2,3226.12,-1396.06,-13.3402
GV-08246,2674.51,3205.46,-1397.76,-13.2915
GV-08247,2717.61,3227.53,-1396.8,-13.2267
GV-08248,2769.23,3210.77,-1397.69,-13.1397
GV-08249,2818.39,3232.3,-1399.57,-13.211
GV-08250,2877.72,3236.85,-1397.57,-13.4214
GV-08251,2942.62,3228.98,-1397.72,-13.2745
GV-08252,2965.73,3205.96,-1401.22,-13.4003
GV-08253,3006.02,3233.25,-1399.01,-13.2549
GV-08254,3080.88,3224.94,-1454.16,-13.1987
GV-08255,3112.54,3224.83,-1454.99,-13.1822
GV-08256,3174.48,3221.58,-1451.84,-13.2621
GV-08257,3208.48,3230.36,-1448.16,-13.2627
GV-08258,3259.19,3225.28,-1401.4,-13.2491
GV-08259,3332.41,3208.26,-1396.69,-13.3723
GV-08260,3386.06,3237.47,-1402.18,-13.2608
GV-08261,3414.19,3241.12,-1403.55,-13.2636
GV-08262,3482.57,3220.91,-1398.76,-13.2831
GV-08263,3507.46,3237.1,-1399.69,-13.3656
GV-08264,3577.89,3237.0,-1346.87,-13.4406
GV-08265,3644.92,3242.91,-1351.65,-13.5276
GV-08266,3665.86,3226.72,-1302.17,-13.5152
GV-08267,3737.4,3233.01,-1300.2,-13.5009
GV-08268,3758.52,3228.44,-1297.61,-13.5595
GV-08269,3842.39,3223.47,-1247.66,-13.542
GV-08270,3884.47,3243.79,-1195.78,-13.7382
GV-08271,3940.66,3213.58,-1202.85,-13.548
GV-08272,3956.97,3233.06,-1146.35,-13.6384
GV-08273,4044.86,3229.27,-1103.64,-13.6042
GV-08274,4079.99,3244.04,-1097.03,-13.7982
GV-08275,4132.97,3229.93,-1052.1,-13.7491
GV-08276,4186.74,3207.21,-1051.32,-13.5097
GV-08277,4217.5,3219.06,-997.85,-13.6905
GV-08278,4284.03,3213.65,-1003.01,-13.7736
GV-08279,4344.33,3223.95,-945.56,-13.7972
GV-08280,4386.67,3242.58,-945.1,-13.8542
GV-08281,4421.03,3228.08,-902.19,-13.8556
GV-08282,4464.64,3224.63,-904.18,-13.8261
GV-08283,4508.86,3241.82,-904.32,-13.817
GV-08284,4583.65,3217.56,-902.9,-13.9271
GV-08285,4615.53,3208.27,-852.26,-13.6635
GV-08286,4662.43,3243.63,-852.17,-13.8253
GV-08287,4712.26,3232.93,-852.91,-13.5614
GV-08288,4792.0,3227.99,-852.26,-13.6068
GV-08289,4831.25,3208.02,-851.12,-13.7832
GV-08290,4873.56,3224.93,-850.22,-13.547
GV-08291,4913.79,3218.86,-851.9,-13.4109
GV-08292,4978.52,3211.7,-853.91,-13.3426
GV-08293,5026.37,3215.13,-847.23,-13.4069
GV-08294,5082.67,3208.51,-849.55,-13.2178
GV-08295,5141.65,3218.09,-853.65,-13.044
GV-08296,5165.69,3220.74,-854.28,-13.2116
GV-08297,5241.99,3227.58,-849.84,-12.9245
GV-08298,5257.69,3211.14,-848.02,-13.0432
GV-08299,5342.88,3235.41,-845.91,-12.6647
GV-08300,5369.7,3234.66,-853.03,-12.6717
GV-08301,5418.8,3217.87,-851.68,-12.7556
GV-08302,5468.26,3220.67,-846.66,-12.324
GV-08303,5525.08,3244.93,-845.96,-12.4268
GV-08304,5571.13,3227.12,-796.37,-12.1386
GV-08305,5605.68,3237.4,-795.51,-12.0473
GV-08306,5677.47,3230.68,-799.42,-11.9447
GV-08307,5728.75,3219.16,-804.51,-11.6018
GV-08308,5791.36,3213.63,-803.62,-11.7154
GV-08309,5844.71,3218.75,-745.69,-11.1706
GV-08310,5893.94,3207.57,-750.64,-11.2377
GV-08311,5926.88,3231.33,-747.3,-10.8927
GV-08312,5967.74,3236.56,-704.53,-10.78
GV-08313,6044.2,3219.48,-696.85,-10.4056
GV-08314,6092.7,3220.54,-698.65,-10.1238
GV-08315,6144.78,3237.7,-703.26,-9.9545
GV-08316,6176.25,3227.53,-653.05,-9.569
GV-08317,6216.18,3233.14,-645.23,-9.3825
GV-08318,6273.43,3230.12,-650.67,-9.0575
GV-08319,6307.86,3219.12,-649.37,-8.6132
GV-08320,6393.89,3209.51,-649.65,-8.1137
GV-08321,12.07,3285.08,-1052.79,-9.864
GV-08322,78.85,3281.98,-1049.74,-10.1418
GV-08323,134.62,3272.46,-1095.34,-10.2416
GV-08324,170.93,3264.56,-1097.09,-10.5237
GV-08325,237.72,3279.33,-1097.78,-10.5453
GV-08326,287.21,3288.24,-1100.85,-10.6369
GV-08327,339.73,3277.29,-1152.2,-10.8403
GV-08328,392.12,3264.27,-1153.67,-10.9483
GV-08329,441.33,3286.92,-1154.5,-11.0778
GV-08330,472.98,3292.36,-1201.48,-11.2248
GV-08331,506.96,3282.05,-1202.33,-11.4021
GV-08332,573.13,3283.74,-1245.18,-11.4409
GV-08333,644.74,3274.62,-1247.35,-11.7506
GV-08334,655.96,3266.27,-1246.09,-11.8742
GV-08335,741.35,3282.79,-1299.72,-11.8269
GV-08336,790.98,3284.54,-1301.86,-12.007
GV-08337,814.11,3289.79,-1300.55,-12.1658
GV-08338,860.45,3294.63,-1352.11,-12.157
GV-08339,920.48,3278.22,-1297.31,-12.2561
GV-08340,961.1,3282.19,-1297.74,-12.2574
GV-08341,1044.42,3294.94,-1251.2,-12.4557
GV-08342,1090.39,3258.45,-1146.87,-12.5602
GV-08343,1110.35,3284.57,-1102.17,-12.5174
GV-08344,1163.03,3283.18,-1052.68,-12.6625
GV-08345,1207.1,3268.72,-951.05,-12.7596
GV-08346,1276.58,3289.21,-897.96,-12.7713
GV-08347,1331.35,3265.75,-854.66,-12.8647
GV-08348,1375.15,3278.51,-804.06,-12.9284
GV-08349,1437.65,3291.63,-803.49,-12.833
GV-08350,1467.28,3265.15,-797.97,-13.0855
GV-08351,1520.12,3256.46,-796.28,-13.0841
GV-08352,1585.26,3267.53,-801.33,-13.0265
GV-08353,1612.05,3268.94,-803.65,-13.1942
GV-08354,1675.93,3270.83,-797.57,-13.0722
GV-08355,1733.71,3279.62,-845.13,-13.2197
GV-08356,1781.04,3258.18,-851.67,-13.2106
GV-08357,1805.92,3278.21,-904.13,-13.3054
GV-08358,1869.97,3267.11,-947.47,-13.1286
GV-08359,1943.26,3288.98,-949.76,-13.2945
GV-08360,1982.15,3286.0,-998.89,-13.2654
GV-08361,2036.45,3276.68,-1051.14,-13.109
GV-08362,2079.61,3274.07,-1047.26,-13.2881
GV-08363,2121.48,3262.2,-1099.34,-13.1803
GV-08364,2166.51,3280.46,-1148.42,-13.111
GV-08365,2239.82,3283.25,-1201.39,-13.247
GV-08366,2277.88,3294.97,-1199.54,-13.3644
GV-08367,2329.19,3267.42,-1252.77,-13.2903
GV-08368,2359.63,3267.73,-1302.91,-13.3922
GV-08369,2439.43,3266.63,-1350.2,-13.3038
GV-08370,2485.52,3259.96,-1354.57,-13.4171
GV-08371,2536.49,3263.72,-1403.47,-13.34
GV-08372,2580.53,3256.24,-1398.96,-13.25
GV-08373,2634.79,3274.87,-1397.33,-13.1993
GV-08374,2680.74,3273.46,-1397.99,-13.4102
GV-08375,2710.69,3264.47,-1395.68,-13.2379
GV-08376,2781.04,3292.33,-1397.31,-13.2826
GV-08377,2841.35,3285.75,-1402.15,-13.2948
GV-08378,2871.57,3293.69,-1397.37,-13.2287
GV-08379,2909.33,3274.29,-1401.09,-13.4462
GV-08380,2963.14,3265.12,-1401.44,-13.3714
GV-08381,3030.4,3274.44,-1402.26,-13.3196
GV-08382,3061.29,3256.36,-1395.82,-13.2934
GV-08383,3118.21,3274.01,-1402.42,-13.5478
GV-08384,3193.65,3277.77,-1399.88,-13.3135
GV-08385,3233.44,3282.89,-1403.33,-13.2013
GV-08386,3263.1,3258.74,-1397.57,-13.3723
GV-08387,3344.08,3256.59,-1401.65,-13.2492
GV-08388,3392.84,3280.74,-1404.65,-13.514
GV-08389,3425.25,3278.68,-1400.72,-13.2864
GV-08390,3467.84,3268.32,-1403.54,-13.4096
GV-08391,3506.7,3268.34,-1352.85,-13.5963
GV-08392,3580.91,3285.84,-1354.92,-13.5306
GV-08393,3641.77,3279.09,-1345.91,-13.4594
GV-08394,3663.5,3260.05,-1301.79,-13.3726
GV-08395,3715.68,3258.98,-1304.87,-13.4151
GV-08396,3775.89,3279.56,-1247.05,-13.5136
GV-08397,3825.1,3268.74,-1200.66,-13.6593
GV-08398,3867.99,3273.65,-1201.36,-13.6547
GV-08399,3935.12,3260.31,-1150.79,-13.5803
GV-08400,3989.55,3276.04,-1102.4,-13.8453
GV-08401,4031.86,3276.4,-1102.2,-13.6916
GV-08402,4069.89,3255.13,-1052.99,-13.85
GV-08403,4143.56,3265.92,-1045.62,-14.0286
GV-08404,4169.47,3257.33,-996.77,-14.0247
GV-08405,4241.67,3292.89,-945.42,-13.9063
GV-08406,4286.13,3258.18,-954.81,-13.9613
GV-08407,4311.51,3269.44,-952.43,-13.9425
GV-08408,4387.46,3270.81,-895.65,-13.8462
GV-08409,4408.55,3281.6,-903.33,-13.9146
GV-08410,4479.71,3258.65,-903.4,-14.0402
GV-08411,4534.59,3293.19,-899.09,-13.9201
GV-08412,4563.88,3257.35,-851.83,-13.87
GV-08413,4618.14,3267.15,-845.97,-13.8778
GV-08414,4674.38,3273.27,-845.94,-13.8583
GV-08415,4725.94,3281.34,-847.06,-13.7963
GV-08416,4756.27,3262.57,-850.57,-13.7703
GV-08417,4844.99,3262.86,-852.45,-13.5656
GV-08418,4868.49,3257.77,-854.65,-13.6912
GV-08419,4938.78,3281.56,-854.91,-13.557
GV-08420,4967.84,3275.88,-853.63,-13.5667
GV-08421,5026.55,3286.41,-852.95,-13.4173
GV-08422,5073.84,3276.86,-854.31,-13.2633
GV-08423,5134.43,3286.48,-850.63,-13.3663
GV-08424,5188.29,3292.28,-851.21,-13.1681
GV-08425,5238.38,3256.49,-849.38,-13.1336
GV-08426,5268.13,3259.25,-848.51,-13.0784
GV-08427,5342.65,3290.04,-853.59,-13.1274
GV-08428,5366.61,3276.19,-847.61,-12.7449
GV-08429,5422.99,3274.3,-849.21,-12.6044
GV-08430,5474.75,3255.54,-800.73,-12.7013
GV-08431,5538.05,3284.9,-795.82,-12.3355
GV-08432,5569.93,3255.85,-796.09,-12.3008
GV-08433,5638.07,3282.05,-802.88,-12.2717
GV-08434,5668.49,3292.68,-795.76,-11.8971
GV-08435,5721.47,3277.27,-752.09,-11.7738
GV-08436,5759.24,3278.65,-750.5,-11.812
GV-08437,5834.1,3284.03,-753.11,-11.4142
GV-08438,5865.43,3267.08,-753.51,-11.4003
GV-08439,5937.79,3291.12,-701.89,-11.0318
GV-08440,5967.43,3265.09,-695.16,-10.7422
GV-08441,6036.44,3265.15,-703.66,-10.6405
GV-08442,6077.41,3290.21,-649.39,-10.2943
GV-08443,6117.12,3269.98,-649.95,-10.1343
GV-08444,6168.19,3270.88,-650.2,-9.7839
GV-08445,6231.65,3268.32,-651.85,-9.3426
GV-08446,6276.61,3260.09,-601.74,-8.9873
GV-08447,6341.35,3290.95,-602.07,-8.5958
GV-08448,6369.37,3290.49,-596.32,-8.4711
GV-08449,15.46,3344.5,-1048.94,-9.8139
GV-08450,72.85,3335.14,-1101.27,-10.0269
GV-08451,137.08,3329.27,-1096.86,-10.1162
GV-08452,167.7,3316.95,-1098.78,-10.2381
GV-08453,209.42,3335.23,-1096.89,-10.4625
GV-08454,257.72,3325.51,-1151.33,-10.7768
GV-08455,326.67,3336.69,-1154.85,-10.9495
GV-08456,383.34,3326.01,-1148.2,-11.0025
GV-08457,409.89,3339.4,-1201.73,-11.302
GV-08458,494.92,3316.64,-1200.03,-11.258
GV-08459,518.48,3330.43,-1197.87,-11.4995
GV-08460,591.15,3340.82,-1247.78,-11.6217
GV-08461,626.46,3328.58,-1252.73,-11.4406
GV-08462,663.91,3312.26,-1297.84,-11.8178
GV-08463,721.23,3333.62,-1299.62,-11.8368
GV-08464,764.02,3317.58,-1300.32,-11.9209
GV-08465,823.47,3339.47,-1353.72,-12.1543
GV-08466,880.84,3340.53,-1298.62,-12.018
GV-08467,916.49,3307.61,-1254.23,-12.1633
GV-08468,979.74,3311.39,-1201.87,-12.1419
GV-08469,1016.35,3327.56,-1150.38,-12.5538
GV-08470,1084.75,3336.2,-1097.36,-12.639
GV-08471,1135.65,3306.49,-1004.98,-12.5389
GV-08472,1162.68,3323.48,-945.22,-12.7627
GV-08473,1235.1,3334.76,-899.58,-12.821
GV-08474,1272.98,3334.19,-845.18,-12.7991
GV-08475,1337.99,3319.88,-802.68,-12.8329
GV-08476,1355.92,3340.05,-800.48,-13.0297
GV-08477,1423.85,3307.73,-799.69,-12.8324
GV-08478,1474.58,3342.18,-803.27,-12.9609
GV-08479,1537.02,3322.85,-798.15,-12.9726
GV-08480,1560.51,3310.47,-804.98,-13.1753
GV-08481,1631.59,3310.5,-850.16,-13.084
GV-08482,1688.62,3341.49,-854.64,-13.0907
GV-08483,1728.83,3313.1,-897.59,-13.1951
GV-08484,1768.59,3316.8,-902.83,-13.1308
GV-08485,1828.87,3318.73,-946.75,-13.307
GV-08486,1861.13,3306.38,-947.59,-13.1535
GV-08487,1933.55,3331.59,-999.48,-13.292
GV-08488,1985.78,3306.45,-1052.49,-13.2188
GV-08489,2015.02,3326.6,-1045.63,-13.2905
GV-08490,2083.8,3316.81,-1099.83,-13.3442
GV-08491,2113.64,3339.1,-1146.69,-13.2364
GV-08492,2175.58,3338.44,-1199.13,-13.2121
GV-08493,2226.21,3322.81,-1253.26,-13.3855
GV-08494,2287.19,3305.91,-1245.58,-13.4926
GV-08495,2315.37,3322.6,-1300.94,-13.2837
GV-08496,2372.32,3341.56,-1352.7,-13.3478
GV-08497,2420.19,3311.84,-1346.32,-13.241
GV-08498,2468.22,3339.26,-1346.33,-13.273
GV-08499,2526.21,3324.93,-1399.14,-13.2121
GV-08500,2568.12,3329.49,-1395.18,-13.3891
GV-08501,2640.22,3307.87,-1403.68,-13.3214
GV-08502,2693.17,3331.72,-1403.89,-13.3151
GV-08503,2723.6,3310.19,-1397.68,-13.3969
GV-08504,2758.45,3314.06,-1404.2,-13.3473
GV-08505,2816.34,3328.36,-1399.45,-13.3768
GV-08506,2860.01,3317.69,-1395.0,-13.2643
GV-08507,2930.99,3332.57,-1397.33,-13.1584
GV-08508,2972.15,3318.32,-1397.79,-13.3175
GV-08509,3030.75,3332.87,-1395.96,-13.3568
GV-08510,3061.19,3319.98,-1400.18,-13.3892
GV-08511,3112.65,3306.87,-1396.92,-13.411
GV-08512,3158.73,3321.73,-1399.24,-13.3853
GV-08513,3211.14,3333.3,-1398.15,-13.548
GV-08514,3286.61,3339.24,-1400.6,-13.4576
GV-08515,3308.1,3315.39,-1402.66,-13.397
GV-08516,3375.25,3324.55,-1398.27,-13.5299
GV-08517,3432.01,3311.49,-1396.12,-13.5155
GV-08518,3470.38,3323.88,-1348.33,-13.4839
GV-08519,3538.6,3310.94,-1351.69,-13.5955
GV-08520,3586.26,3341.31,-1346.27,-13.5587
GV-08521,3612.79,3309.27,-1297.94,-13.5522
GV-08522,3674.49,3323.62,-1299.44,-13.6651
GV-08523,3717.72,3318.16,-1248.16,-13.7547
GV-08524,3791.34,3306.83,-1204.7,-13.6218
GV-08525,3813.24,3333.03,-1196.25,-13.7982
GV-08526,3888.06,3337.44,-1147.38,-13.8798
GV-08527,3943.26,3307.68,-1101.0,-13.7856
GV-08528,3958.16,3327.9,-1096.77,-13.8166
GV-08529,4026.16,3333.76,-1048.06,-13.793
GV-08530,4093.24,3325.42,-1054.4,-13.8411
GV-08531,4111.09,3343.17,-996.06,-13.82
GV-08532,4186.52,3319.07,-945.78,-13.9803
GV-08533,4216.87,3330.71,-953.09,-13.9517
GV-08534,4260.39,3314.35,-953.98,-14.0372
GV-08535,4336.48,3338.54,-900.86,-13.9345
GV-08536,4377.84,3336.25,-901.37,-13.9674
GV-08537,4424.42,3311.24,-901.71,-14.28
GV-08538,4485.51,3306.26,-846.52,-14.1173
GV-08539,4509.78,3318.2,-850.2,-14.0206
GV-08540,4577.3,3343.82,-848.72,-13.9141
GV-08541,4623.82,3312.25,-845.87,-13.9905
GV-08542,4682.93,3312.8,-854.65,-13.8635
GV-08543,4716.66,3318.19,-851.6,-13.9144
GV-08544,4775.8,3332.61,-850.93,-13.8678
GV-08545,4821.54,3336.83,-853.69,-13.9618
GV-08546,4861.33,3344.77,-852.12,-13.6543
GV-08547,4913.43,3310.47,-851.08,-13.4363
GV-08548,4971.11,3344.61,-853.69,-13.433
GV-08549,5009.66,3337.02,-845.62,-13.5861
GV-08550,5069.75,3333.73,-853.77,-13.515
GV-08551,5109.95,3308.28,-850.35,-13.3652
GV-08552,5169.33,3321.25,-849.76,-13.2858
GV-08553,5227.38,3341.2,-847.53,-13.3242
GV-08554,5275.71,3336.95,-852.59,-13.136
GV-08555,5334.07,3327.68,-801.66,-12.9513
GV-08556,5355.63,3323.5,-795.84,-12.9259
GV-08557,5422.6,3335.92,-804.23,-12.8664
GV-08558,5460.55,3310.11,-803.21,-12.6282
GV-08559,5541.13,3310.89,-804.15,-12.6199
GV-08560,5578.55,3334.22,-795.95,-12.4466
GV-08561,5639.2,3340.7,-797.03,-12.1096
GV-08562,5661.12,3324.56,-754.81,-12.0994
GV-08563,5728.57,3308.15,-754.68,-11.854
GV-08564,5768.99,3330.78,-746.68,-11.8361
GV-08565,5830.0,3344.7,-749.31,-11.3955
GV-08566,5869.38,3344.46,-698.33,-11.3726
GV-08567,5906.69,3335.41,-702.39,-11.2159
GV-08568,5973.24,3343.06,-696.04,-10.88
GV-08569,6022.76,3325.96,-650.0,-10.5894
GV-08570,6075.9,3312.93,-645.82,-10.4372
GV-08571,6111.97,3310.66,-648.77,-10.324
GV-08572,6173.26,3330.99,-651.8,-9.8401
GV-08573,6220.19,3343.39,-598.81,-9.5321
GV-08574,6274.69,3334.61,-603.68,-9.1741
GV-08575,6333.65,3336.97,-597.73,-8.788
GV-08576,6367.24,3335.22,-596.06,-8.3641
GV-08577,38.84,3359.04,-1098.08,-9.9305
GV-08578,75.83,3379.46,-1100.94,-10.0128
GV-08579,125.08,3374.19,-1101.84,-10.1563
GV-08580,188.48,3387.84,-1102.86,-10.2314
GV-08581,216.61,3383.31,-1151.25,-10.5096
GV-08582,264.32,3355.03,-1150.54,-10.5513
GV-08583,336.59,3358.0,-1145.2,-10.6485
GV-08584,360.21,3372.31,-1200.37,-10.81
GV-08585,430.38,3362.64,-1200.88,-11.0371
GV-08586,460.72,3377.7,-1204.26,-11.1251
GV-08587,527.96,3373.58,-1250.41,-11.3714
GV-08588,574.49,3371.69,-1248.11,-11.3267
GV-08589,624.97,3379.27,-1301.84,-11.7761
GV-08590,691.16,3394.94,-1301.51,-11.7165
GV-08591,711.97,3368.15,-1298.96,-11.9185
GV-08592,759.06,3363.99,-1297.41,-11.8636
GV-08593,820.27,3374.5,-1296.79,-12.0874
GV-08594,867.03,3355.61,-1248.9,-12.0936
GV-08595,906.01,3362.57,-1200.2,-12.3861
GV-08596,994.03,3373.79,-1096.11,-12.1847
GV-08597,1011.79,3382.76,-1046.49,-12.223
GV-08598,1086.03,3364.25,-999.45,-12.3171
GV-08599,1140.91,3364.92,-895.96,-12.6346
GV-08600,1160.26,3368.06,-850.58,-12.6199
GV-08601,1242.52,3359.05,-854.02,-12.8352
GV-08602,1291.16,3365.35,-801.1,-12.8385
GV-08603,1316.03,3358.89,-795.3,-12.972
GV-08604,1370.62,3363.92,-796.59,-12.9725
GV-08605,1429.49,3385.96,-802.3,-12.7912
GV-08606,1483.32,3375.26,-795.87,-12.8917
GV-08607,1536.51,3376.79,-799.48,-13.1009
GV-08608,1567.82,3374.94,-850.54,-13.2014
GV-08609,1624.51,3391.2,-847.49,-12.9837
GV-08610,1668.09,3375.8,-904.85,-13.1274
GV-08611,1738.87,3363.93,-903.07,-13.1373
GV-08612,1776.22,3390.56,-947.71,-13.3889
GV-08613,1833.73,3389.89,-1004.98,-13.1873
GV-08614,1884.4,3392.99,-1001.36,-13.2214
GV-08615,1911.6,3365.89,-1046.81,-13.1042
GV-08616,1984.17,3394.07,-1096.46,-13.2412
GV-08617,2037.98,3391.52,-1095.53,-13.312
GV-08618,2081.28,3377.77,-1154.4,-13.2227
GV-08619,2143.73,3375.49,-1202.53,-13.2341
GV-08620,2167.31,3357.41,-1253.89,-13.221
GV-08621,2219.87,3368.27,-1247.36,-13.2093
GV-08622,2283.96,3391.16,-1299.47,-13.4148
GV-08623,2316.09,3381.0,-1347.23,-13.3022
GV-08624,2394.33,3365.66,-1345.21,-13.2859
GV-08625,2406.73,3362.38,-1349.81,-13.443
GV-08626,2477.81,3356.78,-1401.93,-13.3036
GV-08627,2521.3,3388.54,-1400.48,-13.4012
GV-08628,2565.54,3381.9,-1395.16,-13.5152
GV-08629,2622.16,3365.12,-1400.24,-13.4717
GV-08630,2662.11,3377.48,-1404.35,-13.3098
GV-08631,2727.57,3374.46,-1397.74,-13.2164
GV-08632,2761.1,3394.63,-1400.71,-13.408
GV-08633,2838.91,3389.6,-1401.59,-13.2278
GV-08634,2887.9,3361.06,-1402.45,-13.2397
GV-08635,2937.33,3376.39,-1397.75,-13.5109
GV-08636,2987.63,3391.2,-1396.69,-13.3069
GV-08637,3020.66,3361.68,-1399.16,-13.4173
GV-08638,3063.18,3375.52,-1399.09,-13.3611
GV-08639,3124.41,3364.75,-1399.25,-13.4838
GV-08640,3182.05,3383.54,-1404.75,-13.4582
GV-08641,3222.18,3371.1,-1398.47,-13.2455
GV-08642,3256.97,3374.24,-1401.01,-13.4653
GV-08643,3321.61,3371.18,-1395.3,-13.5664
GV-08644,3370.82,3360.11,-1402.54,-13.3868
GV-08645,3423.89,3389.2,-1352.79,-13.6546
GV-08646,3474.22,3365.39,-1347.61,-13.642
GV-08647,3515.59,3363.4,-1348.16,-13.5989
GV-08648,3562.78,3380.41,-1298.81,-13.6537
GV-08649,3619.18,3382.87,-1300.67,-13.656
GV-08650,3692.26,3355.28,-1251.85,-13.7786
GV-08651,3722.32,3393.67,-1197.83,-13.6184
GV-08652,3787.0,3387.82,-1195.74,-13.8604
GV-08653,3805.03,3370.7,-1151.79,-14.0054
GV-08654,3891.1,3376.9,-1101.26,-13.8654
GV-08655,3932.98,3367.1,-1101.63,-13.8566
GV-08656,3982.88,3383.28,-1051.57,-13.8845
GV-08657,4037.47,3374.99,-1046.57,-14.0294
GV-08658,4094.73,3377.86,-995.24,-13.7709
GV-08659,4105.27,3381.48,-946.42,-14.0752
GV-08660,4166.02,3372.44,-952.61,-14.0288
GV-08661,4213.06,3380.6,-904.21,-14.0843
GV-08662,4259.14,3391.8,-897.03,-14.1748
GV-08663,4339.21,3381.25,-898.14,-13.9376
GV-08664,4390.55,3355.44,-853.88,-14.2337
GV-08665,4410.08,3372.4,-850.89,-14.115
GV-08666,4492.77,3377.84,-846.4,-14.0039
GV-08667,4527.94,3358.38,-848.05,-14.2974
GV-08668,4580.09,3375.87,-849.7,-14.0607
GV-08669,4625.96,3357.37,-849.09,-14.1088
GV-08670,4691.57,3388.54,-851.06,-13.9913
GV-08671,4734.15,3391.85,-847.52,-13.9763
GV-08672,4788.43,3389.76,-845.37,-13.9647
GV-08673,4818.34,3388.07,-851.11,-13.9371
GV-08674,4866.57,3366.01,-853.79,-13.9405
GV-08675,4915.41,3378.7,-846.63,-13.8156
GV-08676,4989.86,3377.23,-851.1,-13.7053
GV-08677,5037.01,3376.5,-846.07,-13.714
GV-08678,5067.01,3363.78,-795.83,-13.5856
GV-08679,5133.66,3355.25,-795.83,-13.6191
GV-08680,5170.56,3373.06,-802.35,-13.3901
GV-08681,5238.59,3384.68,-798.19,-13.2048
GV-08682,5268.11,3383.19,-795.18,-13.2348
GV-08683,5327.23,3390.14,-801.27,-13.1326
GV-08684,5368.42,3369.49,-799.57,-13.1045
GV-08685,5442.37,3374.13,-802.78,-13.0011
GV-08686,5485.13,3390.53,-797.76,-12.8364
GV-08687,5506.13,3389.26,-797.18,-12.5717
GV-08688,5557.35,3372.16,-745.03,-12.2895
GV-08689,5612.63,3387.97,-750.91,-12.5105
GV-08690,5661.48,3360.87,-747.07,-12.3041
GV-08691,5737.2,3355.61,-753.48,-12.2349
GV-08692,5763.95,3363.92,-700.8,-11.7516
GV-08693,5815.87,3377.15,-697.1,-11.6569
GV-08694,5871.56,3359.8,-702.79,-11.5581
GV-08695,5906.09,3383.31,-645.79,-11.3646
GV-08696,5965.87,3374.4,-648.47,-11.1955
GV-08697,6030.05,3373.78,-649.47,-10.7534
GV-08698,6079.2,3373.23,-646.71,-10.6483
GV-08699,6115.71,3386.13,-602.28,-10.1944
GV-08700,6191.96,3361.75,-601.77,-9.9199
GV-08701,6229.78,3385.25,-596.75,-9.6313
GV-08702,6292.35,3381.59,-602.0,-9.1033
GV-08703,6332.97,3361.59,-600.54,-9.0183
GV-08704,6375.01,3360.63,-602.98,-8.6209
GV-08705,15.06,3418.36,-1100.73,-9.6963
GV-08706,56.4,3425.1,-1099.27,-9.9032
GV-08707,138.97,3417.47,-1096.22,-10.1037
GV-08708,192.77,3406.13,-1154.13,-10.1663
GV-08709,211.07,3416.53,-1149.3,-10.504
GV-08710,283.93,3414.92,-1149.64,-10.654
GV-08711,333.84,3439.21,-1200.38,-10.9222
GV-08712,380.95,3409.81,-1202.02,-11.0359
GV-08713,422.36,3432.95,-1198.75,-11.178
GV-08714,470.01,3420.42,-1249.45,-11.0626
GV-08715,542.58,3413.77,-1251.92,-11.3988
GV-08716,566.99,3424.19,-1246.22,-11.4067
GV-08717,630.22,3432.77,-1303.83,-11.3943
GV-08718,681.4,3410.05,-1301.06,-11.6748
GV-08719,738.33,3430.53,-1298.97,-11.7434
GV-08720,769.66,3423.69,-1251.73,-12.0075
GV-08721,842.55,3420.3,-1200.67,-12.071
GV-08722,869.88,3412.81,-1152.22,-12.0471
GV-08723,936.31,3411.52,-1096.78,-11.9316
GV-08724,969.35,3415.09,-1000.57,-12.267
GV-08725,1017.12,3441.54,-952.54,-12.2894
GV-08726,1092.0,3417.91,-896.9,-12.4844
GV-08727,1110.63,3444.91,-850.82,-12.695
GV-08728,1158.22,3409.75,-797.1,-12.6594
GV-08729,1210.92,3434.03,-804.96,-12.7181
GV-08730,1271.17,3431.42,-803.0,-12.6286
GV-08731,1335.39,3438.18,-799.6,-12.7911
GV-08732,1355.28,3418.09,-795.01,-12.8653
GV-08733,1419.59,3415.98,-804.49,-12.7805
GV-08734,1486.23,3442.07,-796.6,-12.9505
GV-08735,1541.64,3437.48,-847.05,-12.8475
GV-08736,1590.62,3406.56,-854.45,-13.1363
GV-08737,1631.92,3434.01,-904.97,-13.0262
GV-08738,1664.42,3415.28,-904.3,-13.0794
GV-08739,1719.51,3414.66,-949.05,-13.2274
GV-08740,1774.41,3432.24,-996.97,-13.262
GV-08741,1812.66,3408.96,-999.2,-13.1032
GV-08742,1868.59,3408.76,-1046.21,-13.0446
GV-08743,1907.36,3411.78,-1096.64,-13.1502
GV-08744,1984.19,3423.81,-1151.81,-13.2312
GV-08745,2008.72,3419.43,-1151.96,-13.2012
GV-08746,2073.96,3408.96,-1195.67,-13.1845
GV-08747,2139.69,3416.27,-1246.06,-13.2542
GV-08748,2185.47,3407.11,-1298.15,-13.1045
GV-08749,2232.64,3422.12,-1301.5,-13.2561
GV-08750,2271.74,3407.41,-1347.27,-13.4045
GV-08751,2325.64,3405.66,-1346.13,-13.3034
GV-08752,2381.99,3443.62,-1348.33,-13.2807
GV-08753,2415.36,3425.26,-1348.94,-13.3465
GV-08754,2476.83,3439.26,-1396.44,-13.1726
GV-08755,2544.84,3405.87,-1399.67,-13.2095
GV-08756,2557.94,3420.76,-1399.22,-13.2115
GV-08757,2622.96,3440.21,-1399.06,-13.2219
GV-08758,2693.79,3420.85,-1403.77,-13.4237
GV-08759,2722.06,3433.72,-1396.62,-13.3254
GV-08760,2788.39,3414.24,-1401.82,-13.401
GV-08761,2834.79,3429.05,-1397.02,-13.3776
GV-08762,2855.62,3417.44,-1395.47,-13.2452
GV-08763,2926.03,3444.49,-1402.57,-13.4093
GV-08764,2967.05,3409.36,-1399.31,-13.3673
GV-08765,3029.22,3443.25,-1400.63,-13.4614
GV-08766,3063.94,3430.88,-1402.53,-13.4594
GV-08767,3112.71,3419.88,-1401.35,-13.3934
GV-08768,3160.62,3434.43,-1397.15,-13.3921
GV-08769,3211.33,3418.79,-1396.17,-13.3986
GV-08770,3263.99,3413.88,-1401.46,-13.5713
GV-08771,3305.52,3410.33,-1349.49,-13.5262
GV-08772,3385.58,3438.61,-1353.0,-13.6214
GV-08773,3429.6,3430.93,-1352.42,-13.5472
GV-08774,3478.59,3430.98,-1300.89,-13.5
GV-08775,3534.75,3421.88,-1302.54,-13.6888
GV-08776,3568.25,3439.77,-1301.37,-13.7089
GV-08777,3616.7,3429.25,-1247.13,-13.7187
GV-08778,3681.57,3423.98,-1198.53,-13.8947
GV-08779,3711.72,3409.98,-1197.73,-13.8091
GV-08780,3794.59,3428.6,-1150.49,-13.8469
GV-08781,3832.89,3409.15,-1147.91,-14.0075
GV-08782,3875.51,3437.55,-1104.65,-14.0759
GV-08783,3943.58,3417.02,-1053.73,-13.8712
GV-08784,3993.97,3433.95,-1051.71,-14.1064
GV-08785,4042.4,3442.3,-1003.4,-14.2335
GV-08786,4077.83,3414.75,-947.95,-14.255
GV-08787,4114.65,3444.73,-949.05,-14.0747
GV-08788,4190.76,3428.91,-899.66,-14.2877
GV-08789,4215.29,3441.8,-901.82,-14.186
GV-08790,4285.07,3424.5,-897.85,-14.0647
GV-08791,4328.01,3415.58,-848.03,-14.3039
GV-08792,4361.25,3440.44,-850.97,-14.2805
GV-08793,4408.91,3433.13,-845.54,-14.146
GV-08794,4459.41,3424.64,-847.45,-14.2323
GV-08795,4510.26,3438.26,-845.17,-14.1867
GV-08796,4561.45,3439.81,-853.18,-14.0737
GV-08797,4623.49,3425.32,-799.2,-14.168
GV-08798,4656.68,3442.17,-804.55,-14.1429
GV-08799,4731.82,3405.65,-797.82,-14.009
GV-08800,4787.25,3428.84,-801.64,-14.0158
GV-08801,4830.81,3435.24,-803.42,-14.13
GV-08802,4882.98,3425.08,-795.63,-13.8835
GV-08803,4914.86,3423.26,-795.84,-14.0255
GV-08804,4965.47,3437.12,-797.26,-13.8692
GV-08805,5035.02,3417.36,-801.61,-13.778
GV-08806,5067.59,3428.85,-795.69,-13.6082
GV-08807,5125.49,3414.93,-804.95,-13.537
GV-08808,5166.77,3436.88,-795.89,-13.4782
GV-08809,5218.88,3411.83,-804.65,-13.4135
GV-08810,5264.05,3409.19,-795.58,-13.3973
GV-08811,5332.32,3428.64,-800.09,-13.1677
GV-08812,5389.84,3428.89,-799.54,-13.2059
GV-08813,5437.14,3434.59,-803.43,-12.9255
GV-08814,5477.06,3408.12,-804.84,-12.9148
GV-08815,5544.29,3406.1,-750.14,-12.7358
GV-08816,5575.52,3421.62,-745.89,-12.6614
GV-08817,5615.41,3406.26,-748.32,-12.5311
GV-08818,5690.11,3407.18,-752.7,-12.4338
GV-08819,5711.56,3434.15,-701.99,-12.1821
GV-08820,5769.21,3436.36,-701.21,-12.1534
GV-08821,5820.71,3435.12,-697.71,-11.8934
GV-08822,5894.43,3440.73,-651.69,-11.5516
GV-08823,5906.83,3436.05,-649.56,-11.3981
GV-08824,5982.85,3413.59,-647.09,-11.0261
GV-08825,6043.58,3416.06,-595.62,-10.9009
GV-08826,6093.41,3434.78,-596.8,-10.7871
GV-08827,6135.91,3426.07,-602.96,-10.3981
GV-08828,6171.4,3443.6,-603.68,-10.0841
GV-08829,6241.04,3406.6,-595.58,-9.6966
GV-08830,6277.06,3441.66,-596.75,-9.2764
GV-08831,6326.62,3416.28,-549.83,-9.0755
GV-08832,6386.62,3419.8,-552.85,-8.4297
GV-08833,35.64,3466.21,-1097.29,-9.8018
GV-08834,88.66,3471.07,-1099.14,-10.0032
GV-08835,121.86,3475.72,-1148.97,-10.062
GV-08836,178.75,3469.11,-1147.32,-10.3046
GV-08837,221.68,3457.52,-1154.4,-10.6288
GV-08838,270.13,3469.04,-1203.27,-10.8238
GV-08839,340.4,3455.66,-1195.13,-10.7826
GV-08840,371.79,3482.43,-1197.7,-10.9334
GV-08841,434.47,3475.58,-1253.76,-10.9962
GV-08842,460.25,3493.59,-1251.19,-11.2841
GV-08843,506.99,3476.84,-1248.09,-11.3204
GV-08844,559.93,3492.53,-1295.89,-11.5091
GV-08845,640.98,3483.25,-1300.13,-11.4319
GV-08846,677.99,3477.12,-1302.22,-11.4855
GV-08847,732.56,3459.48,-1247.21,-11.9452
GV-08848,778.03,3459.83,-1202.0,-11.9402
GV-08849,811.23,3460.51,-1098.69,-11.9395
GV-08850,881.66,3487.15,-1051.51,-12.1747
GV-08851,906.57,3472.74,-996.34,-12.0236
GV-08852,960.13,3460.49,-954.72,-12.2728
GV-08853,1034.15,3455.97,-903.96,-12.5108
GV-08854,1074.29,3460.06,-845.25,-12.7075
GV-08855,1123.67,3459.58,-797.04,-12.6007
GV-08856,1165.98,3486.08,-802.52,-12.7519
GV-08857,1205.15,3480.54,-803.56,-12.6788
GV-08858,1292.37,3485.5,-797.28,-12.6898
GV-08859,1333.26,3471.67,-804.88,-12.7938
GV-08860,1383.43,3455.48,-797.38,-12.7974
GV-08861,1440.96,3491.29,-853.72,-12.8876
GV-08862,1466.42,3480.85,-849.11,-12.7892
GV-08863,1533.86,3466.89,-846.01,-12.9982
GV-08864,1591.9,3485.86,-903.51,-12.9806
GV-08865,1644.87,3460.25,-954.78,-13.1486
GV-08866,1664.65,3485.91,-954.63,-13.23
GV-08867,1721.42,3459.47,-999.24,-13.1805
GV-08868,1786.89,3474.1,-1047.2,-13.1101
GV-08869,1835.27,3494.89,-1053.32,-13.2012
GV-08870,1859.23,3465.11,-1100.13,-13.1861
GV-08871,1924.81,3464.62,-1145.53,-13.1738
GV-08872,1974.31,3493.74,-1148.78,-13.2389
GV-08873,2041.8,3490.91,-1200.19,-13.2661
GV-08874,2082.82,3480.32,-1252.09,-13.2617
GV-08875,2139.25,3473.58,-1300.84,-13.331
GV-08876,2187.2,3458.48,-1347.83,-13.2857
GV-08877,2225.18,3473.07,-1352.73,-13.0909
GV-08878,2277.34,3492.69,-1353.34,-13.2269
GV-08879,2323.61,3487.29,-1350.83,-13.2016
GV-08880,2374.11,3455.35,-1354.72,-13.4259
GV-08881,2421.11,3458.42,-1349.48,-13.3568
GV-08882,2474.9,3475.92,-1397.55,-13.3557
GV-08883,2530.93,3474.23,-1397.09,-13.2556
GV-08884,2583.49,3459.0,-1397.43,-13.198
GV-08885,2605.73,3469.54,-1401.45,-13.3747
GV-08886,2680.14,3469.52,-1398.69,-13.4048
GV-08887,2726.04,3457.96,-1397.42,-13.45
GV-08888,2763.53,3477.94,-1403.66,-13.3403
GV-08889,2818.05,3488.85,-1400.85,-13.4763
GV-08890,2874.27,3487.48,-1396.96,-13.2959
GV-08891,2910.92,3467.12,-1401.04,-13.411
GV-08892,2955.23,3476.17,-1398.52,-13.3924
GV-08893,3007.09,3460.27,-1398.42,-13.3804
GV-08894,3059.13,3460.63,-1395.78,-13.4419
GV-08895,3105.49,3487.61,-1404.65,-13.5638
GV-08896,3167.41,3481.92,-1396.22,-13.4493
GV-08897,3223.42,3476.39,-1404.16,-13.6152
GV-08898,3271.35,3461.42,-1347.23,-13.5472
GV-08899,3324.1,3467.96,-1349.15,-13.5905
GV-08900,3372.36,3471.6,-1352.8,-13.7116
GV-08901,3426.37,3469.22,-1304.58,-13.8469
GV-08902,3484.23,3459.14,-1299.21,-13.6295
GV-08903,3540.2,3460.54,-1297.89,-13.7876
GV-08904,3557.5,3490.68,-1252.13,-13.9802
GV-08905,3620.02,3488.28,-1195.02,-13.8315
GV-08906,3686.51,3475.94,-1197.25,-13.9468
GV-08907,3743.5,3491.14,-1153.42,-13.9777
GV-08908,3775.4,3455.97,-1147.45,-14.1558
GV-08909,3818.85,3494.99,-1098.18,-14.0531
GV-08910,3878.05,3486.31,-1047.09,-14.0234
GV-08911,3911.64,3474.81,-1048.85,-14.0378
GV-08912,3959.86,3470.71,-1001.54,-14.1959
GV-08913,4008.84,3458.39,-953.98,-14.025
GV-08914,4088.24,3457.23,-952.46,-14.2377
GV-08915,4130.02,3475.83,-902.73,-14.16
GV-08916,4183.16,3479.76,-896.75,-14.1156
GV-08917,4209.09,3464.69,-898.75,-14.1585
GV-08918,4284.77,3458.88,-848.22,-14.4619
GV-08919,4327.32,3481.24,-854.76,-14.3513
GV-08920,4363.14,3459.77,-847.49,-14.3644
GV-08921,4413.9,3470.87,-847.02,-14.2914
GV-08922,4464.64,3473.29,-803.15,-14.1743
GV-08923,4532.71,3482.06,-797.18,-14.2551
GV-08924,4591.11,3462.97,-795.61,-14.24
GV-08925,4605.39,3460.16,-800.0,-14.2097
GV-08926,4687.84,3459.69,-804.86,-14.3296
GV-08927,4710.16,3484.78,-795.14,-14.1701
GV-08928,4782.02,3474.0,-796.15,-14.3172
GV-08929,4817.03,3460.84,-796.69,-13.9878
GV-08930,4876.0,3485.7,-795.1,-14.1405
GV-08931,4942.48,3494.8,-796.01,-13.9903
GV-08932,4958.13,3463.63,-797.26,-13.9615
GV-08933,5007.14,3471.06,-799.31,-13.9859
GV-08934,5093.68,3458.81,-800.13,-13.9667
GV-08935,5128.3,3473.88,-802.57,-13.6871
GV-08936,5190.91,3456.38,-798.83,-13.5452
GV-08937,5207.59,3488.09,-800.5,-13.6039
GV-08938,5269.81,3464.2,-803.93,-13.513
GV-08939,5309.98,3456.47,-801.26,-13.2577
GV-08940,5382.07,3489.84,-798.11,-13.0987
GV-08941,5405.48,3461.31,-747.41,-13.1057
GV-08942,5481.33,3486.48,-747.48,-12.8973
GV-08943,5511.41,3472.08,-753.54,-13.0387
GV-08944,5586.41,3465.56,-751.73,-12.7306
GV-08945,5631.7,3493.44,-704.52,-12.6648
GV-08946,5659.97,3459.4,-703.47,-12.3957
GV-08947,5732.67,3459.76,-696.38,-12.3921
GV-08948,5773.2,3487.86,-698.21,-12.0956
GV-08949,5812.36,3494.91,-649.78,-11.8738
GV-08950,5869.99,3458.38,-648.52,-11.7603
GV-08951,5937.87,3483.6,-651.86,-11.6574
GV-08952,5964.09,3483.02,-597.46,-11.3055
GV-08953,6015.92,3492.24,-598.06,-11.0619
GV-08954,6074.9,3470.89,-604.87,-10.7649
GV-08955,6114.98,3464.22,-600.98,-10.339
GV-08956,6164.72,3456.12,-601.72,-10.1619
GV-08957,6212.95,3481.49,-554.93,-9.5734
GV-08958,6273.21,3482.93,-548.08,-9.282
GV-08959,6323.81,3467.5,-550.63,-8.9367
GV-08960,6391.39,3477.21,-546.47,-8.7276
GV-08961,42.73,3528.15,-1098.15,-9.9514
GV-08962,69.15,3513.93,-1146.39,-9.731
GV-08963,111.43,3532.03,-1151.35,-10.0431
GV-08964,181.04,3518.3,-1147.45,-10.2363
GV-08965,205.11,3542.35,-1204.59,-10.4572
GV-08966,282.67,3530.49,-1199.47,-10.308
GV-08967,331.42,3532.73,-1195.4,-10.6658
GV-08968,364.55,3542.78,-1246.32,-10.8839
GV-08969,444.74,3512.3,-1249.82,-11.0895
GV-08970,471.78,3539.59,-1248.59,-11.3131
GV-08971,510.42,3513.23,-1302.99,-11.2604
GV-08972,568.86,3543.64,-1298.75,-11.4724
GV-08973,627.29,3509.13,-1251.27,-11.5974
GV-08974,692.05,3534.42,-1199.96,-11.6595
GV-08975,705.52,3507.81,-1146.14,-11.6197
GV-08976,793.04,3521.97,-1096.32,-11.9356
GV-08977,813.41,3533.18,-1045.07,-11.9258
GV-08978,866.02,3535.34,-949.3,-12.1508
GV-08979,914.92,3512.87,-898.84,-12.2077
GV-08980,955.04,3527.94,-852.32,-12.2946
GV-08981,1008.49,3537.14,-796.8,-12.3108
GV-08982,1065.75,3537.55,-802.01,-12.5103
GV-08983,1111.58,3538.65,-800.79,-12.5515
GV-08984,1193.29,3514.04,-800.69,-12.4859
GV-08985,1222.22,3534.44,-797.02,-12.5643
GV-08986,1271.31,3537.97,-795.96,-12.8742
GV-08987,1315.69,3527.91,-801.66,-12.7709
GV-08988,1355.87,3508.03,-851.52,-12.8452
GV-08989,1438.33,3516.53,-846.92,-12.895
GV-08990,1483.47,3539.54,-896.6,-13.0362
GV-08991,1517.14,3531.52,-903.46,-12.9706
GV-08992,1581.81,3515.26,-950.73,-12.985
GV-08993,1617.49,3540.13,-949.24,-13.1219
GV-08994,1667.56,3532.44,-1000.91,-13.1366
GV-08995,1741.58,3507.88,-1048.16,-13.0662
GV-08996,1771.17,3514.65,-1053.81,-12.9545
GV-08997,1831.42,3538.07,-1100.88,-13.1157
GV-08998,1856.77,3533.74,-1153.09,-13.0381
GV-08999,1921.68,3536.33,-1204.85,-13.2241
GV-09000,1979.68,3542.81,-1199.65,-13.308
GV-09001,2014.8,3520.29,-1245.79,-13.0188
GV-09002,2074.03,3515.03,-1303.78,-13.1879
GV-09003,2113.44,3511.06,-1349.02,-13.2614
GV-09004,2194.1,3514.28,-1348.76,-13.1203
GV-09005,2235.41,3505.46,-1348.85,-13.1433
GV-09006,2283.94,3516.08,-1349.33,-13.1197
GV-09007,2308.96,3539.11,-1346.69,-13.3551
GV-09008,2362.9,3514.76,-1347.89,-13.1574
GV-09009,2443.24,3524.95,-1345.91,-13.4156
GV-09010,2492.03,3508.57,-1396.47,-13.2684
GV-09011,2507.48,3521.92,-1396.52,-13.2777
GV-09012,2564.41,3508.9,-1401.5,-13.3079
GV-09013,2637.74,3519.97,-1397.27,-13.2799
GV-09014,2691.05,3521.85,-1404.19,-13.3819
GV-09015,2716.83,3506.76,-1400.2,-13.2837
GV-09016,2770.25,3526.58,-1398.63,-13.3188
GV-09017,2812.63,3510.67,-1397.1,-13.352
GV-09018,2869.11,3511.34,-1401.15,-13.4613
GV-09019,2918.88,3529.79,-1400.87,-13.4987
GV-09020,2962.93,3539.52,-1395.67,-13.4915
GV-09021,3015.59,3507.91,-1402.62,-13.4422
GV-09022,3071.15,3515.41,-1400.46,-13.6505
GV-09023,3124.0,3544.76,-1397.76,-13.5329
GV-09024,3178.67,3538.7,-1398.73,-13.5724
GV-09025,3211.42,3543.33,-1353.64,-13.6384
GV-09026,3278.16,3539.85,-1352.46,-13.6793
GV-09027,3306.41,3534.31,-1345.2,-13.707
GV-09028,3365.66,3514.32,-1301.84,-13.6492
GV-09029,3418.19,3505.47,-1302.81,-13.6236
GV-09030,3455.59,3511.87,-1300.88,-13.9045
GV-09031,3526.27,3508.47,-1247.67,-14.0243
GV-09032,3570.23,3542.2,-1204.5,-13.7642
GV-09033,3628.18,3537.66,-1198.56,-13.9402
GV-09034,3676.25,3536.0,-1150.89,-14.0297
GV-09035,3722.57,3529.6,-1147.32,-13.891
GV-09036,3780.72,3532.53,-1102.66,-14.0343
GV-09037,3838.19,3544.59,-1050.9,-14.0396
GV-09038,3888.07,3531.04,-1047.77,-14.1691
GV-09039,3938.76,3506.0,-995.12,-14.1771
GV-09040,3973.99,3517.31,-946.38,-14.2515
GV-09041,4024.43,3508.18,-947.11,-14.3272
GV-09042,4055.1,3505.18,-899.23,-14.4107
GV-09043,4142.65,3529.94,-899.91,-14.2436
GV-09044,4184.38,3511.23,-851.27,-14.4683
GV-09045,4206.98,3519.41,-846.99,-14.3837
GV-09046,4259.31,3527.1,-852.28,-14.5157
GV-09047,4318.41,3538.5,-848.91,-14.3407
GV-09048,4370.65,3505.7,-797.26,-14.3969
GV-09049,4438.7,3535.77,-804.48,-14.3782
GV-09050,4486.77,3518.24,-799.27,-14.2298
GV-09051,4528.98,3517.22,-801.21,-14.2513
GV-09052,4563.44,3506.97,-796.37,-14.4864
GV-09053,4625.79,3519.19,-799.47,-14.2872
GV-09054,4681.51,3525.78,-804.1,-14.5007
GV-09055,4715.83,3537.65,-802.46,-14.2887
GV-09056,4787.07,3538.16,-804.0,-14.3241
GV-09057,4834.38,3536.69,-804.0,-14.0666
GV-09058,4891.89,3514.18,-796.04,-14.2379
GV-09059,4915.54,3505.32,-795.99,-14.1108
GV-09060,4988.65,3520.49,-797.07,-14.1438
GV-09061,5031.79,3540.86,-803.25,-14.1105
GV-09062,5091.52,3515.8,-801.46,-13.927
GV-09063,5113.68,3516.58,-802.68,-13.914
GV-09064,5155.96,3533.0,-804.51,-13.6965
GV-09065,5218.93,3542.25,-801.51,-13.5949
GV-09066,5270.72,3530.54,-798.65,-13.5267
GV-09067,5331.23,3535.86,-746.06,-13.4325
GV-09068,5381.84,3541.27,-745.2,-13.4427
GV-09069,5419.25,3535.95,-746.31,-13.1589
GV-09070,5466.83,3522.33,-745.11,-13.0462
GV-09071,5540.12,3542.54,-754.72,-12.8301
GV-09072,5555.99,3523.34,-703.07,-12.9092
GV-09073,5640.39,3534.55,-703.09,-12.8301
GV-09074,5674.88,3510.38,-704.27,-12.6796
GV-09075,5707.95,3525.23,-653.35,-12.5601
GV-09076,5775.53,3519.41,-653.14,-12.3505
GV-09077,5839.75,3523.74,-654.12,-12.0514
GV-09078,5875.0,3534.37,-646.8,-11.7802
GV-09079,5930.95,3533.26,-604.98,-11.7662
GV-09080,5976.54,3529.05,-595.33,-11.4177
GV-09081,6028.31,3541.9,-604.31,-11.3574
GV-09082,6073.18,3515.77,-597.97,-10.9713
GV-09083,6142.77,3506.5,-548.92,-10.6805
GV-09084,6183.76,3518.86,-554.09,-10.2078
GV-09085,6244.64,3515.09,-545.35,-9.8049
GV-09086,6285.43,3511.81,-550.9,-9.5346
GV-09087,6341.4,3507.21,-549.86,-9.0089
GV-09088,6372.95,3532.35,-554.44,-8.6869
GV-09089,5.03,3588.05,-1146.68,-9.6907
GV-09090,90.42,3566.64,-1146.15,-9.9205
GV-09091,140.19,3587.45,-1151.7,-10.187
GV-09092,174.12,3570.82,-1197.85,-10.341
GV-09093,218.77,3577.88,-1199.23,-10.367
GV-09094,266.58,3584.57,-1203.4,-10.5621
GV-09095,316.43,3575.88,-1248.26,-10.5206
GV-09096,389.9,3562.65,-1245.57,-10.7836
GV-09097,428.97,3566.86,-1252.91,-11.0483
GV-09098,488.85,3575.22,-1304.38,-11.0655
GV-09099,542.97,3588.43,-1246.43,-11.3507
GV-09100,564.78,3571.03,-1248.78,-11.4538
GV-09101,623.89,3577.22,-1202.24,-11.4865
GV-09102,679.96,3563.91,-1147.61,-11.7596
GV-09103,727.26,3585.11,-1053.48,-11.7552
GV-09104,772.56,3583.45,-1001.71,-11.8307
GV-09105,807.97,3585.25,-953.31,-11.8286
GV-09106,860.42,3574.16,-902.37,-12.2539
GV-09107,912.63,3574.59,-846.0,-12.0882
GV-09108,987.25,3576.56,-799.77,-12.2459
GV-09109,1023.63,3561.86,-802.4,-12.3952
GV-09110,1093.86,3578.31,-800.66,-12.5278
GV-09111,1127.95,3581.51,-799.43,-12.712
GV-09112,1176.51,3555.73,-804.81,-12.5832
GV-09113,1240.3,3561.35,-802.1,-12.4398
GV-09114,1285.13,3555.64,-798.03,-12.6649
GV-09115,1343.19,3567.71,-850.01,-12.6957
GV-09116,1363.03,3582.67,-853.96,-12.8157
GV-09117,1406.72,3563.87,-898.82,-12.8034
GV-09118,1455.02,3587.68,-900.51,-12.837
GV-09119,1534.24,3573.14,-953.93,-13.009
GV-09120,1563.85,3579.73,-1003.47,-12.9496
GV-09121,1605.57,3584.14,-998.9,-13.0683
GV-09122,1680.57,3566.29,-1046.6,-13.0589
GV-09123,1723.73,3569.07,-1099.9,-13.0477
GV-09124,1761.52,3571.06,-1096.32,-13.0837
GV-09125,1814.77,3559.03,-1153.14,-12.9268
GV-09126,1887.76,3559.67,-1203.18,-12.9074
GV-09127,1906.4,3569.75,-1247.6,-13.13
GV-09128,1988.36,3562.26,-1252.49,-13.1786
GV-09129,2041.24,3582.57,-1300.79,-13.3093
GV-09130,2081.26,3585.28,-1349.22,-13.2061
GV-09131,2118.88,3586.04,-1349.76,-13.2058
GV-09132,2164.85,3587.29,-1346.19,-13.241
GV-09133,2231.21,3559.43,-1353.51,-13.2284
GV-09134,2259.4,3587.37,-1345.47,-13.1761
GV-09135,2344.36,3562.67,-1350.24,-13.4063
GV-09136,2377.35,3594.98,-1354.98,-13.2581
GV-09137,2418.89,3579.71,-1350.91,-13.3305
GV-09138,2464.67,3591.43,-1400.24,-13.097
GV-09139,2534.78,3570.44,-1404.59,-13.3203
GV-09140,2585.61,3591.68,-1396.45,-13.2433
GV-09141,2616.51,3562.62,-1401.85,-13.0708
GV-09142,2685.28,3582.34,-1400.18,-13.2151
GV-09143,2731.25,3580.83,-1402.42,-13.465
GV-09144,2755.94,3560.58,-1399.88,-13.4132
GV-09145,2842.11,3587.01,-1404.68,-13.4085
GV-09146,2868.39,3587.08,-1398.57,-13.5783
GV-09147,2935.19,3567.57,-1402.56,-13.397
GV-09148,2988.12,3565.69,-1401.24,-13.5095
GV-09149,3022.24,3575.89,-1399.32,-13.649
GV-09150,3083.3,3591.84,-1398.44,-13.5732
GV-09151,3108.85,3593.64,-1401.26,-13.6578
GV-09152,3160.14,3559.68,-1352.52,-13.719
GV-09153,3229.14,3558.07,-1350.37,-13.6481
GV-09154,3276.51,3586.79,-1350.74,-13.8309
GV-09155,3338.49,3569.2,-1299.81,-13.7427
GV-09156,3389.42,3579.73,-1296.51,-13.8027
GV-09157,3430.6,3563.16,-1304.89,-13.8996
GV-09158,3459.26,3584.25,-1246.99,-13.8547
GV-09159,3538.78,3584.76,-1251.97,-13.8633
GV-09160,3562.32,3578.12,-1203.34,-13.8804
GV-09161,3624.75,3574.64,-1146.76,-14.1164
GV-09162,3684.15,3561.75,-1154.47,-14.152
GV-09163,3721.19,3580.28,-1097.2,-14.2953
GV-09164,3773.57,3561.84,-1051.07,-13.9867
GV-09165,3840.5,3584.19,-1052.72,-14.1493
GV-09166,3888.43,3566.75,-995.63,-14.2233
GV-09167,3934.07,3580.03,-948.28,-14.3487
GV-09168,3987.4,3570.89,-951.02,-14.1803
GV-09169,4027.31,3576.76,-904.51,-14.4338
GV-09170,4073.39,3576.84,-900.17,-14.2918
GV-09171,4118.23,3574.6,-847.04,-14.352
GV-09172,4180.16,3566.03,-848.19,-14.6502
GV-09173,4206.94,3564.87,-852.66,-14.5747
GV-09174,4277.08,3588.07,-795.37,-14.6379
GV-09175,4322.93,3568.48,-799.72,-14.4579
GV-09176,4364.89,3562.18,-796.15,-14.5095
GV-09177,4421.33,3583.09,-797.84,-14.757
GV-09178,4464.18,3585.05,-798.54,-14.7624
GV-09179,4532.25,3565.26,-797.62,-14.459
GV-09180,4585.82,3585.85,-798.43,-14.5002
GV-09181,4605.1,3581.52,-800.58,-14.4557
GV-09182,4675.26,3575.56,-800.5,-14.4387
GV-09183,4712.92,3576.53,-801.48,-14.523
GV-09184,4769.4,3585.43,-804.98,-14.5167
GV-09185,4826.86,3557.26,-795.22,-14.36
GV-09186,4878.25,3568.8,-800.69,-14.34
GV-09187,4936.82,3562.5,-801.53,-14.1896
GV-09188,4974.28,3592.83,-803.65,-14.2093
GV-09189,5008.98,3559.82,-802.76,-14.0552
GV-09190,5062.67,3582.78,-796.98,-13.937
GV-09191,5106.49,3556.55,-796.86,-14.0804
GV-09192,5183.0,3590.95,-749.19,-13.8651
GV-09193,5214.14,3565.68,-753.95,-13.5893
GV-09194,5269.16,3583.32,-748.2,-13.7047
GV-09195,5344.1,3579.17,-752.01,-13.487
GV-09196,5371.58,3590.43,-748.04,-13.5245
GV-09197,5422.47,3589.98,-746.39,-13.4596
GV-09198,5458.34,3585.23,-702.88,-13.2232
GV-09199,5541.41,3583.81,-704.07,-13.1652
GV-09200,5593.24,3561.4,-704.6,-13.1404
GV-09201,5644.8,3573.31,-702.77,-12.7132
GV-09202,5661.22,3558.09,-652.27,-12.6092
GV-09203,5710.2,3583.68,-654.83,-12.3347
GV-09204,5787.35,3574.04,-649.61,-12.5308
GV-09205,5833.07,3569.0,-596.8,-12.1938
GV-09206,5859.72,3594.38,-598.37,-12.0161
GV-09207,5943.18,3563.18,-595.43,-11.8952
GV-09208,5963.19,3558.72,-601.88,-11.5875
GV-09209,6014.11,3560.89,-546.42,-11.3481
GV-09210,6066.72,3587.9,-550.14,-11.0617
GV-09211,6105.56,3594.69,-552.89,-10.6255
GV-09212,6177.05,3558.49,-548.82,-10.2609
GV-09213,6210.89,3561.94,-553.44,-10.0343
GV-09214,6291.85,3582.83,-550.05,-9.5272
GV-09215,6340.44,3558.77,-550.05,-9.1778
GV-09216,6370.99,3574.68,-549.01,-8.729
GV-09217,25.06,3627.52,-1145.62,-9.887
GV-09218,66.86,3635.5,-1146.2,-9.8994
GV-09219,130.6,3610.2,-1202.15,-10.1539
GV-09220,179.9,3607.56,-1199.65,-10.2079
GV-09221,238.04,3609.44,-1197.45,-10.3409
GV-09222,281.88,3621.77,-1254.45,-10.4708
GV-09223,320.89,3642.35,-1249.45,-10.6347
GV-09224,362.36,3615.82,-1253.47,-10.9228
GV-09225,410.44,3618.26,-1295.46,-10.9848
GV-09226,462.23,3639.63,-1251.27,-11.25
GV-09227,506.94,3643.08,-1195.31,-11.1202
GV-09228,565.28,3619.6,-1150.45,-11.4269
GV-09229,640.26,3609.15,-1096.22,-11.4749
GV-09230,655.49,3608.68,-1048.81,-11.5352
GV-09231,734.85,3632.38,-954.86,-11.7935
GV-09232,763.05,3623.75,-901.31,-11.8478
GV-09233,835.13,3643.43,-853.31,-12.0862
GV-09234,885.81,3613.34,-798.26,-11.955
GV-09235,919.88,3614.81,-796.04,-12.1365
GV-09236,983.7,3636.09,-800.14,-12.3247
GV-09237,1007.42,3637.52,-802.42,-12.3651
GV-09238,1082.45,3614.24,-802.54,-12.2537
GV-09239,1136.18,3631.05,-797.58,-12.6108
GV-09240,1180.18,3614.41,-797.99,-12.6288
GV-09241,1225.47,3607.6,-851.06,-12.5906
GV-09242,1294.04,3618.47,-846.16,-12.8052
GV-09243,1310.87,3616.91,-847.62,-12.5473
GV-09244,1361.55,3637.69,-898.46,-12.7572
GV-09245,1406.15,3607.11,-952.03,-12.986
GV-09246,1456.46,3610.63,-952.06,-12.8877
GV-09247,1523.47,3607.95,-998.12,-12.7389
GV-09248,1558.63,3631.2,-999.51,-12.9771
GV-09249,1639.08,3621.27,-1051.55,-13.1252
GV-09250,1666.33,3642.73,-1103.5,-12.9677
GV-09251,1741.01,3641.88,-1102.79,-12.9809
GV-09252,1780.08,3624.72,-1148.22,-13.0198
GV-09253,1814.01,3622.52,-1199.99,-12.9308
GV-09254,1862.09,3622.51,-1250.67,-13.1425
GV-09255,1943.19,3623.58,-1249.57,-12.9442
GV-09256,1985.49,3613.36,-1296.18,-13.0338
GV-09257,2042.66,3605.07,-1348.61,-13.1478
GV-09258,2061.69,3614.47,-1349.68,-13.1646
GV-09259,2138.08,3616.69,-1351.24,-13.3076
GV-09260,2166.21,3628.63,-1354.74,-13.153
GV-09261,2206.85,3610.75,-1347.92,-13.145
GV-09262,2274.74,3623.55,-1350.77,-13.2363
GV-09263,2327.04,3609.13,-1345.21,-13.23
GV-09264,2374.56,3618.77,-1353.05,-13.4174
GV-09265,2443.04,3605.51,-1345.2,-13.3962
GV-09266,2481.95,3634.37,-1402.55,-13.2803
GV-09267,2537.32,3613.8,-1396.26,-13.2863
GV-09268,2565.52,3622.39,-1396.18,-13.2098
GV-09269,2614.25,3624.07,-1396.77,-13.1989
GV-09270,2670.52,3639.89,-1403.04,-13.373
GV-09271,2730.84,3607.88,-1403.66,-13.2449
GV-09272,2784.26,3607.32,-1404.24,-13.5061
GV-09273,2807.67,3619.79,-1401.12,-13.5249
GV-09274,2872.32,3607.94,-1400.33,-13.4818
GV-09275,2928.95,3617.51,-1403.39,-13.4784
GV-09276,2958.68,3644.71,-1402.49,-13.6012
GV-09277,3031.19,3638.44,-1400.36,-13.7078
GV-09278,3062.01,3611.56,-1397.92,-13.6252
GV-09279,3130.12,3629.17,-1346.62,-13.6728
GV-09280,3167.0,3611.27,-1346.21,-13.6809
GV-09281,3216.86,3631.72,-1354.68,-13.799
GV-09282,3258.67,3620.43,-1303.1,-13.7926
GV-09283,3327.68,3638.77,-1296.61,-13.985
GV-09284,3385.34,3628.62,-1295.87,-13.9743
GV-09285,3429.62,3619.31,-1247.16,-14.0408
GV-09286,3473.48,3624.55,-1247.09,-14.0724
GV-09287,3542.56,3629.83,-1204.13,-14.1146
GV-09288,3579.59,3643.41,-1153.88,-14.0039
GV-09289,3636.55,3632.94,-1145.22,-14.0327
GV-09290,3683.06,3628.94,-1103.18,-14.2513
GV-09291,3740.29,3619.64,-1051.58,-14.1361
GV-09292,3760.33,3631.02,-1050.55,-14.4449
GV-09293,3820.15,3610.49,-1002.91,-14.3478
GV-09294,3868.67,3613.62,-947.88,-14.3862
GV-09295,3910.82,3633.81,-951.13,-14.4159
GV-09296,3980.54,3606.21,-901.43,-14.5018
GV-09297,4038.02,3620.23,-903.71,-14.4269
GV-09298,4090.72,3621.8,-847.21,-14.5613
GV-09299,4137.08,3619.58,-849.32,-14.6345
GV-09300,4162.29,3619.3,-852.13,-14.6741
GV-09301,4231.63,3607.73,-801.04,-14.7292
GV-09302,4282.89,3632.9,-801.68,-14.6098
GV-09303,4309.01,3609.22,-801.52,-14.5559
GV-09304,4378.41,3605.42,-803.34,-14.7743
GV-09305,4408.48,3631.48,-797.17,-14.6489
GV-09306,4457.16,3623.4,-804.59,-14.5637
GV-09307,4541.6,3635.77,-803.86,-14.6239
GV-09308,4564.45,3616.12,-796.29,-14.5889
GV-09309,4617.17,3617.16,-797.24,-14.4727
GV-09310,4664.71,3623.83,-799.04,-14.4638
GV-09311,4719.88,3643.78,-802.2,-14.5425
GV-09312,4762.63,3643.7,-802.11,-14.5103
GV-09313,4835.2,3632.59,-798.97,-14.4723
GV-09314,4855.02,3625.77,-751.84,-14.3949
GV-09315,4933.97,3629.71,-747.37,-14.3706
GV-09316,4977.37,3640.98,-747.56,-14.1918
GV-09317,5024.01,3629.83,-746.61,-14.1598
GV-09318,5071.31,3627.79,-745.11,-14.2029
GV-09319,5136.42,3638.64,-746.15,-14.225
GV-09320,5158.29,3608.24,-749.88,-13.9807
GV-09321,5241.7,3640.66,-754.36,-13.8799
GV-09322,5277.2,3618.43,-749.08,-13.8623
GV-09323,5311.29,3642.25,-754.37,-13.6103
GV-09324,5356.36,3627.91,-754.45,-13.6044
GV-09325,5413.52,3623.06,-703.12,-13.6442
GV-09326,5455.7,3640.28,-701.32,-13.4284
GV-09327,5538.68,3620.1,-701.78,-13.3661
GV-09328,5579.0,3623.97,-695.18,-13.232
GV-09329,5622.55,3634.6,-648.7,-12.9428
GV-09330,5677.08,3631.76,-649.09,-12.803
GV-09331,5735.54,3615.09,-647.93,-12.6694
GV-09332,5790.18,3630.0,-598.97,-12.385
GV-09333,5824.55,3607.72,-595.12,-12.2769
GV-09334,5882.76,3631.97,-595.31,-12.0793
GV-09335,5943.91,3606.84,-554.6,-12.0578
GV-09336,5962.3,3608.04,-552.27,-11.6589
GV-09337,6010.26,3606.12,-549.93,-11.3404
GV-09338,6072.31,3629.35,-549.32,-11.2306
GV-09339,6123.13,3644.88,-552.52,-10.7374
GV-09340,6159.55,3635.28,-549.74,-10.4027
GV-09341,6207.25,3636.54,-550.83,-10.1441
GV-09342,6265.04,3637.18,-551.62,-9.5925
GV-09343,6313.56,3630.93,-550.38,-9.2108
GV-09344,6391.93,3607.73,-549.64,-8.7071
GV-09345,34.47,3692.83,-1149.82,-9.7135
GV-09346,66.2,3680.38,-1203.6,-9.864
GV-09347,125.64,3686.59,-1195.73,-9.9833
GV-09348,183.05,3679.84,-1197.29,-10.2622
GV-09349,226.54,3682.31,-1252.83,-10.3196
GV-09350,261.2,3689.21,-1248.73,-10.5328
GV-09351,305.99,3679.34,-1254.71,-10.6775
GV-09352,390.47,3655.54,-1247.25,-10.7622
GV-09353,406.33,3673.41,-1198.92,-11.0864
GV-09354,458.05,3686.18,-1195.4,-11.1504
GV-09355,514.31,3684.79,-1103.37,-11.1375
GV-09356,590.18,3679.4,-1047.47,-11.5128
GV-09357,613.44,3668.71,-1000.73,-11.4687
GV-09358,656.13,3683.42,-951.9,-11.6081
GV-09359,732.72,3676.67,-901.65,-11.74
GV-09360,761.9,3668.61,-854.95,-11.9443
GV-09361,826.46,3677.42,-800.25,-12.0331
GV-09362,888.49,3673.74,-801.87,-12.0678
GV-09363,908.23,3657.86,-797.29,-12.1019
GV-09364,956.78,3666.9,-802.64,-12.2306
GV-09365,1043.67,3687.54,-800.23,-12.2294
GV-09366,1083.84,3666.77,-796.31,-12.4888
GV-09367,1107.72,3688.76,-804.29,-12.5422
GV-09368,1176.91,3682.3,-851.09,-12.5545
GV-09369,1216.04,3679.42,-846.53,-12.64
GV-09370,1256.19,3686.41,-895.36,-12.6422
GV-09371,1307.8,3666.93,-895.02,-12.7464
GV-09372,1384.96,3672.04,-950.85,-12.7694
GV-09373,1414.53,3658.5,-954.01,-12.7064
GV-09374,1493.12,3660.82,-1003.67,-12.9921
GV-09375,1529.82,3694.16,-1047.45,-12.7816
GV-09376,1585.82,3668.2,-1050.61,-12.9603
GV-09377,1644.53,3660.92,-1098.76,-12.7998
GV-09378,1656.75,3664.62,-1146.48,-13.1889
GV-09379,1731.01,3690.18,-1154.91,-12.8248
GV-09380,1783.8,3691.13,-1198.89,-12.9289
GV-09381,1813.07,3686.12,-1252.8,-13.0076
GV-09382,1890.26,3687.22,-1301.14,-13.1513
GV-09383,1940.39,3672.62,-1296.53,-13.1871
GV-09384,1967.46,3683.97,-1345.53,-13.1242
GV-09385,2009.22,3694.9,-1351.32,-13.1124
GV-09386,2058.78,3693.73,-1354.86,-13.341
GV-09387,2118.41,3685.98,-1351.71,-13.1433
GV-09388,2162.14,3679.15,-1354.14,-13.1089
GV-09389,2216.64,3690.01,-1345.88,-13.1994
GV-09390,2281.48,3684.35,-1354.16,-13.2708
GV-09391,2315.31,3690.35,-1351.68,-13.4344
GV-09392,2378.57,3662.7,-1345.54,-13.4565
GV-09393,2406.65,3659.09,-1349.43,-13.1954
GV-09394,2490.84,3681.35,-1401.04,-13.4158
GV-09395,2511.05,3659.04,-1396.88,-13.4035
GV-09396,2594.84,3677.39,-1396.85,-13.4188
GV-09397,2639.63,3659.05,-1402.74,-13.3981
GV-09398,2687.41,3680.75,-1400.34,-13.4496
GV-09399,2708.72,3686.03,-1403.0,-13.2735
GV-09400,2758.4,3687.24,-1402.6,-13.6525
GV-09401,2819.86,3692.32,-1403.28,-13.4947
GV-09402,2865.86,3658.23,-1397.24,-13.43
GV-09403,2941.54,3663.16,-1397.22,-13.5361
GV-09404,2988.44,3674.51,-1400.52,-13.5033
GV-09405,3005.51,3676.13,-1346.69,-13.7
GV-09406,3065.93,3676.47,-1346.29,-13.6426
GV-09407,3117.4,3682.49,-1347.92,-13.7727
GV-09408,3183.4,3692.19,-1348.99,-13.6331
GV-09409,3226.55,3690.28,-1298.74,-13.834
GV-09410,3271.94,3690.11,-1295.65,-13.8803
GV-09411,3322.96,3688.69,-1296.98,-13.8705
GV-09412,3380.96,3660.81,-1245.91,-13.8602
GV-09413,3424.24,3659.67,-1253.32,-14.0106
GV-09414,3475.73,3693.11,-1203.07,-14.1842
GV-09415,3539.86,3668.0,-1151.92,-13.9998
GV-09416,3587.05,3694.94,-1146.66,-14.1633
GV-09417,3605.2,3685.75,-1100.19,-14.1214
GV-09418,3661.91,3672.44,-1048.11,-14.3522
GV-09419,3705.55,3679.97,-1047.31,-14.3088
GV-09420,3776.81,3688.45,-997.36,-14.3556
GV-09421,3817.43,3668.22,-952.14,-14.421
GV-09422,3870.03,3690.9,-954.11,-14.3537
GV-09423,3935.72,3682.06,-895.9,-14.5648
GV-09424,3992.52,3657.19,-901.07,-14.7635
GV-09425,4027.37,3690.56,-845.7,-14.4939
GV-09426,4083.75,3682.28,-853.89,-14.874
GV-09427,4105.7,3679.53,-801.79,-14.8411
GV-09428,4184.86,3674.81,-801.91,-14.7644
GV-09429,4220.83,3683.01,-795.34,-14.8074
GV-09430,4272.9,3692.19,-802.81,-14.6996
GV-09431,4323.39,3681.66,-796.69,-14.8025
GV-09432,4363.31,3658.98,-804.02,-14.7831
GV-09433,4418.2,3688.22,-749.24,-14.7064
GV-09434,4482.25,3657.24,-752.28,-14.8442
GV-09435,4541.86,3656.13,-749.3,-14.8432
GV-09436,4556.77,3682.46,-745.27,-14.8509
GV-09437,4643.71,3657.97,-749.33,-14.6239
GV-09438,4689.91,3662.66,-753.62,-14.706
GV-09439,4720.01,3664.31,-745.28,-14.8063
GV-09440,4758.56,3691.76,-749.41,-14.5859
GV-09441,4805.2,3666.28,-745.19,-14.3772
GV-09442,4879.49,3686.03,-751.85,-14.4796
GV-09443,4916.37,3661.67,-745.62,-14.5229
GV-09444,4955.83,3684.12,-750.27,-14.2571
GV-09445,5043.24,3658.61,-749.19,-14.4346
GV-09446,5089.68,3667.42,-749.71,-14.2634
GV-09447,5132.77,3656.13,-752.06,-14.0528
GV-09448,5192.83,3674.61,-748.45,-13.883
GV-09449,5240.05,3678.64,-747.04,-13.8499
GV-09450,5256.36,3690.0,-751.38,-13.7317
GV-09451,5321.79,3685.07,-702.54,-13.859
GV-09452,5372.83,3667.48,-704.46,-13.6441
GV-09453,5429.59,3679.46,-699.43,-13.4678
GV-09454,5468.96,3664.81,-697.19,-13.4132
GV-09455,5511.44,3680.43,-652.45,-13.358
GV-09456,5592.87,3664.53,-649.5,-13.2435
GV-09457,5626.32,3686.38,-653.07,-13.0314
GV-09458,5675.29,3692.07,-595.84,-13.0345
GV-09459,5727.92,3671.54,-596.16,-12.9976
GV-09460,5778.42,3661.02,-604.96,-12.5802
GV-09461,5833.78,3661.3,-599.83,-12.4745
GV-09462,5865.75,3668.99,-554.62,-12.1934
GV-09463,5913.37,3658.24,-551.83,-12.0386
GV-09464,5981.16,3682.43,-552.21,-11.7543
GV-09465,6034.89,3672.99,-547.41,-11.5969
GV-09466,6089.93,3679.75,-547.58,-11.1872
GV-09467,6124.58,3661.82,-551.8,-10.7134
GV-09468,6178.97,3689.71,-499.83,-10.4785
GV-09469,6212.2,3674.66,-495.88,-9.9547
GV-09470,6268.95,3691.68,-498.57,-9.7823
GV-09471,6316.01,3682.54,-499.16,-9.1135
GV-09472,6361.06,3684.47,-546.73,-8.758
GV-09473,35.3,3730.32,-1148.53,-9.6783
GV-09474,65.44,3730.82,-1203.17,-10.0546
GV-09475,124.93,3744.32,-1195.16,-10.0767
GV-09476,184.8,3740.7,-1251.74,-10.1775
GV-09477,224.65,3741.41,-1250.57,-10.2929
GV-09478,276.21,3727.03,-1246.47,-10.5299
GV-09479,305.97,3740.33,-1252.75,-10.6
GV-09480,359.2,3742.21,-1199.48,-10.8084
GV-09481,431.02,3731.84,-1147.84,-11.0844
GV-09482,466.68,3715.75,-1096.87,-10.9208
GV-09483,511.05,3716.71,-1054.83,-11.2797
GV-09484,591.16,3721.79,-945.68,-11.4342
GV-09485,640.81,3741.74,-899.93,-11.3762
GV-09486,657.49,3713.35,-851.86,-11.5277
GV-09487,710.6,3737.11,-801.73,-11.6779
GV-09488,765.41,3718.93,-802.6,-11.9399
GV-09489,838.24,3739.33,-804.74,-11.9888
GV-09490,875.89,3725.44,-801.76,-12.1237
GV-09491,905.32,3725.1,-796.97,-12.0395
GV-09492,982.13,3730.89,-798.45,-11.9853
GV-09493,1020.0,3725.51,-802.92,-12.3463
GV-09494,1056.46,3706.75,-797.43,-12.3865
GV-09495,1109.46,3742.14,-850.79,-12.5689
GV-09496,1159.27,3726.79,-849.7,-12.6447
GV-09497,1210.92,3713.27,-903.59,-12.6204
GV-09498,1289.21,3740.54,-901.14,-12.7324
GV-09499,1337.67,3729.16,-945.18,-12.7442
GV-09500,1368.44,3710.04,-951.93,-12.6593
GV-09501,1410.13,3720.39,-1001.12,-12.8158
GV-09502,1461.92,3706.18,-1048.93,-12.7697
GV-09503,1531.03,3730.43,-1052.46,-12.8796
GV-09504,1569.8,3732.98,-1100.94,-12.8471
GV-09505,1641.06,3732.58,-1152.83,-12.8731
GV-09506,1678.0,3727.22,-1201.91,-12.8746
GV-09507,1737.55,3718.33,-1203.89,-13.1237
GV-09508,1784.42,3732.7,-1247.33,-12.9319
GV-09509,1832.16,3723.85,-1301.25,-13.0045
GV-09510,1881.62,3712.53,-1348.74,-13.1198
GV-09511,1929.79,3708.38,-1350.76,-13.274
GV-09512,1965.02,3719.88,-1351.07,-12.9219
GV-09513,2018.11,3709.83,-1346.72,-13.1156
GV-09514,2076.49,3714.71,-1346.78,-13.2214
GV-09515,2135.29,3705.2,-1353.84,-13.1949
GV-09516,2155.1,3729.55,-1351.5,-13.1985
GV-09517,2243.32,3738.16,-1346.32,-13.2773
GV-09518,2288.47,3732.77,-1353.28,-13.148
GV-09519,2335.81,3729.18,-1350.88,-13.2832
GV-09520,2368.23,3727.66,-1351.41,-13.3248
GV-09521,2408.72,3724.06,-1352.64,-13.2123
GV-09522,2476.88,3737.27,-1346.36,-13.425
GV-09523,2537.27,3732.02,-1401.11,-13.518
GV-09524,2561.24,3706.61,-1397.98,-13.4296
GV-09525,2642.92,3741.27,-1399.24,-13.4209
GV-09526,2690.63,3714.26,-1404.08,-13.4636
GV-09527,2717.64,3743.72,-1397.12,-13.4953
GV-09528,2788.07,3717.93,-1404.71,-13.4659
GV-09529,2832.45,3737.8,-1403.39,-13.5546
GV-09530,2881.25,3744.14,-1404.76,-13.4245
GV-09531,2928.26,3705.62,-1354.65,-13.6741
GV-09532,2992.81,3715.06,-1349.62,-13.6329
GV-09533,3043.18,3728.7,-1354.64,-13.6997
GV-09534,3067.88,3744.69,-1353.74,-13.6784
GV-09535,3111.67,3740.15,-1353.01,-13.7731
GV-09536,3156.77,3705.02,-1298.64,-13.7346
GV-09537,3233.12,3723.34,-1304.31,-13.8457
GV-09538,3266.97,3713.21,-1296.69,-13.9792
GV-09539,3334.31,3730.65,-1247.07,-13.9536
GV-09540,3387.06,3742.99,-1250.08,-14.0021
GV-09541,3418.0,3742.85,-1202.77,-14.1646
GV-09542,3487.26,3711.89,-1148.82,-14.2322
GV-09543,3527.3,3725.04,-1149.38,-14.1631
GV-09544,3583.98,3737.1,-1100.29,-14.2647
GV-09545,3605.44,3728.46,-1047.79,-14.4856
GV-09546,3681.26,3718.67,-1047.92,-14.3604
GV-09547,3725.3,3738.5,-1004.84,-14.4032
GV-09548,3770.49,3738.5,-951.74,-14.5621
GV-09549,3840.0,3731.57,-949.45,-14.5533
GV-09550,3862.43,3730.28,-902.68,-14.6429
GV-09551,3926.28,3736.16,-846.82,-14.6804
GV-09552,3962.37,3728.73,-853.43,-14.6949
GV-09553,4007.88,3706.93,-849.37,-14.6611
GV-09554,4094.8,3726.27,-796.74,-14.6623
GV-09555,4134.07,3710.3,-801.21,-14.7525
GV-09556,4161.07,3726.16,-795.85,-14.7926
GV-09557,4226.1,3716.62,-797.16,-15.1024
GV-09558,4262.91,3708.03,-803.88,-14.9241
GV-09559,4311.86,3742.38,-750.3,-14.8053
GV-09560,4357.81,3722.56,-750.97,-15.0022
GV-09561,4410.83,3735.23,-750.31,-14.9221
GV-09562,4457.76,3724.21,-747.21,-14.8283
GV-09563,4508.23,3731.35,-749.18,-14.8308
GV-09564,4572.99,3725.73,-747.39,-14.6845
GV-09565,4618.07,3723.71,-747.41,-14.7507
GV-09566,4666.81,3710.31,-746.3,-14.8212
GV-09567,4721.58,3712.37,-745.82,-14.7577
GV-09568,4794.38,3743.47,-751.07,-14.6431
GV-09569,4834.79,3735.58,-750.39,-14.4362
GV-09570,4871.43,3741.26,-752.97,-14.6088
GV-09571,4921.75,3734.94,-745.76,-14.4175
GV-09572,4961.34,3722.32,-752.9,-14.4861
GV-09573,5037.3,3707.8,-754.28,-14.4905
GV-09574,5063.83,3743.23,-746.64,-14.3884
GV-09575,5112.58,3720.62,-749.29,-14.2377
GV-09576,5171.0,3712.26,-748.76,-14.2139
GV-09577,5206.73,3708.28,-699.1,-14.1065
GV-09578,5255.02,3706.58,-700.87,-13.9503
GV-09579,5336.0,3716.25,-702.82,-13.8535
GV-09580,5358.85,3716.91,-695.69,-13.7757
GV-09581,5420.63,3710.21,-695.01,-13.6873
GV-09582,5456.77,3728.76,-654.16,-13.5595
GV-09583,5532.65,3728.75,-646.75,-13.5146
GV-09584,5587.65,3736.13,-652.79,-13.3686
GV-09585,5626.21,3728.94,-602.78,-13.3441
GV-09586,5668.33,3732.41,-595.77,-13.0924
GV-09587,5736.21,3711.75,-596.18,-12.9906
GV-09588,5767.45,3716.32,-554.44,-12.8198
GV-09589,5809.68,3713.18,-548.87,-12.8097
GV-09590,5880.0,3740.33,-545.47,-12.4898
GV-09591,5930.69,3734.43,-554.99,-12.1369
GV-09592,5971.48,3716.22,-549.5,-11.7902
GV-09593,6007.2,3708.99,-496.38,-11.4508
GV-09594,6070.74,3706.51,-497.55,-11.1805
GV-09595,6107.7,3743.64,-499.73,-11.0253
GV-09596,6183.32,3744.31,-499.95,-10.5497
GV-09597,6244.2,3721.78,-502.35,-10.1292
GV-09598,6293.86,3711.8,-500.96,-9.7704
GV-09599,6338.65,3743.72,-495.54,-9.3675
GV-09600,6363.8,3742.86,-503.73,-8.7942
GV-09601,8.89,3763.88,-1196.07,-9.7313
GV-09602,57.42,3792.42,-1196.23,-9.8606
GV-09603,130.18,3767.68,-1204.59,-10.3038
GV-09604,166.87,3788.85,-1249.71,-10.244
GV-09605,228.81,3769.1,-1246.95,-10.3979
GV-09606,272.79,3792.42,-1198.59,-10.5658
GV-09607,343.3,3788.07,-1145.68,-10.598
GV-09608,365.74,3788.14,-1096.65,-10.8953
GV-09609,422.51,3775.19,-1050.72,-10.9314
GV-09610,471.32,3759.63,-1004.72,-11.1833
GV-09611,510.9,3780.0,-946.8,-11.3664
GV-09612,585.4,3762.11,-900.95,-11.4639
GV-09613,611.09,3774.68,-847.67,-11.5861
GV-09614,668.34,3786.62,-804.42,-11.5332
GV-09615,725.66,3786.01,-800.22,-11.6097
GV-09616,783.32,3784.89,-797.1,-11.7136
GV-09617,813.19,3774.06,-747.64,-11.8045
GV-09618,865.46,3758.06,-804.06,-12.2148
GV-09619,909.88,3765.68,-804.47,-12.1609
GV-09620,986.43,3781.49,-803.86,-12.1125
GV-09621,1032.19,3772.09,-802.44,-12.3762
GV-09622,1084.71,3771.69,-854.17,-12.2564
GV-09623,1111.97,3777.52,-851.28,-12.1899
GV-09624,1185.12,3764.29,-898.08,-12.3842
GV-09625,1237.16,3755.48,-897.29,-12.6253
GV-09626,1294.77,3765.17,-954.35,-12.5447
GV-09627,1307.82,3792.33,-997.14,-12.6214
GV-09628,1372.87,3791.77,-1003.66,-12.6627
GV-09629,1443.79,3786.04,-1045.38,-12.8278
GV-09630,1493.39,3781.86,-1104.11,-12.8091
GV-09631,1515.47,3790.65,-1101.44,-12.7569
GV-09632,1578.62,3767.36,-1153.6,-12.8998
GV-09633,1608.02,3769.75,-1201.16,-13.0145
GV-09634,1687.01,3781.54,-1198.14,-12.9675
GV-09635,1720.48,3788.99,-1250.28,-12.8791
GV-09636,1781.97,3790.41,-1298.73,-13.0229
GV-09637,1838.9,3782.94,-1350.88,-13.0194
GV-09638,1891.63,3774.5,-1351.01,-13.1849
GV-09639,1938.55,3790.4,-1354.4,-13.1257
GV-09640,1961.47,3781.27,-1347.84,-12.9714
GV-09641,2027.89,3781.08,-1345.61,-13.1089
GV-09642,2073.74,3764.81,-1352.52,-13.1519
GV-09643,2138.58,3787.29,-1351.03,-13.0472
GV-09644,2178.22,3757.87,-1349.03,-13.2253
GV-09645,2228.86,3776.06,-1346.91,-12.8799
GV-09646,2286.88,3758.98,-1353.9,-13.008
GV-09647,2340.59,3770.65,-1348.76,-13.3323
GV-09648,2392.32,3766.49,-1347.85,-13.3745
GV-09649,2440.25,3774.25,-1354.42,-13.4005
GV-09650,2464.43,3791.27,-1347.64,-13.3919
GV-09651,2510.57,3760.03,-1350.46,-13.1661
GV-09652,2585.39,3784.3,-1395.89,-13.3525
GV-09653,2619.04,3783.22,-1403.93,-13.1762
GV-09654,2666.35,3786.83,-1399.32,-13.3244
GV-09655,2705.58,3791.27,-1399.15,-13.4611
GV-09656,2784.13,3787.5,-1403.52,-13.5992
GV-09657,2807.91,3768.34,-1402.67,-13.6369
GV-09658,2862.08,3773.71,-1354.03,-13.5828
GV-09659,2905.14,3780.46,-1350.66,-13.7101
GV-09660,2978.96,3775.56,-1354.99,-13.6764
GV-09661,3006.84,3780.12,-1347.28,-13.6502
GV-09662,3058.27,3768.69,-1351.97,-13.7122
GV-09663,3113.35,3758.35,-1300.02,-13.6538
GV-09664,3167.79,3773.24,-1295.46,-13.8977
GV-09665,3236.76,3791.33,-1295.69,-13.8623
GV-09666,3257.97,3784.35,-1247.85,-14.1274
GV-09667,3322.11,3790.44,-1248.36,-14.0507
GV-09668,3392.73,3776.08,-1198.89,-14.0813
GV-09669,3437.92,3779.01,-1148.56,-14.2137
GV-09670,3459.04,3769.29,-1154.59,-14.3355
GV-09671,3517.54,3758.21,-1101.2,-14.1791
GV-09672,3589.56,3773.06,-1050.26,-14.5504
GV-09673,3629.41,3789.1,-1052.85,-14.2474
GV-09674,3656.16,3758.89,-1003.09,-14.4309
GV-09675,3705.16,3756.88,-954.95,-14.4568
GV-09676,3762.05,3765.8,-945.92,-14.7207
GV-09677,3829.58,3788.74,-900.75,-14.7508
GV-09678,3861.21,3777.37,-849.0,-14.6173
GV-09679,3907.71,3794.41,-853.33,-14.8567
GV-09680,3983.46,3765.52,-852.38,-14.8415
GV-09681,4019.79,3779.09,-803.4,-15.0608
GV-09682,4057.26,3767.59,-802.34,-14.8926
GV-09683,4120.92,3772.58,-796.21,-14.855
GV-09684,4194.41,3765.05,-746.51,-15.0018
GV-09685,4241.52,3759.46,-745.98,-15.1167
GV-09686,4266.88,3768.44,-745.84,-15.1227
GV-09687,4313.1,3791.45,-753.81,-15.1079
GV-09688,4393.22,3790.12,-746.39,-15.1204
GV-09689,4426.18,3769.39,-752.57,-15.078
GV-09690,4473.49,3776.68,-752.04,-15.1738
GV-09691,4543.39,3756.44,-750.14,-14.9563
GV-09692,4584.53,3758.86,-748.4,-14.8725
GV-09693,4608.57,3782.91,-754.84,-15.028
GV-09694,4679.64,3758.7,-749.27,-14.8404
GV-09695,4728.73,3786.15,-754.96,-14.7178
GV-09696,4773.71,3763.79,-751.37,-14.6636
GV-09697,4815.69,3770.85,-754.49,-14.6953
GV-09698,4863.73,3782.75,-750.5,-14.6487
GV-09699,4922.44,3790.92,-753.37,-14.8064
GV-09700,4957.61,3758.76,-751.96,-14.6185
GV-09701,5016.09,3785.52,-753.58,-14.6724
GV-09702,5061.62,3757.24,-752.74,-14.3141
GV-09703,5134.69,3786.2,-701.85,-14.3094
GV-09704,5180.03,3794.31,-701.25,-14.3637
GV-09705,5208.33,3764.79,-702.61,-14.2935
GV-09706,5266.78,3794.71,-704.17,-13.8984
GV-09707,5343.19,3783.15,-699.59,-14.0529
GV-09708,5373.04,3789.74,-648.76,-13.8745
GV-09709,5439.93,3759.98,-653.65,-13.8748
GV-09710,5479.92,3758.42,-649.46,-13.6742
GV-09711,5512.38,3774.75,-654.88,-13.5619
GV-09712,5575.36,3771.68,-600.12,-13.3531
GV-09713,5625.39,3774.91,-598.88,-13.4076
GV-09714,5684.7,3760.05,-596.41,-13.295
GV-09715,5741.61,3763.76,-551.07,-13.0654
GV-09716,5772.05,3764.72,-554.3,-12.8075
GV-09717,5824.17,3758.1,-552.65,-12.6859
GV-09718,5862.31,3783.84,-554.68,-12.4289
GV-09719,5906.93,3781.36,-502.62,-11.9913
GV-09720,5983.96,3767.29,-502.43,-11.9983
GV-09721,6044.74,3786.01,-500.33,-11.887
GV-09722,6064.87,3786.22,-495.98,-11.5023
GV-09723,6144.45,3778.78,-495.83,-11.0787
GV-09724,6164.34,3784.72,-500.29,-10.7139
GV-09725,6213.26,3794.25,-500.98,-10.1545
GV-09726,6287.51,3766.98,-496.49,-9.8092
GV-09727,6307.71,3783.73,-503.98,-9.4465
GV-09728,6384.5,3790.26,-497.05,-8.716
GV-09729,30.98,3809.1,-1202.32,-9.6528
GV-09730,79.54,3825.34,-1200.33,-9.8854
GV-09731,113.87,3823.51,-1248.24,-9.9725
GV-09732,166.95,3822.12,-1254.22,-10.2291
GV-09733,220.29,3810.69,-1198.64,-10.3529
GV-09734,269.75,3827.81,-1148.22,-10.4494
GV-09735,325.92,3839.18,-1100.28,-10.7615
GV-09736,360.36,3823.65,-996.64,-10.7672
GV-09737,424.82,3823.97,-952.7,-10.9142
GV-09738,484.59,3822.26,-896.82,-11.0553
GV-09739,506.73,3824.97,-851.58,-11.1688
GV-09740,561.23,3839.36,-795.4,-11.3816
GV-09741,628.48,3814.48,-804.02,-11.5266
GV-09742,665.99,3817.74,-800.15,-11.4644
GV-09743,707.68,3814.12,-745.67,-11.49
GV-09744,791.39,3808.05,-751.84,-11.7435
GV-09745,842.22,3837.18,-798.08,-11.8286
GV-09746,871.3,3822.59,-804.04,-12.1104
GV-09747,908.36,3829.58,-795.41,-12.1189
GV-09748,956.94,3828.21,-847.22,-12.1614
GV-09749,1014.55,3826.43,-852.19,-12.2399
GV-09750,1072.06,3805.42,-851.5,-12.3664
GV-09751,1142.91,3822.71,-898.63,-12.2537
GV-09752,1176.28,3819.77,-949.87,-12.4645
GV-09753,1217.12,3837.73,-949.11,-12.4994
GV-09754,1264.03,3833.29,-1003.27,-12.6203
GV-09755,1310.11,3843.87,-996.18,-12.6751
GV-09756,1355.81,3816.1,-1045.0,-12.4464
GV-09757,1438.01,3824.16,-1103.51,-12.6318
GV-09758,1487.73,3809.91,-1099.37,-12.7409
GV-09759,1538.22,3828.48,-1152.47,-12.811
GV-09760,1586.17,3828.02,-1198.16,-12.797
GV-09761,1643.72,3828.63,-1247.53,-12.849
GV-09762,1657.04,3832.26,-1245.72,-12.8676
GV-09763,1743.72,3806.1,-1303.48,-12.8949
GV-09764,1772.08,3814.72,-1346.74,-12.949
GV-09765,1832.95,3832.5,-1348.2,-12.9799
GV-09766,1865.89,3820.77,-1347.65,-12.8628
GV-09767,1924.81,3826.3,-1351.84,-13.0787
GV-09768,1991.79,3824.78,-1350.39,-13.2389
GV-09769,2042.72,3842.33,-1349.84,-12.9985
GV-09770,2067.64,3816.86,-1350.2,-13.0442
GV-09771,2112.81,3814.34,-1351.61,-13.0902
GV-09772,2163.13,3837.73,-1349.83,-13.1674
GV-09773,2226.76,3838.43,-1354.23,-13.2483
GV-09774,2283.64,3837.35,-1354.31,-13.2962
GV-09775,2316.45,3807.93,-1348.13,-13.1899
GV-09776,2356.05,3830.01,-1348.85,-13.1812
GV-09777,2410.56,3821.42,-1352.72,-13.136
GV-09778,2486.83,3831.05,-1345.54,-13.2532
GV-09779,2515.16,3841.06,-1346.61,-13.4628
GV-09780,2582.4,3837.54,-1350.56,-13.5283
GV-09781,2607.44,3814.96,-1351.22,-13.3568
GV-09782,2666.01,3832.04,-1347.34,-13.4231
GV-09783,2710.1,3833.91,-1353.92,-13.3817
GV-09784,2765.7,3823.08,-1350.08,-13.5701
GV-09785,2844.59,3842.32,-1354.18,-13.5433
GV-09786,2855.11,3844.43,-1345.8,-13.6613
GV-09787,2906.05,3830.8,-1346.93,-13.6493
GV-09788,2962.27,3833.21,-1346.45,-13.5782
GV-09789,3017.81,3815.06,-1353.25,-13.738
GV-09790,3059.33,3840.74,-1300.61,-13.9048
GV-09791,3130.11,3840.03,-1295.29,-13.7305
GV-09792,3182.28,3838.1,-1301.78,-13.9686
GV-09793,3234.79,3811.31,-1251.15,-13.9901
GV-09794,3273.95,3835.59,-1248.6,-14.2095
GV-09795,3343.12,3823.95,-1200.72,-14.132
GV-09796,3369.23,3810.62,-1146.31,-14.2943
GV-09797,3434.29,3808.47,-1147.36,-14.0461
GV-09798,3490.08,3827.36,-1095.96,-14.3363
GV-09799,3544.92,3810.85,-1050.96,-14.542
GV-09800,3586.72,3818.81,-1050.82,-14.6246
GV-09801,3610.62,3843.2,-1004.43,-14.4518
GV-09802,3660.85,3812.45,-953.26,-14.6933
GV-09803,3727.86,3828.26,-900.48,-14.6428
GV-09804,3781.87,3823.93,-904.3,-14.7813
GV-09805,3832.01,3826.37,-848.26,-14.7876
GV-09806,3888.35,3838.4,-847.8,-14.9133
GV-09807,3943.52,3816.18,-801.85,-14.9339
GV-09808,3981.97,3816.22,-796.35,-14.7692
GV-09809,4020.01,3836.52,-797.1,-15.0976
GV-09810,4073.58,3815.57,-796.46,-15.0647
GV-09811,4123.04,3835.66,-751.91,-15.1134
GV-09812,4169.71,3805.65,-751.37,-15.0669
GV-09813,4212.25,3807.15,-753.18,-15.1034
GV-09814,4260.39,3839.38,-745.34,-15.0391
GV-09815,4314.89,3831.56,-747.9,-14.9696
GV-09816,4378.42,3834.72,-747.45,-15.0445
GV-09817,4406.67,3829.2,-745.02,-15.1122
GV-09818,4480.47,3826.34,-754.54,-15.238
GV-09819,4506.39,3829.47,-748.5,-15.2122
GV-09820,4558.37,3836.83,-746.18,-15.0816
GV-09821,4620.1,3828.08,-748.84,-15.1337
GV-09822,4656.76,3805.38,-749.9,-14.9659
GV-09823,4722.31,3839.02,-750.55,-14.986
GV-09824,4760.61,3827.21,-752.0,-14.9867
GV-09825,4832.04,3827.2,-754.62,-14.9066
GV-09826,4864.24,3815.18,-750.58,-14.8049
GV-09827,4936.16,3825.43,-751.87,-14.7433
GV-09828,4965.74,3808.0,-704.48,-14.6144
GV-09829,5041.41,3843.8,-703.05,-14.7357
GV-09830,5076.58,3811.38,-697.66,-14.6281
GV-09831,5113.87,3833.82,-704.85,-14.4286
GV-09832,5182.3,3834.22,-698.49,-14.3494
GV-09833,5243.83,3843.97,-696.36,-14.3481
GV-09834,5273.41,3826.04,-697.09,-14.1952
GV-09835,5309.23,3842.28,-654.55,-14.1553
GV-09836,5365.02,3815.06,-650.57,-13.9896
GV-09837,5443.67,3806.95,-649.2,-13.9283
GV-09838,5478.5,3826.46,-604.78,-13.808
GV-09839,5519.31,3832.28,-601.95,-13.7483
GV-09840,5556.03,3836.69,-603.74,-13.4393
GV-09841,5628.94,3840.79,-603.45,-13.6276
GV-09842,5676.64,3825.78,-551.16,-13.359
GV-09843,5728.69,3810.96,-549.34,-13.165
GV-09844,5763.79,3841.96,-551.27,-12.9552
GV-09845,5810.88,3805.46,-552.54,-12.7883
GV-09846,5884.53,3829.52,-501.19,-12.6078
GV-09847,5931.83,3821.05,-504.57,-12.2195
GV-09848,5964.95,3806.82,-497.8,-12.1926
GV-09849,6040.24,3843.59,-497.66,-11.5586
GV-09850,6074.09,3822.21,-495.1,-11.4753
GV-09851,6125.74,3832.3,-497.58,-11.1337
GV-09852,6180.33,3836.3,-498.69,-10.874
GV-09853,6232.74,3807.67,-501.39,-10.4314
GV-09854,6274.62,3825.18,-495.97,-9.9919
GV-09855,6339.82,3830.94,-499.42,-9.4821
GV-09856,6394.66,3809.33,-503.74,-8.8003
GV-09857,21.11,3889.14,-1197.21,-9.5059
GV-09858,55.28,3885.27,-1248.47,-10.054
GV-09859,111.38,3893.63,-1200.0,-10.1221
GV-09860,164.07,3886.07,-1148.94,-10.1055
GV-09861,230.65,3887.78,-1100.57,-10.3065
GV-09862,290.43,3859.6,-1051.23,-10.6578
GV-09863,328.21,3860.17,-998.43,-10.6789
GV-09864,357.53,3859.56,-947.02,-10.8221
GV-09865,438.76,3875.02,-898.45,-10.9399
GV-09866,468.7,3884.3,-845.69,-11.0234
GV-09867,522.42,3869.3,-795.63,-11.3458
GV-09868,572.54,3875.01,-800.12,-11.351
GV-09869,629.23,3855.8,-747.95,-11.4297
GV-09870,688.6,3863.59,-752.81,-11.4567
GV-09871,741.09,3876.1,-752.91,-11.6876
GV-09872,786.82,3871.15,-804.8,-11.768
GV-09873,810.2,3863.07,-798.34,-11.911
GV-09874,880.54,3855.96,-798.19,-11.9914
GV-09875,940.3,3861.23,-846.16,-12.1874
GV-09876,992.38,3866.7,-850.14,-12.1671
GV-09877,1006.65,3870.35,-904.65,-12.0235
GV-09878,1055.88,3887.01,-897.27,-12.2518
GV-09879,1123.25,3894.16,-950.4,-12.3976
GV-09880,1184.75,3876.03,-945.39,-12.4885
GV-09881,1235.46,3882.37,-1000.17,-12.5578
GV-09882,1281.32,3872.37,-1054.32,-12.5023
GV-09883,1306.94,3890.5,-1054.77,-12.6768
GV-09884,1367.72,3858.9,-1095.21,-12.7527
GV-09885,1415.86,3862.86,-1149.33,-12.5566
GV-09886,1473.14,3875.88,-1153.19,-12.8331
GV-09887,1511.19,3892.64,-1199.05,-12.7085
GV-09888,1566.78,3863.97,-1245.12,-12.7054
GV-09889,1638.7,3883.53,-1245.22,-12.7733
GV-09890,1676.26,3861.99,-1296.98,-13.0463
GV-09891,1723.17,3882.64,-1347.35,-12.9926
GV-09892,1778.77,3881.98,-1345.84,-12.8834
GV-09893,1807.41,3883.03,-1350.53,-13.1498
GV-09894,1883.94,3855.37,-1349.8,-12.9471
GV-09895,1938.71,3870.52,-1346.69,-13.0766
GV-09896,1963.26,3893.63,-1348.74,-13.1261
GV-09897,2033.19,3882.45,-1350.04,-13.0974
GV-09898,2094.11,3883.91,-1346.65,-13.1585
GV-09899,2124.42,3869.86,-1348.6,-13.1863
GV-09900,2193.88,3872.6,-1349.89,-13.1421
GV-09901,2215.18,3859.14,-1345.17,-13.2064
GV-09902,2256.6,3877.73,-1346.03,-13.2419
GV-09903,2318.0,3862.58,-1349.2,-13.3202
GV-09904,2365.47,3878.24,-1354.0,-13.2231
GV-09905,2427.33,3884.25,-1346.12,-13.1479
GV-09906,2455.03,3873.59,-1354.22,-13.277
GV-09907,2529.44,3879.57,-1354.17,-13.5438
GV-09908,2561.43,3866.37,-1353.77,-13.4324
GV-09909,2613.74,3859.26,-1354.21,-13.3438
GV-09910,2685.74,3890.54,-1354.79,-13.4761
GV-09911,2724.82,3861.39,-1349.16,-13.5378
GV-09912,2792.25,3861.45,-1348.47,-13.5066
GV-09913,2814.29,3873.74,-1348.33,-13.6563
GV-09914,2884.16,3868.14,-1351.93,-13.5775
GV-09915,2924.75,3881.31,-1347.63,-13.562
GV-09916,2982.51,3862.74,-1348.52,-13.7674
GV-09917,3025.81,3885.59,-1299.38,-13.7903
GV-09918,3055.83,3874.04,-1301.12,-13.8654
GV-09919,3114.18,3866.5,-1295.49,-13.8531
GV-09920,3169.5,3888.84,-1246.18,-14.236
GV-09921,3232.36,3882.33,-1250.24,-14.165
GV-09922,3260.08,3857.73,-1200.6,-14.1509
GV-09923,3326.87,3883.26,-1148.88,-14.2657
GV-09924,3387.16,3869.0,-1148.34,-14.2328
GV-09925,3421.83,3881.71,-1100.38,-14.3893
GV-09926,3463.29,3858.9,-1053.82,-14.4722
GV-09927,3518.97,3866.35,-1054.44,-14.374
GV-09928,3557.67,3887.74,-1000.09,-14.5709
GV-09929,3625.37,3856.1,-952.79,-14.6635
GV-09930,3682.43,3881.32,-902.65,-14.5816
GV-09931,3719.65,3870.08,-898.63,-14.6792
GV-09932,3775.46,3859.43,-852.83,-14.9331
GV-09933,3812.93,3877.74,-847.24,-14.7516
GV-09934,3881.12,3862.85,-801.35,-14.7724
GV-09935,3907.31,3858.87,-801.62,-14.8389
GV-09936,3975.19,3889.32,-797.27,-14.9943
GV-09937,4006.14,3867.19,-747.11,-15.1817
GV-09938,4076.73,3856.46,-754.94,-15.0461
GV-09939,4125.42,3892.21,-750.89,-15.2072
GV-09940,4156.1,3887.98,-752.62,-15.2601
GV-09941,4215.4,3894.84,-749.55,-15.3167
GV-09942,4291.42,3892.29,-753.25,-15.3136
GV-09943,4314.31,3883.79,-750.89,-15.3535
GV-09944,4369.52,3869.54,-752.63,-15.2374
GV-09945,4434.85,3866.12,-745.77,-15.2911
GV-09946,4469.22,3883.5,-704.38,-15.3006
GV-09947,4520.92,3858.93,-697.64,-15.0483
GV-09948,4574.83,3881.07,-695.61,-15.0964
GV-09949,4620.66,3890.72,-697.45,-15.1884
GV-09950,4660.31,3883.18,-702.95,-15.0157
GV-09951,4731.5,3886.05,-704.02,-15.1446
GV-09952,4781.35,3882.35,-697.86,-15.0313
GV-09953,4818.54,3855.72,-703.99,-14.9458
GV-09954,4892.01,3869.88,-702.48,-14.7533
GV-09955,4918.79,3857.37,-702.11,-14.6824
GV-09956,4969.93,3855.73,-701.2,-14.7161
GV-09957,5037.28,3866.86,-698.12,-14.7295
GV-09958,5069.01,3882.04,-700.19,-14.5699
GV-09959,5130.09,3891.24,-701.95,-14.6547
GV-09960,5183.91,3891.12,-698.12,-14.4751
GV-09961,5207.52,3867.39,-654.65,-14.2072
GV-09962,5284.78,3859.2,-652.37,-14.3141
GV-09963,5335.42,3894.18,-652.43,-14.1513
GV-09964,5365.64,3862.76,-645.1,-14.1532
GV-09965,5414.69,3892.45,-602.21,-13.9977
GV-09966,5487.47,3893.31,-600.26,-14.1496
GV-09967,5513.31,3880.47,-595.23,-13.8326
GV-09968,5587.22,3888.87,-550.21,-13.74
GV-09969,5620.11,3878.44,-546.53,-13.5736
GV-09970,5692.35,3892.22,-551.84,-13.4538
GV-09971,5707.07,3857.5,-550.33,-13.2886
GV-09972,5793.97,3856.64,-503.73,-13.1068
GV-09973,5835.52,3876.89,-501.34,-13.0331
GV-09974,5881.42,3881.2,-504.39,-12.7436
GV-09975,5905.32,3859.18,-502.49,-12.6721
GV-09976,5985.93,3885.22,-495.29,-12.3146
GV-09977,6015.31,3875.6,-503.35,-11.705
GV-09978,6068.16,3881.88,-502.24,-11.5415
GV-09979,6142.61,3874.05,-503.91,-11.1592
GV-09980,6159.4,3863.01,-495.56,-10.84
GV-09981,6237.53,3857.14,-504.53,-10.3826
GV-09982,6270.52,3875.57,-497.83,-9.7861
GV-09983,6330.56,3875.46,-500.75,-9.1861
GV-09984,6391.45,3869.29,-500.77,-8.9063
GV-09985,44.1,3934.69,-1199.21,-9.712
GV-09986,91.03,3930.03,-1148.62,-9.9318
GV-09987,127.17,3937.96,-1099.22,-10.0382
GV-09988,186.37,3915.79,-1045.13,-10.2697
GV-09989,217.51,3932.82,-998.56,-10.2793
GV-09990,266.86,3944.51,-947.0,-10.4156
GV-09991,342.47,3942.97,-897.91,-10.6736
GV-09992,361.94,3937.75,-848.76,-10.8328
GV-09993,438.64,3925.94,-796.39,-10.9824
GV-09994,456.46,3923.6,-796.37,-10.8722
GV-09995,528.91,3936.04,-754.55,-11.1944
GV-09996,582.29,3934.39,-748.44,-11.3757
GV-09997,633.07,3928.58,-747.66,-11.3682
GV-09998,682.36,3943.89,-750.7,-11.522
GV-09999,744.54,3929.93,-801.47,-11.6229
GV-10000,759.02,3935.99,-804.16,-11.7588
GV-10001,816.82,3915.94,-796.26,-11.7101
GV-10002,891.37,3910.83,-845.53,-11.9545
GV-10003,939.11,3910.62,-849.35,-12.1128
GV-10004,964.61,3933.97,-896.94,-12.1711
GV-10005,1007.12,3937.67,-896.13,-12.1562
GV-10006,1063.24,3907.34,-950.67,-12.3015
GV-10007,1111.0,3920.67,-949.2,-12.2961
GV-10008,1178.74,3934.15,-1002.99,-12.4431
GV-10009,1205.37,3910.95,-1046.05,-12.5128
GV-10010,1283.41,3944.8,-1046.26,-12.5697
GV-10011,1331.74,3930.61,-1097.79,-12.6393
GV-10012,1369.46,3924.34,-1145.8,-12.6863
GV-10013,1409.99,3924.7,-1146.1,-12.6404
GV-10014,1480.68,3917.53,-1204.51,-12.5694
GV-10015,1528.43,3908.4,-1245.55,-12.7418
GV-10016,1583.57,3932.55,-1297.21,-12.6676
GV-10017,1619.13,3943.49,-1299.43,-12.8693
GV-10018,1655.99,3917.46,-1345.49,-12.7401
GV-10019,1738.69,3917.56,-1353.39,-12.7892
GV-10020,1763.03,3929.77,-1346.0,-12.932
GV-10021,1805.82,3922.21,-1351.79,-12.8442
GV-10022,1867.3,3937.8,-1350.93,-12.8669
GV-10023,1925.6,3930.42,-1346.73,-13.0726
GV-10024,1974.81,3944.47,-1347.73,-12.9192
GV-10025,2041.99,3936.48,-1347.08,-13.0161
GV-10026,2057.71,3935.36,-1346.16,-13.1705
GV-10027,2117.0,3940.68,-1349.69,-13.1301
GV-10028,2193.33,3907.67,-1349.5,-13.2468
GV-10029,2238.89,3926.92,-1351.07,-13.2322
GV-10030,2258.66,3906.18,-1351.27,-12.9992
GV-10031,2322.68,3915.48,-1353.15,-13.4189
GV-10032,2357.47,3944.49,-1354.24,-13.4146
GV-10033,2431.69,3932.47,-1345.17,-13.2145
GV-10034,2481.57,3928.02,-1345.23,-13.2311
GV-10035,2535.53,3940.27,-1347.86,-13.575
GV-10036,2561.44,3933.38,-1351.81,-13.1591
GV-10037,2610.68,3926.92,-1351.3,-13.4765
GV-10038,2676.59,3936.32,-1352.92,-13.4741
GV-10039,2708.91,3923.74,-1354.55,-13.4924
GV-10040,2792.03,3944.93,-1345.71,-13.5589
GV-10041,2815.59,3935.57,-1346.22,-13.5922
GV-10042,2872.41,3920.74,-1350.88,-13.8869
GV-10043,2927.43,3937.49,-1302.91,-13.6019
GV-10044,2973.73,3914.65,-1301.15,-13.6842
GV-10045,3005.41,3906.22,-1296.42,-13.8799
GV-10046,3094.48,3910.41,-1302.77,-13.8738
GV-10047,3133.8,3933.51,-1250.95,-13.967
GV-10048,3186.05,3918.76,-1250.6,-14.0697
GV-10049,3241.6,3934.5,-1199.31,-14.1463
GV-10050,3272.38,3923.61,-1153.09,-14.2012
GV-10051,3335.41,3944.43,-1152.42,-14.162
GV-10052,3381.35,3907.07,-1102.24,-14.1853
GV-10053,3417.57,3928.32,-1054.89,-14.5089
GV-10054,3471.48,3920.12,-1051.22,-14.3276
GV-10055,3513.2,3930.77,-996.18,-14.5394
GV-10056,3571.34,3937.76,-949.04,-14.7164
GV-10057,3636.17,3913.31,-900.19,-14.6986
GV-10058,3681.47,3922.38,-901.64,-14.8833
GV-10059,3708.87,3907.07,-848.54,-14.8812
GV-10060,3775.02,3916.7,-849.14,-15.1501
GV-10061,3832.85,3929.76,-796.45,-15.1016
GV-10062,3859.34,3922.2,-799.82,-15.0377
GV-10063,3912.38,3924.86,-802.07,-15.1798
GV-10064,3956.04,3936.46,-746.4,-15.1063
GV-10065,4021.89,3923.75,-750.96,-15.2505
GV-10066,4073.27,3920.05,-754.15,-15.2932
GV-10067,4128.16,3937.02,-754.75,-15.1347
GV-10068,4173.39,3914.62,-754.17,-15.2839
GV-10069,4223.99,3930.16,-701.53,-15.3143
GV-10070,4259.41,3927.92,-696.44,-15.4607
GV-10071,4343.49,3938.88,-696.29,-15.39
GV-10072,4362.02,3933.3,-696.45,-15.319
GV-10073,4439.36,3917.21,-702.26,-15.3237
GV-10074,4469.94,3921.03,-704.9,-15.3669
GV-10075,4531.65,3907.8,-703.76,-15.3246
GV-10076,4587.58,3944.24,-700.58,-15.1663
GV-10077,4616.15,3941.39,-699.17,-15.222
GV-10078,4671.47,3932.93,-703.22,-15.2122
GV-10079,4711.93,3907.71,-700.27,-14.9692
GV-10080,4782.37,3912.37,-696.38,-15.1851
GV-10081,4834.82,3941.48,-702.05,-15.0737
GV-10082,4878.27,3921.28,-704.41,-14.9392
GV-10083,4934.41,3918.68,-703.41,-14.8507
GV-10084,4975.41,3941.09,-702.54,-14.8116
GV-10085,5031.78,3921.3,-699.24,-14.7212
GV-10086,5089.59,3939.16,-702.04,-14.6467
GV-10087,5130.39,3943.04,-653.24,-14.5966
GV-10088,5164.73,3926.33,-647.27,-14.3766
GV-10089,5228.43,3937.75,-652.55,-14.5918
GV-10090,5287.77,3927.71,-652.83,-14.4054
GV-10091,5324.21,3942.88,-650.36,-14.4334
GV-10092,5364.48,3933.61,-602.84,-14.2747
GV-10093,5411.35,3930.82,-601.44,-14.1923
GV-10094,5479.88,3926.48,-599.05,-14.1028
GV-10095,5529.97,3943.3,-550.08,-14.05
GV-10096,5562.72,3944.71,-545.27,-13.7996
GV-10097,5609.37,3930.0,-554.49,-13.8724
GV-10098,5655.05,3914.61,-547.42,-13.603
GV-10099,5708.84,3919.73,-501.35,-13.5667
GV-10100,5757.57,3916.06,-501.19,-13.2054
GV-10101,5825.63,3938.92,-497.4,-13.0808
GV-10102,5889.93,3944.88,-501.98,-12.8538
GV-10103,5927.61,3942.11,-501.91,-12.6372
GV-10104,5959.27,3930.37,-501.29,-12.3635
GV-10105,6022.25,3933.52,-496.59,-12.067
GV-10106,6075.74,3907.99,-497.26,-11.6646
GV-10107,6131.24,3926.5,-501.06,-11.2462
GV-10108,6193.76,3942.61,-496.76,-10.7319
GV-10109,6219.68,3906.79,-500.67,-10.384
GV-10110,6275.22,3921.65,-502.99,-9.6555
GV-10111,6320.18,3922.67,-502.35,-9.2733
GV-10112,6373.47,3925.61,-498.57,-8.7947
GV-10113,37.8,3959.27,-1147.78,-9.5508
GV-10114,60.56,3963.45,-1101.48,-9.5947
GV-10115,134.83,3991.19,-1048.6,-9.9794
GV-10116,193.98,3960.47,-951.51,-10.2084
GV-10117,244.68,3961.31,-900.18,-10.2423
GV-10118,288.15,3963.95,-849.47,-10.365
GV-10119,344.35,3966.94,-800.62,-10.5883
GV-10120,388.24,3969.74,-795.47,-10.7512
GV-10121,419.14,3972.86,-746.5,-11.0463
GV-10122,461.44,3982.99,-754.96,-10.9626
GV-10123,532.48,3993.12,-749.51,-11.304
GV-10124,563.22,3955.25,-749.17,-11.2341
GV-10125,642.42,3960.94,-753.63,-11.4961
GV-10126,665.09,3987.29,-803.25,-11.3465
GV-10127,720.85,3988.56,-800.09,-11.4901
GV-10128,788.21,3956.5,-795.92,-11.7282
GV-10129,821.24,3989.7,-854.8,-11.84
GV-10130,894.9,3959.57,-845.12,-11.8549
GV-10131,932.29,3965.35,-904.29,-11.8796
GV-10132,984.24,3957.86,-895.26,-12.0615
GV-10133,1017.56,3985.53,-946.36,-12.1991
GV-10134,1072.41,3959.18,-1004.27,-12.0743
GV-10135,1108.63,3978.68,-1003.11,-12.1488
GV-10136,1161.55,3991.65,-1048.39,-12.3796
GV-10137,1236.77,3969.83,-1045.6,-12.3742
GV-10138,1273.63,3974.96,-1095.09,-12.4356
GV-10139,1343.8,3961.83,-1153.03,-12.6124
GV-10140,1356.66,3970.99,-1195.03,-12.4396
GV-10141,1436.15,3964.54,-1197.0,-12.6864
GV-10142,1484.62,3992.48,-1252.01,-12.5783
GV-10143,1509.38,3993.82,-1299.68,-12.5771
GV-10144,1580.69,3977.27,-1301.48,-12.7413
GV-10145,1626.06,3994.77,-1354.32,-12.8566
GV-10146,1669.54,3972.4,-1352.35,-12.7731
GV-10147,1744.43,3965.35,-1302.16,-12.9133
GV-10148,1784.79,3958.84,-1298.2,-12.9973
GV-10149,1830.11,3959.86,-1303.08,-13.3038
GV-10150,1893.88,3966.13,-1297.32,-13.0793
GV-10151,1906.52,3971.98,-1296.72,-13.1033
GV-10152,1974.18,3988.31,-1353.35,-13.1046
GV-10153,2012.12,3963.94,-1346.25,-13.1383
GV-10154,2070.2,3977.52,-1352.62,-13.0997
GV-10155,2134.46,3991.46,-1348.93,-13.2106
GV-10156,2168.65,3979.23,-1347.89,-13.2277
GV-10157,2235.37,3983.28,-1345.09,-13.1854
GV-10158,2266.91,3955.53,-1347.97,-13.2542
GV-10159,2328.06,3982.22,-1349.15,-13.364
GV-10160,2365.29,3975.59,-1352.83,-13.3852
GV-10161,2420.88,3963.2,-1347.54,-13.3813
GV-10162,2457.44,3972.01,-1346.05,-13.239
GV-10163,2515.52,3994.1,-1347.67,-13.2858
GV-10164,2556.39,3963.99,-1353.2,-13.4042
GV-10165,2641.31,3981.73,-1353.12,-13.4136
GV-10166,2691.45,3958.64,-1352.28,-13.5955
GV-10167,2739.95,3989.98,-1349.31,-13.4843
GV-10168,2781.36,3957.11,-1349.0,-13.6238
GV-10169,2838.0,3966.14,-1349.47,-13.6748
GV-10170,2863.92,3989.09,-1304.4,-13.8886
GV-10171,2929.59,3992.9,-1303.71,-13.9223
GV-10172,2972.64,3986.97,-1303.81,-13.839
GV-10173,3031.24,3957.47,-1248.77,-13.9591
GV-10174,3092.51,3957.72,-1247.76,-13.8815
GV-10175,3130.57,3976.55,-1248.79,-14.0863
GV-10176,3160.23,3982.6,-1203.22,-14.2626
GV-10177,3236.86,3987.86,-1149.99,-14.308
GV-10178,3294.63,3986.58,-1147.41,-14.3928
GV-10179,3331.07,3974.87,-1097.0,-14.4961
GV-10180,3358.47,3965.99,-1050.39,-14.3458
GV-10181,3443.74,3972.04,-1052.1,-14.4403
GV-10182,3484.19,3959.17,-1002.87,-14.5287
GV-10183,3512.26,3992.83,-948.64,-14.6071
GV-10184,3578.21,3963.53,-900.62,-14.7394
GV-10185,3620.98,3977.9,-895.97,-14.9726
GV-10186,3666.79,3978.34,-848.57,-15.0622
GV-10187,3718.32,3975.09,-845.67,-15.0191
GV-10188,3772.49,3961.19,-801.42,-15.0541
GV-10189,3817.07,3972.36,-800.15,-15.1192
GV-10190,3877.23,3972.89,-746.84,-15.2071
GV-10191,3907.83,3976.89,-751.66,-15.1015
GV-10192,3966.81,3993.28,-748.41,-15.4152
GV-10193,4038.28,3982.85,-751.0,-15.4491
GV-10194,4093.59,3992.92,-703.22,-15.3799
GV-10195,4120.25,3971.05,-702.91,-15.2902
GV-10196,4175.0,3960.99,-700.86,-15.3947
GV-10197,4241.45,3984.65,-695.7,-15.4078
GV-10198,4266.88,3971.52,-702.32,-15.3946
GV-10199,4305.05,3966.65,-700.07,-15.3379
GV-10200,4366.39,3956.58,-699.25,-15.4469
GV-10201,4416.69,3958.12,-696.4,-15.3037
GV-10202,4483.84,3967.93,-701.94,-15.4329
GV-10203,4520.09,3980.93,-696.08,-15.4299
GV-10204,4556.87,3958.43,-700.34,-15.32
GV-10205,4607.03,3981.23,-696.36,-15.21
GV-10206,4688.41,3966.88,-700.3,-15.2097
GV-10207,4735.58,3990.79,-704.13,-15.2678
GV-10208,4764.67,3980.22,-699.02,-15.1784
GV-10209,4812.85,3969.67,-697.71,-15.2163
GV-10210,4886.99,3990.17,-702.26,-15.0084
GV-10211,4938.44,3959.71,-700.79,-15.0622
GV-10212,4992.11,3986.21,-697.13,-15.0416
GV-10213,5024.73,3968.32,-697.32,-14.8127
GV-10214,5059.19,3994.73,-647.45,-14.7873
GV-10215,5118.3,3983.15,-649.94,-14.6812
GV-10216,5168.22,3973.3,-647.55,-14.6565
GV-10217,5208.52,3957.06,-653.06,-14.5563
GV-10218,5283.31,3979.73,-596.57,-14.5768
GV-10219,5330.37,3983.64,-596.49,-14.4691
GV-10220,5377.98,3982.66,-597.84,-14.3634
GV-10221,5444.44,3956.77,-603.47,-14.4067
GV-10222,5470.0,3976.46,-549.38,-14.2797
GV-10223,5531.97,3977.4,-551.09,-14.1119
GV-10224,5591.4,3987.61,-547.89,-13.9624
GV-10225,5638.82,3968.97,-498.1,-13.9154
GV-10226,5673.86,3969.13,-504.79,-13.7095
GV-10227,5734.06,3973.46,-501.42,-13.5509
GV-10228,5761.36,3976.27,-496.16,-13.4053
GV-10229,5807.53,3986.18,-497.18,-13.1872
GV-10230,5893.36,3965.58,-504.88,-12.9365
GV-10231,5915.37,3968.07,-446.96,-12.7412
GV-10232,5972.8,3984.37,-449.4,-12.3952
GV-10233,6031.84,3970.68,-445.87,-12.0595
GV-10234,6064.27,3986.68,-447.58,-11.6786
GV-10235,6138.44,3982.33,-452.75,-11.3264
GV-10236,6193.04,3965.54,-501.1,-10.7785
GV-10237,6242.51,3976.32,-502.36,-10.4457
GV-10238,6275.87,3991.88,-498.54,-10.1355
GV-10239,6340.92,3981.88,-496.22,-9.2451
GV-10240,6381.33,3988.58,-495.66,-8.851
GV-10241,38.13,4033.85,-1054.75,-9.5948
GV-10242,79.42,4012.95,-997.37,-9.7309
GV-10243,118.65,4015.86,-951.61,-9.9005
GV-10244,174.2,4008.88,-898.58,-10.0595
GV-10245,239.24,4042.17,-852.0,-10.2974
GV-10246,262.6,4035.5,-799.28,-10.3913
GV-10247,316.97,4038.92,-749.24,-10.6722
GV-10248,375.51,4029.79,-749.73,-10.6671
GV-10249,436.35,4020.88,-750.4,-10.7604
GV-10250,481.19,4009.32,-751.05,-11.131
GV-10251,517.27,4022.81,-746.61,-10.9833
GV-10252,558.35,4012.17,-745.9,-11.1152
GV-10253,621.43,4038.78,-801.33,-11.1465
GV-10254,659.6,4018.89,-804.74,-11.4182
GV-10255,734.69,4024.9,-803.99,-11.699
GV-10256,775.83,4039.3,-853.06,-11.6782
GV-10257,833.41,4038.07,-854.92,-11.7372
GV-10258,859.06,4013.36,-900.85,-11.7122
GV-10259,928.76,4006.41,-897.88,-11.8802
GV-10260,973.69,4032.93,-954.84,-12.2123
GV-10261,1012.99,4031.35,-997.79,-12.0521
GV-10262,1087.08,4018.67,-1001.76,-12.2143
GV-10263,1140.78,4028.42,-1046.98,-12.2999
GV-10264,1191.75,4028.82,-1098.65,-12.3031
GV-10265,1236.55,4018.09,-1102.2,-12.4024
GV-10266,1259.89,4034.34,-1146.7,-12.2659
GV-10267,1339.54,4035.74,-1197.91,-12.329
GV-10268,1357.78,4030.97,-1196.28,-12.6019
GV-10269,1411.37,4018.46,-1246.75,-12.4763
GV-10270,1475.96,4023.7,-1301.57,-12.7152
GV-10271,1507.28,4031.91,-1303.37,-12.61
GV-10272,1577.53,4033.47,-1301.28,-12.8167
GV-10273,1610.28,4006.94,-1297.11,-12.8172
GV-10274,1661.63,4017.17,-1295.27,-12.8763
GV-10275,1718.88,4014.18,-1299.21,-12.7123
GV-10276,1764.45,4009.64,-1302.74,-12.6204
GV-10277,1815.12,4040.69,-1298.14,-12.9106
GV-10278,1866.46,4043.49,-1298.98,-13.0094
GV-10279,1909.32,4036.49,-1304.36,-12.9795
GV-10280,1975.87,4027.3,-1295.49,-12.8391
GV-10281,2039.55,4017.13,-1348.22,-12.9766
GV-10282,2060.43,4006.22,-1347.93,-13.0412
GV-10283,2116.57,4006.55,-1351.09,-13.1137
GV-10284,2193.64,4023.36,-1350.21,-13.1649
GV-10285,2225.78,4037.42,-1345.51,-13.3028
GV-10286,2285.79,4043.16,-1346.53,-13.2258
GV-10287,2331.27,4031.22,-1345.88,-13.4094
GV-10288,2365.97,4030.89,-1352.54,-13.3292
GV-10289,2429.74,4024.67,-1349.46,-13.4607
GV-10290,2476.49,4025.97,-1350.57,-13.3746
GV-10291,2544.9,4034.23,-1348.94,-13.4129
GV-10292,2579.77,4041.63,-1352.46,-13.3628
GV-10293,2619.84,4005.91,-1346.05,-13.3895
GV-10294,2672.95,4024.0,-1349.38,-13.6417
GV-10295,2742.03,4028.96,-1351.22,-13.6824
GV-10296,2763.31,4013.3,-1348.48,-13.7312
GV-10297,2833.45,4026.99,-1299.13,-13.687
GV-10298,2893.42,4034.33,-1296.72,-13.7619
GV-10299,2929.25,4005.74,-1302.86,-13.8531
GV-10300,2964.76,4019.16,-1247.32,-13.9673
GV-10301,3017.11,4018.37,-1251.8,-14.0924
GV-10302,3068.32,4014.81,-1253.95,-14.0104
GV-10303,3108.66,4014.4,-1195.81,-14.1104
GV-10304,3164.77,4007.56,-1154.3,-14.1787
GV-10305,3241.8,4026.84,-1150.62,-14.2577
GV-10306,3288.37,4006.29,-1102.82,-14.2842
GV-10307,3327.91,4011.1,-1046.95,-14.3793
GV-10308,3389.97,4021.83,-1045.74,-14.5382
GV-10309,3411.56,4023.79,-999.75,-14.6595
GV-10310,3463.81,4013.67,-950.31,-14.6439
GV-10311,3527.9,4044.42,-897.67,-14.7725
GV-10312,3581.24,4032.38,-897.15,-14.8467
GV-10313,3635.93,4032.27,-853.1,-14.8619
GV-10314,3663.03,4035.61,-847.58,-15.0931
GV-10315,3725.98,4044.73,-800.36,-15.1847
GV-10316,3771.5,4029.98,-803.9,-15.2277
GV-10317,3840.54,4009.52,-746.33,-15.1612
GV-10318,3875.64,4033.94,-748.77,-15.262
GV-10319,3908.73,4041.45,-747.33,-15.4992
GV-10320,3963.3,4011.62,-702.54,-15.3668
GV-10321,4013.29,4013.43,-698.29,-15.5445
GV-10322,4072.59,4039.56,-695.11,-15.475
GV-10323,4125.38,4006.85,-702.26,-15.3718
GV-10324,4181.83,4035.49,-701.94,-15.3537
GV-10325,4222.02,4036.42,-701.3,-15.3626
GV-10326,4290.84,4043.41,-701.62,-15.5934
GV-10327,4324.92,4022.93,-696.79,-15.5585
GV-10328,4357.96,4025.02,-700.65,-15.3479
GV-10329,4409.99,4043.47,-701.59,-15.4792
GV-10330,4478.5,4019.84,-697.91,-15.5805
GV-10331,4533.44,4011.51,-695.31,-15.444
GV-10332,4566.84,4015.14,-695.97,-15.394
GV-10333,4611.9,4029.43,-699.15,-15.4221
GV-10334,4674.18,4011.58,-702.27,-15.2787
GV-10335,4709.17,4023.21,-700.26,-15.333
GV-10336,4791.85,4018.41,-703.28,-15.2868
GV-10337,4814.95,4019.27,-703.5,-15.0589
GV-10338,4864.51,4009.61,-704.53,-15.1109
GV-10339,4924.82,4022.48,-651.05,-14.9367
GV-10340,4961.4,4044.17,-652.07,-14.8358
GV-10341,5013.19,4041.24,-650.02,-15.0247
GV-10342,5075.83,4029.98,-654.76,-14.8446
GV-10343,5114.71,4007.9,-650.83,-14.8768
GV-10344,5193.17,4008.45,-646.14,-14.7706
GV-10345,5239.07,4035.6,-595.18,-14.6237
GV-10346,5270.29,4008.8,-595.17,-14.6439
GV-10347,5316.66,4013.94,-599.9,-14.5961
GV-10348,5382.04,4011.96,-545.44,-14.5904
GV-10349,5443.03,4022.74,-546.1,-14.4477
GV-10350,5488.59,4041.87,-546.96,-14.2399
GV-10351,5530.83,4027.76,-554.88,-14.2517
GV-10352,5555.34,4034.0,-501.1,-14.1916
GV-10353,5610.41,4017.34,-498.75,-13.9108
GV-10354,5681.7,4018.99,-501.02,-13.7621
GV-10355,5720.04,4018.13,-496.58,-13.4081
GV-10356,5785.3,4027.27,-501.5,-13.5128
GV-10357,5837.22,4023.47,-449.08,-13.1379
GV-10358,5872.14,4006.42,-446.25,-12.9803
GV-10359,5926.16,4021.07,-454.47,-12.7917
GV-10360,5958.97,4018.0,-449.86,-12.337
GV-10361,6012.06,4028.38,-453.26,-11.9561
GV-10362,6089.58,4039.73,-452.55,-11.7251
GV-10363,6114.48,4018.66,-449.93,-11.2795
GV-10364,6163.49,4042.54,-498.93,-10.7319
GV-10365,6240.58,4023.55,-495.49,-10.4797
GV-10366,6281.72,4032.81,-500.93,-9.799
GV-10367,6325.86,4031.54,-497.46,-9.2428
GV-10368,6389.19,4026.08,-496.37,-8.7584
GV-10369,44.22,4084.42,-952.71,-9.3963
GV-10370,94.25,4078.73,-902.38,-9.9243
GV-10371,129.51,4076.9,-847.72,-9.8932
GV-10372,166.04,4083.81,-802.19,-9.9075
GV-10373,232.28,4073.57,-801.82,-10.0857
GV-10374,284.85,4064.46,-749.24,-10.359
GV-10375,314.94,4087.71,-750.16,-10.4968
GV-10376,393.14,4062.87,-750.14,-10.661
GV-10377,415.77,4092.29,-745.03,-10.8802
GV-10378,487.35,4083.91,-747.23,-11.1515
GV-10379,521.05,4092.3,-754.29,-11.2299
GV-10380,590.85,4060.19,-800.38,-11.1574
GV-10381,618.27,4076.88,-797.42,-11.2839
GV-10382,668.88,4070.84,-799.71,-11.4115
GV-10383,739.64,4082.15,-847.64,-11.4268
GV-10384,783.2,4082.25,-845.0,-11.566
GV-10385,813.16,4070.36,-899.08,-11.7115
GV-10386,855.6,4063.3,-945.31,-11.7661
GV-10387,925.39,4065.95,-949.73,-12.1136
GV-10388,968.6,4062.38,-1002.86,-11.9358
GV-10389,1027.83,4078.14,-995.93,-12.1364
GV-10390,1064.8,4072.95,-1047.85,-11.9889
GV-10391,1117.12,4077.82,-1099.3,-12.2057
GV-10392,1177.55,4094.43,-1100.91,-12.3282
GV-10393,1225.28,4093.25,-1152.05,-12.4116
GV-10394,1278.39,4061.88,-1202.24,-12.4604
GV-10395,1338.29,4086.96,-1246.51,-12.4873
GV-10396,1368.81,4072.9,-1253.57,-12.5435
GV-10397,1423.81,4061.43,-1300.73,-12.5166
GV-10398,1472.38,4086.99,-1347.37,-12.5681
GV-10399,1535.61,4084.43,-1302.4,-12.7769
GV-10400,1567.76,4065.53,-1297.16,-12.6277
GV-10401,1629.56,4063.4,-1300.78,-12.6436
GV-10402,1693.78,4093.16,-1298.25,-12.8517
GV-10403,1734.04,4068.68,-1303.34,-12.8857
GV-10404,1764.48,4088.38,-1300.39,-12.798
GV-10405,1818.2,4083.71,-1296.88,-12.9815
GV-10406,1869.65,4069.08,-1297.92,-13.0634
GV-10407,1933.33,4087.66,-1300.13,-13.1821
GV-10408,1967.61,4082.42,-1303.33,-13.2082
GV-10409,2030.64,4090.81,-1303.7,-12.9632
GV-10410,2076.94,4063.92,-1345.83,-13.2515
GV-10411,2120.73,4055.89,-1345.22,-13.1964
GV-10412,2179.38,4075.77,-1351.73,-13.0593
GV-10413,2205.54,4055.99,-1353.07,-13.1522
GV-10414,2272.51,4091.2,-1346.44,-13.1101
GV-10415,2336.51,4090.22,-1348.26,-13.2847
GV-10416,2388.3,4094.02,-1348.66,-13.2932
GV-10417,2433.89,4062.33,-1346.7,-13.2638
GV-10418,2481.65,4067.71,-1348.9,-13.3228
GV-10419,2534.49,4058.27,-1348.96,-13.2414
GV-10420,2556.01,4057.98,-1345.02,-13.5849
GV-10421,2637.07,4067.57,-1352.03,-13.5446
GV-10422,2670.59,4060.35,-1349.67,-13.55
GV-10423,2708.71,4063.69,-1300.86,-13.6245
GV-10424,2782.43,4055.97,-1299.22,-13.8208
GV-10425,2811.08,4080.05,-1304.62,-13.7358
GV-10426,2867.64,4086.53,-1297.82,-13.8824
GV-10427,2927.5,4073.73,-1249.54,-13.8029
GV-10428,2959.98,4071.92,-1248.06,-14.0522
GV-10429,3023.9,4071.58,-1249.13,-14.0312
GV-10430,3087.57,4085.54,-1200.07,-13.9747
GV-10431,3105.59,4074.99,-1153.05,-13.9863
GV-10432,3160.85,4087.22,-1146.92,-14.3363
GV-10433,3238.66,4092.71,-1104.55,-14.4003
GV-10434,3284.26,4069.33,-1050.71,-14.6202
GV-10435,3339.99,4082.34,-1051.71,-14.6303
GV-10436,3370.27,4068.24,-996.09,-14.5423
GV-10437,3431.52,4069.79,-952.61,-14.5983
GV-10438,3470.04,4073.15,-896.06,-14.5423
GV-10439,3517.25,4090.83,-898.9,-14.7074
GV-10440,3580.69,4092.21,-849.57,-15.0433
GV-10441,3640.92,4092.19,-849.87,-15.1014
GV-10442,3658.15,4087.84,-801.8,-15.1417
GV-10443,3725.54,4082.83,-804.87,-15.3754
GV-10444,3774.29,4077.85,-753.53,-15.4439
GV-10445,3832.04,4080.93,-747.27,-15.3871
GV-10446,3887.3,4064.2,-748.53,-15.3616
GV-10447,3926.43,4088.58,-695.12,-15.5072
GV-10448,3966.89,4055.83,-703.53,-15.6147
GV-10449,4026.84,4058.33,-703.59,-15.5661
GV-10450,4064.85,4093.85,-698.75,-15.5199
GV-10451,4140.84,4070.33,-704.36,-15.4496
GV-10452,4186.21,4065.33,-698.9,-15.6313
GV-10453,4213.94,4091.1,-702.47,-15.7682
GV-10454,4263.05,4094.58,-697.83,-15.6768
GV-10455,4341.63,4090.04,-698.99,-15.5315
GV-10456,4391.07,4090.33,-699.64,-15.5362
GV-10457,4413.04,4082.27,-695.08,-15.5902
GV-10458,4470.27,4058.98,-699.45,-15.6766
GV-10459,4511.24,4070.63,-704.14,-15.5013
GV-10460,4589.66,4073.8,-697.85,-15.3708
GV-10461,4640.96,4090.98,-703.35,-15.533
GV-10462,4684.89,4059.37,-696.62,-15.4174
GV-10463,4709.1,4071.1,-700.84,-15.2815
GV-10464,4774.48,4074.02,-654.2,-15.275
GV-10465,4840.52,4076.2,-648.6,-15.2652
GV-10466,4885.69,4078.71,-651.12,-15.2165
GV-10467,4937.71,4088.74,-651.89,-15.1753
GV-10468,4977.84,4089.78,-652.99,-15.0641
GV-10469,5021.55,4092.31,-651.93,-15.1011
GV-10470,5056.02,4085.28,-651.88,-15.0803
GV-10471,5135.2,4085.3,-596.44,-15.0576
GV-10472,5163.74,4086.86,-599.01,-14.7798
GV-10473,5229.44,4070.75,-600.06,-14.873
GV-10474,5267.28,4069.75,-599.16,-14.7564
GV-10475,5343.53,4088.27,-551.61,-14.4975
GV-10476,5365.64,4078.59,-552.85,-14.5862
GV-10477,5433.51,4065.66,-545.04,-14.5951
GV-10478,5472.03,4090.17,-550.19,-14.4419
GV-10479,5520.33,4070.02,-499.17,-14.3204
GV-10480,5560.13,4089.12,-502.53,-14.1323
GV-10481,5625.31,4083.73,-498.13,-13.9882
GV-10482,5668.72,4058.85,-495.9,-13.7523
GV-10483,5709.54,4092.78,-449.45,-13.7632
GV-10484,5790.91,4078.01,-449.56,-13.5649
GV-10485,5826.01,4084.14,-450.87,-13.4152
GV-10486,5862.86,4073.55,-454.12,-12.9804
GV-10487,5905.01,4081.51,-446.67,-12.774
GV-10488,5969.58,4073.35,-454.9,-12.4269
GV-10489,6029.55,4092.74,-450.6,-12.1426
GV-10490,6086.54,4074.49,-452.19,-11.6926
GV-10491,6115.07,4082.83,-445.02,-11.5011
GV-10492,6185.58,4092.72,-446.09,-10.7626
GV-10493,6223.36,4094.73,-495.08,-10.3146
GV-10494,6257.42,4068.95,-503.84,-9.8862
GV-10495,6341.26,4062.81,-495.26,-9.4397
GV-10496,6393.23,4088.07,-500.14,-8.7841
GV-10497,29.46,4124.64,-850.6,-9.64
GV-10498,70.46,4129.27,-802.23,-9.6236
GV-10499,128.7,4133.14,-795.01,-9.918
GV-10500,174.09,4105.57,-746.28,-10.0688
GV-10501,205.59,4114.76,-748.06,-10.1329
GV-10502,289.1,4124.2,-747.86,-10.2449
GV-10503,321.9,4141.88,-750.16,-10.632
GV-10504,363.91,4136.36,-752.61,-10.5793
GV-10505,427.8,4115.08,-752.98,-10.7364
GV-10506,491.3,4121.8,-745.38,-11.0515
GV-10507,537.46,4124.17,-803.96,-11.187
GV-10508,569.99,4136.45,-798.66,-11.0919
GV-10509,630.14,4121.51,-850.35,-11.2465
GV-10510,690.06,4142.15,-854.12,-11.3705
GV-10511,713.18,4107.52,-895.41,-11.3989
GV-10512,794.09,4107.96,-897.41,-11.6748
GV-10513,833.85,4138.96,-951.72,-11.9322
GV-10514,873.44,4142.68,-948.74,-11.6807
GV-10515,940.69,4138.58,-1002.02,-12.0406
GV-10516,975.28,4116.62,-1045.11,-11.9318
GV-10517,1038.88,4132.03,-1046.19,-12.0458
GV-10518,1082.68,4126.14,-1104.59,-12.0263
GV-10519,1134.93,4113.5,-1145.22,-12.2457
GV-10520,1162.73,4123.77,-1147.84,-12.1863
GV-10521,1208.66,4122.37,-1201.95,-12.4067
GV-10522,1256.18,4121.85,-1254.56,-12.3652
GV-10523,1339.91,4141.59,-1250.86,-12.458
GV-10524,1364.11,4128.99,-1295.09,-12.4249
GV-10525,1410.95,4126.98,-1300.54,-12.5925
GV-10526,1461.95,4136.48,-1298.9,-12.5759
GV-10527,1526.09,4110.06,-1300.07,-12.6742
GV-10528,1594.39,4141.82,-1302.64,-12.6582
GV-10529,1628.15,4138.91,-1298.79,-12.6791
GV-10530,1688.7,4136.5,-1298.1,-12.9579
GV-10531,1713.47,4129.23,-1302.8,-12.7109
GV-10532,1793.52,4122.42,-1295.42,-12.7806
GV-10533,1826.93,4117.83,-1304.15,-12.8427
GV-10534,1881.66,4140.37,-1302.86,-13.1211
GV-10535,1922.99,4133.99,-1299.2,-12.8688
GV-10536,1968.41,4109.9,-1298.31,-12.8697
GV-10537,2037.67,4144.13,-1295.53,-12.9969
GV-10538,2079.83,4128.5,-1302.97,-12.9505
GV-10539,2115.81,4111.78,-1348.41,-13.1005
GV-10540,2194.33,4108.3,-1346.85,-13.2631
GV-10541,2240.16,4142.95,-1348.68,-13.0271
GV-10542,2292.53,4105.63,-1352.23,-13.3766
GV-10543,2311.93,4109.08,-1352.88,-13.2031
GV-10544,2370.42,4132.03,-1353.01,-13.327
GV-10545,2432.25,4113.22,-1350.15,-13.3205
GV-10546,2478.09,4141.9,-1345.37,-13.4237
GV-10547,2514.58,4123.9,-1350.96,-13.4639
GV-10548,2568.24,4132.2,-1354.37,-13.6121
GV-10549,2611.11,4111.87,-1295.58,-13.6935
GV-10550,2678.65,4121.65,-1298.94,-13.5533
GV-10551,2732.13,4105.63,-1296.14,-13.7086
GV-10552,2787.09,4134.85,-1298.76,-13.7919
GV-10553,2821.56,4137.29,-1301.68,-13.8657
GV-10554,2873.27,4120.18,-1245.8,-13.8719
GV-10555,2940.49,4128.74,-1246.18,-13.9024
GV-10556,2962.15,4122.8,-1251.34,-14.0235
GV-10557,3006.34,4135.17,-1202.26,-14.0344
GV-10558,3089.98,4109.87,-1145.44,-14.2588
GV-10559,3111.26,4141.2,-1146.72,-14.3547
GV-10560,3181.71,4135.05,-1101.33,-14.415
GV-10561,3229.36,4138.75,-1048.54,-14.4961
GV-10562,3280.8,4109.03,-1052.75,-14.871
GV-10563,3318.03,4133.73,-1002.18,-14.6814
GV-10564,3394.89,4126.89,-949.18,-14.8656
GV-10565,3431.41,4117.96,-898.97,-14.8233
GV-10566,3459.7,4116.25,-898.95,-14.9536
GV-10567,3514.99,4113.57,-846.57,-14.9312
GV-10568,3588.94,4133.05,-799.07,-15.1082
GV-10569,3642.71,4133.73,-798.49,-15.2487
GV-10570,3656.24,4133.61,-745.54,-15.3806
GV-10571,3736.47,4119.74,-745.53,-15.3432
GV-10572,3785.91,4106.67,-749.05,-15.2914
GV-10573,3832.27,4136.37,-699.64,-15.4484
GV-10574,3870.85,4118.27,-699.11,-15.6969
GV-10575,3925.19,4133.48,-696.24,-15.5353
GV-10576,3963.6,4121.98,-701.41,-15.4468
GV-10577,4015.91,4140.0,-701.59,-15.4485
GV-10578,4078.28,4129.08,-698.13,-15.6608
GV-10579,4122.82,4109.53,-696.83,-15.7531
GV-10580,4194.77,4115.35,-652.49,-15.7574
GV-10581,4243.54,4118.78,-648.56,-15.8616
GV-10582,4285.02,4123.93,-648.04,-15.785
GV-10583,4315.36,4134.4,-646.45,-15.8261
GV-10584,4376.41,4136.87,-645.84,-15.4744
GV-10585,4433.66,4110.23,-654.69,-15.7305
GV-10586,4464.86,4131.49,-647.31,-15.7144
GV-10587,4541.08,4139.37,-649.28,-15.6013
GV-10588,4556.63,4128.4,-647.79,-15.5597
GV-10589,4633.43,4111.64,-652.73,-15.4295
GV-10590,4669.46,4124.08,-650.17,-15.4059
GV-10591,4720.72,4143.94,-647.45,-15.4378
GV-10592,4768.98,4138.9,-649.1,-15.3733
GV-10593,4835.31,4133.32,-645.47,-15.2764
GV-10594,4872.31,4123.07,-653.47,-15.1252
GV-10595,4914.06,4123.94,-648.09,-15.2287
GV-10596,4962.46,4140.42,-647.67,-15.2933
GV-10597,5015.37,4131.65,-647.36,-15.1211
GV-10598,5069.83,4131.16,-603.27,-15.1308
GV-10599,5114.5,4125.74,-595.29,-14.8606
GV-10600,5188.94,4111.68,-595.35,-14.9199
GV-10601,5219.55,4121.06,-604.5,-15.0286
GV-10602,5260.44,4128.47,-550.08,-14.861
GV-10603,5329.27,4134.55,-548.77,-14.7427
GV-10604,5375.64,4127.58,-545.26,-14.8288
GV-10605,5418.73,4121.06,-499.2,-14.7581
GV-10606,5472.63,4128.69,-497.89,-14.5079
GV-10607,5505.87,4124.05,-498.07,-14.3424
GV-10608,5588.98,4119.21,-498.38,-14.4324
GV-10609,5612.85,4112.18,-447.32,-14.1503
GV-10610,5680.04,4121.87,-448.04,-13.8165
GV-10611,5712.28,4128.89,-451.76,-13.9185
GV-10612,5789.03,4120.14,-450.71,-13.4771
GV-10613,5831.37,4135.11,-451.58,-13.2881
GV-10614,5882.17,4118.86,-445.02,-13.123
GV-10615,5916.89,4128.0,-452.81,-12.8505
GV-10616,5958.36,4140.47,-451.17,-12.4783
GV-10617,6010.77,4125.59,-450.21,-12.0146
GV-10618,6066.98,4110.48,-449.25,-11.7877
GV-10619,6109.48,4134.05,-453.9,-11.4717
GV-10620,6162.4,4123.01,-449.65,-10.7454
GV-10621,6214.32,4126.89,-498.67,-10.1708
GV-10622,6271.68,4133.56,-496.47,-9.8264
GV-10623,6334.29,4106.29,-504.9,-9.1964
GV-10624,6369.71,4138.08,-504.97,-8.8739
GV-10625,29.48,4188.83,-804.61,-9.5005
GV-10626,76.61,4174.0,-746.62,-9.766
GV-10627,110.02,4160.58,-754.96,-9.8834
GV-10628,155.95,4191.11,-753.79,-10.0539
GV-10629,228.07,4170.84,-750.61,-9.9536
GV-10630,279.04,4184.63,-746.78,-10.2989
GV-10631,306.25,4189.38,-749.87,-10.6052
GV-10632,381.47,4163.17,-748.9,-10.6339
GV-10633,418.34,4156.0,-748.04,-10.8102
GV-10634,457.76,4175.88,-800.85,-10.7298
GV-10635,518.38,4192.16,-799.51,-11.0468
GV-10636,588.12,4163.53,-854.04,-11.0792
GV-10637,616.79,4160.84,-851.85,-11.1965
GV-10638,693.51,4189.9,-902.0,-11.3018
GV-10639,724.17,4156.98,-898.12,-11.4426
GV-10640,785.33,4192.09,-946.53,-11.6274
GV-10641,840.06,4172.31,-954.76,-11.7624
GV-10642,876.02,4194.0,-996.61,-11.5856
GV-10643,931.94,4185.46,-1046.76,-11.8698
GV-10644,957.59,4190.73,-1045.92,-11.8478
GV-10645,1009.19,4162.45,-1101.21,-11.8819
GV-10646,1060.79,4187.95,-1149.13,-12.1302
GV-10647,1112.33,4167.11,-1154.6,-12.0737
GV-10648,1172.31,4164.41,-1202.37,-12.1263
GV-10649,1222.27,4155.59,-1245.9,-12.2444
GV-10650,1272.65,4163.68,-1246.68,-12.1109
GV-10651,1331.29,4165.35,-1302.62,-12.3536
GV-10652,1359.48,4189.98,-1301.89,-12.5095
GV-10653,1416.08,4191.23,-1299.28,-12.5742
GV-10654,1468.03,4176.16,-1297.34,-12.5515
GV-10655,1530.8,4186.85,-1299.58,-12.5447
GV-10656,1588.93,4155.97,-1303.57,-12.7773
GV-10657,1624.72,4162.75,-1301.94,-12.6239
GV-10658,1672.65,4186.38,-1298.3,-12.6198
GV-10659,1743.75,4166.3,-1300.25,-12.8191
GV-10660,1756.9,4189.04,-1300.36,-12.7441
GV-10661,1830.68,4186.29,-1300.47,-12.8214
GV-10662,1871.03,4170.9,-1295.7,-12.8753
GV-10663,1909.39,4155.01,-1300.63,-12.8595
GV-10664,1961.85,4183.2,-1300.6,-12.8646
GV-10665,2035.23,4162.5,-1297.48,-13.0058
GV-10666,2055.78,4158.88,-1301.49,-12.9965
GV-10667,2134.04,4165.65,-1295.79,-13.1478
GV-10668,2177.98,4167.84,-1296.46,-12.9506
GV-10669,2221.31,4173.74,-1349.43,-13.1441
GV-10670,2280.52,4185.61,-1351.04,-13.2046
GV-10671,2309.24,4166.57,-1345.43,-13.4465
GV-10672,2366.91,4157.12,-1345.07,-13.4584
GV-10673,2408.23,4184.32,-1345.05,-13.478
GV-10674,2460.22,4175.97,-1348.95,-13.4338
GV-10675,2512.13,4179.2,-1302.12,-13.3639
GV-10676,2569.16,4177.73,-1298.48,-13.5006
GV-10677,2640.63,4165.75,-1302.65,-13.7036
GV-10678,2686.24,4193.2,-1304.27,-13.7109
GV-10679,2725.54,4192.78,-1302.88,-13.7328
GV-10680,2756.56,4162.29,-1303.9,-13.9449
GV-10681,2841.66,4156.14,-1249.96,-13.9356
GV-10682,2874.67,4188.04,-1254.15,-13.8182
GV-10683,2911.63,4162.31,-1201.63,-13.9126
GV-10684,2956.76,4168.92,-1196.23,-14.0389
GV-10685,3017.66,4171.43,-1149.1,-14.0487
GV-10686,3059.04,4160.43,-1146.16,-14.2426
GV-10687,3137.48,4170.88,-1095.05,-14.4334
GV-10688,3181.64,4184.06,-1054.88,-14.4472
GV-10689,3230.38,4181.71,-1052.87,-14.6704
GV-10690,3289.11,4184.85,-998.18,-14.5603
GV-10691,3336.53,4193.0,-947.1,-14.669
GV-10692,3374.5,4167.39,-899.6,-14.8357
GV-10693,3418.67,4176.22,-898.66,-14.989
GV-10694,3487.67,4191.15,-853.18,-15.0461
GV-10695,3505.17,4177.01,-803.34,-15.1374
GV-10696,3588.19,4173.45,-802.94,-15.1924
GV-10697,3624.1,4164.48,-752.64,-15.3031
GV-10698,3689.77,4181.77,-752.89,-15.3411
GV-10699,3723.35,4194.98,-746.06,-15.4216
GV-10700,3793.83,4157.94,-698.82,-15.5014
GV-10701,3815.51,4191.11,-702.31,-15.4843
GV-10702,3877.32,4156.68,-698.06,-15.6237
GV-10703,3922.51,4193.91,-698.93,-15.5798
GV-10704,3975.28,4160.31,-700.67,-15.7398
GV-10705,4039.38,4167.37,-652.07,-15.6822
GV-10706,4070.84,4191.46,-652.36,-15.7294
GV-10707,4140.17,4171.87,-646.45,-15.9564
GV-10708,4177.95,4160.09,-650.85,-15.8407
GV-10709,4230.65,4192.13,-646.56,-15.8557
GV-10710,4290.07,4193.36,-646.7,-15.7715
GV-10711,4335.99,4160.89,-645.89,-15.7561
GV-10712,4384.48,4177.03,-649.21,-15.6731
GV-10713,4405.76,4156.42,-647.54,-15.7402
GV-10714,4463.2,4188.69,-651.94,-15.6258
GV-10715,4520.51,4183.36,-648.03,-15.5047
GV-10716,4593.48,4181.48,-651.16,-15.4755
GV-10717,4628.61,4161.47,-651.46,-15.7654
GV-10718,4659.45,4173.53,-646.48,-15.6559
GV-10719,4723.6,4179.75,-645.95,-15.5428
GV-10720,4793.88,4192.26,-645.43,-15.4493
GV-10721,4809.06,4158.49,-652.11,-15.4389
GV-10722,4859.97,4162.17,-653.25,-15.4206
GV-10723,4932.3,4157.09,-652.31,-15.3056
GV-10724,4983.31,4160.51,-597.05,-15.3476
GV-10725,5011.91,4177.41,-600.74,-15.1844
GV-10726,5065.93,4194.82,-597.1,-15.2033
GV-10727,5138.86,4194.16,-595.05,-15.0682
GV-10728,5184.74,4189.36,-603.25,-15.1169
GV-10729,5209.53,4163.15,-547.53,-15.1349
GV-10730,5285.78,4166.3,-548.67,-15.0725
GV-10731,5307.47,4170.83,-548.03,-14.977
GV-10732,5392.91,4176.38,-497.51,-14.9231
GV-10733,5424.64,4190.75,-501.87,-14.7777
GV-10734,5494.62,4188.84,-497.49,-14.6862
GV-10735,5523.27,4163.85,-504.37,-14.5524
GV-10736,5572.71,4167.95,-451.5,-14.4062
GV-10737,5635.58,4186.13,-451.07,-14.3273
GV-10738,5673.18,4172.0,-452.45,-14.0258
GV-10739,5723.75,4186.07,-454.91,-13.8443
GV-10740,5770.15,4192.07,-453.9,-13.6324
GV-10741,5843.05,4168.43,-447.6,-13.2475
GV-10742,5859.65,4177.07,-446.47,-13.0937
GV-10743,5919.83,4176.07,-445.3,-12.6416
GV-10744,5994.07,4155.48,-445.28,-12.5171
GV-10745,6012.44,4179.21,-447.26,-12.0444
GV-10746,6073.66,4155.76,-453.28,-11.9157
GV-10747,6125.66,4178.54,-453.23,-11.3455
GV-10748,6165.57,4193.53,-453.52,-10.9835
GV-10749,6214.75,4165.22,-504.57,-10.3765
GV-10750,6272.63,4156.97,-498.78,-9.8674
GV-10751,6308.85,4172.81,-504.28,-9.2627
GV-10752,6360.34,4170.15,-502.93,-8.6429
GV-10753,40.44,4239.17,-754.73,-9.2785
GV-10754,82.86,4221.12,-754.15,-9.577
GV-10755,143.0,4207.42,-697.38,-9.8042
GV-10756,155.09,4206.1,-696.47,-9.8502
GV-10757,235.25,4235.42,-748.62,-10.1144
GV-10758,264.68,4237.2,-747.86,-10.3373
GV-10759,314.63,4235.26,-753.6,-10.4094
GV-10760,385.59,4217.69,-747.41,-10.4853
GV-10761,410.64,4226.31,-799.99,-10.5881
GV-10762,494.52,4240.74,-798.23,-10.7941
GV-10763,518.06,4242.16,-850.88,-10.9122
GV-10764,575.38,4227.66,-849.63,-11.0848
GV-10765,629.88,4213.47,-896.9,-11.1886
GV-10766,692.12,4228.74,-903.28,-11.2784
GV-10767,743.63,4237.69,-949.05,-11.6024
GV-10768,756.71,4244.8,-1002.18,-11.5258
GV-10769,826.86,4210.9,-1001.77,-11.4763
GV-10770,875.47,4216.89,-1049.07,-11.7111
GV-10771,907.56,4242.05,-1054.78,-11.7768
GV-10772,987.69,4240.78,-1100.28,-11.741
GV-10773,1030.52,4235.57,-1146.47,-11.983
GV-10774,1066.63,4221.96,-1152.8,-11.9937
GV-10775,1107.13,4214.25,-1195.66,-11.9888
GV-10776,1155.09,4227.74,-1248.31,-12.2738
GV-10777,1212.98,4221.12,-1299.85,-12.1376
GV-10778,1270.02,4219.01,-1295.8,-12.2658
GV-10779,1318.52,4219.51,-1296.99,-12.2252
GV-10780,1367.41,4244.65,-1295.66,-12.3171
GV-10781,1409.8,4243.15,-1300.5,-12.2314
GV-10782,1458.42,4244.95,-1303.69,-12.4658
GV-10783,1516.2,4231.26,-1297.91,-12.5537
GV-10784,1589.93,4205.91,-1304.87,-12.5078
GV-10785,1633.23,4230.92,-1299.35,-12.558
GV-10786,1660.88,4211.5,-1303.64,-12.7278
GV-10787,1735.09,4225.83,-1300.39,-12.5793
GV-10788,1757.08,4228.19,-1304.84,-12.8076
GV-10789,1817.16,4230.52,-1296.68,-12.8802
GV-10790,1887.92,4220.74,-1304.93,-12.7153
GV-10791,1906.75,4225.4,-1304.9,-12.9716
GV-10792,1967.13,4215.05,-1300.35,-12.999
GV-10793,2013.86,4221.35,-1304.04,-13.0311
GV-10794,2074.71,4221.68,-1301.61,-12.9884
GV-10795,2113.88,4210.43,-1296.28,-13.1279
GV-10796,2184.18,4234.34,-1304.75,-13.0398
GV-10797,2228.66,4212.56,-1301.61,-13.3348
GV-10798,2291.76,4210.2,-1297.79,-13.1528
GV-10799,2331.06,4211.64,-1301.5,-13.0701
GV-10800,2368.91,4223.11,-1299.43,-13.4271
GV-10801,2416.71,4235.9,-1304.66,-13.257
GV-10802,2477.53,4208.52,-1302.13,-13.4357
GV-10803,2517.09,4221.82,-1303.41,-13.33
GV-10804,2560.31,4211.12,-1298.47,-13.5032
GV-10805,2627.33,4209.74,-1299.53,-13.5299
GV-10806,2664.81,4228.37,-1295.84,-13.7771
GV-10807,2744.59,4237.1,-1303.01,-13.7944
GV-10808,2775.05,4208.22,-1249.79,-13.8916
GV-10809,2812.6,4208.31,-1251.45,-14.0112
GV-10810,2873.99,4232.15,-1202.39,-13.9565
GV-10811,2922.64,4211.4,-1198.58,-14.1304
GV-10812,2990.55,4206.62,-1150.12,-14.0784
GV-10813,3030.06,4207.31,-1150.27,-14.3324
GV-10814,3066.65,4208.43,-1104.51,-14.2191
GV-10815,3110.84,4235.24,-1053.13,-14.3038
GV-10816,3189.77,4207.82,-1047.31,-14.437
GV-10817,3222.22,4211.45,-998.42,-14.7062
GV-10818,3257.09,4232.79,-950.75,-14.6475
GV-10819,3308.23,4234.95,-897.84,-14.8053
GV-10820,3358.59,4223.43,-902.37,-15.0227
GV-10821,3413.25,4213.11,-852.59,-15.0852
GV-10822,3487.73,4229.29,-804.69,-15.3897
GV-10823,3529.56,4244.65,-803.14,-15.2809
GV-10824,3594.72,4235.53,-754.93,-15.276
GV-10825,3606.91,4239.0,-746.79,-15.2773
GV-10826,3692.38,4241.09,-696.24,-15.5654
GV-10827,3738.56,4232.25,-695.33,-15.6423
GV-10828,3755.26,4207.4,-696.93,-15.6786
GV-10829,3829.56,4220.39,-700.55,-15.7314
GV-10830,3874.42,4221.76,-650.41,-15.797
GV-10831,3931.19,4211.06,-652.02,-15.8711
GV-10832,3973.27,4208.34,-645.83,-15.7733
GV-10833,4025.26,4220.52,-649.88,-15.7868
GV-10834,4084.19,4233.01,-646.3,-15.933
GV-10835,4140.85,4220.25,-651.06,-15.9535
GV-10836,4192.26,4209.01,-648.15,-15.9484
GV-10837,4226.45,4233.05,-652.7,-16.042
GV-10838,4257.74,4215.27,-650.96,-15.6437
GV-10839,4328.9,4211.91,-652.26,-15.9245
GV-10840,4378.0,4235.23,-654.39,-15.9751
GV-10841,4409.27,4239.97,-654.2,-15.8466
GV-10842,4494.06,4219.13,-652.38,-15.7001
GV-10843,4507.72,4207.05,-653.81,-15.556
GV-10844,4588.88,4242.02,-645.15,-15.8233
GV-10845,4609.31,4219.83,-653.29,-15.8925
GV-10846,4676.06,4240.23,-651.28,-15.5342
GV-10847,4727.21,4237.74,-649.12,-15.6458
GV-10848,4762.72,4207.69,-652.82,-15.6791
GV-10849,4832.44,4239.56,-648.56,-15.3823
GV-10850,4879.36,4210.95,-596.37,-15.479
GV-10851,4935.65,4210.28,-601.64,-15.498
GV-10852,4957.56,4231.93,-597.87,-15.2583
GV-10853,5010.82,4242.56,-599.87,-15.4583
GV-10854,5084.53,4227.01,-602.36,-15.2161
GV-10855,5127.49,4207.25,-548.76,-15.2786
GV-10856,5163.36,4242.6,-549.02,-15.1029
GV-10857,5227.97,4217.44,-550.37,-15.077
GV-10858,5263.11,4212.04,-550.85,-14.9971
GV-10859,5321.16,4222.57,-503.02,-15.0855
GV-10860,5360.65,4210.23,-504.36,-15.1094
GV-10861,5416.02,4244.29,-502.64,-14.7696
GV-10862,5477.05,4242.19,-503.5,-14.8018
GV-10863,5537.3,4229.66,-453.73,-14.7063
GV-10864,5579.35,4225.8,-445.67,-14.4958
GV-10865,5642.05,4213.12,-454.16,-14.3008
GV-10866,5664.73,4237.55,-451.89,-14.1926
GV-10867,5743.83,4214.21,-452.8,-13.9991
GV-10868,5794.73,4224.28,-447.92,-13.6525
GV-10869,5842.83,4237.93,-450.83,-13.3642
GV-10870,5883.83,4224.18,-454.96,-13.3359
GV-10871,5918.61,4209.28,-450.52,-12.8511
GV-10872,5989.97,4224.12,-454.85,-12.4286
GV-10873,6024.57,4214.95,-454.78,-12.0594
GV-10874,6063.18,4225.18,-451.21,-11.6575
GV-10875,6132.41,4244.5,-445.65,-11.3856
GV-10876,6187.96,4223.98,-446.32,-10.7248
GV-10877,6215.95,4244.35,-500.13,-10.2496
GV-10878,6255.03,4226.73,-502.01,-9.8075
GV-10879,6327.13,4240.72,-504.63,-9.1378
GV-10880,6393.05,4216.22,-550.55,-8.6973
GV-10881,28.56,4257.96,-697.97,-9.5553
GV-10882,58.02,4285.19,-696.08,-9.5016
GV-10883,135.29,4268.28,-704.96,-9.5661
GV-10884,182.74,4276.64,-695.17,-9.9287
GV-10885,219.87,4282.3,-748.8,-9.8536
GV-10886,267.19,4290.88,-747.05,-10.24
GV-10887,315.93,4293.11,-754.36,-10.3145
GV-10888,364.07,4293.62,-795.13,-10.3699
GV-10889,408.27,4260.87,-800.54,-10.6112
GV-10890,462.73,4260.82,-845.37,-10.989
GV-10891,527.45,4258.08,-853.26,-10.9034
GV-10892,571.36,4291.77,-897.98,-10.9565
GV-10893,640.53,4289.07,-897.57,-11.16
GV-10894,683.98,4278.47,-947.21,-11.3832
GV-10895,721.29,4281.59,-1003.65,-11.2113
GV-10896,773.26,4266.94,-996.45,-11.4176
GV-10897,813.77,4265.53,-1050.78,-11.58
GV-10898,869.0,4264.84,-1096.16,-11.6067
GV-10899,919.79,4258.76,-1099.86,-11.8779
GV-10900,984.25,4273.88,-1153.3,-11.8369
GV-10901,1019.05,4275.82,-1198.44,-11.8504
GV-10902,1078.09,4267.39,-1203.88,-12.0801
GV-10903,1115.74,4281.46,-1252.51,-12.0714
GV-10904,1177.61,4262.06,-1300.96,-11.9209
GV-10905,1242.7,4255.83,-1303.04,-12.1077
GV-10906,1278.01,4290.41,-1299.36,-12.3799
GV-10907,1319.3,4289.83,-1303.13,-12.3846
GV-10908,1385.8,4286.83,-1299.88,-12.2425
GV-10909,1432.73,4293.1,-1295.87,-12.4017
GV-10910,1478.42,4293.66,-1295.91,-12.5486
GV-10911,1508.33,4280.34,-1296.07,-12.4895
GV-10912,1573.6,4259.67,-1301.81,-12.5187
GV-10913,1628.81,4289.09,-1297.12,-12.5511
GV-10914,1662.6,4271.96,-1297.91,-12.6014
GV-10915,1706.15,4259.63,-1302.42,-12.6028
GV-10916,1789.15,4266.36,-1304.02,-12.8388
GV-10917,1843.46,4261.04,-1303.19,-12.7306
GV-10918,1888.87,4280.53,-1301.27,-12.91
GV-10919,1925.1,4288.04,-1300.15,-13.0496
GV-10920,1979.63,4273.9,-1302.59,-12.8591
GV-10921,2035.3,4285.9,-1304.73,-13.0098
GV-10922,2067.65,4271.39,-1297.7,-13.0853
GV-10923,2132.08,4273.46,-1300.81,-13.1048
GV-10924,2156.71,4258.8,-1300.3,-13.168
GV-10925,2223.52,4275.62,-1298.76,-13.1382
GV-10926,2261.71,4260.83,-1300.79,-13.2111
GV-10927,2332.2,4291.19,-1300.23,-13.4036
GV-10928,2378.94,4256.15,-1297.36,-13.3258
GV-10929,2430.64,4281.53,-1301.79,-13.4304
GV-10930,2461.6,4294.79,-1295.11,-13.5632
GV-10931,2531.89,4277.53,-1295.5,-13.5341
GV-10932,2579.68,4258.17,-1298.98,-13.5772
GV-10933,2620.23,4255.77,-1304.0,-13.6582
GV-10934,2665.22,4256.96,-1252.93,-13.8047
GV-10935,2722.81,4260.89,-1249.96,-13.7569
GV-10936,2786.01,4274.89,-1250.05,-13.6566
GV-10937,2814.66,4256.7,-1197.42,-13.9124
GV-10938,2886.71,4294.77,-1200.82,-13.9588
GV-10939,2928.23,4258.95,-1146.56,-14.353
GV-10940,2979.44,4278.39,-1153.01,-14.4375
GV-10941,3027.26,4287.89,-1096.28,-14.4067
GV-10942,3076.98,4289.87,-1095.57,-14.4418
GV-10943,3107.87,4291.11,-1051.27,-14.5359
GV-10944,3172.54,4261.59,-1002.5,-14.4924
GV-10945,3212.86,4256.37,-945.61,-14.7723
GV-10946,3292.22,4266.95,-895.92,-14.9282
GV-10947,3339.71,4260.4,-898.31,-15.0808
GV-10948,3383.12,4272.1,-852.3,-15.0321
GV-10949,3415.02,4262.55,-796.73,-15.2325
GV-10950,3491.27,4265.08,-801.83,-15.1443
GV-10951,3518.78,4285.23,-752.67,-15.3291
GV-10952,3576.02,4259.54,-748.93,-15.35
GV-10953,3632.6,4291.79,-696.91,-15.4852
GV-10954,3659.24,4288.72,-700.61,-15.6976
GV-10955,3735.76,4284.92,-702.61,-15.7071
GV-10956,3765.8,4278.9,-645.35,-15.6774
GV-10957,3826.95,4276.77,-653.47,-15.8741
GV-10958,3877.85,4290.79,-654.16,-15.9684
GV-10959,3912.23,4279.24,-649.35,-15.951
GV-10960,3984.2,4274.71,-652.82,-15.8693
GV-10961,4011.76,4262.02,-652.3,-15.9478
GV-10962,4055.53,4288.74,-651.45,-16.1592
GV-10963,4125.08,4268.62,-650.91,-15.8196
GV-10964,4165.32,4268.07,-645.56,-16.0231
GV-10965,4240.03,4258.76,-646.98,-16.2053
GV-10966,4293.33,4276.04,-649.96,-15.7125
GV-10967,4334.47,4293.84,-645.39,-16.0893
GV-10968,4368.03,4286.3,-653.75,-15.8655
GV-10969,4428.34,4288.4,-648.15,-16.0464
GV-10970,4471.54,4281.67,-650.41,-15.9285
GV-10971,4529.24,4277.3,-647.39,-15.736
GV-10972,4582.2,4276.55,-651.78,-15.9576
GV-10973,4606.38,4273.86,-654.86,-15.8648
GV-10974,4693.31,4290.15,-654.47,-15.5514
GV-10975,4738.9,4266.87,-649.98,-15.5729
GV-10976,4761.96,4277.91,-604.0,-15.6034
GV-10977,4840.6,4259.42,-600.92,-15.4694
GV-10978,4861.08,4272.25,-601.56,-15.6038
GV-10979,4938.6,4275.5,-601.51,-15.539
GV-10980,4993.31,4268.98,-598.79,-15.4273
GV-10981,5026.34,4268.32,-602.59,-15.5251
GV-10982,5058.85,4273.2,-546.88,-15.3719
GV-10983,5140.48,4265.82,-554.01,-15.2249
GV-10984,5177.9,4273.33,-553.75,-15.414
GV-10985,5238.88,4271.49,-496.88,-15.1595
GV-10986,5280.91,4257.59,-499.32,-15.1514
GV-10987,5315.82,4292.99,-504.85,-15.0254
GV-10988,5383.98,4268.92,-496.97,-15.1292
GV-10989,5424.89,4263.84,-453.41,-15.0271
GV-10990,5465.48,4265.86,-453.18,-14.6805
GV-10991,5525.51,4280.24,-448.69,-14.8059
GV-10992,5585.27,4294.61,-450.49,-14.5537
GV-10993,5605.93,4280.84,-452.54,-14.4877
GV-10994,5668.48,4271.58,-448.24,-14.3245
GV-10995,5708.68,4275.08,-446.63,-13.9735
GV-10996,5760.99,4258.08,-449.34,-13.8821
GV-10997,5842.73,4290.55,-452.22,-13.5322
GV-10998,5865.75,4293.3,-454.22,-13.2218
GV-10999,5930.5,4275.49,-454.22,-12.8974
GV-11000,5955.8,4274.56,-451.92,-12.4552
GV-11001,6041.33,4293.72,-448.1,-12.0333
GV-11002,6092.92,4294.91,-449.9,-11.6981
GV-11003,6128.77,4287.75,-452.26,-11.3165
GV-11004,6185.74,4289.08,-502.95,-10.7184
GV-11005,6211.82,4276.08,-504.92,-10.3096
GV-11006,6287.96,4263.68,-503.15,-9.6823
GV-11007,6317.63,4288.02,-496.2,-9.1948
GV-11008,6359.28,4261.47,-547.72,-8.5323
GV-11009,21.3,4331.94,-703.3,-9.3856
GV-11010,60.16,4331.11,-703.16,-9.6052
GV-11011,141.81,4333.04,-695.05,-9.8014
GV-11012,165.43,4330.6,-753.9,-9.8319
GV-11013,231.59,4337.47,-747.29,-10.0431
GV-11014,290.9,4339.25,-748.41,-10.1477
GV-11015,343.25,4309.58,-799.61,-10.3436
GV-11016,388.81,4327.02,-798.05,-10.4808
GV-11017,422.67,4325.09,-853.67,-10.6252
GV-11018,475.49,4309.72,-847.04,-10.7248
GV-11019,541.94,4322.7,-898.01,-10.7884
GV-11020,572.3,4326.69,-952.15,-11.072
GV-11021,635.31,4339.98,-949.47,-11.0883
GV-11022,662.34,4326.51,-1000.0,-11.3669
GV-11023,726.87,4318.4,-1004.11,-11.3858
GV-11024,789.04,4312.68,-1045.32,-11.6268
GV-11025,811.94,4340.63,-1097.77,-11.4825
GV-11026,876.62,4324.16,-1095.15,-11.5433
GV-11027,905.44,4307.52,-1154.65,-11.6781
GV-11028,957.97,4326.28,-1198.32,-11.771
GV-11029,1008.3,4323.8,-1199.11,-11.783
GV-11030,1061.62,4334.1,-1248.39,-11.7657
GV-11031,1123.85,4307.7,-1302.97,-12.0269
GV-11032,1183.69,4308.66,-1295.26,-12.0578
GV-11033,1208.07,4320.1,-1299.16,-12.2709
GV-11034,1290.89,4311.82,-1301.76,-12.2379
GV-11035,1331.73,4339.19,-1301.46,-12.1747
GV-11036,1375.54,4316.58,-1300.01,-12.3573
GV-11037,1413.62,4306.9,-1304.71,-12.4797
GV-11038,1476.63,4330.13,-1300.7,-12.4886
GV-11039,1509.8,4313.29,-1299.52,-12.594
GV-11040,1592.4,4339.65,-1304.32,-12.5768
GV-11041,1644.61,4307.62,-1300.92,-12.5634
GV-11042,1694.46,4336.04,-1304.35,-12.5318
GV-11043,1715.78,4325.98,-1297.34,-12.5404
GV-11044,1793.79,4325.87,-1296.33,-12.6784
GV-11045,1821.57,4311.01,-1295.95,-12.7588
GV-11046,1872.73,4313.73,-1304.86,-12.7776
GV-11047,1930.75,4340.21,-1296.64,-13.0197
GV-11048,1958.52,4311.15,-1299.79,-13.0602
GV-11049,2030.03,4330.13,-1299.46,-12.9495
GV-11050,2092.34,4313.72,-1302.55,-13.0675
GV-11051,2142.85,4320.61,-1299.43,-12.9726
GV-11052,2179.01,4323.91,-1303.55,-13.0948
GV-11053,2228.97,4334.47,-1295.79,-13.1253
GV-11054,2285.88,4338.34,-1301.94,-13.169
GV-11055,2323.56,4318.65,-1299.75,-13.2264
GV-11056,2366.79,4315.69,-1302.04,-13.5227
GV-11057,2438.36,4327.61,-1299.77,-13.5411
GV-11058,2458.0,4339.36,-1299.53,-13.4063
GV-11059,2533.82,4332.36,-1299.86,-13.6438
GV-11060,2568.35,4321.76,-1295.68,-13.7649
GV-11061,2626.0,4321.18,-1248.57,-13.5551
GV-11062,2656.81,4343.93,-1246.54,-13.7187
GV-11063,2718.39,4307.03,-1250.91,-13.7579
GV-11064,2761.05,4311.69,-1197.77,-14.0706
GV-11065,2833.85,4331.54,-1204.24,-14.0419
GV-11066,2869.95,4342.17,-1146.18,-14.1418
GV-11067,2936.1,4325.79,-1145.91,-14.2888
GV-11068,2982.75,4306.34,-1102.59,-14.311
GV-11069,3019.79,4319.07,-1098.06,-14.386
GV-11070,3085.27,4339.74,-1053.5,-14.3992
GV-11071,3132.66,4317.15,-995.15,-14.4892
GV-11072,3155.14,4332.88,-947.1,-14.8605
GV-11073,3216.21,4323.79,-895.73,-14.994
GV-11074,3285.91,4305.52,-897.78,-14.6056
GV-11075,3310.21,4319.15,-849.07,-14.9426
GV-11076,3375.28,4333.75,-802.4,-15.2557
GV-11077,3442.0,4339.27,-800.73,-15.2229
GV-11078,3491.89,4324.88,-753.34,-15.4439
GV-11079,3531.93,4313.53,-752.64,-15.3827
GV-11080,3556.44,4305.8,-699.8,-15.4548
GV-11081,3613.05,4323.59,-695.51,-15.605
GV-11082,3682.62,4319.39,-699.67,-15.6315
GV-11083,3742.34,4322.58,-646.22,-15.7282
GV-11084,3757.33,4311.98,-646.36,-15.8971
GV-11085,3807.43,4319.8,-651.01,-16.0413
GV-11086,3858.63,4339.31,-654.06,-15.924
GV-11087,3941.34,4342.56,-653.83,-15.8883
GV-11088,3971.66,4321.48,-648.0,-15.9055
GV-11089,4019.82,4306.23,-653.26,-16.0501
GV-11090,4083.98,4316.53,-649.41,-16.1761
GV-11091,4114.1,4312.41,-654.49,-15.9027
GV-11092,4193.4,4315.05,-648.4,-15.973
GV-11093,4238.46,4343.93,-645.55,-16.1306
GV-11094,4282.07,4327.36,-650.22,-15.9867
GV-11095,4319.94,4317.8,-648.34,-15.9592
GV-11096,4385.95,4328.55,-652.76,-15.9367
GV-11097,4418.38,4336.75,-651.84,-15.9639
GV-11098,4473.75,4339.79,-654.84,-15.8631
GV-11099,4528.49,4309.79,-654.43,-15.9494
GV-11100,4560.43,4343.06,-646.15,-15.8676
GV-11101,4617.5,4324.53,-646.93,-15.8959
GV-11102,4678.9,4311.53,-597.94,-15.6787
GV-11103,4733.9,4342.97,-595.48,-15.7484
GV-11104,4774.77,4342.98,-600.49,-15.6376
GV-11105,4832.77,4330.15,-598.88,-15.6808
GV-11106,4887.67,4307.65,-598.79,-15.5373
GV-11107,4926.7,4314.05,-601.39,-15.4794
GV-11108,4971.72,4311.93,-550.91,-15.5197
GV-11109,5015.43,4321.04,-554.59,-15.5
GV-11110,5060.45,4321.48,-554.38,-15.6714
GV-11111,5120.6,4344.08,-554.88,-15.4068
GV-11112,5177.28,4325.12,-497.85,-15.4811
GV-11113,5234.62,4309.58,-496.35,-15.4587
GV-11114,5272.9,4315.08,-496.28,-15.4927
GV-11115,5321.03,4335.35,-502.93,-15.0832
GV-11116,5380.46,4317.14,-448.37,-15.1616
GV-11117,5419.33,4317.74,-445.55,-14.9348
GV-11118,5465.35,4315.42,-451.14,-14.9984
GV-11119,5518.97,4327.08,-447.29,-14.825
GV-11120,5578.59,4343.03,-445.43,-14.7554
GV-11121,5617.24,4334.84,-446.77,-14.3492
GV-11122,5678.63,4334.36,-395.85,-14.2924
GV-11123,5718.46,4307.72,-403.12,-13.9225
GV-11124,5757.85,4342.47,-397.19,-13.9105
GV-11125,5812.55,4331.34,-395.84,-13.5347
GV-11126,5882.88,4342.46,-446.27,-13.2232
GV-11127,5907.93,4336.34,-447.06,-12.8578
GV-11128,5993.54,4339.88,-452.82,-12.4253
GV-11129,6007.64,4312.61,-446.13,-11.9977
GV-11130,6055.25,4337.73,-451.46,-11.4822
GV-11131,6140.45,4316.27,-447.7,-11.2376
GV-11132,6185.46,4317.17,-498.84,-10.5051
GV-11133,6224.65,4337.98,-497.3,-9.8761
GV-11134,6286.44,4315.51,-495.88,-9.4805
GV-11135,6344.54,4339.19,-504.17,-9.0147
GV-11136,6390.54,4340.44,-550.25,-8.6094
GV-11137,36.36,4371.83,-701.53,-9.3468
GV-11138,93.65,4373.52,-703.04,-9.6833
GV-11139,109.04,4361.45,-747.0,-9.6982
GV-11140,169.31,4355.18,-753.89,-9.909
GV-11141,208.96,4366.92,-750.14,-9.9431
GV-11142,265.86,4367.92,-799.68,-10.1391
GV-11143,323.65,4369.01,-797.8,-10.3498
GV-11144,369.08,4370.91,-847.75,-10.5063
GV-11145,439.61,4365.22,-850.71,-10.5526
GV-11146,457.89,4382.53,-895.2,-10.7923
GV-11147,516.19,4392.72,-952.69,-10.958
GV-11148,564.49,4384.77,-950.77,-10.9575
GV-11149,616.81,4393.13,-1004.86,-11.0516
GV-11150,667.11,4365.36,-1049.27,-11.2508
GV-11151,735.36,4366.06,-1050.88,-11.2762
GV-11152,763.16,4372.91,-1104.81,-11.5016
GV-11153,844.22,4359.7,-1095.44,-11.4473
GV-11154,877.02,4373.65,-1151.07,-11.5574
GV-11155,911.11,4358.55,-1203.58,-11.5325
GV-11156,968.99,4393.0,-1196.53,-11.6469
GV-11157,1022.74,4355.89,-1249.0,-11.8804
GV-11158,1082.25,4378.86,-1303.28,-11.8646
GV-11159,1134.39,4377.87,-1304.84,-12.0154
GV-11160,1184.6,4381.8,-1304.93,-11.8523
GV-11161,1210.93,4390.97,-1302.43,-12.2707
GV-11162,1258.18,4375.47,-1304.11,-12.2402
GV-11163,1305.43,4365.95,-1301.68,-12.2846
GV-11164,1391.36,4375.4,-1299.3,-12.3548
GV-11165,1422.55,4381.75,-1301.4,-12.2631
GV-11166,1473.53,4390.75,-1297.66,-12.579
GV-11167,1521.08,4375.7,-1300.37,-12.4368
GV-11168,1588.96,4388.13,-1296.61,-12.6266
GV-11169,1622.39,4384.42,-1303.91,-12.5486
GV-11170,1659.98,4387.77,-1302.31,-12.6131
GV-11171,1713.5,4363.02,-1300.1,-12.6365
GV-11172,1759.74,4373.4,-1297.74,-12.5309
GV-11173,1828.8,4379.01,-1303.17,-12.7652
GV-11174,1864.71,4388.41,-1298.57,-12.8838
GV-11175,1916.36,4372.09,-1297.25,-12.843
GV-11176,1985.32,4391.99,-1296.46,-12.9063
GV-11177,2012.37,4386.02,-1295.71,-12.9283
GV-11178,2076.55,4390.21,-1299.53,-13.1182
GV-11179,2131.41,4387.04,-1295.7,-13.1659
GV-11180,2175.18,4378.65,-1298.12,-13.2396
GV-11181,2210.11,4377.75,-1302.99,-13.1227
GV-11182,2280.18,4383.36,-1303.06,-13.2708
GV-11183,2325.84,4382.42,-1301.32,-13.2631
GV-11184,2375.2,4371.98,-1297.36,-13.3439
GV-11185,2432.9,4391.81,-1304.13,-13.3814
GV-11186,2476.99,4392.34,-1296.56,-13.4225
GV-11187,2512.33,4383.46,-1252.33,-13.8039
GV-11188,2565.2,4377.34,-1251.29,-13.5771
GV-11189,2616.19,4361.55,-1254.28,-13.7449
GV-11190,2672.82,4378.05,-1253.02,-13.7804
GV-11191,2744.84,4394.02,-1197.88,-13.8236
GV-11192,2782.86,4357.48,-1203.32,-13.9607
GV-11193,2842.17,4385.32,-1145.2,-14.0869
GV-11194,2866.32,4355.49,-1150.84,-14.1997
GV-11195,2941.35,4379.85,-1101.46,-14.4959
GV-11196,2975.8,4390.46,-1104.48,-14.4006
GV-11197,3024.68,4364.56,-1048.76,-14.4235
GV-11198,3072.86,4391.93,-996.06,-14.5663
GV-11199,3119.73,4369.96,-950.18,-14.7459
GV-11200,3157.97,4359.28,-896.78,-14.8741
GV-11201,3221.54,4378.36,-902.57,-14.8388
GV-11202,3283.72,4370.5,-851.21,-15.2311
GV-11203,3324.25,4355.13,-798.35,-15.149
GV-11204,3365.62,4389.64,-800.68,-15.2748
GV-11205,3419.32,4394.34,-750.3,-15.3028
GV-11206,3492.63,4373.22,-754.41,-15.663
GV-11207,3534.91,4391.34,-703.58,-15.6149
GV-11208,3569.53,4362.19,-697.9,-15.741
GV-11209,3616.07,4392.41,-652.6,-15.8198
GV-11210,3663.38,4393.36,-646.94,-15.874
GV-11211,3734.46,4358.27,-651.71,-15.8808
GV-11212,3765.04,4360.97,-646.9,-15.9975
GV-11213,3821.48,4365.08,-645.59,-16.0404
GV-11214,3886.94,4361.22,-652.73,-16.0831
GV-11215,3906.87,4362.0,-645.63,-16.0301
GV-11216,3979.61,4365.37,-603.32,-16.0421
GV-11217,4043.53,4386.15,-597.37,-16.0038
GV-11218,4061.15,4377.3,-597.13,-16.087
GV-11219,4117.54,4357.57,-597.65,-16.1035
GV-11220,4181.99,4363.42,-596.15,-16.2142
GV-11221,4225.97,4377.08,-604.86,-16.1443
GV-11222,4291.8,4361.29,-601.33,-16.0977
GV-11223,4314.66,4385.92,-596.14,-15.9211
GV-11224,4368.42,4384.44,-600.78,-16.046
GV-11225,4440.12,4376.08,-595.42,-16.037
GV-11226,4459.89,4380.56,-599.52,-15.984
GV-11227,4526.86,4373.78,-604.04,-16.1134
GV-11228,4565.85,4376.13,-603.45,-15.8345
GV-11229,4631.71,4359.63,-601.47,-15.8824
GV-11230,4659.52,4373.0,-600.78,-15.7465
GV-11231,4731.03,4376.15,-602.77,-15.6765
GV-11232,4785.35,4363.16,-596.24,-15.8745
GV-11233,4805.91,4365.25,-604.49,-15.8048
GV-11234,4867.72,4383.31,-603.79,-15.6036
GV-11235,4940.07,4382.98,-547.2,-15.5874
GV-11236,4965.15,4384.96,-548.31,-15.8896
GV-11237,5032.94,4362.54,-548.0,-15.4403
GV-11238,5079.47,4380.04,-547.24,-15.6037
GV-11239,5117.78,4377.6,-501.8,-15.6704
GV-11240,5160.66,4372.72,-499.47,-15.5406
GV-11241,5230.52,4388.26,-501.34,-15.2691
GV-11242,5262.0,4371.21,-502.17,-15.3953
GV-11243,5336.01,4376.43,-448.76,-15.3667
GV-11244,5361.72,4372.94,-448.95,-15.2794
GV-11245,5441.1,4363.13,-445.5,-14.9642
GV-11246,5471.08,4381.97,-449.26,-15.0255
GV-11247,5542.7,4378.53,-445.78,-15.0339
GV-11248,5586.67,4373.77,-404.48,-14.8313
GV-11249,5605.9,4376.61,-399.73,-14.5349
GV-11250,5693.59,4362.2,-403.5,-14.5499
GV-11251,5712.57,4388.6,-403.14,-14.0863
GV-11252,5788.48,4362.36,-400.06,-13.8905
GV-11253,5840.16,4372.88,-400.95,-13.4689
GV-11254,5877.84,4385.69,-445.46,-13.0537
GV-11255,5917.11,4381.1,-450.39,-12.7002
GV-11256,5959.27,4357.66,-446.29,-12.4146
GV-11257,6029.37,4360.66,-450.16,-11.8641
GV-11258,6075.52,4372.47,-451.05,-11.5305
GV-11259,6128.52,4367.39,-451.06,-11.0515
GV-11260,6163.67,4387.99,-500.61,-10.6354
GV-11261,6231.53,4379.03,-495.85,-10.0177
GV-11262,6283.48,4367.46,-495.55,-9.4584
GV-11263,6311.01,4387.99,-545.13,-9.144
GV-11264,6378.16,4393.6,-553.64,-8.5038
GV-11265,6.94,4423.18,-699.73,-9.3696
GV-11266,57.92,4431.43,-749.5,-9.4865
GV-11267,111.44,4413.35,-753.36,-9.671
GV-11268,175.8,4417.24,-748.97,-9.892
GV-11269,212.62,4421.82,-800.21,-10.0084
GV-11270,274.55,4434.92,-798.81,-10.1579
GV-11271,322.98,4406.25,-845.42,-10.1596
GV-11272,364.29,4411.84,-896.33,-10.4644
GV-11273,439.84,4431.92,-896.1,-10.4031
GV-11274,468.6,4420.27,-946.8,-10.8148
GV-11275,532.41,4421.45,-947.43,-10.7801
GV-11276,579.53,4442.5,-1000.19,-10.9237
GV-11277,644.49,4412.61,-1054.9,-10.9919
GV-11278,685.78,4405.72,-1048.33,-11.1324
GV-11279,720.6,4433.72,-1104.6,-11.2294
GV-11280,766.34,4441.01,-1151.61,-11.4055
GV-11281,813.09,4430.66,-1149.14,-11.3106
GV-11282,867.86,4416.6,-1198.84,-11.3762
GV-11283,917.11,4426.16,-1251.16,-11.5077
GV-11284,956.42,4428.55,-1248.7,-11.6287
GV-11285,1022.63,4439.37,-1303.88,-11.7341
GV-11286,1083.19,4409.68,-1295.86,-11.832
GV-11287,1133.15,4439.61,-1298.62,-11.9654
GV-11288,1192.09,4407.32,-1297.98,-12.0922
GV-11289,1237.5,4406.26,-1299.08,-11.8994
GV-11290,1278.79,4444.63,-1303.35,-11.9404
GV-11291,1338.06,4412.34,-1296.18,-12.2791
GV-11292,1372.92,4415.38,-1247.29,-12.2516
GV-11293,1406.05,4415.26,-1246.47,-12.2466
GV-11294,1462.34,4433.15,-1250.23,-12.54
GV-11295,1507.4,4425.52,-1245.65,-12.3677
GV-11296,1582.16,4440.81,-1245.38,-12.468
GV-11297,1631.23,4418.75,-1251.14,-12.6046
GV-11298,1658.97,4411.89,-1248.55,-12.549
GV-11299,1730.04,4445.0,-1247.58,-12.6386
GV-11300,1757.76,4405.15,-1304.54,-12.5516
GV-11301,1832.31,4438.93,-1299.25,-12.7215
GV-11302,1856.6,4428.92,-1297.73,-12.903
GV-11303,1926.61,4429.82,-1301.58,-12.7254
GV-11304,1981.0,4415.26,-1297.21,-12.8238
GV-11305,2036.59,4422.2,-1297.55,-13.1581
GV-11306,2082.09,4405.56,-1299.03,-13.0177
GV-11307,2109.13,4422.68,-1296.43,-13.1593
GV-11308,2167.68,4435.32,-1295.19,-13.2172
GV-11309,2243.34,4441.37,-1299.0,-13.1435
GV-11310,2288.38,4416.99,-1301.38,-13.1734
GV-11311,2318.45,4424.0,-1301.69,-13.3581
GV-11312,2363.25,4430.72,-1301.68,-13.2618
GV-11313,2432.48,4425.89,-1303.54,-13.4151
GV-11314,2487.76,4430.99,-1253.29,-13.4985
GV-11315,2513.09,4406.17,-1249.52,-13.8436
GV-11316,2557.33,4429.01,-1246.75,-13.5972
GV-11317,2624.63,4433.17,-1248.55,-13.6824
GV-11318,2685.42,4437.17,-1200.12,-13.7928
GV-11319,2724.6,4415.84,-1198.79,-13.85
GV-11320,2791.22,4426.09,-1153.61,-13.9087
GV-11321,2809.15,4433.32,-1146.59,-14.2351
GV-11322,2868.43,4440.37,-1095.35,-14.2761
GV-11323,2931.6,4414.71,-1098.84,-14.3661
GV-11324,2969.56,4405.66,-1047.95,-14.4219
GV-11325,3023.88,4432.27,-1002.5,-14.5511
GV-11326,3064.41,4409.58,-950.45,-14.6374
GV-11327,3120.14,4444.2,-899.04,-14.6764
GV-11328,3170.42,4442.49,-896.22,-14.8592
GV-11329,3205.24,4434.97,-847.55,-14.9579
GV-11330,3268.53,4424.54,-795.45,-15.1471
GV-11331,3318.58,4428.36,-795.86,-15.2865
GV-11332,3369.75,4429.18,-746.62,-15.2848
GV-11333,3405.19,4434.34,-700.84,-15.7024
GV-11334,3492.33,4437.39,-700.75,-15.5869
GV-11335,3527.12,4435.01,-698.29,-15.7355
GV-11336,3590.54,4440.62,-648.63,-15.8723
GV-11337,3631.79,4423.46,-647.59,-15.8388
GV-11338,3673.94,4421.11,-646.99,-15.9673
GV-11339,3733.65,4426.72,-649.43,-15.9693
GV-11340,3777.96,4427.19,-599.93,-15.9753
GV-11341,3826.47,4410.24,-600.93,-16.2399
GV-11342,3873.59,4439.87,-601.07,-16.265
GV-11343,3940.05,4405.35,-595.47,-16.0857
GV-11344,3974.0,4412.74,-603.98,-16.0867
GV-11345,4026.34,4408.61,-597.63,-16.0913
GV-11346,4087.02,4430.68,-600.14,-16.2343
GV-11347,4131.21,4417.21,-595.3,-16.2288
GV-11348,4190.82,4434.0,-604.13,-16.2069
GV-11349,4236.63,4438.44,-600.53,-16.2376
GV-11350,4292.31,4408.03,-604.82,-16.1892
GV-11351,4342.18,4437.38,-596.25,-16.225
GV-11352,4389.78,4416.83,-602.79,-16.0408
GV-11353,4434.09,4418.09,-599.86,-16.2084
GV-11354,4470.24,4432.67,-604.06,-16.0697
GV-11355,4522.51,4427.85,-597.23,-15.9694
GV-11356,4592.46,4423.68,-598.98,-15.9806
GV-11357,4613.54,4413.71,-604.74,-15.9114
GV-11358,4688.23,4417.69,-596.37,-16.0586
GV-11359,4730.28,4406.48,-600.1,-15.8045
GV-11360,4779.5,4435.9,-595.28,-15.9127
GV-11361,4832.58,4437.5,-546.53,-15.7463
GV-11362,4873.41,4415.56,-550.59,-15.667
GV-11363,4942.82,4434.54,-554.86,-15.8802
GV-11364,4972.34,4440.4,-552.45,-15.7822
GV-11365,5012.29,4412.42,-550.32,-15.6981
GV-11366,5088.42,4419.69,-499.29,-15.6996
GV-11367,5111.62,4405.31,-497.47,-15.7162
GV-11368,5164.05,4405.87,-500.38,-15.5941
GV-11369,5217.22,4432.6,-449.3,-15.5062
GV-11370,5285.13,4423.28,-448.13,-15.5729
GV-11371,5310.83,4413.61,-448.16,-15.4556
GV-11372,5357.19,4423.5,-446.94,-15.3679
GV-11373,5430.71,4429.76,-454.81,-15.1705
GV-11374,5485.68,4422.09,-400.32,-15.1116
GV-11375,5509.99,4441.7,-396.88,-15.0679
GV-11376,5561.27,4414.35,-404.46,-14.8429
GV-11377,5614.09,4412.45,-402.97,-14.5296
GV-11378,5669.33,4406.77,-399.86,-14.4122
GV-11379,5726.17,4411.36,-400.52,-14.0038
GV-11380,5784.4,4419.28,-404.8,-13.7267
GV-11381,5842.31,4439.3,-402.41,-13.4265
GV-11382,5870.54,4429.6,-448.55,-13.1053
GV-11383,5923.35,4426.52,-449.14,-12.714
GV-11384,5993.98,4409.74,-453.22,-12.2868
GV-11385,6024.31,4430.06,-454.38,-11.8257
GV-11386,6072.17,4416.78,-454.68,-11.3182
GV-11387,6123.63,4432.17,-501.4,-11.0139
GV-11388,6167.95,4431.27,-503.3,-10.4209
GV-11389,6230.04,4426.85,-498.07,-9.9487
GV-11390,6276.22,4432.63,-503.25,-9.4588
GV-11391,6324.98,4415.0,-549.68,-9.1939
GV-11392,6356.62,4427.37,-548.16,-8.3647
GV-11393,42.29,4474.16,-752.14,-9.0321
GV-11394,92.04,4478.02,-750.43,-9.4107
GV-11395,120.51,4462.93,-745.16,-9.703
GV-11396,167.47,4457.24,-795.33,-9.8452
GV-11397,219.73,4458.09,-846.96,-9.7898
GV-11398,284.93,4467.99,-846.78,-10.2182
GV-11399,324.92,4473.32,-896.73,-10.3553
GV-11400,383.8,4462.21,-901.8,-10.066
GV-11401,442.37,4457.65,-951.71,-10.6122
GV-11402,493.2,4477.87,-952.17,-10.5077
GV-11403,507.87,4494.07,-1001.98,-10.6804
GV-11404,580.74,4481.87,-1049.44,-10.8146
GV-11405,609.43,4471.19,-1045.98,-10.943
GV-11406,691.64,4459.8,-1100.5,-11.1378
GV-11407,716.07,4492.75,-1154.5,-11.176
GV-11408,788.66,4488.81,-1152.44,-11.2288
GV-11409,835.89,4456.85,-1202.99,-11.5136
GV-11410,871.55,4467.54,-1247.59,-11.5276
GV-11411,916.2,4488.7,-1253.41,-11.4435
GV-11412,969.2,4485.66,-1303.06,-11.6329
GV-11413,1008.17,4479.68,-1304.32,-11.6734
GV-11414,1063.95,4464.61,-1301.11,-11.9896
GV-11415,1109.78,4481.94,-1298.19,-12.0248
GV-11416,1156.03,4457.23,-1298.84,-12.178
GV-11417,1239.25,4469.55,-1295.23,-12.0584
GV-11418,1277.65,4464.6,-1250.12,-12.3147
GV-11419,1336.7,4487.5,-1249.31,-12.0849
GV-11420,1367.7,4482.0,-1250.4,-12.2147
GV-11421,1429.32,4491.92,-1253.49,-12.3083
GV-11422,1472.11,4494.07,-1254.86,-12.3338
GV-11423,1542.26,4473.13,-1254.48,-12.3096
GV-11424,1580.08,4486.18,-1252.76,-12.3247
GV-11425,1619.32,4476.87,-1252.16,-12.5741
GV-11426,1655.2,4494.18,-1249.06,-12.4276
GV-11427,1738.93,4480.43,-1247.72,-12.594
GV-11428,1760.01,4465.86,-1248.76,-12.651
GV-11429,1840.34,4487.13,-1251.3,-12.7851
GV-11430,1874.69,4487.48,-1254.16,-12.847
GV-11431,1910.42,4471.9,-1297.55,-12.9365
GV-11432,1989.55,4465.16,-1297.32,-12.8007
GV-11433,2041.48,4492.64,-1302.5,-12.7982
GV-11434,2072.2,4476.61,-1297.36,-13.0691
GV-11435,2120.8,4472.21,-1301.6,-13.1066
GV-11436,2180.15,4480.85,-1296.59,-13.115
GV-11437,2216.08,4463.01,-1302.11,-13.1977
GV-11438,2285.81,4459.06,-1297.57,-13.2549
GV-11439,2323.03,4486.06,-1297.69,-13.3763
GV-11440,2386.4,4488.32,-1245.94,-13.3203
GV-11441,2415.62,4474.72,-1247.54,-13.3667
GV-11442,2483.82,4468.29,-1251.18,-13.5009
GV-11443,2517.28,4477.07,-1246.46,-13.4791
GV-11444,2587.14,4477.59,-1250.03,-13.7058
GV-11445,2625.43,4469.24,-1204.79,-13.8161
GV-11446,2670.16,4494.73,-1200.43,-14.0577
GV-11447,2727.32,4493.17,-1146.54,-14.0887
GV-11448,2771.03,4476.33,-1148.69,-14.037
GV-11449,2820.51,4467.04,-1104.45,-14.1023
GV-11450,2856.76,4467.61,-1099.89,-14.2634
GV-11451,2925.89,4462.21,-1045.22,-14.5724
GV-11452,2992.24,4469.76,-996.26,-14.6546
GV-11453,3027.32,4460.43,-948.36,-14.6016
GV-11454,3055.27,4468.25,-951.79,-14.7459
GV-11455,3107.65,4494.12,-898.71,-14.8245
GV-11456,3182.69,4490.91,-848.04,-15.0036
GV-11457,3226.5,4468.27,-795.94,-15.0709
GV-11458,3291.28,4487.42,-803.75,-15.1565
GV-11459,3316.26,4492.54,-749.43,-15.3829
GV-11460,3357.07,4470.54,-697.1,-15.5704
GV-11461,3439.83,4477.78,-695.46,-15.9528
GV-11462,3480.42,4488.65,-703.23,-15.8559
GV-11463,3508.3,4492.23,-648.1,-15.6757
GV-11464,3559.68,4466.96,-645.04,-15.802
GV-11465,3630.94,4477.85,-651.36,-16.0102
GV-11466,3666.94,4469.84,-604.37,-16.0674
GV-11467,3730.28,4489.12,-596.04,-16.2518
GV-11468,3760.95,4475.02,-600.95,-16.194
GV-11469,3811.18,4484.44,-603.31,-16.2269
GV-11470,3869.78,4481.35,-598.05,-16.2013
GV-11471,3936.1,4465.75,-597.89,-16.2993
GV-11472,3983.87,4456.44,-603.48,-16.1989
GV-11473,4007.26,4461.88,-597.91,-16.1145
GV-11474,4076.83,4470.76,-595.72,-16.2848
GV-11475,4133.03,4477.26,-597.99,-16.2049
GV-11476,4164.5,4478.4,-601.66,-16.3945
GV-11477,4224.18,4457.76,-603.11,-16.3359
GV-11478,4290.66,4490.53,-597.82,-16.1391
GV-11479,4307.63,4482.61,-598.46,-16.1633
GV-11480,4388.07,4458.63,-599.53,-16.1978
GV-11481,4436.59,4470.15,-599.82,-16.037
GV-11482,4491.14,4458.0,-595.23,-16.1134
GV-11483,4541.48,4484.41,-598.96,-16.0592
GV-11484,4586.53,4455.79,-599.45,-16.0655
GV-11485,4628.23,4459.33,-601.6,-15.9196
GV-11486,4657.79,4481.66,-599.74,-15.8649
GV-11487,4720.27,4483.32,-599.42,-15.9689
GV-11488,4781.37,4486.42,-551.66,-16.076
GV-11489,4844.41,4491.69,-553.82,-15.9202
GV-11490,4890.73,4473.06,-547.8,-16.0063
GV-11491,4939.48,4471.89,-547.7,-15.9074
GV-11492,4975.91,4468.72,-501.86,-15.7244
GV-11493,5007.71,4477.74,-499.07,-15.8522
GV-11494,5086.72,4469.43,-499.55,-15.7444
GV-11495,5127.61,4459.39,-504.62,-15.5753
GV-11496,5189.58,4483.98,-453.89,-15.5427
GV-11497,5219.38,4482.77,-448.12,-15.5594
GV-11498,5279.32,4491.77,-448.45,-15.4907
GV-11499,5336.5,4468.5,-451.37,-15.4851
GV-11500,5365.07,4456.14,-445.7,-15.4329
GV-11501,5411.67,4456.27,-403.19,-15.1878
GV-11502,5457.89,4484.82,-395.16,-15.2023
GV-11503,5537.37,4471.73,-398.42,-14.8675
GV-11504,5559.28,4479.88,-400.77,-14.9568
GV-11505,5636.51,4458.67,-401.89,-14.4639
GV-11506,5683.16,4489.49,-397.37,-14.3445
GV-11507,5734.42,4462.91,-395.69,-14.1344
GV-11508,5789.74,4467.25,-397.04,-13.7022
GV-11509,5813.56,4492.98,-397.76,-13.5191
GV-11510,5864.64,4468.76,-447.54,-13.017
GV-11511,5940.57,4477.3,-448.01,-12.6703
GV-11512,5960.51,4493.76,-447.95,-12.1829
GV-11513,6017.44,4462.68,-447.03,-11.6423
GV-11514,6093.01,4455.45,-451.27,-11.3271
GV-11515,6125.38,4466.43,-500.44,-10.5719
GV-11516,6162.36,4467.28,-499.92,-10.2552
GV-11517,6237.36,4457.06,-499.36,-9.82
GV-11518,6258.65,4477.5,-547.7,-9.4206
GV-11519,6329.64,4486.15,-551.31,-8.8477
GV-11520,6389.48,4481.4,-547.54,-8.4041
GV-11521,30.49,4532.76,-752.63,-9.2311
GV-11522,88.96,4542.54,-798.6,-9.3785
GV-11523,141.94,4511.66,-795.48,-9.7602
GV-11524,177.22,4527.98,-846.04,-9.8651
GV-11525,227.31,4508.57,-851.34,-9.7928
GV-11526,269.98,4512.31,-898.83,-10.1179
GV-11527,308.39,4511.71,-898.63,-10.3946
GV-11528,394.69,4529.09,-954.05,-10.335
GV-11529,421.88,4505.97,-1004.19,-10.5763
GV-11530,468.71,4511.18,-1001.33,-10.61
GV-11531,524.2,4524.28,-1049.15,-10.8397
GV-11532,561.81,4508.34,-1049.43,-10.7583
GV-11533,620.78,4506.51,-1098.94,-11.0764
GV-11534,674.27,4518.88,-1153.19,-11.0145
GV-11535,741.51,4512.76,-1154.84,-11.313
GV-11536,785.17,4530.57,-1202.45,-11.3493
GV-11537,817.62,4520.38,-1249.19,-11.3923
GV-11538,894.49,4543.81,-1252.5,-11.5738
GV-11539,910.34,4510.3,-1298.33,-11.6403
GV-11540,988.66,4511.5,-1301.38,-11.6403
GV-11541,1028.38,4539.6,-1304.91,-11.8125
GV-11542,1057.37,4507.52,-1297.49,-11.7328
GV-11543,1105.21,4529.43,-1300.71,-11.7455
GV-11544,1160.6,4531.47,-1245.62,-11.9606
GV-11545,1222.49,4524.8,-1248.25,-11.9048
GV-11546,1283.37,4514.4,-1254.09,-12.0734
GV-11547,1333.33,4520.44,-1252.31,-12.1451
GV-11548,1389.87,4540.62,-1249.54,-12.2142
GV-11549,1407.47,4526.56,-1251.79,-12.2421
GV-11550,1493.52,4514.17,-1253.14,-12.4381
GV-11551,1529.5,4531.95,-1249.51,-12.4303
GV-11552,1590.5,4533.22,-1246.98,-12.3762
GV-11553,1608.67,4527.12,-1254.19,-12.3512
GV-11554,1669.82,4510.4,-1249.37,-12.5448
GV-11555,1729.46,4505.85,-1253.78,-12.7028
GV-11556,1784.88,4538.26,-1253.26,-12.558
GV-11557,1838.11,4536.99,-1247.89,-12.6275
GV-11558,1869.19,4508.2,-1248.54,-12.8276
GV-11559,1932.02,4541.45,-1252.5,-12.8936
GV-11560,1955.24,4506.82,-1253.18,-12.7653
GV-11561,2020.62,4511.29,-1249.8,-12.9729
GV-11562,2064.57,4510.62,-1298.9,-13.0677
GV-11563,2129.83,4512.53,-1304.35,-13.1211
GV-11564,2181.57,4515.16,-1245.3,-13.2042
GV-11565,2239.64,4528.44,-1249.81,-13.2631
GV-11566,2288.57,4542.63,-1252.54,-13.1665
GV-11567,2316.3,4515.73,-1251.51,-13.1855
GV-11568,2359.58,4509.09,-1247.89,-13.282
GV-11569,2427.4,4530.04,-1253.74,-13.4736
GV-11570,2462.06,4522.67,-1246.87,-13.5216
GV-11571,2524.57,4509.06,-1204.58,-13.7338
GV-11572,2580.48,4506.05,-1204.78,-13.9173
GV-11573,2622.03,4518.54,-1197.75,-13.8841
GV-11574,2665.28,4538.33,-1152.59,-13.9296
GV-11575,2734.89,4535.19,-1151.96,-14.0461
GV-11576,2758.42,4540.4,-1097.3,-14.1031
GV-11577,2815.74,4541.61,-1099.85,-14.2418
GV-11578,2890.74,4516.08,-1046.48,-14.2542
GV-11579,2922.81,4537.48,-1003.68,-14.593
GV-11580,2979.33,4522.75,-952.0,-14.683
GV-11581,3005.09,4537.94,-951.19,-14.6731
GV-11582,3065.16,4509.38,-895.41,-14.8463
GV-11583,3114.98,4536.42,-847.08,-15.0062
GV-11584,3187.11,4539.0,-795.93,-14.9479
GV-11585,3232.56,4525.93,-803.25,-15.2583
GV-11586,3288.89,4544.18,-749.56,-15.3708
GV-11587,3330.91,4513.58,-695.88,-15.4481
GV-11588,3356.0,4518.69,-703.42,-15.5735
GV-11589,3432.54,4509.31,-650.74,-15.7476
GV-11590,3472.97,4535.72,-646.85,-15.7601
GV-11591,3530.5,4536.97,-647.48,-15.9253
GV-11592,3577.45,4534.41,-648.13,-16.0533
GV-11593,3621.18,4543.4,-603.46,-15.9988
GV-11594,3657.36,4529.94,-597.69,-16.1894
GV-11595,3742.74,4538.38,-599.3,-16.1578
GV-11596,3781.33,4531.98,-599.03,-16.2343
GV-11597,3813.06,4536.41,-604.01,-16.2647
GV-11598,3865.87,4508.75,-600.77,-16.2785
GV-11599,3943.51,4542.6,-595.69,-16.3812
GV-11600,3989.6,4522.11,-599.13,-16.3824
GV-11601,4011.92,4509.78,-599.46,-16.4069
GV-11602,4055.79,4527.22,-599.77,-16.081
GV-11603,4136.46,4532.26,-604.32,-16.2573
GV-11604,4171.76,4520.82,-603.59,-16.4686
GV-11605,4241.81,4513.87,-595.93,-16.3631
GV-11606,4278.09,4522.15,-600.93,-16.3556
GV-11607,4316.16,4534.59,-603.73,-16.3082
GV-11608,4390.29,4520.63,-604.14,-16.2973
GV-11609,4436.77,4520.71,-598.95,-16.0646
GV-11610,4463.94,4525.17,-599.76,-16.1456
GV-11611,4506.76,4528.79,-596.66,-16.1269
GV-11612,4570.33,4542.31,-600.04,-16.0509
GV-11613,4618.55,4537.88,-602.38,-16.0054
GV-11614,4655.81,4516.05,-545.43,-15.8549
GV-11615,4737.81,4532.97,-548.82,-16.102
GV-11616,4782.57,4507.84,-552.18,-15.9309
GV-11617,4820.77,4528.17,-554.97,-15.8791
GV-11618,4881.08,4537.76,-550.99,-16.0857
GV-11619,4905.77,4532.89,-503.06,-15.9855
GV-11620,4993.77,4537.84,-496.96,-16.0762
GV-11621,5037.77,4523.66,-495.6,-15.773
GV-11622,5058.25,4517.03,-499.63,-15.8873
GV-11623,5137.93,4538.78,-445.39,-15.6523
GV-11624,5169.71,4508.93,-450.47,-15.8041
GV-11625,5213.7,4533.64,-452.73,-15.8865
GV-11626,5258.45,4521.09,-453.57,-15.5922
GV-11627,5323.96,4517.49,-396.53,-15.4653
GV-11628,5394.82,4530.82,-397.85,-15.292
GV-11629,5424.06,4516.11,-404.06,-15.4925
GV-11630,5470.35,4508.35,-403.08,-15.0512
GV-11631,5537.72,4514.56,-403.03,-15.0984
GV-11632,5556.24,4513.38,-401.68,-14.7138
GV-11633,5643.94,4525.99,-404.13,-14.6711
GV-11634,5689.97,4535.35,-395.86,-14.3921
GV-11635,5733.3,4523.08,-404.01,-14.0309
GV-11636,5759.84,4537.24,-403.13,-13.6775
GV-11637,5809.94,4530.71,-400.62,-13.3174
GV-11638,5863.67,4522.46,-451.33,-12.9656
GV-11639,5907.94,4531.86,-451.81,-12.5781
GV-11640,5991.94,4538.85,-448.71,-12.0153
GV-11641,6035.65,4520.88,-447.36,-11.691
GV-11642,6092.58,4522.24,-500.27,-11.2753
GV-11643,6126.85,4533.49,-500.13,-10.7457
GV-11644,6179.14,4519.47,-500.62,-10.3813
GV-11645,6237.24,4540.89,-501.91,-9.6615
GV-11646,6268.42,4516.96,-547.35,-9.3109
GV-11647,6309.09,4539.98,-553.48,-8.8619
GV-11648,6383.86,4529.12,-548.41,-8.1917
GV-11649,21.31,4579.74,-804.17,-9.0808
GV-11650,88.74,4584.76,-801.99,-9.4088
GV-11651,129.67,4568.21,-853.65,-9.6279
GV-11652,163.76,4560.93,-850.12,-9.6994
GV-11653,205.67,4571.4,-900.3,-9.754
GV-11654,287.9,4564.34,-896.34,-9.9794
GV-11655,307.11,4590.63,-948.33,-10.148
GV-11656,384.38,4563.63,-998.33,-10.2211
GV-11657,413.74,4571.5,-1002.13,-10.3216
GV-11658,469.92,4588.72,-1054.78,-10.519
GV-11659,512.67,4555.62,-1101.25,-10.7315
GV-11660,559.21,4569.0,-1100.83,-10.7087
GV-11661,618.57,4584.04,-1151.32,-11.0167
GV-11662,683.0,4589.67,-1202.37,-10.8822
GV-11663,706.67,4558.51,-1198.15,-10.9625
GV-11664,772.34,4587.19,-1248.64,-11.3479
GV-11665,825.29,4585.16,-1252.81,-11.2929
GV-11666,868.64,4555.01,-1295.22,-11.345
GV-11667,913.43,4571.79,-1304.35,-11.5293
GV-11668,979.68,4571.2,-1296.09,-11.6498
GV-11669,1034.25,4558.49,-1303.44,-11.7575
GV-11670,1073.68,4576.12,-1246.98,-11.7224
GV-11671,1132.28,4580.64,-1254.77,-11.8104
GV-11672,1156.04,4566.27,-1252.49,-11.9054
GV-11673,1240.5,4585.68,-1245.96,-12.1398
GV-11674,1286.49,4588.66,-1250.57,-12.1215
GV-11675,1339.27,4593.03,-1246.37,-12.0464
GV-11676,1386.19,4576.48,-1247.37,-12.1023
GV-11677,1441.55,4588.41,-1248.36,-12.2471
GV-11678,1459.68,4580.99,-1253.24,-12.2694
GV-11679,1521.2,4573.1,-1254.01,-12.2702
GV-11680,1584.62,4567.01,-1249.17,-12.3637
GV-11681,1631.41,4568.11,-1254.96,-12.5983
GV-11682,1677.44,4568.14,-1252.34,-12.4612
GV-11683,1722.49,4584.05,-1247.15,-12.7023
GV-11684,1771.07,4569.11,-1246.8,-12.6237
GV-11685,1837.58,4576.75,-1246.49,-12.8528
GV-11686,1861.1,4560.36,-1245.19,-12.8289
GV-11687,1934.24,4572.81,-1249.73,-12.9224
GV-11688,1972.08,4555.88,-1253.2,-12.8065
GV-11689,2042.93,4584.99,-1248.67,-12.8914
GV-11690,2084.05,4565.06,-1248.93,-13.0645
GV-11691,2131.89,4589.15,-1253.9,-13.0798
GV-11692,2193.08,4583.66,-1247.98,-13.2021
GV-11693,2221.57,4592.94,-1251.43,-13.2729
GV-11694,2271.69,4570.39,-1254.13,-13.4437
GV-11695,2330.95,4577.33,-1248.23,-13.4546
GV-11696,2372.18,4587.36,-1252.51,-13.3847
GV-11697,2410.03,4593.09,-1245.77,-13.3982
GV-11698,2461.0,4560.6,-1202.03,-13.8677
GV-11699,2505.73,4574.39,-1199.92,-13.7521
GV-11700,2591.15,4574.32,-1200.61,-13.8712
GV-11701,2614.86,4592.01,-1146.41,-13.7927
GV-11702,2668.67,4572.92,-1149.54,-13.9107
GV-11703,2726.84,4579.88,-1095.13,-14.108
GV-11704,2785.33,4558.82,-1102.42,-14.1444
GV-11705,2811.28,4594.52,-1052.31,-14.3474
GV-11706,2869.56,4575.44,-1004.94,-14.519
GV-11707,2917.16,4586.41,-949.22,-14.4723
GV-11708,2981.27,4557.75,-948.07,-14.6051
GV-11709,3018.42,4573.87,-898.03,-14.7409
GV-11710,3067.8,4581.76,-852.7,-15.1072
GV-11711,3142.73,4588.73,-795.18,-15.1862
GV-11712,3177.02,4573.02,-800.08,-15.3514
GV-11713,3228.57,4570.21,-751.75,-15.3327
GV-11714,3278.68,4591.99,-701.58,-15.314
GV-11715,3324.62,4593.95,-696.26,-15.5371
GV-11716,3379.67,4568.75,-645.65,-15.6298
GV-11717,3422.6,4559.62,-651.17,-15.8451
GV-11718,3455.13,4581.06,-653.62,-16.0751
GV-11719,3524.91,4570.73,-601.31,-16.1126
GV-11720,3558.52,4570.95,-602.62,-16.0933
GV-11721,3609.27,4592.35,-599.02,-16.3196
GV-11722,3682.48,4581.81,-599.11,-16.094
GV-11723,3723.35,4592.56,-597.84,-16.1758
GV-11724,3788.98,4556.03,-603.67,-16.3635
GV-11725,3805.27,4578.71,-596.61,-16.3427
GV-11726,3894.2,4586.72,-601.97,-16.4718
GV-11727,3941.0,4585.54,-601.99,-16.421
GV-11728,3989.29,4561.86,-601.47,-16.3841
GV-11729,4037.54,4584.03,-601.75,-16.4109
GV-11730,4074.6,4586.13,-595.88,-16.3552
GV-11731,4135.47,4583.81,-595.35,-16.5026
GV-11732,4190.25,4585.38,-595.5,-16.4856
GV-11733,4238.18,4583.23,-598.99,-16.4161
GV-11734,4259.56,4571.19,-595.89,-16.1273
GV-11735,4339.91,4583.62,-599.3,-16.1876
GV-11736,4377.87,4570.83,-603.45,-16.2399
GV-11737,4437.18,4583.22,-597.58,-16.0467
GV-11738,4463.28,4578.01,-599.95,-16.1938
GV-11739,4515.12,4574.0,-552.3,-16.2171
GV-11740,4579.36,4592.99,-547.15,-16.1047
GV-11741,4637.99,4566.74,-551.14,-16.1098
GV-11742,4679.28,4586.84,-551.06,-16.0869
GV-11743,4715.95,4591.92,-551.66,-16.2802
GV-11744,4778.62,4564.22,-547.02,-15.9806
GV-11745,4811.39,4578.69,-548.26,-16.024
GV-11746,4869.34,4562.16,-502.91,-15.9984
GV-11747,4930.18,4581.74,-498.82,-16.0976
GV-11748,4982.17,4582.62,-497.65,-16.1566
GV-11749,5039.04,4578.94,-500.92,-15.7506
GV-11750,5079.92,4576.7,-446.95,-15.9088
GV-11751,5136.61,4589.37,-452.75,-16.0003
GV-11752,5159.5,4565.94,-448.73,-15.8836
GV-11753,5244.57,4563.83,-448.96,-15.7778
GV-11754,5277.0,4577.52,-401.96,-15.8246
GV-11755,5308.42,4566.16,-401.7,-15.8568
GV-11756,5379.65,4558.28,-399.04,-15.4539
GV-11757,5444.52,4576.72,-397.33,-15.3486
GV-11758,5463.63,4578.76,-395.28,-15.1656
GV-11759,5520.03,4584.95,-402.85,-14.9753
GV-11760,5580.91,4583.92,-397.59,-14.6786
GV-11761,5643.53,4560.6,-399.59,-14.4815
GV-11762,5692.63,4563.4,-395.07,-14.2498
GV-11763,5729.67,4579.5,-399.53,-13.9606
GV-11764,5757.07,4588.93,-395.82,-13.7214
GV-11765,5843.52,4592.06,-395.51,-13.2318
GV-11766,5889.98,4585.64,-446.74,-12.9273
GV-11767,5940.15,4568.91,-449.48,-12.4573
GV-11768,5992.95,4582.04,-447.18,-12.1224
GV-11769,6043.64,4584.5,-453.74,-11.4943
GV-11770,6061.28,4563.83,-497.37,-11.0933
GV-11771,6111.66,4557.34,-495.36,-10.5811
GV-11772,6164.91,4561.58,-502.56,-10.1726
GV-11773,6205.39,4573.58,-548.0,-9.7813
GV-11774,6271.48,4569.59,-545.02,-9.2355
GV-11775,6310.25,4581.85,-553.2,-8.6676
GV-11776,6363.63,4585.7,-598.6,-8.1861
GV-11777,42.85,4635.18,-798.25,-8.9796
GV-11778,56.67,4605.91,-853.1,-9.3547
GV-11779,118.38,4637.36,-847.62,-9.5654
GV-11780,165.28,4631.6,-904.49,-9.7454
GV-11781,230.0,4607.54,-897.96,-9.7055
GV-11782,269.01,4605.62,-951.38,-9.9976
GV-11783,337.88,4608.2,-998.77,-10.136
GV-11784,361.69,4630.72,-1001.24,-10.2343
GV-11785,417.31,4635.43,-1045.34,-10.3797
GV-11786,487.41,4609.14,-1104.46,-10.5274
GV-11787,524.4,4637.18,-1102.86,-10.6795
GV-11788,559.81,4635.84,-1151.47,-10.8157
GV-11789,634.11,4643.88,-1199.89,-10.8848
GV-11790,688.02,4623.44,-1199.21,-11.0738
GV-11791,717.21,4627.77,-1252.92,-11.1909
GV-11792,769.17,4612.01,-1303.46,-11.2479
GV-11793,823.18,4632.96,-1298.97,-11.3085
GV-11794,888.32,4626.08,-1295.65,-11.4402
GV-11795,944.69,4639.4,-1301.62,-11.4248
GV-11796,959.08,4614.27,-1245.19,-11.6116
GV-11797,1035.19,4605.18,-1248.27,-11.849
GV-11798,1081.05,4630.04,-1253.86,-11.6629
GV-11799,1114.39,4612.66,-1252.6,-11.8921
GV-11800,1170.48,4633.42,-1246.66,-11.8806
GV-11801,1234.41,4605.04,-1253.7,-11.968
GV-11802,1261.95,4619.98,-1249.52,-11.8863
GV-11803,1336.12,4634.18,-1249.44,-11.9861
GV-11804,1366.58,4625.57,-1250.78,-12.0735
GV-11805,1441.2,4639.05,-1247.59,-12.3279
GV-11806,1478.6,4617.97,-1251.07,-12.5599
GV-11807,1535.93,4643.45,-1249.11,-12.232
GV-11808,1572.09,4640.77,-1250.01,-12.4306
GV-11809,1616.64,4618.92,-1250.48,-12.5148
GV-11810,1661.65,4610.06,-1245.68,-12.6209
GV-11811,1732.3,4643.52,-1249.06,-12.5293
GV-11812,1767.6,4611.8,-1252.29,-12.7841
GV-11813,1815.53,4629.52,-1254.21,-12.8601
GV-11814,1858.35,4643.65,-1246.44,-12.8583
GV-11815,1907.52,4611.14,-1254.3,-12.8441
GV-11816,1986.47,4627.46,-1252.38,-12.7073
GV-11817,2031.34,4607.19,-1247.71,-13.0531
GV-11818,2063.48,4640.0,-1248.03,-12.9658
GV-11819,2111.25,4606.28,-1245.34,-13.0206
GV-11820,2179.21,4606.75,-1248.28,-13.2442
GV-11821,2237.7,4625.68,-1251.73,-13.3495
GV-11822,2292.68,4626.78,-1253.13,-13.2667
GV-11823,2315.4,4630.77,-1254.52,-13.3928
GV-11824,2363.69,4613.41,-1250.53,-13.4653
GV-11825,2418.21,4615.13,-1196.58,-13.535
GV-11826,2482.78,4631.19,-1203.9,-13.5704
GV-11827,2533.92,4637.42,-1203.05,-13.7834
GV-11828,2593.57,4636.76,-1153.32,-13.6531
GV-11829,2621.21,4605.47,-1147.19,-14.1449
GV-11830,2662.64,4611.09,-1101.39,-14.102
GV-11831,2738.37,4626.57,-1096.3,-13.9787
GV-11832,2776.83,4638.62,-1054.66,-14.3163
GV-11833,2832.79,4612.24,-999.37,-14.3015
GV-11834,2875.09,4629.26,-951.83,-14.7469
GV-11835,2911.57,4607.61,-951.77,-14.7702
GV-11836,2991.02,4605.39,-902.69,-14.8399
GV-11837,3030.47,4621.77,-853.5,-14.7684
GV-11838,3087.43,4619.53,-804.49,-15.2432
GV-11839,3129.95,4616.8,-753.15,-15.1457
GV-11840,3193.75,4606.75,-751.45,-15.2338
GV-11841,3216.9,4630.31,-704.56,-15.4108
GV-11842,3280.05,4626.72,-700.04,-15.6669
GV-11843,3337.95,4620.29,-648.62,-15.6157
GV-11844,3372.47,4624.26,-655.0,-15.7742
GV-11845,3415.44,4635.94,-649.45,-15.9068
GV-11846,3468.28,4613.22,-597.59,-16.1283
GV-11847,3540.31,4638.75,-595.69,-16.0121
GV-11848,3558.68,4636.39,-596.01,-16.0739
GV-11849,3644.14,4628.83,-596.25,-16.3599
GV-11850,3666.87,4640.79,-595.58,-16.1103
GV-11851,3728.47,4618.67,-597.5,-16.2921
GV-11852,3780.62,4633.64,-548.76,-16.1937
GV-11853,3840.88,4639.91,-554.68,-16.2789
GV-11854,3890.63,4613.76,-551.71,-16.3436
GV-11855,3921.42,4618.62,-546.49,-16.3889
GV-11856,3957.08,4623.33,-553.45,-16.4239
GV-11857,4008.58,4612.11,-546.67,-16.1775
GV-11858,4094.22,4611.44,-552.13,-16.6286
GV-11859,4115.84,4630.88,-599.31,-16.4971
GV-11860,4167.61,4605.21,-599.77,-16.355
GV-11861,4211.4,4644.77,-598.92,-16.4441
GV-11862,4290.57,4618.79,-601.18,-16.1685
GV-11863,4338.72,4605.3,-603.62,-16.2993
GV-11864,4379.83,4610.07,-550.43,-16.1901
GV-11865,4410.41,4607.6,-549.22,-16.4407
GV-11866,4473.23,4644.86,-553.3,-16.0652
GV-11867,4529.97,4611.65,-547.53,-16.3395
GV-11868,4581.56,4624.13,-546.66,-16.3055
GV-11869,4633.96,4641.37,-549.58,-16.225
GV-11870,4689.78,4606.27,-549.69,-16.1746
GV-11871,4740.55,4632.08,-551.78,-16.1025
GV-11872,4764.37,4608.33,-504.22,-16.1111
GV-11873,4827.4,4643.1,-504.67,-16.1831
GV-11874,4856.05,4613.18,-498.94,-16.1016
GV-11875,4943.25,4607.1,-496.75,-15.9584
GV-11876,4984.69,4622.06,-451.82,-16.022
GV-11877,5035.75,4641.11,-453.05,-15.8434
GV-11878,5055.4,4636.45,-448.67,-15.8853
GV-11879,5113.49,4632.58,-448.33,-16.0439
GV-11880,5187.37,4615.95,-396.56,-15.7247
GV-11881,5237.03,4609.28,-401.64,-15.6623
GV-11882,5278.03,4643.21,-403.84,-15.6705
GV-11883,5339.75,4636.19,-398.24,-15.6543
GV-11884,5355.12,4624.6,-402.38,-15.4715
GV-11885,5429.86,4605.67,-398.11,-15.3197
GV-11886,5482.02,4625.22,-404.37,-14.9115
GV-11887,5510.52,4610.23,-402.38,-14.9829
GV-11888,5557.73,4611.67,-396.27,-14.7432
GV-11889,5611.57,4619.58,-397.82,-14.3754
GV-11890,5684.05,4617.02,-399.88,-14.3391
GV-11891,5743.96,4637.45,-402.57,-14.0486
GV-11892,5779.82,4634.6,-395.87,-13.5408
GV-11893,5837.62,4634.41,-448.4,-12.9816
GV-11894,5870.61,4611.74,-448.06,-12.6863
GV-11895,5925.15,4618.74,-448.22,-12.1548
GV-11896,5971.39,4630.8,-448.03,-12.0346
GV-11897,6007.86,4618.04,-500.96,-11.4742
GV-11898,6091.33,4615.05,-499.31,-10.9461
GV-11899,6120.79,4625.91,-503.21,-10.6502
GV-11900,6172.02,4632.68,-501.28,-10.1092
GV-11901,6209.64,4630.38,-547.12,-9.427
GV-11902,6269.7,4612.5,-552.51,-9.1167
GV-11903,6308.11,4617.65,-554.66,-8.6125
GV-11904,6372.72,4614.53,-603.93,-8.1661
GV-11905,39.04,4679.47,-852.17,-9.2007
GV-11906,68.74,4687.13,-850.51,-9.2293
GV-11907,107.36,4674.19,-901.34,-9.4001
GV-11908,191.7,4677.18,-901.06,-9.6209
GV-11909,224.0,4687.78,-945.45,-9.7549
GV-11910,270.36,4661.54,-995.17,-9.933
GV-11911,315.72,4683.07,-998.2,-10.1038
GV-11912,391.23,4668.07,-1052.36,-10.3057
GV-11913,433.17,4692.89,-1095.43,-10.4672
GV-11914,491.29,4676.17,-1098.22,-10.3647
GV-11915,522.56,4682.4,-1154.12,-10.558
GV-11916,561.78,4683.84,-1201.33,-10.8819
GV-11917,628.79,4681.87,-1203.88,-10.7539
GV-11918,677.12,4691.11,-1254.71,-10.9386
GV-11919,740.88,4658.44,-1302.83,-11.1556
GV-11920,787.99,4660.17,-1301.29,-11.2263
GV-11921,818.31,4685.1,-1301.08,-11.1511
GV-11922,871.91,4691.24,-1299.57,-11.4996
GV-11923,935.3,4663.15,-1251.74,-11.5043
GV-11924,959.14,4689.56,-1250.51,-11.539
GV-11925,1012.34,4658.51,-1246.53,-11.6386
GV-11926,1065.39,4674.28,-1252.26,-11.8118
GV-11927,1135.58,4679.83,-1246.28,-11.7904
GV-11928,1193.29,4671.15,-1245.53,-11.9019
GV-11929,1215.03,4672.66,-1251.89,-11.8237
GV-11930,1283.62,4659.91,-1246.7,-11.7685
GV-11931,1336.38,4673.53,-1247.85,-11.9836
GV-11932,1377.96,4665.58,-1251.74,-12.0209
GV-11933,1415.34,4659.53,-1254.06,-12.2779
GV-11934,1464.87,4688.18,-1254.62,-12.3355
GV-11935,1529.38,4660.95,-1245.01,-12.3612
GV-11936,1574.92,4661.87,-1249.81,-12.2805
GV-11937,1643.64,4677.02,-1249.68,-12.4652
GV-11938,1681.35,4659.31,-1247.95,-12.6218
GV-11939,1714.2,4678.84,-1248.22,-12.5265
GV-11940,1792.07,4671.85,-1252.66,-12.6317
GV-11941,1833.18,4678.73,-1250.66,-12.6787
GV-11942,1860.03,4693.15,-1249.29,-12.832
GV-11943,1925.16,4686.67,-1252.29,-12.9563
GV-11944,1984.46,4686.1,-1248.27,-12.8689
GV-11945,2035.38,4684.19,-1250.89,-12.9121
GV-11946,2067.93,4672.61,-1252.08,-13.1083
GV-11947,2106.49,4677.58,-1248.45,-13.0899
GV-11948,2176.53,4686.1,-1254.02,-13.4471
GV-11949,2239.95,4678.43,-1248.86,-13.1978
GV-11950,2275.57,4672.19,-1254.62,-13.3209
GV-11951,2312.48,4664.06,-1202.02,-13.4537
GV-11952,2361.17,4662.63,-1204.53,-13.4079
GV-11953,2410.58,4661.89,-1203.79,-13.7383
GV-11954,2488.43,4681.15,-1199.28,-13.7065
GV-11955,2539.33,4672.66,-1147.86,-13.7162
GV-11956,2566.0,4677.78,-1150.58,-13.7814
GV-11957,2626.9,4688.22,-1100.17,-14.1008
GV-11958,2659.19,4662.1,-1096.83,-14.0976
GV-11959,2730.84,4658.89,-1050.7,-14.1451
GV-11960,2756.63,4679.55,-1004.19,-14.2585
GV-11961,2817.33,4689.81,-953.64,-14.4809
GV-11962,2855.79,4674.41,-947.21,-14.452
GV-11963,2906.82,4677.83,-900.27,-14.7328
GV-11964,2956.4,4673.5,-853.4,-14.9884
GV-11965,3044.46,4690.03,-804.19,-15.1529
GV-11966,3090.97,4679.98,-745.28,-15.0974
GV-11967,3127.89,4689.9,-745.11,-15.3862
GV-11968,3183.66,4669.43,-703.09,-15.4459
GV-11969,3222.57,4678.87,-698.0,-15.6999
GV-11970,3274.15,4675.8,-645.11,-15.6534
GV-11971,3322.36,4692.96,-645.11,-15.8679
GV-11972,3356.02,4677.65,-596.44,-15.8193
GV-11973,3431.57,4655.18,-601.12,-15.8303
GV-11974,3459.9,4656.96,-604.88,-16.0112
GV-11975,3544.9,4681.08,-600.35,-16.1148
GV-11976,3569.61,4677.86,-596.27,-16.2079
GV-11977,3609.32,4671.84,-554.6,-16.4873
GV-11978,3668.38,4659.61,-550.36,-16.3614
GV-11979,3725.06,4656.73,-549.98,-16.2903
GV-11980,3767.61,4663.44,-552.63,-16.4857
GV-11981,3826.79,4657.11,-550.05,-16.4049
GV-11982,3888.57,4662.98,-550.07,-16.5653
GV-11983,3941.85,4666.06,-546.99,-16.497
GV-11984,3973.86,4693.12,-548.31,-16.5743
GV-11985,4009.68,4656.08,-552.88,-16.5758
GV-11986,4073.85,4690.44,-553.76,-16.6018
GV-11987,4115.52,4666.36,-551.26,-16.2596
GV-11988,4187.1,4659.37,-553.82,-16.3255
GV-11989,4221.01,4677.41,-551.52,-16.4354
GV-11990,4272.16,4659.89,-552.49,-16.4529
GV-11991,4343.83,4671.22,-553.58,-16.2735
GV-11992,4382.53,4682.96,-552.47,-16.1927
GV-11993,4411.98,4662.47,-549.54,-16.2449
GV-11994,4460.6,4664.46,-546.72,-16.2937
GV-11995,4506.69,4676.18,-552.31,-16.1586
GV-11996,4589.29,4679.07,-553.79,-15.9991
GV-11997,4644.59,4655.37,-554.25,-16.0668
GV-11998,4661.46,4664.54,-550.82,-16.1998
GV-11999,4733.64,4669.39,-504.05,-16.1013
GV-12000,4782.34,4692.87,-496.1,-16.1519
GV-12001,4844.2,4669.98,-500.66,-16.0692
GV-12002,4862.74,4659.23,-496.16,-16.1641
GV-12003,4921.65,4667.99,-450.65,-16.1237
GV-12004,4977.21,4670.47,-454.2,-16.058
GV-12005,5024.83,4657.07,-447.17,-15.9697
GV-12006,5073.12,4665.7,-446.53,-16.1533
GV-12007,5125.73,4656.14,-404.51,-15.8972
GV-12008,5165.98,4658.84,-401.86,-15.9935
GV-12009,5227.73,4660.49,-401.8,-15.8978
GV-12010,5279.84,4673.89,-401.6,-15.7349
GV-12011,5327.43,4684.6,-396.07,-15.6321
GV-12012,5388.08,4678.05,-401.19,-15.521
GV-12013,5431.54,4664.85,-398.96,-15.2232
GV-12014,5466.76,4657.03,-397.82,-15.1218
GV-12015,5527.79,4692.88,-397.27,-14.9097
GV-12016,5559.24,4691.67,-396.4,-14.6425
GV-12017,5625.54,4655.01,-399.95,-14.4826
GV-12018,5659.46,4688.73,-404.87,-14.2363
GV-12019,5718.91,4682.53,-401.38,-13.8297
GV-12020,5760.36,4682.51,-400.2,-13.4347
GV-12021,5815.83,4666.61,-448.34,-13.0999
GV-12022,5893.08,4680.45,-451.84,-12.5881
GV-12023,5943.61,4677.23,-448.82,-12.3844
GV-12024,5983.62,4666.57,-446.23,-11.9255
GV-12025,6031.33,4688.87,-499.87,-11.2982
GV-12026,6087.17,4690.06,-498.85,-10.8566
GV-12027,6131.17,4687.22,-498.53,-10.5865
GV-12028,6179.95,4658.31,-545.37,-9.9843
GV-12029,6210.63,4683.1,-553.88,-9.4644
GV-12030,6294.34,4693.31,-546.48,-9.0063
GV-12031,6343.2,4689.85,-602.01,-8.5469
GV-12032,6382.63,4693.09,-598.71,-8.0809
GV-12033,10.88,4708.37,-853.24,-8.9358
GV-12034,83.48,4727.38,-899.62,-9.3942
GV-12035,132.38,4734.3,-945.89,-9.3547
GV-12036,183.79,4723.3,-948.02,-9.4051
GV-12037,240.26,4716.18,-997.65,-9.7913
GV-12038,285.43,4720.75,-995.3,-9.8893
GV-12039,336.07,4739.28,-1048.65,-10.0967
GV-12040,357.78,4733.51,-1104.72,-10.238
GV-12041,441.37,4735.85,-1099.7,-10.2728
GV-12042,472.9,4733.81,-1150.17,-10.5406
GV-12043,522.21,4724.27,-1199.68,-10.4815
GV-12044,555.18,4718.78,-1202.27,-10.6894
GV-12045,615.4,4731.13,-1249.57,-10.7145
GV-12046,672.23,4728.81,-1304.73,-10.9683
GV-12047,731.22,4718.9,-1296.87,-11.057
GV-12048,778.93,4743.38,-1303.11,-11.163
GV-12049,838.92,4740.56,-1248.76,-11.1222
GV-12050,878.7,4722.73,-1254.35,-11.3319
GV-12051,942.56,4711.06,-1250.83,-11.4225
GV-12052,981.57,4741.06,-1248.61,-11.4234
GV-12053,1044.89,4739.27,-1246.35,-11.5973
GV-12054,1077.96,4718.22,-1251.09,-11.8012
GV-12055,1124.86,4708.24,-1245.77,-11.7542
GV-12056,1177.82,4727.35,-1253.87,-11.7742
GV-12057,1237.3,4714.43,-1195.96,-12.0646
GV-12058,1271.95,4727.5,-1200.16,-12.161
GV-12059,1326.39,4739.63,-1196.05,-11.9624
GV-12060,1394.06,4738.73,-1202.16,-12.0612
GV-12061,1422.66,4724.74,-1204.91,-12.185
GV-12062,1495.0,4728.63,-1200.68,-12.1684
GV-12063,1520.5,4709.26,-1199.93,-12.3581
GV-12064,1560.75,4737.07,-1250.8,-12.3566
GV-12065,1615.54,4738.19,-1250.66,-12.4259
GV-12066,1693.4,4711.59,-1251.84,-12.4969
GV-12067,1727.06,4722.59,-1251.35,-12.395
GV-12068,1758.1,4730.88,-1245.83,-12.7444
GV-12069,1837.91,4735.67,-1248.78,-12.661
GV-12070,1867.85,4739.28,-1253.93,-12.6031
GV-12071,1921.69,4742.67,-1254.81,-12.7606
GV-12072,1956.37,4712.32,-1247.68,-12.8875
GV-12073,2028.48,4729.98,-1253.24,-12.8408
GV-12074,2091.32,4707.01,-1246.49,-13.1281
GV-12075,2125.68,4716.19,-1246.71,-12.9904
GV-12076,2169.18,4735.32,-1245.07,-13.1895
GV-12077,2212.38,4734.51,-1202.97,-13.0195
GV-12078,2267.76,4740.61,-1197.44,-13.4646
GV-12079,2323.85,4705.98,-1204.18,-13.5535
GV-12080,2380.87,4709.54,-1195.01,-13.4313
GV-12081,2416.87,4732.8,-1152.4,-13.5112
GV-12082,2466.51,4736.0,-1147.34,-13.6149
GV-12083,2544.07,4713.99,-1148.98,-13.7475
GV-12084,2564.26,4724.21,-1100.5,-13.7983
GV-12085,2620.49,4709.73,-1096.69,-14.213
GV-12086,2692.93,4732.49,-1049.73,-14.0441
GV-12087,2733.82,4711.78,-999.51,-14.3731
GV-12088,2786.19,4712.52,-953.37,-14.4488
GV-12089,2843.23,4707.39,-946.47,-14.4451
GV-12090,2869.52,4736.11,-900.56,-14.8462
GV-12091,2918.39,4714.85,-853.33,-14.9475
GV-12092,2985.4,4705.29,-800.3,-14.937
GV-12093,3033.89,4709.03,-749.42,-15.2057
GV-12094,3061.29,4715.86,-751.54,-15.107
GV-12095,3135.63,4707.09,-698.7,-15.3974
GV-12096,3180.99,4716.15,-699.03,-15.5865
GV-12097,3207.81,4727.19,-648.31,-15.5035
GV-12098,3264.83,4737.73,-646.7,-15.9333
GV-12099,3331.01,4743.71,-597.1,-15.9548
GV-12100,3361.04,4718.07,-595.96,-16.043
GV-12101,3412.66,4713.76,-597.27,-16.085
GV-12102,3455.2,4728.28,-600.07,-16.2049
GV-12103,3527.71,4717.91,-552.07,-16.352
GV-12104,3592.42,4706.56,-550.17,-16.3739
GV-12105,3638.12,4736.34,-550.92,-16.3798
GV-12106,3682.52,4732.04,-546.92,-16.6248
GV-12107,3741.32,4729.9,-553.28,-16.4522
GV-12108,3766.3,4720.87,-551.14,-16.4681
GV-12109,3819.9,4728.84,-551.13,-16.5519
GV-12110,3864.73,4707.58,-554.23,-16.4446
GV-12111,3930.98,4723.6,-553.74,-16.5135
GV-12112,3977.13,4726.02,-546.9,-16.6369
GV-12113,4037.45,4744.4,-551.76,-16.5289
GV-12114,4068.2,4725.18,-549.71,-16.4372
GV-12115,4107.57,4743.8,-546.38,-16.474
GV-12116,4175.68,4738.87,-550.69,-16.4257
GV-12117,4242.55,4708.89,-547.28,-16.524
GV-12118,4290.5,4705.77,-549.62,-16.3957
GV-12119,4317.4,4706.21,-550.28,-16.3687
GV-12120,4391.14,4705.97,-553.11,-16.2956
GV-12121,4408.31,4741.66,-547.82,-16.3577
GV-12122,4456.35,4740.64,-554.57,-16.3063
GV-12123,4508.5,4726.08,-551.15,-16.4875
GV-12124,4583.69,4713.05,-548.63,-16.2413
GV-12125,4638.29,4711.51,-502.83,-16.2098
GV-12126,4673.59,4737.41,-500.19,-16.265
GV-12127,4717.74,4734.19,-500.52,-16.4161
GV-12128,4772.94,4723.8,-503.14,-16.1492
GV-12129,4832.36,4723.71,-499.27,-16.2313
GV-12130,4875.4,4705.16,-449.18,-16.2332
GV-12131,4934.63,4720.51,-449.03,-16.1565
GV-12132,4976.72,4738.73,-445.74,-16.1675
GV-12133,5028.66,4729.11,-449.51,-16.091
GV-12134,5068.45,4710.29,-400.17,-15.8999
GV-12135,5105.08,4709.28,-402.72,-16.1525
GV-12136,5190.58,4727.82,-402.99,-15.9135
GV-12137,5205.55,4711.17,-397.73,-15.9349
GV-12138,5276.37,4710.9,-404.63,-15.7937
GV-12139,5336.46,4738.32,-399.26,-15.5131
GV-12140,5379.84,4739.05,-403.35,-15.4344
GV-12141,5411.98,4730.37,-403.6,-15.2187
GV-12142,5484.34,4743.3,-401.04,-14.9498
GV-12143,5531.45,4742.07,-403.64,-14.6042
GV-12144,5574.08,4726.25,-399.46,-14.4408
GV-12145,5634.18,4721.92,-402.28,-14.183
GV-12146,5675.77,4727.33,-398.78,-13.9418
GV-12147,5711.19,4733.45,-401.75,-13.6328
GV-12148,5774.53,4717.27,-448.87,-13.2106
GV-12149,5840.38,4705.09,-447.17,-12.8527
GV-12150,5878.55,4722.98,-446.98,-12.3282
GV-12151,5923.49,4718.46,-450.64,-12.2247
GV-12152,5962.39,4725.31,-499.42,-11.6354
GV-12153,6010.04,4729.64,-501.84,-11.4817
GV-12154,6091.84,4738.37,-501.09,-10.4956
GV-12155,6135.78,4739.81,-548.91,-10.2927
GV-12156,6185.76,4724.74,-546.75,-9.768
GV-12157,6221.15,4719.82,-552.07,-9.235
GV-12158,6289.96,4731.22,-597.01,-8.7908
GV-12159,6322.07,4707.45,-597.05,-8.2814
GV-12160,6363.2,4709.76,-597.56,-7.8806
GV-12161,31.93,4787.23,-904.0,-9.1795
GV-12162,76.82,4772.44,-954.2,-9.0743
GV-12163,137.45,4778.15,-947.67,-9.4089
GV-12164,163.26,4756.59,-999.6,-9.5207
GV-12165,233.39,4755.13,-1053.35,-9.7854
GV-12166,257.75,4784.21,-1051.49,-9.8766
GV-12167,336.89,4774.53,-1099.39,-9.9446
GV-12168,355.08,4766.77,-1102.99,-10.09
GV-12169,408.64,4764.91,-1149.33,-10.3221
GV-12170,477.03,4780.24,-1200.35,-10.3284
GV-12171,509.86,4760.16,-1195.44,-10.5991
GV-12172,590.07,4794.6,-1245.55,-10.7337
GV-12173,638.17,4762.55,-1296.49,-10.6792
GV-12174,684.98,4779.0,-1301.0,-10.7293
GV-12175,710.78,4777.11,-1301.23,-11.0936
GV-12176,777.83,4756.09,-1247.31,-11.1918
GV-12177,840.94,4782.53,-1252.68,-11.3902
GV-12178,888.03,4761.8,-1247.78,-11.2216
GV-12179,926.53,4758.32,-1254.94,-11.4775
GV-12180,981.87,4782.47,-1254.79,-11.5037
GV-12181,1024.37,4772.61,-1252.51,-11.5904
GV-12182,1077.74,4782.47,-1196.78,-11.6332
GV-12183,1131.26,4756.84,-1195.18,-11.8414
GV-12184,1192.05,4790.85,-1196.51,-11.8313
GV-12185,1229.6,4776.83,-1198.58,-11.9286
GV-12186,1275.68,4775.06,-1195.54,-12.089
GV-12187,1309.05,4785.94,-1198.14,-12.0759
GV-12188,1376.25,4776.35,-1195.91,-12.0829
GV-12189,1411.0,4771.84,-1201.52,-12.1294
GV-12190,1479.59,4765.9,-1196.63,-12.2699
GV-12191,1543.77,4780.02,-1202.39,-12.2659
GV-12192,1573.99,4789.71,-1200.33,-12.3979
GV-12193,1605.99,4787.08,-1199.71,-12.7242
GV-12194,1663.99,4788.59,-1195.04,-12.5236
GV-12195,1720.74,4760.33,-1246.62,-12.5102
GV-12196,1768.2,4789.94,-1247.2,-12.5254
GV-12197,1840.65,4794.23,-1251.14,-12.6367
GV-12198,1870.49,4794.93,-1245.36,-12.8291
GV-12199,1937.94,4757.84,-1249.23,-12.873
GV-12200,1955.44,4780.43,-1250.19,-12.906
GV-12201,2012.87,4786.84,-1247.23,-13.0356
GV-12202,2085.15,4761.77,-1250.39,-13.0209
GV-12203,2144.16,4759.28,-1203.14,-12.9422
GV-12204,2159.65,4786.78,-1201.28,-13.1977
GV-12205,2229.82,4766.33,-1202.24,-13.2533
GV-12206,2263.82,4792.19,-1195.09,-13.3074
GV-12207,2308.83,4786.99,-1198.13,-13.4838
GV-12208,2374.62,4771.64,-1146.61,-13.5268
GV-12209,2430.42,4779.91,-1153.33,-13.5394
GV-12210,2491.44,4788.11,-1147.98,-13.5956
GV-12211,2516.29,4759.79,-1101.65,-13.8882
GV-12212,2593.68,4768.02,-1095.8,-14.0773
GV-12213,2637.22,4777.62,-1048.72,-14.1509
GV-12214,2684.49,4792.46,-1000.71,-14.2137
GV-12215,2719.97,4770.34,-952.11,-14.2382
GV-12216,2786.79,4755.25,-951.42,-14.4853
GV-12217,2810.06,4791.23,-897.23,-14.6281
GV-12218,2865.72,4776.74,-853.8,-14.6496
GV-12219,2942.6,4768.51,-795.21,-14.939
GV-12220,2990.39,4781.1,-750.02,-14.9688
GV-12221,3044.74,4766.03,-747.06,-15.0807
GV-12222,3082.07,4782.65,-704.43,-15.3298
GV-12223,3107.78,4763.19,-699.45,-15.4545
GV-12224,3182.38,4775.38,-648.86,-15.64
GV-12225,3212.5,4762.14,-654.75,-15.634
GV-12226,3292.47,4792.68,-598.76,-15.7841
GV-12227,3344.45,4789.41,-599.49,-16.154
GV-12228,3380.14,4764.23,-604.79,-16.0485
GV-12229,3422.41,4769.53,-549.46,-16.2251
GV-12230,3471.63,4776.0,-554.12,-16.1853
GV-12231,3542.25,4782.75,-548.56,-16.3205
GV-12232,3568.86,4760.12,-545.65,-16.3008
GV-12233,3641.79,4760.38,-554.39,-16.4115
GV-12234,3673.08,4777.78,-551.77,-16.4472
GV-12235,3708.5,4770.97,-547.01,-16.3649
GV-12236,3769.91,4768.75,-549.71,-16.6787
GV-12237,3808.3,4770.57,-554.61,-16.6636
GV-12238,3869.49,4775.98,-551.55,-16.3915
GV-12239,3907.81,4770.19,-545.53,-16.3626
GV-12240,3977.62,4755.09,-549.84,-16.4279
GV-12241,4013.08,4762.2,-553.59,-16.467
GV-12242,4066.47,4780.72,-554.99,-16.5287
GV-12243,4127.49,4789.46,-551.63,-16.5484
GV-12244,4162.31,4776.12,-553.67,-16.4741
GV-12245,4220.18,4755.83,-546.45,-16.4323
GV-12246,4273.29,4761.43,-545.65,-16.4865
GV-12247,4308.12,4759.82,-550.29,-16.2786
GV-12248,4393.65,4769.16,-546.33,-16.3285
GV-12249,4414.35,4758.66,-545.02,-16.5712
GV-12250,4482.34,4769.44,-549.88,-16.2681
GV-12251,4538.26,4774.74,-551.1,-16.3605
GV-12252,4566.01,4768.27,-495.46,-16.3888
GV-12253,4632.32,4766.2,-497.52,-16.3003
GV-12254,4670.61,4757.48,-504.68,-16.2456
GV-12255,4734.67,4756.51,-501.07,-16.194
GV-12256,4788.63,4782.65,-453.86,-16.2874
GV-12257,4844.96,4778.3,-451.84,-16.2868
GV-12258,4889.91,4762.87,-446.38,-16.2763
GV-12259,4923.47,4756.34,-449.25,-16.2826
GV-12260,4994.72,4761.34,-451.07,-16.2422
GV-12261,5031.55,4770.17,-397.62,-16.2467
GV-12262,5088.46,4770.06,-404.97,-16.0191
GV-12263,5109.56,4780.46,-397.2,-16.011
GV-12264,5184.02,4781.09,-399.23,-16.2534
GV-12265,5222.74,4774.19,-397.53,-15.866
GV-12266,5261.85,4776.76,-401.28,-15.9011
GV-12267,5321.46,4788.94,-404.85,-15.6589
GV-12268,5375.63,4760.66,-402.43,-15.4122
GV-12269,5427.72,4776.93,-403.25,-15.4552
GV-12270,5483.76,4768.25,-402.68,-14.8762
GV-12271,5530.22,4781.46,-404.15,-14.7082
GV-12272,5590.83,4765.8,-404.52,-14.4963
GV-12273,5634.38,4757.62,-395.22,-14.0734
GV-12274,5686.65,4768.72,-402.95,-13.8385
GV-12275,5712.99,4774.03,-396.82,-13.4145
GV-12276,5791.28,4781.19,-446.38,-13.3094
GV-12277,5805.28,4758.6,-453.01,-12.8943
GV-12278,5855.49,4794.73,-449.01,-12.199
GV-12279,5907.35,4762.0,-450.55,-11.984
GV-12280,5963.95,4762.57,-501.87,-11.4138
GV-12281,6011.74,4784.72,-500.76,-11.181
GV-12282,6072.99,4793.59,-498.66,-10.4931
GV-12283,6125.66,4765.71,-550.34,-10.0456
GV-12284,6182.58,4792.57,-545.46,-9.6771
GV-12285,6238.86,4784.13,-546.65,-9.104
GV-12286,6283.53,4781.28,-598.36,-8.6717
GV-12287,6315.56,4768.44,-602.98,-8.2017
GV-12288,6356.57,4762.02,-599.44,-7.9149
GV-12289,14.11,4826.33,-950.74,-9.0468
GV-12290,89.19,4828.98,-952.26,-9.3174
GV-12291,114.65,4817.78,-996.0,-9.37
GV-12292,193.94,4841.09,-1052.22,-9.6679
GV-12293,236.72,4805.45,-1050.84,-9.7508
GV-12294,262.8,4832.4,-1095.49,-9.9664
GV-12295,320.79,4827.4,-1153.75,-9.9749
GV-12296,393.82,4827.54,-1153.09,-10.1116
GV-12297,423.36,4840.08,-1204.42,-10.219
GV-12298,482.4,4810.69,-1252.96,-10.4412
GV-12299,508.26,4824.64,-1254.45,-10.6119
GV-12300,589.23,4821.25,-1301.47,-10.5548
GV-12301,607.34,4832.43,-1302.97,-10.669
GV-12302,681.53,4821.05,-1253.01,-10.819
GV-12303,734.48,4835.82,-1248.04,-10.9624
GV-12304,764.55,4822.93,-1245.16,-11.2384
GV-12305,836.39,4822.5,-1247.84,-11.2153
GV-12306,890.19,4826.07,-1248.88,-11.163
GV-12307,911.34,4843.16,-1250.91,-11.4227
GV-12308,985.47,4809.6,-1203.62,-11.4055
GV-12309,1023.34,4820.66,-1197.52,-11.6253
GV-12310,1066.34,4826.1,-1202.62,-11.6186
GV-12311,1138.47,4808.71,-1196.12,-11.8029
GV-12312,1158.58,4839.08,-1204.2,-11.7251
GV-12313,1206.17,4825.66,-1195.68,-11.896
GV-12314,1279.72,4809.92,-1197.21,-11.9755
GV-12315,1308.26,4843.85,-1202.74,-12.0991
GV-12316,1390.29,4819.33,-1202.76,-12.0267
GV-12317,1437.76,4825.78,-1203.41,-12.0694
GV-12318,1479.05,4843.78,-1197.63,-12.2332
GV-12319,1538.01,4833.75,-1202.71,-12.2071
GV-12320,1559.16,4830.93,-1197.78,-12.4273
GV-12321,1643.19,4824.77,-1197.79,-12.3476
GV-12322,1681.54,4823.61,-1204.21,-12.5527
GV-12323,1720.59,4828.73,-1195.98,-12.455
GV-12324,1767.04,4843.23,-1201.11,-12.5804
GV-12325,1827.77,4816.87,-1201.63,-12.6691
GV-12326,1881.83,4822.12,-1203.7,-12.6456
GV-12327,1937.13,4844.2,-1195.15,-12.6461
GV-12328,1957.66,4831.94,-1204.9,-12.8404
GV-12329,2020.86,4819.71,-1202.51,-12.8985
GV-12330,2076.12,4838.07,-1199.17,-13.0857
GV-12331,2135.2,4835.39,-1200.53,-13.1651
GV-12332,2193.68,4832.49,-1202.95,-13.1897
GV-12333,2207.8,4828.21,-1198.97,-13.3234
GV-12334,2263.71,4822.25,-1199.92,-13.3264
GV-12335,2337.11,4840.61,-1153.56,-13.3273
GV-12336,2357.79,4815.53,-1152.57,-13.4054
GV-12337,2442.01,4827.89,-1152.88,-13.5982
GV-12338,2468.01,4841.49,-1099.01,-13.89
GV-12339,2522.83,4829.63,-1099.6,-13.8915
GV-12340,2583.83,4827.32,-1047.36,-13.9467
GV-12341,2642.57,4809.29,-996.83,-14.101
GV-12342,2684.65,4832.33,-945.58,-14.3505
GV-12343,2729.04,4811.04,-953.38,-14.3726
GV-12344,2786.39,4812.71,-900.31,-14.5208
GV-12345,2842.17,4834.32,-850.18,-14.7107
GV-12346,2857.25,4818.7,-804.7,-14.7683
GV-12347,2943.85,4832.56,-750.31,-14.9387
GV-12348,2965.36,4823.61,-751.07,-15.1084
GV-12349,3020.78,4837.26,-696.84,-15.313
GV-12350,3090.13,4812.59,-652.27,-15.502
GV-12351,3126.23,4833.86,-648.74,-15.6993
GV-12352,3162.96,4808.35,-597.97,-15.7245
GV-12353,3244.55,4844.65,-595.72,-15.7515
GV-12354,3264.5,4837.98,-603.66,-16.128
GV-12355,3319.63,4811.93,-554.12,-16.0665
GV-12356,3366.48,4817.59,-546.86,-16.0965
GV-12357,3439.57,4818.78,-552.25,-16.304
GV-12358,3494.72,4824.71,-547.65,-16.1995
GV-12359,3516.61,4834.34,-553.99,-16.5166
GV-12360,3561.6,4830.97,-551.67,-16.3604
GV-12361,3606.66,4810.46,-548.33,-16.1797
GV-12362,3666.0,4829.27,-545.97,-16.6086
GV-12363,3739.33,4810.92,-546.05,-16.3804
GV-12364,3755.81,4837.37,-551.27,-16.5033
GV-12365,3814.2,4818.98,-548.12,-16.6222
GV-12366,3868.64,4834.88,-548.83,-16.63
GV-12367,3932.16,4826.61,-548.37,-16.5074
GV-12368,3990.16,4835.35,-547.95,-16.7411
GV-12369,4035.3,4821.29,-548.61,-16.6187
GV-12370,4078.81,4830.32,-548.03,-16.4444
GV-12371,4135.29,4837.34,-545.18,-16.3877
GV-12372,4171.77,4815.33,-545.51,-16.5115
GV-12373,4223.76,4832.87,-548.05,-16.4497
GV-12374,4268.17,4826.09,-546.18,-16.3188
GV-12375,4334.22,4837.38,-551.21,-16.2238
GV-12376,4356.04,4822.3,-548.39,-16.3766
GV-12377,4431.08,4817.52,-548.9,-16.3859
GV-12378,4469.83,4819.8,-499.78,-16.3136
GV-12379,4507.02,4835.74,-499.57,-16.3444
GV-12380,4590.74,4813.71,-502.11,-16.3394
GV-12381,4615.97,4829.37,-496.93,-16.4024
GV-12382,4693.3,4839.66,-502.88,-16.3675
GV-12383,4713.41,4823.98,-445.61,-16.2897
GV-12384,4755.34,4810.08,-453.63,-16.3705
GV-12385,4825.08,4840.15,-452.27,-16.2765
GV-12386,4859.15,4826.36,-447.85,-16.3084
GV-12387,4930.31,4806.24,-396.08,-16.2695
GV-12388,4982.97,4805.61,-398.84,-16.3515
GV-12389,5037.42,4826.71,-403.51,-16.218
GV-12390,5061.26,4827.84,-403.74,-16.054
GV-12391,5133.85,4809.81,-401.02,-16.0836
GV-12392,5160.54,4809.21,-401.02,-15.9308
GV-12393,5207.87,4837.6,-402.72,-15.9747
GV-12394,5272.23,4817.71,-353.02,-15.8591
GV-12395,5323.97,4842.37,-353.76,-15.4463
GV-12396,5384.67,4817.85,-398.34,-15.4707
GV-12397,5441.79,4828.88,-399.61,-14.9946
GV-12398,5458.14,4824.09,-404.89,-14.7771
GV-12399,5527.78,4816.1,-399.46,-14.5997
GV-12400,5561.39,4824.23,-404.52,-14.0496
GV-12401,5615.08,4829.23,-398.36,-14.1823
GV-12402,5685.36,4844.24,-402.47,-13.6428
GV-12403,5729.57,4838.16,-446.84,-13.3439
GV-12404,5777.99,4805.98,-454.35,-13.0375
GV-12405,5823.92,4815.25,-450.5,-12.4745
GV-12406,5856.78,4843.3,-451.84,-12.2245
GV-12407,5915.01,4813.29,-502.15,-11.6547
GV-12408,5983.89,4841.38,-502.54,-11.4061
GV-12409,6015.07,4842.35,-503.08,-10.7492
GV-12410,6071.33,4816.31,-551.37,-10.5598
GV-12411,6139.57,4818.55,-551.13,-9.9923
GV-12412,6185.45,4834.74,-550.57,-9.5609
GV-12413,6241.37,4809.9,-602.13,-8.9008
GV-12414,6287.64,4815.47,-598.49,-8.6833
GV-12415,6313.05,4836.2,-597.98,-8.0752
GV-12416,6394.69,4833.01,-650.21,-7.6957
GV-12417,19.44,4863.38,-953.79,-8.8596
GV-12418,73.3,4878.15,-1001.89,-9.0953
GV-12419,108.68,4861.86,-1053.18,-9.3335
GV-12420,194.96,4877.93,-1054.07,-9.5257
GV-12421,210.17,4877.33,-1099.52,-9.5203
GV-12422,255.7,4867.51,-1146.71,-9.7732
GV-12423,308.09,4878.76,-1147.05,-9.964
GV-12424,380.59,4883.04,-1198.36,-10.112
GV-12425,420.69,4882.8,-1247.58,-10.1906
GV-12426,486.3,4881.14,-1251.5,-10.4516
GV-12427,527.38,4860.31,-1304.9,-10.4191
GV-12428,559.87,4855.66,-1254.82,-10.7292
GV-12429,608.68,4867.87,-1250.87,-10.6328
GV-12430,675.72,4894.33,-1247.54,-10.7272
GV-12431,711.23,4871.41,-1247.02,-11.0217
GV-12432,784.23,4876.48,-1248.89,-11.1038
GV-12433,814.42,4860.49,-1249.68,-11.1637
GV-12434,888.71,4893.49,-1200.16,-11.3102
GV-12435,939.26,4866.15,-1203.87,-11.3277
GV-12436,985.06,4855.85,-1201.91,-11.5208
GV-12437,1022.95,4877.05,-1200.27,-11.417
GV-12438,1081.66,4864.56,-1196.29,-11.7145
GV-12439,1119.72,4860.34,-1195.82,-11.7774
GV-12440,1160.98,4877.59,-1197.18,-11.9762
GV-12441,1237.06,4887.66,-1197.83,-11.8663
GV-12442,1262.19,4863.54,-1204.17,-12.0162
GV-12443,1326.2,4879.42,-1202.67,-12.1117
GV-12444,1387.26,4873.57,-1198.08,-12.0834
GV-12445,1444.27,4861.45,-1204.89,-12.221
GV-12446,1480.08,4871.99,-1198.29,-12.361
GV-12447,1520.58,4875.28,-1203.74,-12.3345
GV-12448,1571.08,4874.96,-1202.98,-12.2997
GV-12449,1642.78,4889.4,-1204.97,-12.4036
GV-12450,1694.21,4857.38,-1196.57,-12.4437
GV-12451,1729.43,4887.07,-1197.49,-12.6102
GV-12452,1760.55,4871.55,-1197.31,-12.6786
GV-12453,1808.23,4880.97,-1197.59,-12.7588
GV-12454,1887.86,4890.89,-1197.03,-12.6546
GV-12455,1935.47,4875.59,-1199.03,-12.9004
GV-12456,1990.21,4886.05,-1202.39,-13.0054
GV-12457,2007.32,4855.38,-1195.36,-12.9513
GV-12458,2075.03,4881.35,-1202.31,-12.901
GV-12459,2125.72,4882.04,-1198.04,-13.0604
GV-12460,2163.59,4889.25,-1201.46,-13.2358
GV-12461,2236.99,4861.03,-1151.68,-13.3237
GV-12462,2258.32,4858.92,-1148.81,-13.316
GV-12463,2322.25,4862.38,-1147.89,-13.3236
GV-12464,2386.33,4870.29,-1102.99,-13.5164
GV-12465,2413.48,4881.53,-1096.06,-13.5697
GV-12466,2481.15,4865.24,-1045.89,-13.8082
GV-12467,2516.27,4862.09,-1045.39,-14.0361
GV-12468,2578.29,4860.92,-1000.45,-13.9192
GV-12469,2634.65,4860.82,-950.9,-14.3182
GV-12470,2690.9,4883.93,-950.23,-14.3783
GV-12471,2729.81,4867.08,-895.93,-14.4024
GV-12472,2762.39,4858.96,-849.58,-14.547
GV-12473,2836.04,4889.28,-795.84,-14.7883
GV-12474,2892.13,4872.16,-747.52,-14.7514
GV-12475,2913.27,4859.59,-748.3,-15.038
GV-12476,2959.4,4867.25,-704.77,-15.0292
GV-12477,3023.46,4887.77,-649.86,-15.4122
GV-12478,3091.39,4855.24,-653.4,-15.5153
GV-12479,3129.94,4876.54,-600.64,-15.6018
GV-12480,3189.59,4894.07,-601.5,-15.7174
GV-12481,3243.6,4860.32,-601.24,-15.8134
GV-12482,3264.42,4858.09,-551.6,-16.1469
GV-12483,3334.41,4893.48,-554.61,-16.1345
GV-12484,3385.12,4856.81,-553.24,-16.2605
GV-12485,3440.15,4865.62,-552.93,-16.3352
GV-12486,3459.49,4857.65,-549.14,-16.2097
GV-12487,3527.95,4873.99,-546.26,-16.3468
GV-12488,3575.34,4860.3,-554.45,-16.4901
GV-12489,3620.07,4884.48,-552.63,-16.6487
GV-12490,3675.77,4890.81,-550.53,-16.6561
GV-12491,3733.77,4888.19,-550.52,-16.5295
GV-12492,3794.11,4875.63,-546.73,-16.3711
GV-12493,3809.87,4863.93,-553.28,-16.5691
GV-12494,3877.67,4864.76,-551.02,-16.5982
GV-12495,3937.18,4893.65,-551.66,-16.4812
GV-12496,3991.25,4888.22,-553.0,-16.4816
GV-12497,4020.84,4866.47,-551.52,-16.6328
GV-12498,4055.28,4859.88,-548.02,-16.5204
GV-12499,4132.13,4868.48,-545.83,-16.5492
GV-12500,4162.15,4879.81,-546.98,-16.4077
GV-12501,4221.11,4876.52,-549.19,-16.2337
GV-12502,4273.27,4855.33,-548.09,-16.4949
GV-12503,4342.3,4859.18,-551.41,-16.4288
GV-12504,4394.71,4877.1,-498.51,-16.3648
GV-12505,4430.67,4867.8,-499.58,-16.2772
GV-12506,4474.77,4894.76,-504.12,-16.4853
GV-12507,4506.04,4872.47,-497.92,-16.4459
GV-12508,4561.4,4860.46,-495.01,-16.2837
GV-12509,4634.84,4876.6,-495.64,-16.5986
GV-12510,4691.93,4856.61,-447.78,-16.5261
GV-12511,4723.55,4867.5,-449.09,-16.5486
GV-12512,4784.08,4879.27,-445.57,-16.3926
GV-12513,4806.41,4873.46,-454.68,-16.3763
GV-12514,4869.68,4875.5,-395.33,-16.1853
GV-12515,4929.36,4881.61,-403.24,-16.4263
GV-12516,4990.64,4864.54,-404.75,-16.401
GV-12517,5020.18,4875.82,-397.6,-16.2744
GV-12518,5081.5,4883.78,-402.15,-16.0874
GV-12519,5105.79,4892.84,-401.3,-16.1439
GV-12520,5174.26,4855.95,-346.68,-16.156
GV-12521,5239.46,4871.13,-348.09,-15.873
GV-12522,5267.4,4886.78,-350.16,-15.8372
GV-12523,5337.12,4868.88,-345.81,-15.5677
GV-12524,5394.82,4869.69,-348.08,-15.3929
GV-12525,5435.96,4878.11,-396.48,-15.0628
GV-12526,5457.14,4870.2,-398.11,-14.7375
GV-12527,5505.1,4874.77,-396.71,-14.3478
GV-12528,5591.77,4872.53,-397.37,-14.2038
GV-12529,5636.26,4876.41,-401.1,-13.7676
GV-12530,5662.09,4875.57,-398.64,-13.5895
GV-12531,5723.53,4886.11,-449.91,-13.2161
GV-12532,5779.44,4889.5,-446.69,-12.9418
GV-12533,5808.6,4876.94,-447.38,-12.3759
GV-12534,5875.91,4879.49,-503.32,-11.9836
GV-12535,5915.4,4873.15,-501.07,-11.4893
GV-12536,5972.9,4887.69,-496.22,-11.0773
GV-12537,6016.86,4855.13,-548.37,-10.6038
GV-12538,6080.4,4891.04,-547.0,-10.2094
GV-12539,6132.11,4878.22,-545.92,-9.8517
GV-12540,6192.98,4877.67,-604.81,-9.4217
GV-12541,6224.99,4856.55,-598.69,-8.8363
GV-12542,6258.25,4871.19,-599.33,-8.4455
GV-12543,6335.28,4867.44,-652.26,-7.9617
GV-12544,6385.41,4872.82,-654.57,-7.544
GV-12545,38.22,4915.2,-1003.86,-8.9908
GV-12546,55.1,4913.31,-1047.98,-9.0988
GV-12547,128.32,4910.43,-1048.65,-9.3686
GV-12548,157.77,4938.48,-1104.58,-9.4848
GV-12549,206.34,4913.45,-1146.66,-9.6083
GV-12550,291.44,4931.92,-1148.93,-9.9061
GV-12551,310.56,4908.28,-1200.65,-9.9816
GV-12552,381.93,4931.36,-1251.39,-10.0871
GV-12553,420.63,4919.02,-1253.49,-10.1494
GV-12554,476.28,4920.12,-1299.99,-10.3544
GV-12555,507.71,4935.01,-1254.97,-10.4773
GV-12556,576.0,4928.17,-1247.78,-10.6769
GV-12557,628.13,4905.2,-1250.21,-10.764
GV-12558,662.22,4907.0,-1245.98,-10.8842
GV-12559,732.38,4942.72,-1254.83,-11.0663
GV-12560,779.19,4905.83,-1195.52,-11.0255
GV-12561,843.0,4941.66,-1195.11,-11.0906
GV-12562,881.61,4914.86,-1203.62,-11.3207
GV-12563,928.74,4939.17,-1202.84,-11.2562
GV-12564,966.28,4912.35,-1196.73,-11.5154
GV-12565,1012.95,4922.0,-1203.11,-11.4322
GV-12566,1071.69,4934.81,-1200.96,-11.6476
GV-12567,1109.0,4918.69,-1197.58,-11.6122
GV-12568,1155.5,4911.7,-1204.15,-11.8166
GV-12569,1242.34,4934.64,-1204.44,-11.8074
GV-12570,1260.7,4917.07,-1195.53,-11.9059
GV-12571,1335.06,4919.04,-1199.64,-11.8335
GV-12572,1373.84,4911.99,-1203.28,-11.8934
GV-12573,1419.78,4914.32,-1200.05,-12.1921
GV-12574,1463.9,4943.49,-1196.59,-12.2863
GV-12575,1525.32,4936.89,-1195.93,-12.1726
GV-12576,1592.54,4935.98,-1197.71,-12.4099
GV-12577,1615.24,4923.65,-1198.7,-12.6453
GV-12578,1674.01,4924.48,-1199.6,-12.4478
GV-12579,1714.7,4928.55,-1202.17,-12.6361
GV-12580,1768.49,4909.54,-1200.53,-12.509
GV-12581,1812.66,4918.02,-1203.22,-12.4923
GV-12582,1883.71,4906.52,-1200.87,-12.7624
GV-12583,1924.86,4919.24,-1204.63,-12.8035
GV-12584,1985.79,4910.44,-1204.24,-12.9707
GV-12585,2034.35,4926.25,-1202.17,-13.0227
GV-12586,2080.72,4935.95,-1204.05,-12.9246
GV-12587,2134.1,4935.23,-1203.26,-13.0337
GV-12588,2184.17,4939.1,-1153.16,-13.3336
GV-12589,2229.67,4934.91,-1154.41,-13.2071
GV-12590,2265.67,4935.46,-1145.23,-13.5192
GV-12591,2305.56,4926.17,-1103.2,-13.6274
GV-12592,2383.75,4939.26,-1100.91,-13.5751
GV-12593,2424.99,4935.61,-1049.17,-13.6743
GV-12594,2462.07,4939.67,-1047.83,-13.6883
GV-12595,2539.21,4913.0,-1003.19,-13.7721
GV-12596,2578.03,4923.48,-999.56,-13.9722
GV-12597,2638.42,4931.63,-951.69,-14.2656
GV-12598,2656.64,4930.22,-897.97,-14.1369
GV-12599,2729.05,4940.39,-847.5,-14.3968
GV-12600,2758.61,4940.07,-796.85,-14.5739
GV-12601,2807.55,4933.03,-753.39,-14.722
GV-12602,2865.32,4933.58,-750.98,-14.8579
GV-12603,2915.55,4942.57,-697.22,-15.2297
GV-12604,2988.8,4908.39,-649.56,-15.2429
GV-12605,3024.33,4931.8,-651.37,-15.3939
GV-12606,3094.23,4944.67,-602.21,-15.5039
GV-12607,3109.24,4906.83,-603.22,-15.6055
GV-12608,3193.29,4918.68,-599.88,-15.8088
GV-12609,3238.11,4923.54,-550.55,-15.7871
GV-12610,3269.66,4928.8,-545.99,-16.0063
GV-12611,3328.11,4938.87,-548.05,-16.1667
GV-12612,3391.15,4909.7,-553.76,-16.317
GV-12613,3442.08,4941.24,-545.35,-16.2983
GV-12614,3460.62,4942.63,-498.28,-16.5025
GV-12615,3540.1,4908.16,-499.15,-16.5107
GV-12616,3594.66,4917.28,-502.95,-16.6284
GV-12617,3618.31,4917.66,-497.73,-16.5216
GV-12618,3694.37,4928.06,-503.68,-16.4821
GV-12619,3744.35,4911.15,-501.13,-16.6929
GV-12620,3783.88,4907.95,-500.59,-16.5483
GV-12621,3821.73,4915.93,-502.35,-16.5457
GV-12622,3882.74,4916.09,-499.44,-16.6182
GV-12623,3924.77,4930.64,-504.62,-16.5052
GV-12624,3963.5,4933.19,-550.13,-16.5269
GV-12625,4026.93,4915.95,-552.15,-16.4667
GV-12626,4081.54,4913.62,-554.97,-16.4824
GV-12627,4117.6,4910.18,-547.49,-16.5241
GV-12628,4191.2,4936.81,-550.41,-16.526
GV-12629,4214.89,4943.98,-496.81,-16.2763
GV-12630,4256.87,4911.84,-497.34,-16.3268
GV-12631,4324.74,4911.74,-504.56,-16.3711
GV-12632,4361.85,4907.54,-499.02,-16.4821
GV-12633,4431.67,4929.11,-497.79,-16.4917
GV-12634,4462.96,4928.2,-496.35,-16.3956
GV-12635,4522.81,4915.95,-499.8,-16.3364
GV-12636,4591.47,4917.82,-454.53,-16.308
GV-12637,4608.2,4938.49,-452.44,-16.4506
GV-12638,4674.73,4925.5,-454.27,-16.5063
GV-12639,4716.72,4923.28,-452.4,-16.4707
GV-12640,4784.39,4933.04,-447.63,-16.3522
GV-12641,4843.44,4933.36,-401.51,-16.2277
GV-12642,4892.34,4931.9,-401.82,-16.2866
GV-12643,4941.45,4921.7,-395.95,-16.245
GV-12644,4975.43,4942.35,-399.37,-16.232
GV-12645,5024.25,4910.0,-403.8,-16.3725
GV-12646,5079.13,4912.67,-404.81,-16.194
GV-12647,5140.52,4935.6,-346.16,-16.3824
GV-12648,5189.43,4912.94,-346.52,-16.1154
GV-12649,5213.74,4927.01,-345.66,-15.9707
GV-12650,5275.65,4910.52,-350.37,-15.6682
GV-12651,5333.59,4921.07,-351.71,-15.4637
GV-12652,5363.78,4939.43,-348.5,-15.3899
GV-12653,5425.85,4906.54,-404.72,-14.8749
GV-12654,5456.21,4937.86,-395.1,-14.6888
GV-12655,5512.01,4910.55,-398.52,-14.3313
GV-12656,5564.08,4929.44,-404.42,-14.0895
GV-12657,5623.19,4936.87,-398.0,-13.6098
GV-12658,5670.33,4908.01,-446.6,-13.2858
GV-12659,5714.15,4908.37,-452.77,-12.8842
GV-12660,5772.48,4938.87,-454.15,-12.6847
GV-12661,5840.05,4916.2,-452.72,-12.2245
GV-12662,5859.29,4944.1,-499.08,-11.7469
GV-12663,5914.1,4914.44,-498.65,-11.3433
GV-12664,5966.12,4941.61,-500.6,-11.0734
GV-12665,6038.8,4933.9,-546.29,-10.6228
GV-12666,6062.93,4905.93,-548.99,-10.1349
GV-12667,6135.49,4940.62,-554.37,-9.6358
GV-12668,6164.46,4932.08,-595.25,-9.1999
GV-12669,6233.25,4931.51,-595.87,-8.7202
GV-12670,6287.4,4908.81,-599.67,-8.5441
GV-12671,6320.32,4924.41,-650.46,-7.805
GV-12672,6391.93,4944.33,-648.5,-7.5355
GV-12673,23.15,4979.73,-1046.6,-8.7528
GV-12674,76.75,4984.39,-1054.76,-9.2673
GV-12675,142.7,4963.87,-1099.6,-9.2289
GV-12676,168.75,4990.64,-1147.72,-9.3241
GV-12677,231.37,4984.21,-1149.13,-9.5099
GV-12678,261.06,4972.91,-1195.74,-9.8209
GV-12679,320.92,4960.53,-1250.16,-10.0052
GV-12680,368.61,4981.29,-1250.43,-10.1942
GV-12681,440.18,4976.51,-1248.24,-10.2173
GV-12682,471.13,4959.8,-1252.87,-10.4093
GV-12683,507.94,4987.19,-1246.75,-10.4287
GV-12684,574.11,4965.93,-1247.96,-10.6035
GV-12685,620.88,4956.45,-1246.33,-10.7529
GV-12686,673.85,4967.57,-1249.74,-10.7757
GV-12687,712.05,4967.64,-1201.53,-11.0422
GV-12688,794.42,4973.56,-1203.55,-10.9954
GV-12689,836.76,4958.39,-1197.79,-11.1393
GV-12690,885.42,4963.49,-1196.27,-11.3431
GV-12691,921.68,4958.57,-1198.79,-11.3087
GV-12692,961.42,4988.09,-1199.48,-11.6938
GV-12693,1006.94,4981.96,-1199.19,-11.5865
GV-12694,1064.24,4965.56,-1195.42,-11.6387
GV-12695,1117.68,4975.3,-1202.35,-11.5919
GV-12696,1185.21,4983.5,-1202.99,-11.8818
GV-12697,1216.15,4976.17,-1204.45,-11.828
GV-12698,1259.52,4972.85,-1197.34,-11.8451
GV-12699,1332.57,4967.7,-1203.1,-11.8509
GV-12700,1365.6,4982.57,-1203.52,-12.2125
GV-12701,1430.49,4979.79,-1203.26,-12.2536
GV-12702,1478.79,4969.47,-1199.4,-12.2858
GV-12703,1537.74,4985.85,-1202.29,-12.1869
GV-12704,1581.81,4978.8,-1203.77,-12.2934
GV-12705,1628.43,4958.27,-1195.32,-12.3403
GV-12706,1672.34,4980.97,-1198.89,-12.5135
GV-12707,1717.19,4960.21,-1201.66,-12.5125
GV-12708,1792.76,4964.82,-1197.66,-12.4334
GV-12709,1827.77,4973.49,-1202.25,-12.5841
GV-12710,1881.92,4991.98,-1203.71,-12.6483
GV-12711,1935.75,4984.67,-1195.41,-12.8827
GV-12712,1956.74,4980.23,-1198.73,-12.8404
GV-12713,2044.16,4980.46,-1200.64,-12.824
GV-12714,2078.98,4973.72,-1150.16,-12.9347
GV-12715,2124.76,4958.16,-1147.71,-13.154
GV-12716,2177.86,4992.14,-1151.65,-13.1765
GV-12717,2209.81,4977.11,-1154.72,-13.4042
GV-12718,2255.69,4962.89,-1104.29,-13.3261
GV-12719,2341.94,4985.34,-1104.04,-13.6145
GV-12720,2370.38,4993.36,-1052.16,-13.6152
GV-12721,2414.51,4976.39,-1050.63,-13.8392
GV-12722,2479.14,4975.6,-997.81,-13.8169
GV-12723,2512.9,4994.47,-1000.93,-13.9379
GV-12724,2572.63,4972.68,-946.91,-14.0559
GV-12725,2610.03,4991.83,-898.94,-14.3468
GV-12726,2664.52,4972.86,-852.94,-14.3546
GV-12727,2708.95,4985.61,-799.13,-14.7272
GV-12728,2784.03,4981.41,-752.99,-14.7176
GV-12729,2817.25,4960.86,-749.69,-14.8141
GV-12730,2893.38,4992.2,-702.3,-15.0736
GV-12731,2944.28,4988.02,-652.7,-15.1979
GV-12732,2960.79,4981.24,-651.28,-15.3489
GV-12733,3016.22,4981.48,-596.74,-15.4548
GV-12734,3081.22,4987.37,-603.97,-15.686
GV-12735,3117.23,4988.98,-552.33,-15.7487
GV-12736,3165.63,4994.29,-554.52,-15.8229
GV-12737,3211.86,4974.71,-551.13,-16.0023
GV-12738,3273.99,4960.9,-548.73,-16.1941
GV-12739,3318.25,4974.89,-548.46,-16.3348
GV-12740,3373.73,4965.73,-502.82,-16.2949
GV-12741,3413.91,4980.31,-499.45,-16.3655
GV-12742,3475.13,4979.89,-503.5,-16.3238
GV-12743,3507.51,4991.85,-495.01,-16.6782
GV-12744,3585.98,4987.45,-495.37,-16.5487
GV-12745,3620.85,4977.52,-499.3,-16.6595
GV-12746,3676.95,4966.16,-498.75,-16.6141
GV-12747,3738.4,4973.68,-496.24,-16.5098
GV-12748,3790.19,4972.11,-499.08,-16.525
GV-12749,3826.99,4983.51,-499.58,-16.5078
GV-12750,3857.9,4961.22,-501.08,-16.5969
GV-12751,3909.31,4973.48,-503.82,-16.697
GV-12752,3994.03,4987.99,-498.94,-16.652
GV-12753,4027.0,4979.59,-496.27,-16.5145
GV-12754,4074.13,4978.97,-500.88,-16.31
GV-12755,4132.42,4987.8,-497.74,-16.6389
GV-12756,4179.06,4984.46,-495.71,-16.5641
GV-12757,4214.62,4968.15,-497.72,-16.4629
GV-12758,4273.28,4959.7,-500.99,-16.3808
GV-12759,4314.89,4990.59,-500.62,-16.4505
GV-12760,4358.34,4979.62,-499.67,-16.0725
GV-12761,4415.67,4973.07,-503.58,-16.3985
GV-12762,4469.27,4994.65,-502.28,-16.418
GV-12763,4507.16,4964.99,-445.12,-16.432
GV-12764,4581.27,4958.26,-448.06,-16.3579
GV-12765,4635.91,4976.33,-449.5,-16.4461
GV-12766,4662.11,4978.98,-448.94,-16.3041
GV-12767,4741.61,4964.14,-452.02,-16.6003
GV-12768,4790.65,4974.5,-396.09,-16.5288
GV-12769,4822.63,4965.49,-399.33,-16.3902
GV-12770,4872.73,4967.13,-398.23,-16.5622
GV-12771,4915.37,4973.65,-399.4,-16.2877
GV-12772,4990.59,4970.59,-396.41,-16.4914
GV-12773,5008.07,4967.91,-352.43,-16.3074
GV-12774,5071.73,4963.92,-353.66,-16.3412
GV-12775,5144.54,4977.31,-352.16,-16.1625
GV-12776,5162.61,4986.62,-347.52,-15.9813
GV-12777,5244.02,4976.04,-346.6,-15.7807
GV-12778,5284.39,4961.86,-345.69,-15.6472
GV-12779,5327.75,4965.17,-354.13,-15.3574
GV-12780,5368.47,4967.06,-397.56,-15.0463
GV-12781,5437.58,4968.09,-398.96,-14.7653
GV-12782,5461.64,4960.18,-398.04,-14.5852
GV-12783,5529.17,4981.15,-397.06,-14.2735
GV-12784,5580.26,4969.6,-397.42,-13.8679
GV-12785,5639.03,4963.06,-448.46,-13.53
GV-12786,5683.37,4964.68,-449.66,-13.1723
GV-12787,5705.07,4961.45,-450.92,-12.8808
GV-12788,5756.31,4955.97,-445.39,-12.4648
GV-12789,5810.74,4980.86,-501.78,-11.8891
GV-12790,5857.98,4973.22,-503.4,-11.5921
GV-12791,5905.42,4991.65,-496.27,-11.2665
GV-12792,5993.61,4969.85,-549.14,-10.8682
GV-12793,6032.28,4975.9,-554.53,-10.416
GV-12794,6062.7,4956.29,-545.5,-9.9132
GV-12795,6115.69,4976.7,-602.09,-9.4497
GV-12796,6166.29,4969.06,-604.38,-9.0826
GV-12797,6244.48,4962.7,-602.05,-8.5627
GV-12798,6289.44,4967.49,-654.51,-8.01
GV-12799,6319.79,4962.03,-652.42,-7.6609
GV-12800,6361.49,4982.44,-650.1,-7.189
GV-12801,39.87,5011.94,-1053.87,-8.9086
GV-12802,80.3,5016.52,-1095.23,-9.0687
GV-12803,112.51,5026.5,-1151.56,-9.0573
GV-12804,166.75,5020.48,-1153.27,-9.5395
GV-12805,230.89,5030.63,-1199.07,-9.6847
GV-12806,291.99,5041.33,-1248.53,-9.5327
GV-12807,325.63,5040.17,-1253.59,-9.8712
GV-12808,365.77,5021.92,-1249.28,-10.0924
GV-12809,410.29,5043.07,-1253.99,-10.312
GV-12810,465.19,5041.48,-1252.0,-10.2815
GV-12811,511.47,5008.28,-1254.52,-10.5442
GV-12812,576.64,5011.56,-1251.85,-10.6101
GV-12813,606.46,5038.76,-1198.6,-10.6304
GV-12814,682.76,5018.98,-1198.24,-10.976
GV-12815,736.61,5026.27,-1195.87,-10.9386
GV-12816,772.97,5036.13,-1198.96,-11.1767
GV-12817,813.04,5018.86,-1196.18,-11.1139
GV-12818,874.84,5015.64,-1199.78,-11.3099
GV-12819,909.35,5039.29,-1200.65,-11.4633
GV-12820,960.14,5033.69,-1146.28,-11.469
GV-12821,1005.67,5043.14,-1149.59,-11.4297
GV-12822,1068.43,5029.0,-1150.97,-11.6611
GV-12823,1130.68,5020.32,-1149.59,-11.5281
GV-12824,1169.63,5022.37,-1153.57,-11.8825
GV-12825,1231.04,5015.16,-1149.99,-11.7995
GV-12826,1285.76,5013.7,-1150.71,-11.9423
GV-12827,1315.58,5044.37,-1147.38,-12.028
GV-12828,1373.42,5036.81,-1153.76,-11.9862
GV-12829,1430.96,5022.61,-1154.05,-11.9716
GV-12830,1490.63,5043.07,-1151.59,-12.2187
GV-12831,1514.48,5021.29,-1196.71,-12.2981
GV-12832,1563.91,5016.0,-1201.83,-12.3107
GV-12833,1616.9,5015.82,-1197.64,-12.3176
GV-12834,1679.13,5028.61,-1198.25,-12.4165
GV-12835,1710.26,5017.65,-1200.96,-12.5934
GV-12836,1790.94,5017.92,-1198.19,-12.4958
GV-12837,1828.09,5040.58,-1201.96,-12.7015
GV-12838,1865.1,5017.13,-1202.79,-12.6722
GV-12839,1931.41,5011.97,-1203.68,-12.7819
GV-12840,1980.44,5020.75,-1150.21,-12.7559
GV-12841,2038.79,5020.31,-1149.11,-13.1404
GV-12842,2077.97,5015.5,-1146.55,-13.035
GV-12843,2141.01,5006.4,-1149.5,-13.0804
GV-12844,2161.56,5037.8,-1151.01,-13.2883
GV-12845,2222.36,5020.08,-1103.47,-13.2755
GV-12846,2284.18,5023.89,-1104.45,-13.5478
GV-12847,2329.94,5018.21,-1048.65,-13.4121
GV-12848,2375.05,5031.83,-1051.0,-13.5781
GV-12849,2421.47,5006.82,-996.83,-13.7072
GV-12850,2485.16,5010.63,-950.97,-13.9862
GV-12851,2534.19,5036.82,-950.18,-14.0254
GV-12852,2568.23,5041.42,-900.6,-14.2193
GV-12853,2627.17,5019.11,-854.81,-14.2951
GV-12854,2679.78,5028.92,-797.86,-14.4764
GV-12855,2707.11,5013.43,-751.12,-14.654
GV-12856,2768.98,5005.72,-754.94,-14.797
GV-12857,2808.46,5041.37,-695.06,-15.0101
GV-12858,2858.9,5040.98,-646.96,-15.1129
GV-12859,2936.93,5037.28,-650.44,-15.2878
GV-12860,2974.98,5014.79,-596.12,-15.3658
GV-12861,3017.31,5027.63,-600.49,-15.7179
GV-12862,3064.41,5031.03,-546.01,-15.664
GV-12863,3122.04,5007.95,-546.65,-15.9906
GV-12864,3174.1,5040.94,-553.96,-16.0133
GV-12865,3215.38,5014.07,-545.72,-15.9717
GV-12866,3258.97,5027.2,-495.23,-16.2831
GV-12867,3307.57,5036.78,-498.52,-16.2901
GV-12868,3393.22,5038.65,-498.09,-16.4687
GV-12869,3442.83,5006.68,-496.55,-16.4331
GV-12870,3486.68,5040.0,-504.17,-16.565
GV-12871,3542.88,5019.05,-495.28,-16.5929
GV-12872,3569.44,5014.92,-496.74,-16.4733
GV-12873,3623.94,5029.36,-503.87,-16.5271
GV-12874,3672.38,5026.6,-504.3,-16.7419
GV-12875,3737.16,5028.17,-500.3,-16.6295
GV-12876,3793.4,5031.78,-502.63,-16.5905
GV-12877,3831.27,5025.06,-496.85,-16.6635
GV-12878,3867.57,5007.67,-498.11,-16.3949
GV-12879,3941.41,5038.82,-500.5,-16.5615
GV-12880,3965.76,5035.64,-498.2,-16.5551
GV-12881,4008.26,5009.49,-499.77,-16.7062
GV-12882,4057.0,5031.15,-498.21,-16.5704
GV-12883,4121.79,5037.89,-502.11,-16.3928
GV-12884,4171.01,5033.6,-496.96,-16.3614
GV-12885,4230.26,5040.13,-496.8,-16.2703
GV-12886,4261.78,5012.04,-495.17,-16.5151
GV-12887,4338.67,5041.95,-504.47,-16.4828
GV-12888,4392.73,5038.53,-496.57,-16.4333
GV-12889,4417.48,5031.79,-503.57,-16.4783
GV-12890,4474.03,5028.84,-448.22,-16.394
GV-12891,4532.29,5032.35,-451.21,-16.4262
GV-12892,4566.69,5016.76,-448.6,-16.4275
GV-12893,4632.44,5007.46,-450.07,-16.4172
GV-12894,4664.01,5017.26,-401.2,-16.4751
GV-12895,4724.57,5008.65,-402.02,-16.4224
GV-12896,4767.51,5040.99,-395.78,-16.4098
GV-12897,4833.22,5042.57,-396.28,-16.5252
GV-12898,4883.16,5039.93,-397.91,-16.3406
GV-12899,4923.31,5006.53,-404.93,-16.2965
GV-12900,4956.21,5039.84,-354.89,-16.4765
GV-12901,5037.44,5021.25,-348.63,-16.2673
GV-12902,5062.2,5038.43,-352.78,-16.3274
GV-12903,5113.6,5024.4,-354.59,-16.1854
GV-12904,5169.33,5040.21,-347.79,-15.7728
GV-12905,5213.45,5042.36,-354.5,-15.6525
GV-12906,5285.18,5031.83,-353.04,-15.4798
GV-12907,5309.26,5031.38,-354.99,-15.2507
GV-12908,5379.45,5026.42,-400.94,-15.0788
GV-12909,5436.41,5012.28,-400.23,-14.5986
GV-12910,5488.86,5028.56,-400.56,-14.1136
GV-12911,5539.05,5012.46,-401.62,-13.8872
GV-12912,5564.61,5008.67,-397.89,-13.5767
GV-12913,5608.65,5040.03,-453.66,-13.179
GV-12914,5673.42,5018.66,-451.58,-13.1058
GV-12915,5723.01,5026.75,-447.02,-12.5455
GV-12916,5768.49,5014.61,-504.3,-12.3429
GV-12917,5808.97,5009.84,-497.59,-11.7932
GV-12918,5857.38,5044.16,-495.94,-11.2939
GV-12919,5940.75,5017.46,-554.81,-10.9519
GV-12920,5987.48,5011.52,-550.76,-10.6394
GV-12921,6017.22,5025.49,-553.79,-10.1453
GV-12922,6059.43,5012.79,-597.45,-9.8531
GV-12923,6128.85,5012.15,-599.87,-9.3399
GV-12924,6194.01,5042.25,-595.7,-8.8595
GV-12925,6243.15,5041.72,-645.78,-8.5533
GV-12926,6276.95,5026.46,-654.54,-7.8408
GV-12927,6335.82,5024.48,-646.2,-7.7067
GV-12928,6387.76,5016.81,-650.13,-7.1649
GV-12929,15.5,5058.47,-1095.51,-8.8979
GV-12930,80.49,5087.69,-1145.37,-9.0925
GV-12931,141.15,5090.83,-1153.2,-9.2383
GV-12932,168.51,5092.18,-1202.85,-9.4642
GV-12933,206.69,5090.24,-1251.17,-9.5024
GV-12934,260.96,5068.99,-1247.04,-9.7031
GV-12935,318.33,5057.59,-1254.5,-9.8406
GV-12936,364.19,5088.18,-1245.98,-10.0874
GV-12937,442.72,5073.27,-1248.35,-10.2333
GV-12938,488.02,5087.2,-1245.97,-10.3299
GV-12939,540.01,5093.96,-1204.15,-10.3501
GV-12940,593.99,5094.15,-1204.39,-10.2378
GV-12941,608.61,5074.64,-1204.09,-10.5625
GV-12942,669.94,5066.48,-1196.73,-10.9566
GV-12943,739.4,5067.41,-1202.13,-10.9209
GV-12944,791.21,5059.11,-1203.17,-11.0501
GV-12945,829.14,5061.15,-1150.19,-11.1079
GV-12946,883.74,5075.24,-1153.81,-11.1001
GV-12947,936.51,5062.72,-1149.42,-11.3094
GV-12948,977.12,5056.47,-1154.42,-11.4906
GV-12949,1032.72,5077.12,-1152.26,-11.5031
GV-12950,1062.43,5071.69,-1146.18,-11.7191
GV-12951,1122.23,5089.46,-1147.72,-11.6045
GV-12952,1158.75,5064.79,-1145.22,-11.7719
GV-12953,1217.88,5062.66,-1146.79,-11.9077
GV-12954,1277.03,5058.49,-1153.72,-12.0211
GV-12955,1333.18,5093.62,-1147.8,-11.9952
GV-12956,1370.38,5059.26,-1153.54,-12.0265
GV-12957,1409.57,5056.26,-1151.6,-12.0593
GV-12958,1456.13,5081.86,-1152.97,-12.1507
GV-12959,1533.33,5068.88,-1153.6,-12.193
GV-12960,1590.31,5079.76,-1153.63,-12.3992
GV-12961,1636.46,5060.68,-1151.08,-12.3715
GV-12962,1668.5,5078.28,-1146.7,-12.2933
GV-12963,1737.13,5058.43,-1145.19,-12.5764
GV-12964,1772.91,5069.5,-1152.39,-12.6403
GV-12965,1819.88,5089.54,-1147.77,-12.5748
GV-12966,1880.31,5064.06,-1148.14,-12.8589
GV-12967,1936.23,5094.55,-1150.28,-12.943
GV-12968,1973.09,5069.11,-1154.37,-12.9405
GV-12969,2027.68,5076.44,-1152.12,-12.9021
GV-12970,2056.8,5084.58,-1146.34,-12.8921
GV-12971,2131.33,5057.62,-1096.42,-13.2172
GV-12972,2169.72,5084.94,-1102.42,-13.3363
GV-12973,2230.98,5057.58,-1102.83,-13.2751
GV-12974,2292.69,5056.14,-1052.88,-13.414
GV-12975,2317.88,5073.84,-1047.44,-13.4919
GV-12976,2355.22,5065.98,-1003.65,-13.783
GV-12977,2421.66,5074.07,-951.5,-13.773
GV-12978,2456.81,5073.85,-946.68,-13.8537
GV-12979,2523.28,5076.17,-895.54,-14.0265
GV-12980,2564.67,5078.4,-846.0,-14.2192
GV-12981,2642.22,5069.49,-799.23,-14.4625
GV-12982,2694.59,5092.25,-797.35,-14.3691
GV-12983,2720.9,5091.59,-749.09,-14.4926
GV-12984,2772.5,5089.7,-697.61,-14.7452
GV-12985,2807.14,5084.49,-653.36,-15.087
GV-12986,2873.91,5075.58,-651.01,-14.9623
GV-12987,2910.57,5077.94,-595.49,-15.2948
GV-12988,2966.72,5059.38,-596.38,-15.4989
GV-12989,3031.06,5084.34,-552.67,-15.686
GV-12990,3074.35,5063.22,-546.47,-15.8273
GV-12991,3123.14,5062.2,-551.29,-15.8574
GV-12992,3194.24,5094.89,-502.39,-16.1232
GV-12993,3209.3,5071.44,-504.69,-16.2492
GV-12994,3287.72,5066.78,-500.01,-16.338
GV-12995,3328.29,5065.99,-499.4,-16.392
GV-12996,3376.31,5056.02,-501.5,-16.4558
GV-12997,3439.17,5091.48,-499.59,-16.543
GV-12998,3483.77,5090.34,-499.81,-16.6626
GV-12999,3514.49,5067.86,-500.15,-16.6793
GV-13000,3559.1,5057.49,-503.08,-16.5946
GV-13001,3608.45,5072.5,-497.68,-16.4824
GV-13002,3691.98,5074.58,-497.45,-16.6956
GV-13003,3723.88,5065.87,-501.05,-16.6134
GV-13004,3792.32,5056.59,-502.85,-16.3833
GV-13005,3833.87,5070.41,-500.48,-16.5132
GV-13006,3855.81,5078.93,-502.13,-16.4524
GV-13007,3916.47,5076.32,-496.55,-16.5307
GV-13008,3993.36,5093.46,-499.92,-16.4677
GV-13009,4040.8,5087.47,-500.54,-16.537
GV-13010,4092.44,5067.81,-496.96,-16.5513
GV-13011,4123.2,5094.05,-500.84,-16.6586
GV-13012,4160.03,5063.95,-499.64,-16.387
GV-13013,4214.02,5082.47,-501.96,-16.3767
GV-13014,4289.32,5079.54,-503.89,-16.4389
GV-13015,4305.6,5063.95,-499.59,-16.3713
GV-13016,4358.66,5094.2,-453.36,-16.3501
GV-13017,4444.62,5091.09,-453.95,-16.4756
GV-13018,4490.67,5084.89,-451.04,-16.3376
GV-13019,4544.43,5065.01,-451.41,-16.4197
GV-13020,4587.84,5092.85,-447.35,-16.6119
GV-13021,4613.75,5075.99,-395.81,-16.4818
GV-13022,4673.81,5087.24,-396.48,-16.5263
GV-13023,4733.18,5089.61,-397.37,-16.3885
GV-13024,4779.95,5075.89,-403.87,-16.5047
GV-13025,4833.79,5068.71,-397.61,-16.3111
GV-13026,4864.81,5093.56,-352.01,-16.5466
GV-13027,4912.84,5082.63,-345.5,-16.5458
GV-13028,4972.51,5068.86,-347.18,-16.4109
GV-13029,5033.6,5061.65,-354.68,-16.292
GV-13030,5081.61,5085.8,-350.69,-16.0696
GV-13031,5114.69,5075.94,-345.71,-15.8835
GV-13032,5155.37,5073.74,-353.22,-15.7288
GV-13033,5205.35,5055.13,-350.24,-15.6697
GV-13034,5280.07,5093.41,-345.89,-15.2667
GV-13035,5327.56,5055.19,-400.21,-15.2226
GV-13036,5380.24,5084.44,-402.24,-14.8641
GV-13037,5420.05,5087.91,-398.4,-14.4713
GV-13038,5492.02,5064.72,-402.31,-14.088
GV-13039,5523.31,5083.52,-403.07,-13.7451
GV-13040,5591.81,5070.58,-449.33,-13.5963
GV-13041,5635.49,5070.71,-452.63,-13.2268
GV-13042,5665.35,5069.81,-449.41,-12.8158
GV-13043,5708.61,5057.54,-501.29,-12.5049
GV-13044,5755.41,5060.14,-495.88,-11.9584
GV-13045,5824.75,5059.58,-499.89,-11.6403
GV-13046,5878.92,5076.49,-552.93,-11.1036
GV-13047,5917.79,5081.8,-549.39,-10.8905
GV-13048,5987.65,5064.36,-545.16,-10.1939
GV-13049,6026.62,5073.99,-601.25,-9.8241
GV-13050,6064.49,5064.79,-597.64,-9.5161
GV-13051,6126.23,5056.4,-596.24,-9.2361
GV-13052,6172.77,5074.49,-595.5,-8.6762
GV-13053,6224.66,5059.9,-651.73,-8.3287
GV-13054,6283.32,5070.01,-648.48,-7.7298
GV-13055,6342.81,5055.38,-653.51,-7.2312
GV-13056,6369.1,5082.0,-645.91,-7.0022
GV-13057,41.6,5138.12,-1151.58,-8.7833
GV-13058,94.41,5123.23,-1197.24,-9.1137
GV-13059,139.02,5120.66,-1199.1,-9.1349
GV-13060,180.42,5124.77,-1254.58,-9.3662
GV-13061,236.94,5128.87,-1246.89,-9.6117
GV-13062,284.27,5132.68,-1254.08,-9.6409
GV-13063,335.3,5106.82,-1245.83,-9.857
GV-13064,371.95,5112.98,-1245.79,-10.1264
GV-13065,421.0,5109.59,-1252.79,-10.2145
GV-13066,483.53,5125.07,-1197.4,-10.2185
GV-13067,518.98,5127.07,-1195.3,-10.398
GV-13068,578.77,5119.03,-1200.19,-10.6473
GV-13069,612.0,5139.14,-1203.93,-10.583
GV-13070,660.34,5138.63,-1203.82,-10.8722
GV-13071,725.47,5107.51,-1152.13,-10.8964
GV-13072,792.24,5110.98,-1149.66,-11.0927
GV-13073,841.43,5125.46,-1146.39,-11.378
GV-13074,891.85,5114.48,-1145.61,-11.2561
GV-13075,921.85,5118.2,-1150.74,-11.353
GV-13076,970.29,5123.78,-1145.05,-11.4491
GV-13077,1015.75,5144.22,-1152.55,-11.4053
GV-13078,1058.03,5109.93,-1154.68,-11.4961
GV-13079,1137.01,5126.77,-1151.68,-11.7407
GV-13080,1186.15,5123.83,-1150.92,-11.7306
GV-13081,1223.65,5120.27,-1152.25,-11.7954
GV-13082,1281.79,5118.04,-1152.23,-11.9764
GV-13083,1340.19,5136.36,-1150.74,-12.0037
GV-13084,1393.03,5142.67,-1148.94,-11.9314
GV-13085,1407.78,5132.23,-1150.52,-12.0528
GV-13086,1493.33,5128.88,-1148.4,-12.0783
GV-13087,1508.27,5120.66,-1153.7,-12.1683
GV-13088,1556.53,5140.69,-1148.04,-12.1174
GV-13089,1628.22,5105.38,-1152.32,-12.4199
GV-13090,1659.15,5128.54,-1150.07,-12.4431
GV-13091,1744.44,5107.31,-1152.84,-12.3785
GV-13092,1764.14,5114.96,-1154.34,-12.5532
GV-13093,1834.11,5122.92,-1149.22,-12.6496
GV-13094,1862.78,5108.57,-1153.18,-12.7129
GV-13095,1931.68,5143.58,-1152.28,-12.8664
GV-13096,1956.26,5106.33,-1148.07,-12.8379
GV-13097,2010.18,5129.83,-1150.42,-13.0373
GV-13098,2055.27,5134.84,-1099.09,-12.9209
GV-13099,2143.37,5140.99,-1103.86,-13.2127
GV-13100,2163.84,5122.15,-1099.57,-13.2547
GV-13101,2213.39,5121.31,-1054.3,-13.3683
GV-13102,2276.96,5106.58,-1050.71,-13.4338
GV-13103,2339.89,5140.31,-1001.42,-13.512
GV-13104,2366.81,5143.87,-948.78,-13.6154
GV-13105,2439.1,5139.25,-946.76,-13.8422
GV-13106,2492.8,5128.46,-902.02,-14.0299
GV-13107,2526.81,5106.17,-850.41,-14.0197
GV-13108,2577.18,5124.19,-801.93,-14.3823
GV-13109,2631.24,5106.14,-798.38,-14.2604
GV-13110,2682.44,5122.68,-747.71,-14.5892
GV-13111,2714.3,5120.51,-695.53,-14.6997
GV-13112,2774.15,5110.92,-646.55,-14.9443
GV-13113,2823.25,5112.63,-650.08,-15.0756
GV-13114,2861.07,5113.6,-599.64,-15.1008
GV-13115,2939.12,5121.82,-602.38,-15.4491
GV-13116,2956.17,5117.1,-545.5,-15.5226
GV-13117,3025.93,5120.6,-552.43,-15.6914
GV-13118,3080.89,5144.35,-548.12,-15.7749
GV-13119,3119.17,5137.36,-500.45,-15.9154
GV-13120,3182.8,5140.36,-495.82,-15.8886
GV-13121,3219.63,5133.37,-500.26,-16.1924
GV-13122,3275.64,5136.7,-498.54,-16.1701
GV-13123,3308.52,5121.88,-503.7,-16.2591
GV-13124,3393.44,5105.37,-501.2,-16.3897
GV-13125,3414.49,5114.43,-496.39,-16.4481
GV-13126,3482.03,5126.68,-502.82,-16.5551
GV-13127,3509.58,5109.31,-504.8,-16.4185
GV-13128,3588.56,5111.9,-501.56,-16.5904
GV-13129,3619.66,5117.46,-499.81,-16.5308
GV-13130,3678.11,5126.56,-502.51,-16.482
GV-13131,3728.35,5113.72,-504.85,-16.6003
GV-13132,3769.66,5128.83,-495.03,-16.5511
GV-13133,3806.1,5108.38,-503.47,-16.6075
GV-13134,3875.28,5113.79,-500.1,-16.4168
GV-13135,3912.44,5142.23,-502.53,-16.4268
GV-13136,3994.76,5142.56,-499.02,-16.5871
GV-13137,4041.74,5114.3,-496.34,-16.5104
GV-13138,4068.39,5141.69,-500.51,-16.4128
GV-13139,4120.63,5128.58,-496.58,-16.4019
GV-13140,4173.3,5142.54,-495.01,-16.515
GV-13141,4219.9,5105.01,-502.05,-16.5425
GV-13142,4258.64,5111.78,-499.54,-16.3924
GV-13143,4342.83,5114.62,-448.61,-16.4302
GV-13144,4365.17,5107.36,-452.26,-16.578
GV-13145,4423.18,5113.98,-454.91,-16.4116
GV-13146,4475.87,5144.95,-447.82,-16.3833
GV-13147,4505.36,5120.97,-450.41,-16.3838
GV-13148,4557.13,5143.72,-400.44,-16.4011
GV-13149,4621.26,5126.8,-395.34,-16.5025
GV-13150,4655.18,5110.15,-395.45,-16.4082
GV-13151,4733.05,5116.13,-400.12,-16.5422
GV-13152,4775.56,5108.65,-396.58,-16.409
GV-13153,4817.3,5105.74,-350.39,-16.4756
GV-13154,4857.12,5126.6,-348.59,-16.4081
GV-13155,4928.77,5128.93,-349.55,-16.3901
GV-13156,4973.39,5119.43,-352.68,-16.3128
GV-13157,5008.3,5117.54,-349.01,-16.2032
GV-13158,5078.57,5110.76,-348.89,-16.2294
GV-13159,5128.64,5117.4,-350.22,-15.8517
GV-13160,5165.96,5120.66,-345.33,-15.504
GV-13161,5213.42,5142.11,-349.64,-15.4293
GV-13162,5290.74,5135.94,-347.26,-15.2251
GV-13163,5342.42,5140.39,-399.6,-14.7502
GV-13164,5361.77,5144.95,-397.44,-14.5936
GV-13165,5415.98,5105.58,-398.1,-14.2292
GV-13166,5478.27,5117.07,-402.2,-13.857
GV-13167,5523.0,5131.92,-450.88,-13.5743
GV-13168,5581.31,5132.48,-450.98,-13.2368
GV-13169,5631.25,5118.02,-445.75,-12.7795
GV-13170,5662.34,5124.08,-447.61,-12.5671
GV-13171,5737.98,5123.26,-496.98,-12.0444
GV-13172,5785.28,5131.8,-498.73,-11.8376
GV-13173,5810.48,5128.98,-502.54,-11.4219
GV-13174,5880.1,5140.5,-547.44,-10.953
GV-13175,5940.1,5125.89,-549.13,-10.6872
GV-13176,5964.22,5133.28,-547.31,-10.2492
GV-13177,6014.63,5122.99,-595.58,-9.8892
GV-13178,6072.35,5125.6,-602.23,-9.3485
GV-13179,6105.71,5143.87,-599.69,-9.1179
GV-13180,6184.44,5126.01,-648.12,-8.453
GV-13181,6234.59,5121.27,-654.74,-8.1906
GV-13182,6283.66,5143.79,-645.01,-7.848
GV-13183,6342.19,5108.47,-651.21,-7.4547
GV-13184,6364.53,5105.71,-704.9,-6.9486
GV-13185,24.8,5177.06,-1099.32,-8.8322
GV-13186,86.09,5158.33,-1104.58,-9.0443
GV-13187,109.07,5175.64,-1102.22,-9.135
GV-13188,194.55,5166.29,-1153.3,-9.3219
GV-13189,241.74,5191.65,-1151.56,-9.6158
GV-13190,258.2,5165.19,-1153.33,-9.6105
GV-13191,331.37,5170.13,-1146.99,-10.0868
GV-13192,391.34,5160.74,-1197.59,-10.0189
GV-13193,411.95,5173.43,-1199.64,-10.221
GV-13194,455.85,5181.52,-1202.08,-10.3637
GV-13195,536.03,5171.18,-1199.41,-10.5157
GV-13196,565.87,5181.71,-1198.69,-10.5713
GV-13197,626.85,5165.13,-1146.58,-10.6635
GV-13198,694.43,5165.42,-1149.8,-10.9317
GV-13199,714.85,5185.32,-1148.51,-11.0895
GV-13200,790.62,5187.55,-1151.9,-11.1349
GV-13201,819.45,5158.09,-1150.55,-11.1082
GV-13202,869.53,5191.27,-1151.5,-11.3624
GV-13203,930.75,5179.77,-1150.54,-11.3478
GV-13204,969.65,5189.11,-1145.06,-11.4356
GV-13205,1015.05,5169.22,-1146.08,-11.7451
GV-13206,1073.2,5163.76,-1152.24,-11.5874
GV-13207,1124.4,5192.07,-1153.84,-11.7376
GV-13208,1170.94,5182.01,-1154.03,-11.7695
GV-13209,1234.51,5162.44,-1145.76,-11.7433
GV-13210,1263.26,5175.33,-1151.61,-11.9848
GV-13211,1305.75,5178.8,-1154.73,-12.0273
GV-13212,1366.28,5192.2,-1148.37,-12.0271
GV-13213,1443.71,5186.92,-1149.27,-12.1814
GV-13214,1457.63,5155.03,-1149.32,-12.0647
GV-13215,1535.36,5177.56,-1145.34,-12.1547
GV-13216,1562.84,5162.4,-1152.47,-12.1701
GV-13217,1621.41,5166.77,-1154.83,-12.3216
GV-13218,1681.96,5187.6,-1148.53,-12.4297
GV-13219,1720.92,5187.23,-1149.91,-12.2365
GV-13220,1768.01,5168.83,-1146.32,-12.5721
GV-13221,1810.96,5166.94,-1148.16,-12.6843
GV-13222,1887.19,5164.57,-1146.96,-12.8527
GV-13223,1907.15,5191.26,-1148.06,-12.8785
GV-13224,1970.69,5161.19,-1104.92,-12.7558
GV-13225,2022.22,5180.79,-1102.16,-13.0189
GV-13226,2056.37,5183.63,-1096.81,-13.0621
GV-13227,2122.51,5191.14,-1097.67,-13.0586
GV-13228,2170.11,5193.27,-1053.84,-13.179
GV-13229,2238.68,5168.52,-1046.19,-13.4608
GV-13230,2266.37,5169.18,-1002.63,-13.4138
GV-13231,2319.45,5184.06,-953.13,-13.6995
GV-13232,2381.24,5166.13,-950.27,-13.6898
GV-13233,2443.94,5194.79,-896.92,-13.7512
GV-13234,2455.2,5165.92,-853.01,-13.9502
GV-13235,2540.39,5187.74,-799.94,-14.1772
GV-13236,2594.65,5183.34,-795.76,-14.2684
GV-13237,2611.04,5165.85,-750.58,-14.5361
GV-13238,2678.59,5163.94,-700.22,-14.557
GV-13239,2736.8,5166.45,-645.93,-14.8067
GV-13240,2770.25,5174.74,-653.62,-15.1416
GV-13241,2834.3,5172.27,-597.11,-15.1339
GV-13242,2872.2,5187.54,-596.14,-15.175
GV-13243,2910.77,5188.17,-553.36,-15.4743
GV-13244,2981.26,5193.77,-549.12,-15.3297
GV-13245,3018.06,5156.85,-503.16,-15.6108
GV-13246,3081.25,5155.16,-496.16,-15.7616
GV-13247,3113.12,5167.7,-496.42,-15.8795
GV-13248,3156.43,5188.03,-502.21,-16.0348
GV-13249,3228.0,5175.15,-500.93,-16.1616
GV-13250,3291.42,5156.41,-496.4,-16.4337
GV-13251,3329.96,5162.12,-500.88,-16.2926
GV-13252,3393.25,5183.31,-502.75,-16.3811
GV-13253,3412.01,5169.55,-495.17,-16.4923
GV-13254,3463.39,5191.66,-500.89,-16.4993
GV-13255,3524.57,5191.03,-504.64,-16.4648
GV-13256,3576.65,5181.7,-499.35,-16.5128
GV-13257,3609.93,5162.9,-495.64,-16.4904
GV-13258,3688.6,5171.2,-501.47,-16.4408
GV-13259,3740.84,5180.49,-495.92,-16.3999
GV-13260,3759.28,5163.44,-502.13,-16.4419
GV-13261,3807.57,5176.85,-499.5,-16.3946
GV-13262,3855.92,5181.7,-497.18,-16.3699
GV-13263,3931.22,5187.24,-498.56,-16.3603
GV-13264,3981.47,5165.53,-502.34,-16.5184
GV-13265,4006.2,5185.81,-495.78,-16.4386
GV-13266,4080.21,5185.22,-500.3,-16.264
GV-13267,4128.84,5163.1,-503.66,-16.2591
GV-13268,4193.06,5159.81,-497.64,-16.3642
GV-13269,4230.25,5155.73,-449.45,-16.2923
GV-13270,4277.04,5168.29,-450.72,-16.3006
GV-13271,4324.93,5166.0,-451.84,-16.248
GV-13272,4363.5,5184.18,-450.18,-16.3722
GV-13273,4441.51,5187.13,-448.1,-16.4659
GV-13274,4485.73,5155.51,-446.22,-16.7306
GV-13275,4528.84,5165.74,-404.18,-16.5767
GV-13276,4593.14,5167.53,-403.3,-16.6753
GV-13277,4638.4,5159.6,-399.47,-16.5055
GV-13278,4657.3,5171.57,-402.81,-16.5484
GV-13279,4739.06,5158.94,-397.3,-16.4425
GV-13280,4761.19,5181.39,-349.21,-16.3365
GV-13281,4810.93,5181.38,-350.35,-16.4677
GV-13282,4859.86,5157.93,-345.29,-16.3516
GV-13283,4935.34,5190.94,-354.37,-16.1323
GV-13284,4967.04,5183.36,-349.64,-16.1086
GV-13285,5013.09,5183.46,-353.29,-16.2147
GV-13286,5070.55,5189.77,-352.01,-15.7566
GV-13287,5128.76,5162.23,-346.51,-15.7801
GV-13288,5185.26,5165.68,-345.71,-15.5031
GV-13289,5237.89,5155.24,-350.65,-15.3888
GV-13290,5283.92,5175.01,-396.02,-14.9528
GV-13291,5310.4,5167.66,-404.48,-14.4586
GV-13292,5363.93,5175.51,-401.66,-14.2772
GV-13293,5437.39,5157.61,-400.2,-13.8448
GV-13294,5457.73,5158.22,-401.63,-13.7326
GV-13295,5539.41,5161.92,-448.56,-13.1715
GV-13296,5591.56,5190.82,-447.4,-13.0687
GV-13297,5628.24,5170.84,-447.33,-12.5916
GV-13298,5676.21,5189.32,-495.37,-12.3039
GV-13299,5740.32,5192.44,-498.43,-11.9845
GV-13300,5781.9,5186.24,-498.58,-11.4889
GV-13301,5807.88,5157.83,-545.49,-11.1974
GV-13302,5862.08,5191.71,-545.02,-10.785
GV-13303,5931.11,5175.45,-548.47,-10.4226
GV-13304,5961.19,5186.24,-599.23,-10.1962
GV-13305,6044.15,5158.84,-595.72,-9.6238
GV-13306,6061.85,5167.62,-597.64,-9.1574
GV-13307,6111.53,5161.44,-648.46,-8.8672
GV-13308,6155.63,5188.94,-651.21,-8.4902
GV-13309,6232.84,5163.81,-647.44,-8.0493
GV-13310,6279.7,5194.41,-651.71,-7.7743
GV-13311,6313.04,5175.67,-702.45,-7.3117
GV-13312,6389.65,5188.71,-703.01,-6.8443
GV-13313,6.64,5238.04,-949.34,-8.8262
GV-13314,75.37,5223.92,-948.23,-8.9898
GV-13315,111.22,5225.81,-953.05,-9.2631
GV-13316,161.44,5215.82,-1000.25,-9.4256
GV-13317,219.03,5232.43,-999.53,-9.5933
GV-13318,277.27,5216.63,-1004.76,-9.9066
GV-13319,306.29,5242.29,-1049.26,-9.7944
GV-13320,370.15,5230.52,-1047.88,-10.1386
GV-13321,438.03,5213.1,-1050.23,-10.2235
GV-13322,491.89,5238.24,-1052.35,-10.2927
GV-13323,524.15,5230.28,-1095.85,-10.4292
GV-13324,590.23,5239.84,-1099.98,-10.592
GV-13325,607.48,5224.62,-1100.8,-10.9037
GV-13326,657.32,5221.94,-1153.51,-10.9939
GV-13327,720.48,5243.98,-1152.31,-10.9854
GV-13328,783.38,5215.51,-1150.85,-11.0783
GV-13329,827.8,5214.63,-1153.25,-11.3611
GV-13330,878.58,5214.28,-1154.64,-11.185
GV-13331,923.52,5214.24,-1149.76,-11.3023
GV-13332,968.83,5227.59,-1153.31,-11.4465
GV-13333,1029.46,5241.06,-1146.24,-11.4748
GV-13334,1087.74,5219.13,-1148.66,-11.6459
GV-13335,1118.87,5214.75,-1148.65,-11.6872
GV-13336,1193.56,5228.51,-1150.12,-11.7687
GV-13337,1224.95,5217.78,-1146.44,-11.8397
GV-13338,1291.61,5231.27,-1154.27,-11.9041
GV-13339,1337.0,5211.98,-1149.83,-11.9119
GV-13340,1358.97,5217.79,-1151.55,-11.9652
GV-13341,1411.44,5222.56,-1146.33,-12.0946
GV-13342,1469.21,5229.31,-1146.88,-12.1453
GV-13343,1508.44,5242.65,-1145.59,-12.2572
GV-13344,1556.26,5213.9,-1151.68,-12.2586
GV-13345,1624.66,5239.54,-1152.8,-12.3206
GV-13346,1682.2,5206.97,-1148.34,-12.4839
GV-13347,1715.27,5212.5,-1151.08,-12.6289
GV-13348,1767.74,5239.33,-1146.52,-12.7013
GV-13349,1813.28,5236.3,-1153.87,-12.7044
GV-13350,1864.29,5232.36,-1095.7,-12.7081
GV-13351,1913.49,5226.05,-1101.94,-12.8197
GV-13352,1990.92,5208.5,-1104.68,-12.9605
GV-13353,2030.39,5207.04,-1101.7,-13.0285
GV-13354,2077.32,5233.32,-1050.41,-13.0465
GV-13355,2116.46,5237.71,-1046.64,-13.133
GV-13356,2163.09,5221.6,-1048.6,-13.4612
GV-13357,2216.98,5226.64,-1000.26,-13.4109
GV-13358,2282.01,5227.84,-950.98,-13.5962
GV-13359,2315.71,5241.51,-949.92,-13.478
GV-13360,2355.11,5233.74,-900.62,-13.7152
GV-13361,2441.3,5239.76,-848.7,-13.8993
GV-13362,2491.75,5222.71,-804.29,-14.1121
GV-13363,2508.53,5220.1,-798.55,-14.3153
GV-13364,2558.49,5206.35,-747.57,-14.1508
GV-13365,2622.24,5212.3,-702.58,-14.6756
GV-13366,2686.2,5226.1,-654.96,-14.6007
GV-13367,2714.0,5240.93,-654.32,-14.7441
GV-13368,2769.77,5234.75,-601.4,-15.0443
GV-13369,2818.43,5222.93,-602.66,-15.0294
GV-13370,2864.83,5226.35,-549.29,-15.3174
GV-13371,2934.16,5232.54,-554.5,-15.4115
GV-13372,2994.79,5208.26,-504.84,-15.3831
GV-13373,3028.96,5228.6,-502.01,-15.6794
GV-13374,3055.12,5225.4,-497.12,-15.8848
GV-13375,3111.64,5228.7,-503.73,-15.9374
GV-13376,3185.87,5221.02,-502.19,-16.2715
GV-13377,3222.85,5218.97,-497.56,-16.1498
GV-13378,3258.31,5235.64,-447.61,-16.3859
GV-13379,3332.24,5216.37,-447.97,-16.3776
GV-13380,3381.7,5215.68,-450.45,-16.3872
GV-13381,3424.37,5213.06,-448.8,-16.5534
GV-13382,3494.26,5211.86,-446.43,-16.5547
GV-13383,3514.7,5209.47,-452.79,-16.4397
GV-13384,3562.17,5226.59,-501.32,-16.4706
GV-13385,3607.91,5238.44,-502.76,-16.268
GV-13386,3693.22,5234.48,-502.12,-16.5146
GV-13387,3712.06,5239.59,-498.16,-16.2791
GV-13388,3760.08,5225.65,-496.61,-16.3562
GV-13389,3825.26,5229.73,-502.91,-16.398
GV-13390,3890.53,5211.3,-504.22,-16.4345
GV-13391,3926.34,5206.71,-497.54,-16.1546
GV-13392,3987.91,5207.21,-501.64,-16.321
GV-13393,4035.82,5208.4,-496.55,-16.3351
GV-13394,4056.64,5227.52,-500.3,-16.397
GV-13395,4116.16,5212.9,-450.24,-16.4011
GV-13396,4186.38,5207.32,-446.14,-16.3607
GV-13397,4221.09,5211.77,-448.35,-16.2961
GV-13398,4287.29,5225.97,-445.66,-16.3406
GV-13399,4305.55,5228.47,-447.33,-16.2596
GV-13400,4369.06,5217.38,-446.3,-16.3711
GV-13401,4426.89,5216.37,-402.84,-16.3814
GV-13402,4465.33,5206.1,-395.74,-16.5791
GV-13403,4507.35,5240.47,-403.83,-16.2868
GV-13404,4560.94,5239.58,-402.78,-16.5297
GV-13405,4640.33,5243.7,-402.92,-16.4483
GV-13406,4668.91,5221.3,-352.89,-16.5156
GV-13407,4733.03,5241.62,-349.99,-16.3898
GV-13408,4771.08,5221.36,-349.01,-16.3218
GV-13409,4810.95,5236.86,-346.88,-16.2558
GV-13410,4860.29,5227.12,-354.65,-16.4944
GV-13411,4942.75,5209.2,-350.25,-16.1151
GV-13412,4973.35,5205.96,-353.21,-16.1436
GV-13413,5007.33,5218.58,-353.0,-15.7641
GV-13414,5055.18,5228.92,-350.33,-15.7686
GV-13415,5137.92,5230.14,-349.87,-15.5794
GV-13416,5184.89,5244.13,-349.03,-15.288
GV-13417,5214.86,5232.38,-396.3,-14.829
GV-13418,5278.42,5231.21,-404.31,-14.7419
GV-13419,5326.87,5232.98,-403.25,-14.2858
GV-13420,5359.24,5213.89,-395.41,-13.9765
GV-13421,5440.55,5234.67,-399.65,-13.7354
GV-13422,5459.08,5234.77,-453.29,-13.5775
GV-13423,5525.51,5213.25,-447.64,-13.0076
GV-13424,5555.55,5212.37,-449.73,-12.8278
GV-13425,5628.69,5224.43,-503.33,-12.4187
GV-13426,5689.2,5235.32,-501.32,-12.1074
GV-13427,5725.38,5205.4,-501.65,-11.6783
GV-13428,5788.02,5226.29,-551.89,-11.4193
GV-13429,5830.5,5206.63,-545.77,-10.9037
GV-13430,5889.92,5225.06,-554.28,-10.6106
GV-13431,5919.03,5241.08,-604.41,-10.0408
GV-13432,5964.09,5237.46,-599.16,-9.9466
GV-13433,6031.68,5231.11,-600.2,-9.4294
GV-13434,6091.84,5213.35,-652.88,-9.1904
GV-13435,6140.23,5216.86,-646.34,-8.7108
GV-13436,6193.33,5229.09,-654.02,-8.3476
GV-13437,6231.06,5220.42,-646.88,-8.0763
GV-13438,6273.55,5212.38,-702.03,-7.5513
GV-13439,6315.48,5226.88,-704.6,-7.104
GV-13440,6358.34,5243.28,-698.66,-6.6627
GV-13441,8.04,5260.07,-903.48,-8.7935
GV-13442,75.93,5289.73,-900.14,-8.9894
GV-13443,131.07,5263.4,-903.92,-9.1018
GV-13444,186.27,5291.64,-898.97,-9.3447
GV-13445,240.27,5269.87,-847.09,-9.6008
GV-13446,282.71,5283.39,-846.35,-9.7736
GV-13447,314.41,5280.77,-853.22,-9.8681
GV-13448,387.23,5287.77,-896.12,-10.0389
GV-13449,424.34,5274.01,-897.24,-10.2188
GV-13450,458.53,5278.17,-903.2,-10.3011
GV-13451,515.72,5287.3,-948.32,-10.3732
GV-13452,588.95,5275.11,-945.86,-10.7917
GV-13453,627.48,5281.67,-1000.93,-10.9873
GV-13454,667.98,5284.48,-999.53,-11.0057
GV-13455,730.18,5285.92,-997.28,-10.8485
GV-13456,777.33,5272.15,-1048.14,-11.2639
GV-13457,820.5,5272.73,-1098.29,-11.1609
GV-13458,856.24,5282.07,-1099.03,-11.198
GV-13459,916.73,5257.32,-1096.4,-11.4226
GV-13460,972.76,5257.77,-1102.35,-11.4914
GV-13461,1039.35,5264.03,-1099.3,-11.5489
GV-13462,1081.22,5292.56,-1103.39,-11.6636
GV-13463,1123.67,5255.26,-1095.56,-11.6535
GV-13464,1181.84,5294.37,-1100.52,-11.9583
GV-13465,1223.9,5275.7,-1102.15,-11.9368
GV-13466,1283.87,5261.53,-1098.28,-11.8237
GV-13467,1334.01,5288.13,-1148.32,-11.9823
GV-13468,1384.87,5275.88,-1153.59,-12.1351
GV-13469,1418.94,5256.55,-1147.16,-12.2785
GV-13470,1478.74,5258.13,-1148.6,-12.1042
GV-13471,1543.61,5265.87,-1150.6,-12.2095
GV-13472,1590.96,5269.81,-1153.6,-12.4149
GV-13473,1623.03,5291.29,-1149.59,-12.4889
GV-13474,1662.77,5266.43,-1148.79,-12.4725
GV-13475,1738.57,5261.96,-1149.01,-12.4697
GV-13476,1768.13,5282.55,-1095.23,-12.7034
GV-13477,1839.97,5292.44,-1102.08,-12.7082
GV-13478,1877.6,5289.97,-1097.91,-12.7814
GV-13479,1937.06,5271.38,-1099.67,-12.9151
GV-13480,1991.37,5277.94,-1097.98,-12.9155
GV-13481,2025.28,5279.29,-1053.62,-13.0787
GV-13482,2084.21,5290.17,-1052.93,-13.2162
GV-13483,2137.11,5286.27,-1001.66,-13.1119
GV-13484,2183.36,5289.77,-1003.57,-13.3579
GV-13485,2232.71,5270.75,-954.05,-13.5941
GV-13486,2256.02,5272.13,-950.86,-13.5705
GV-13487,2333.39,5291.43,-900.1,-13.4145
GV-13488,2363.88,5290.31,-848.02,-13.7529
GV-13489,2434.87,5262.95,-799.7,-14.0325
GV-13490,2478.01,5283.07,-799.48,-14.1702
GV-13491,2509.28,5280.16,-745.46,-14.0692
GV-13492,2566.95,5280.99,-698.13,-14.2888
GV-13493,2613.11,5288.29,-650.28,-14.4308
GV-13494,2673.42,5273.43,-646.87,-14.529
GV-13495,2715.83,5256.6,-602.69,-14.8667
GV-13496,2760.93,5259.4,-549.93,-15.0091
GV-13497,2835.54,5268.87,-549.44,-14.9425
GV-13498,2873.6,5278.07,-552.19,-15.4028
GV-13499,2914.22,5283.72,-501.28,-15.2483
GV-13500,2964.63,5269.92,-504.53,-15.5615
GV-13501,3041.52,5261.85,-504.65,-15.9158
GV-13502,3074.36,5270.14,-499.22,-15.9053
GV-13503,3117.09,5286.8,-454.28,-16.056
GV-13504,3181.24,5264.63,-454.51,-16.086
GV-13505,3218.79,5277.02,-449.05,-16.2459
GV-13506,3280.76,5256.23,-446.78,-16.1192
GV-13507,3340.45,5269.46,-447.74,-16.1649
GV-13508,3393.77,5270.38,-454.26,-16.2773
GV-13509,3438.89,5277.25,-449.76,-16.4445
GV-13510,3474.97,5291.68,-454.77,-16.3666
GV-13511,3544.55,5273.62,-451.03,-16.3737
GV-13512,3574.23,5258.91,-449.43,-16.4454
GV-13513,3612.86,5267.32,-453.41,-16.35
GV-13514,3660.41,5284.82,-496.33,-16.1992
GV-13515,3743.88,5263.87,-500.04,-16.2745
GV-13516,3778.02,5285.62,-503.09,-16.3409
GV-13517,3808.92,5280.13,-496.69,-16.3476
GV-13518,3869.33,5266.07,-504.83,-16.3774
GV-13519,3926.37,5263.11,-495.12,-16.3259
GV-13520,3989.97,5289.47,-499.64,-16.5119
GV-13521,4011.31,5291.69,-448.66,-16.377
GV-13522,4060.27,5269.37,-447.51,-16.4525
GV-13523,4143.81,5268.58,-452.94,-16.2929
GV-13524,4168.13,5270.31,-448.51,-16.3391
GV-13525,4243.53,5293.59,-454.25,-16.2838
GV-13526,4282.16,5289.28,-448.68,-16.2615
GV-13527,4312.63,5260.35,-446.82,-16.1576
GV-13528,4360.5,5285.52,-399.06,-16.3358
GV-13529,4419.88,5260.71,-399.01,-16.4248
GV-13530,4486.49,5288.88,-404.23,-16.5647
GV-13531,4537.55,5278.67,-402.58,-16.3133
GV-13532,4589.21,5269.72,-401.0,-16.4959
GV-13533,4643.94,5256.86,-346.79,-16.2933
GV-13534,4656.13,5288.45,-348.68,-16.3567
GV-13535,4715.39,5273.29,-354.91,-16.2976
GV-13536,4755.31,5266.41,-350.82,-16.3062
GV-13537,4825.89,5274.26,-347.15,-16.4048
GV-13538,4889.1,5273.98,-348.79,-16.0843
GV-13539,4940.13,5286.19,-354.32,-15.9629
GV-13540,4957.05,5257.29,-352.24,-15.9879
GV-13541,5043.57,5271.03,-354.92,-15.4953
GV-13542,5058.97,5255.74,-349.38,-15.474
GV-13543,5119.17,5290.91,-348.68,-15.2595
GV-13544,5192.61,5285.26,-345.16,-15.0638
GV-13545,5208.82,5281.64,-404.42,-14.693
GV-13546,5282.1,5290.46,-402.88,-14.4136
GV-13547,5327.21,5294.61,-396.32,-14.2908
GV-13548,5391.87,5257.22,-395.77,-13.8793
GV-13549,5444.98,5291.4,-450.36,-13.4982
GV-13550,5469.19,5291.49,-445.9,-13.1189
GV-13551,5534.71,5293.78,-448.58,-12.8782
GV-13552,5565.11,5267.07,-497.78,-12.6432
GV-13553,5631.77,5270.51,-496.65,-12.2491
GV-13554,5692.85,5291.76,-504.77,-11.5218
GV-13555,5708.1,5273.12,-548.42,-11.4436
GV-13556,5790.14,5284.71,-554.34,-11.0545
GV-13557,5812.39,5288.49,-546.84,-10.8285
GV-13558,5864.17,5267.1,-601.15,-10.2549
GV-13559,5937.52,5291.85,-601.82,-10.0679
GV-13560,5965.13,5285.62,-604.39,-9.6217
GV-13561,6029.88,5267.36,-651.11,-9.4279
GV-13562,6077.64,5274.64,-648.28,-8.9674
GV-13563,6137.41,5278.7,-650.91,-8.4544
GV-13564,6170.49,5269.64,-647.77,-8.3147
GV-13565,6243.12,5293.54,-645.89,-7.7239
GV-13566,6260.52,5276.04,-700.32,-7.565
GV-13567,6316.37,5283.39,-700.61,-7.0031
GV-13568,6362.4,5268.9,-596.04,-6.6826
GV-13569,44.98,5336.67,-898.02,-8.6397
GV-13570,78.1,5343.4,-899.68,-9.0724
GV-13571,111.75,5313.18,-851.71,-9.2552
GV-13572,187.03,5328.35,-847.74,-9.2762
GV-13573,243.69,5310.07,-845.8,-9.5535
GV-13574,275.28,5341.11,-849.36,-9.5407
GV-13575,314.89,5330.64,-845.44,-9.9448
GV-13576,368.05,5328.96,-802.52,-10.0578
GV-13577,434.03,5317.2,-797.24,-10.2953
GV-13578,466.79,5320.76,-803.66,-10.4504
GV-13579,510.3,5341.21,-801.69,-10.4422
GV-13580,580.98,5323.59,-797.17,-10.6111
GV-13581,622.03,5305.01,-847.68,-10.7651
GV-13582,657.75,5307.48,-852.45,-10.9774
GV-13583,713.87,5320.91,-902.65,-10.9894
GV-13584,762.68,5328.36,-899.03,-11.1494
GV-13585,840.07,5331.78,-952.47,-11.2252
GV-13586,862.0,5326.93,-1000.81,-11.2349
GV-13587,940.61,5314.17,-1001.71,-11.4458
GV-13588,963.21,5333.06,-1050.23,-11.6412
GV-13589,1022.0,5306.73,-1103.68,-11.6668
GV-13590,1072.05,5320.16,-1104.18,-11.544
GV-13591,1111.84,5326.55,-1101.19,-11.6968
GV-13592,1184.08,5312.21,-1098.3,-11.797
GV-13593,1208.27,5330.65,-1095.3,-11.9314
GV-13594,1263.08,5344.58,-1104.67,-11.9048
GV-13595,1319.71,5344.54,-1101.08,-12.044
GV-13596,1359.95,5323.66,-1102.64,-12.037
GV-13597,1421.46,5341.32,-1097.12,-12.0792
GV-13598,1471.55,5311.82,-1104.99,-12.2244
GV-13599,1516.41,5342.93,-1097.88,-12.2419
GV-13600,1564.86,5340.6,-1098.0,-12.3274
GV-13601,1624.95,5308.46,-1102.15,-12.106
GV-13602,1694.94,5317.48,-1095.98,-12.5284
GV-13603,1726.69,5309.45,-1104.75,-12.62
GV-13604,1778.27,5322.73,-1101.88,-12.7318
GV-13605,1828.72,5324.88,-1095.24,-12.7525
GV-13606,1859.12,5306.85,-1104.45,-12.7963
GV-13607,1927.26,5314.98,-1102.31,-12.9347
GV-13608,1993.2,5340.53,-1055.0,-12.9139
GV-13609,2036.24,5307.86,-1047.75,-13.0469
GV-13610,2062.21,5319.35,-1001.84,-13.1235
GV-13611,2124.59,5307.53,-999.0,-13.1229
GV-13612,2184.54,5330.27,-947.65,-13.3159
GV-13613,2236.0,5312.47,-950.12,-13.4702
GV-13614,2269.21,5342.07,-896.04,-13.6214
GV-13615,2323.03,5325.72,-853.02,-13.839
GV-13616,2367.09,5311.79,-801.18,-13.8068
GV-13617,2429.21,5309.5,-801.68,-13.8998
GV-13618,2471.74,5336.96,-745.57,-14.154
GV-13619,2518.6,5340.51,-701.5,-14.1922
GV-13620,2584.49,5340.28,-646.95,-14.2876
GV-13621,2636.2,5324.46,-652.86,-14.4718
GV-13622,2689.4,5327.4,-602.05,-14.7639
GV-13623,2708.41,5340.1,-546.88,-14.9156
GV-13624,2767.57,5339.47,-549.18,-15.1441
GV-13625,2807.34,5318.08,-552.02,-15.1171
GV-13626,2870.55,5313.54,-502.01,-15.3247
GV-13627,2920.08,5344.45,-495.59,-15.3661
GV-13628,2968.61,5333.87,-504.86,-15.4811
GV-13629,3008.58,5322.93,-496.19,-15.6376
GV-13630,3064.43,5315.78,-448.67,-15.6345
GV-13631,3122.2,5305.47,-448.91,-16.0114
GV-13632,3190.82,5333.34,-447.85,-16.0121
GV-13633,3212.55,5329.29,-445.45,-16.0812
GV-13634,3262.46,5325.5,-446.67,-16.0139
GV-13635,3343.07,5310.95,-447.26,-16.1468
GV-13636,3371.37,5332.5,-451.88,-16.1825
GV-13637,3418.91,5310.56,-449.87,-16.4533
GV-13638,3461.39,5328.93,-453.14,-16.435
GV-13639,3520.53,5335.39,-450.87,-16.2414
GV-13640,3594.17,5337.92,-452.9,-16.2384
GV-13641,3642.19,5310.07,-446.84,-16.1856
GV-13642,3679.71,5330.92,-454.37,-16.3554
GV-13643,3720.45,5339.4,-450.57,-16.3943
GV-13644,3790.54,5305.45,-452.56,-16.1527
GV-13645,3818.5,5342.5,-448.57,-16.3727
GV-13646,3880.11,5315.62,-454.29,-16.2597
GV-13647,3913.75,5343.54,-452.62,-16.114
GV-13648,3955.25,5306.62,-450.91,-16.1414
GV-13649,4008.29,5306.88,-447.71,-16.2289
GV-13650,4074.58,5335.46,-449.05,-16.2452
GV-13651,4120.01,5317.34,-454.71,-16.3374
GV-13652,4194.59,5326.26,-448.9,-16.3098
GV-13653,4221.28,5305.58,-448.71,-16.2707
GV-13654,4290.87,5331.33,-452.04,-16.2219
GV-13655,4315.87,5322.22,-397.65,-16.442
GV-13656,4365.41,5311.09,-401.44,-16.3203
GV-13657,4415.09,5310.43,-401.78,-16.2266
GV-13658,4488.88,5344.06,-403.2,-16.2919
GV-13659,4540.6,5326.97,-395.94,-16.3583
GV-13660,4578.17,5310.46,-346.54,-16.306
GV-13661,4626.74,5316.42,-351.09,-16.4348
GV-13662,4689.75,5338.94,-352.03,-16.3667
GV-13663,4711.87,5313.95,-346.89,-16.2483
GV-13664,4792.37,5340.22,-348.3,-16.224
GV-13665,4819.27,5308.63,-348.13,-16.0692
GV-13666,4860.45,5321.42,-349.21,-15.9414
GV-13667,4937.42,5331.14,-350.96,-15.9294
GV-13668,4990.14,5309.44,-349.11,-15.7343
GV-13669,5040.04,5337.1,-347.76,-15.5634
GV-13670,5060.72,5306.87,-349.98,-15.3164
GV-13671,5124.33,5344.73,-347.85,-14.9613
GV-13672,5182.67,5315.19,-404.76,-14.7347
GV-13673,5233.89,5341.11,-396.97,-14.526
GV-13674,5279.22,5323.82,-403.59,-13.9995
GV-13675,5320.67,5330.86,-396.72,-13.9335
GV-13676,5386.89,5334.35,-453.07,-13.5339
GV-13677,5439.07,5316.25,-453.22,-13.2844
GV-13678,5492.7,5305.91,-452.12,-12.7256
GV-13679,5535.22,5334.97,-501.27,-12.4839
GV-13680,5579.07,5313.15,-501.43,-12.2999
GV-13681,5635.72,5312.8,-500.85,-11.7629
GV-13682,5693.61,5338.61,-545.77,-11.3888
GV-13683,5706.61,5334.66,-551.05,-11.1158
GV-13684,5762.2,5325.27,-551.65,-10.8225
GV-13685,5837.97,5334.39,-601.88,-10.5561
GV-13686,5882.19,5319.9,-596.43,-10.1104
GV-13687,5943.44,5308.02,-604.29,-9.8606
GV-13688,5987.92,5316.12,-597.34,-9.4372
GV-13689,6017.8,5339.07,-649.03,-9.3599
GV-13690,6072.0,5333.47,-651.01,-8.8473
GV-13691,6144.14,5339.52,-653.64,-8.4497
GV-13692,6172.37,5329.44,-647.08,-8.1572
GV-13693,6213.92,5334.66,-704.47,-7.7235
GV-13694,6283.35,5325.85,-704.83,-7.3714
GV-13695,6316.55,5340.73,-600.28,-6.8471
GV-13696,6359.75,5321.08,-503.5,-6.5248
GV-13697,37.9,5365.1,-898.63,-8.8439
GV-13698,90.54,5390.42,-849.65,-9.0824
GV-13699,110.9,5389.6,-846.57,-9.0117
GV-13700,184.73,5372.14,-848.88,-9.3635
GV-13701,229.05,5388.13,-847.74,-9.5047
GV-13702,281.0,5362.41,-799.32,-9.83
GV-13703,315.24,5361.44,-797.51,-10.0452
GV-13704,360.56,5362.71,-803.94,-10.0889
GV-13705,405.15,5360.81,-798.79,-10.3108
GV-13706,481.21,5364.46,-803.09,-10.4439
GV-13707,506.36,5375.61,-798.03,-10.4706
GV-13708,593.06,5391.01,-797.35,-10.7271
GV-13709,606.06,5369.38,-795.15,-10.8063
GV-13710,672.45,5390.32,-801.14,-10.9844
GV-13711,719.71,5364.88,-754.8,-11.0713
GV-13712,775.94,5393.0,-801.48,-11.0778
GV-13713,830.34,5380.89,-845.8,-11.3522
GV-13714,889.01,5378.67,-850.93,-11.2564
GV-13715,942.36,5391.57,-897.05,-11.2694
GV-13716,986.94,5392.58,-946.39,-11.6132
GV-13717,1016.43,5379.67,-949.8,-11.6442
GV-13718,1080.26,5393.46,-996.63,-11.599
GV-13719,1143.36,5383.99,-1045.14,-11.9141
GV-13720,1178.51,5387.49,-1045.77,-11.9293
GV-13721,1209.64,5370.5,-1101.97,-11.7451
GV-13722,1291.3,5390.52,-1096.37,-12.0493
GV-13723,1329.43,5358.37,-1104.46,-12.2281
GV-13724,1385.45,5391.91,-1103.72,-12.2043
GV-13725,1417.76,5362.28,-1097.81,-12.1747
GV-13726,1487.39,5374.34,-1098.89,-12.2348
GV-13727,1506.78,5389.19,-1101.62,-12.3199
GV-13728,1571.68,5383.54,-1102.24,-12.3353
GV-13729,1642.06,5363.67,-1097.79,-12.5651
GV-13730,1682.26,5377.66,-1103.34,-12.528
GV-13731,1710.74,5361.68,-1100.74,-12.6993
GV-13732,1789.71,5392.68,-1101.69,-12.598
GV-13733,1822.23,5381.47,-1097.55,-12.8505
GV-13734,1860.15,5388.54,-1046.37,-12.8012
GV-13735,1934.59,5387.52,-1050.11,-12.9506
GV-13736,1956.33,5358.27,-1051.06,-13.231
GV-13737,2038.61,5363.64,-995.29,-13.3673
GV-13738,2070.05,5388.02,-1001.83,-13.227
GV-13739,2134.92,5367.84,-948.5,-13.4176
GV-13740,2183.82,5379.02,-948.78,-13.4997
GV-13741,2209.34,5389.8,-904.33,-13.5818
GV-13742,2270.28,5390.08,-852.92,-13.6171
GV-13743,2338.78,5360.17,-796.59,-13.8892
GV-13744,2369.72,5364.03,-796.64,-13.9753
GV-13745,2405.49,5379.74,-745.24,-14.0741
GV-13746,2463.9,5384.8,-696.97,-14.137
GV-13747,2507.11,5360.2,-651.88,-14.3213
GV-13748,2559.69,5372.17,-654.61,-14.5064
GV-13749,2630.76,5376.75,-596.51,-14.5202
GV-13750,2657.49,5364.88,-545.65,-14.7885
GV-13751,2736.27,5385.64,-553.08,-14.9181
GV-13752,2784.28,5381.82,-497.14,-15.0943
GV-13753,2834.0,5373.5,-497.82,-14.9456
GV-13754,2881.1,5382.73,-502.29,-15.2165
GV-13755,2907.74,5394.64,-499.67,-15.4418
GV-13756,2990.04,5357.62,-448.32,-15.4734
GV-13757,3016.64,5385.08,-452.84,-15.6411
GV-13758,3084.04,5382.87,-447.86,-15.642
GV-13759,3106.94,5382.74,-447.92,-15.9867
GV-13760,3162.79,5376.65,-448.2,-15.9712
GV-13761,3230.62,5356.86,-449.77,-16.0337
GV-13762,3258.22,5380.0,-451.63,-15.9357
GV-13763,3326.0,5370.55,-452.47,-16.0553
GV-13764,3380.44,5368.26,-452.17,-16.1772
GV-13765,3429.65,5367.02,-450.63,-16.2992
GV-13766,3461.23,5361.86,-449.49,-16.1476
GV-13767,3509.41,5385.45,-453.87,-16.2045
GV-13768,3588.82,5382.2,-445.59,-16.0774
GV-13769,3620.2,5374.06,-448.82,-16.2116
GV-13770,3678.5,5393.14,-448.03,-16.157
GV-13771,3739.64,5369.65,-453.71,-16.1312
GV-13772,3789.65,5383.52,-453.1,-16.1883
GV-13773,3828.79,5368.94,-447.05,-16.1852
GV-13774,3880.29,5393.87,-450.76,-16.223
GV-13775,3930.79,5356.87,-448.3,-16.1421
GV-13776,3973.22,5386.1,-451.51,-16.226
GV-13777,4022.29,5393.95,-448.07,-16.1531
GV-13778,4072.63,5357.26,-450.9,-16.1583
GV-13779,4107.61,5356.95,-451.86,-16.2321
GV-13780,4166.8,5368.11,-446.92,-16.1334
GV-13781,4211.59,5370.76,-404.98,-16.1232
GV-13782,4262.03,5369.52,-402.11,-16.2129
GV-13783,4323.52,5391.99,-397.62,-16.2785
GV-13784,4380.48,5389.68,-404.61,-16.5021
GV-13785,4417.93,5371.59,-402.91,-16.3404
GV-13786,4484.75,5374.94,-395.31,-16.3013
GV-13787,4517.78,5358.34,-348.13,-16.3514
GV-13788,4562.32,5391.61,-350.18,-16.3964
GV-13789,4616.28,5361.77,-352.64,-16.323
GV-13790,4676.63,5371.89,-347.3,-16.1721
GV-13791,4710.61,5387.67,-352.58,-16.1945
GV-13792,4789.84,5388.58,-347.92,-15.9875
GV-13793,4838.77,5381.81,-348.32,-16.0516
GV-13794,4865.24,5384.84,-349.5,-15.8382
GV-13795,4911.22,5379.55,-351.57,-15.6667
GV-13796,4981.79,5386.67,-345.85,-15.4433
GV-13797,5032.85,5373.05,-351.1,-15.2557
GV-13798,5094.96,5381.53,-349.25,-15.0798
GV-13799,5111.54,5371.23,-403.91,-14.8906
GV-13800,5184.01,5371.41,-400.91,-14.3972
GV-13801,5242.97,5380.5,-400.0,-14.285
GV-13802,5270.18,5374.34,-395.56,-13.8521
GV-13803,5315.78,5381.94,-449.26,-13.5995
GV-13804,5386.5,5367.87,-453.84,-13.2855
GV-13805,5405.35,5367.09,-446.33,-12.9305
GV-13806,5475.26,5388.91,-449.78,-12.5221
GV-13807,5529.56,5392.72,-504.1,-12.3106
GV-13808,5567.88,5393.46,-498.53,-12.0255
GV-13809,5625.95,5371.41,-504.31,-11.4965
GV-13810,5681.61,5392.31,-550.3,-11.3675
GV-13811,5739.46,5366.93,-546.01,-10.9432
GV-13812,5756.58,5357.07,-599.18,-10.9035
GV-13813,5818.53,5378.15,-604.77,-10.3773
GV-13814,5886.22,5388.11,-602.58,-10.0652
GV-13815,5939.4,5384.77,-595.09,-9.7778
GV-13816,5966.96,5381.15,-647.68,-9.2687
GV-13817,6036.47,5391.02,-649.75,-9.1066
GV-13818,6058.92,5389.57,-645.65,-8.5253
GV-13819,6123.29,5364.3,-652.6,-8.3728
GV-13820,6168.49,5375.27,-702.71,-8.0582
GV-13821,6205.47,5358.75,-651.66,-7.6833
GV-13822,6285.44,5380.11,-547.6,-7.3256
GV-13823,6310.83,5365.29,-446.72,-6.7454
GV-13824,6393.4,5370.74,-401.86,-6.435
GV-13825,30.21,5416.83,-853.08,-8.9299
GV-13826,77.27,5437.23,-854.59,-8.9202
GV-13827,142.57,5437.47,-849.72,-9.0864
GV-13828,173.71,5415.55,-849.82,-9.298
GV-13829,239.6,5423.94,-804.7,-9.6378
GV-13830,290.61,5432.52,-802.09,-9.6685
GV-13831,319.59,5444.55,-799.06,-9.8193
GV-13832,367.59,5444.51,-804.34,-9.9216
GV-13833,408.92,5443.23,-798.93,-10.0547
GV-13834,474.13,5426.0,-751.3,-10.3383
GV-13835,536.2,5439.41,-753.62,-10.5775
GV-13836,573.9,5413.38,-749.42,-10.7883
GV-13837,605.22,5406.73,-748.6,-10.829
GV-13838,687.85,5406.59,-746.63,-11.044
GV-13839,733.86,5443.35,-749.12,-10.961
GV-13840,755.71,5425.52,-752.12,-11.1555
GV-13841,841.01,5427.83,-746.07,-11.2448
GV-13842,855.06,5416.1,-751.85,-11.3495
GV-13843,932.17,5439.95,-802.37,-11.2342
GV-13844,984.05,5433.34,-799.27,-11.3626
GV-13845,1022.55,5422.13,-845.71,-11.6121
GV-13846,1094.56,5422.47,-904.86,-11.6969
GV-13847,1111.64,5420.79,-951.0,-11.7477
GV-13848,1189.43,5408.4,-945.13,-11.855
GV-13849,1233.93,5416.95,-997.07,-11.6279
GV-13850,1290.94,5416.51,-1046.27,-12.1648
GV-13851,1328.62,5416.29,-1047.72,-11.8569
GV-13852,1372.82,5433.18,-1104.82,-11.9147
GV-13853,1405.77,5416.47,-1099.59,-12.1032
GV-13854,1486.58,5424.08,-1095.28,-12.1639
GV-13855,1526.11,5432.19,-1095.68,-12.3684
GV-13856,1565.6,5438.42,-1097.46,-12.3895
GV-13857,1607.43,5436.8,-1103.74,-12.3704
GV-13858,1656.58,5415.75,-1103.48,-12.5905
GV-13859,1740.71,5424.41,-1099.13,-12.6498
GV-13860,1768.77,5427.63,-1103.34,-12.7992
GV-13861,1826.69,5428.7,-1049.99,-12.8277
GV-13862,1880.8,5429.13,-1047.09,-13.0399
GV-13863,1939.03,5413.42,-1051.09,-13.0399
GV-13864,1977.8,5420.26,-998.37,-13.0552
GV-13865,2015.29,5421.13,-996.03,-13.2559
GV-13866,2058.49,5433.67,-951.46,-13.3047
GV-13867,2126.07,5408.96,-946.98,-13.4845
GV-13868,2185.88,5434.63,-895.38,-13.5851
GV-13869,2244.91,5427.16,-850.97,-13.7166
GV-13870,2255.68,5423.25,-798.42,-13.7818
GV-13871,2338.91,5443.59,-801.9,-13.9404
GV-13872,2384.08,5431.6,-753.82,-13.8241
GV-13873,2409.88,5436.02,-699.09,-14.1359
GV-13874,2480.18,5416.57,-653.06,-14.1098
GV-13875,2515.63,5424.64,-654.57,-14.3002
GV-13876,2591.99,5418.78,-597.68,-14.4389
GV-13877,2624.94,5441.6,-547.49,-14.5963
GV-13878,2661.17,5428.4,-547.61,-14.7641
GV-13879,2707.43,5442.57,-499.02,-14.8037
GV-13880,2775.85,5408.65,-502.63,-14.9914
GV-13881,2839.66,5432.66,-498.4,-15.0815
GV-13882,2890.26,5412.11,-498.32,-15.1591
GV-13883,2916.65,5444.66,-452.19,-15.3034
GV-13884,2970.84,5427.71,-454.97,-15.5172
GV-13885,3011.33,5441.44,-448.97,-15.704
GV-13886,3056.55,5411.29,-450.3,-15.5971
GV-13887,3105.52,5427.09,-445.68,-15.7638
GV-13888,3175.88,5415.76,-448.28,-15.8346
GV-13889,3219.0,5426.42,-448.35,-15.7708
GV-13890,3286.66,5408.55,-454.95,-15.9913
GV-13891,3314.32,5406.68,-447.74,-15.9974
GV-13892,3384.01,5413.51,-452.18,-16.0621
GV-13893,3438.41,5419.92,-450.7,-15.9691
GV-13894,3455.48,5420.8,-452.62,-16.1693
GV-13895,3539.14,5412.82,-453.47,-16.1429
GV-13896,3562.44,5434.5,-447.15,-16.0514
GV-13897,3627.25,5408.48,-454.76,-15.9882
GV-13898,3682.35,5434.65,-449.63,-16.0396
GV-13899,3726.57,5409.34,-451.66,-15.9471
GV-13900,3791.93,5439.21,-450.34,-16.0412
GV-13901,3818.03,5414.47,-450.8,-16.0038
GV-13902,3876.82,5430.03,-449.33,-16.0245
GV-13903,3914.2,5420.41,-452.14,-15.9913
GV-13904,3974.3,5422.52,-449.55,-16.1037
GV-13905,4027.47,5426.51,-454.48,-16.0968
GV-13906,4078.61,5426.19,-453.31,-16.0408
GV-13907,4142.62,5426.91,-451.15,-16.0026
GV-13908,4185.46,5444.77,-398.84,-16.1456
GV-13909,4236.46,5420.47,-397.65,-16.1375
GV-13910,4287.24,5419.99,-401.47,-16.1424
GV-13911,4344.55,5410.4,-397.76,-16.1502
GV-13912,4357.12,5418.09,-398.03,-16.3446
GV-13913,4424.52,5416.6,-349.05,-16.2314
GV-13914,4476.14,5435.52,-348.93,-16.1588
GV-13915,4529.87,5431.95,-349.4,-16.1776
GV-13916,4566.18,5409.71,-349.36,-16.3062
GV-13917,4632.32,5406.24,-354.28,-16.2732
GV-13918,4673.57,5406.33,-345.16,-15.8358
GV-13919,4709.13,5431.4,-354.36,-15.8913
GV-13920,4780.84,5414.64,-346.95,-15.982
GV-13921,4836.23,5405.82,-351.52,-15.7296
GV-13922,4886.09,5407.33,-353.8,-15.5728
GV-13923,4912.18,5411.96,-347.11,-15.2665
GV-13924,4955.5,5412.66,-348.8,-15.2298
GV-13925,5013.83,5418.74,-345.99,-15.1268
GV-13926,5059.51,5422.35,-347.71,-14.8725
GV-13927,5143.32,5429.09,-396.97,-14.4163
GV-13928,5184.91,5431.86,-401.02,-14.1805
GV-13929,5211.81,5425.46,-398.53,-14.0189
GV-13930,5287.85,5440.56,-401.31,-13.5364
GV-13931,5341.66,5414.2,-450.04,-13.2615
GV-13932,5384.92,5409.29,-453.39,-12.9333
GV-13933,5411.97,5415.42,-445.74,-12.6154
GV-13934,5465.92,5426.12,-502.53,-12.3136
GV-13935,5517.16,5414.49,-496.21,-12.186
GV-13936,5585.1,5434.86,-498.01,-11.7743
GV-13937,5611.32,5417.53,-549.01,-11.4504
GV-13938,5690.14,5431.54,-552.45,-11.1916
GV-13939,5734.49,5434.7,-550.28,-10.8419
GV-13940,5772.8,5425.8,-595.17,-10.5069
GV-13941,5805.03,5406.52,-603.8,-10.1932
GV-13942,5865.48,5433.79,-598.16,-9.8042
GV-13943,5915.66,5411.7,-650.48,-9.3728
GV-13944,5963.61,5418.38,-652.41,-9.09
GV-13945,6024.85,5429.13,-648.61,-8.7862
GV-13946,6073.29,5419.78,-651.65,-8.5782
GV-13947,6118.91,5439.08,-695.26,-8.0547
GV-13948,6193.3,5413.1,-603.21,-7.9409
GV-13949,6217.07,5439.66,-550.33,-7.5381
GV-13950,6294.19,5438.4,-451.26,-7.2854
GV-13951,6307.62,5405.56,-396.13,-6.9195
GV-13952,6376.68,5432.96,-399.07,-6.3422
GV-13953,12.95,5491.81,-850.92,-8.6538
GV-13954,76.71,5473.2,-851.5,-8.928
GV-13955,139.63,5492.58,-802.62,-8.9398
GV-13956,178.0,5478.51,-797.9,-9.4973
GV-13957,217.76,5469.25,-795.85,-9.5933
GV-13958,278.46,5464.86,-795.43,-9.9472
GV-13959,317.71,5490.1,-800.85,-9.8428
GV-13960,375.33,5468.76,-752.32,-10.0178
GV-13961,439.89,5486.78,-746.95,-10.2361
GV-13962,491.73,5487.67,-747.96,-10.3226
GV-13963,522.05,5460.73,-753.44,-10.5606
GV-13964,581.57,5487.24,-749.44,-10.5212
GV-13965,633.89,5468.1,-749.88,-10.8714
GV-13966,669.18,5462.49,-753.54,-10.9063
GV-13967,744.62,5465.87,-750.61,-11.083
GV-13968,778.55,5458.48,-745.12,-11.1703
GV-13969,812.14,5475.83,-753.81,-11.162
GV-13970,883.26,5493.16,-750.96,-11.2334
GV-13971,942.94,5465.25,-750.15,-11.3959
GV-13972,985.83,5491.9,-753.82,-11.5526
GV-13973,1021.46,5493.79,-749.99,-11.6563
GV-13974,1060.18,5468.44,-797.71,-11.5589
GV-13975,1130.65,5478.43,-804.55,-11.736
GV-13976,1185.78,5472.29,-845.33,-11.7513
GV-13977,1211.98,5456.46,-903.66,-11.9029
GV-13978,1287.88,5475.89,-904.52,-11.7227
GV-13979,1337.91,5494.04,-954.76,-12.061
GV-13980,1368.75,5487.22,-995.26,-12.2155
GV-13981,1433.57,5467.0,-996.27,-12.0294
GV-13982,1464.99,5471.36,-1049.46,-12.2589
GV-13983,1544.48,5474.46,-1101.21,-12.2887
GV-13984,1565.51,5492.47,-1103.67,-12.5309
GV-13985,1616.05,5479.37,-1097.57,-12.6479
GV-13986,1674.37,5470.73,-1095.38,-12.552
GV-13987,1726.32,5485.55,-1045.41,-12.8062
GV-13988,1771.0,5471.83,-1051.27,-12.9264
GV-13989,1841.16,5491.8,-1045.05,-12.8909
GV-13990,1859.67,5487.27,-1050.48,-12.9122
GV-13991,1910.13,5484.41,-1004.84,-13.1851
GV-13992,1992.2,5466.91,-1003.61,-13.1702
GV-13993,2038.71,5463.76,-950.32,-13.3121
GV-13994,2064.51,5488.87,-947.7,-13.4908
GV-13995,2140.12,5481.6,-895.7,-13.6193
GV-13996,2174.23,5474.33,-854.53,-13.6835
GV-13997,2205.92,5460.49,-797.38,-13.822
GV-13998,2288.1,5460.38,-801.72,-13.7545
GV-13999,2323.71,5469.99,-753.56,-14.0362
GV-14000,2356.7,5459.47,-702.12,-14.1511
GV-14001,2443.12,5463.12,-651.95,-14.3524
GV-14002,2493.77,5472.94,-646.29,-14.424
GV-14003,2542.96,5494.67,-604.92,-14.4386
GV-14004,2582.31,5464.88,-551.87,-14.6049
GV-14005,2640.74,5468.81,-549.71,-14.6746
GV-14006,2682.04,5461.93,-499.83,-14.6356
GV-14007,2705.53,5466.56,-498.44,-14.8941
GV-14008,2759.31,5475.87,-504.15,-14.9378
GV-14009,2828.56,5463.08,-451.03,-15.1105
GV-14010,2858.27,5475.56,-449.17,-15.337
GV-14011,2916.56,5466.34,-454.66,-15.4483
GV-14012,2986.07,5492.14,-448.76,-15.6143
GV-14013,3025.91,5490.6,-449.48,-15.4816
GV-14014,3065.24,5485.98,-447.44,-15.6521
GV-14015,3128.79,5466.89,-445.49,-15.5445
GV-14016,3159.16,5484.5,-448.04,-15.8134
GV-14017,3221.73,5483.8,-450.63,-15.8013
GV-14018,3259.17,5479.52,-448.24,-15.9162
GV-14019,3306.13,5475.07,-448.06,-15.8068
GV-14020,3365.92,5468.01,-452.99,-15.937
GV-14021,3413.85,5461.68,-452.72,-15.7514
GV-14022,3464.24,5491.06,-447.39,-15.8042
GV-14023,3519.19,5455.39,-450.54,-15.8717
GV-14024,3576.18,5490.65,-450.48,-15.7807
GV-14025,3609.35,5494.8,-448.67,-15.9714
GV-14026,3676.51,5464.83,-446.66,-15.9439
GV-14027,3731.04,5488.32,-452.15,-15.8695
GV-14028,3790.33,5457.06,-454.43,-15.8769
GV-14029,3820.76,5457.58,-445.04,-15.9476
GV-14030,3878.84,5481.14,-447.76,-16.0147
GV-14031,3933.02,5463.9,-445.0,-15.9293
GV-14032,3957.96,5481.64,-447.59,-16.1391
GV-14033,4005.42,5463.07,-447.73,-15.9446
GV-14034,4091.8,5480.47,-453.16,-15.858
GV-14035,4129.43,5472.07,-399.67,-15.9693
GV-14036,4194.3,5469.87,-395.22,-16.1511
GV-14037,4233.27,5485.4,-395.98,-15.8987
GV-14038,4276.4,5467.92,-396.53,-16.1511
GV-14039,4328.34,5469.11,-401.61,-16.2088
GV-14040,4388.3,5491.74,-346.01,-16.161
GV-14041,4417.14,5480.54,-345.14,-16.0832
GV-14042,4461.54,5483.67,-346.83,-16.0809
GV-14043,4525.93,5481.04,-353.02,-16.0499
GV-14044,4564.82,5479.89,-349.11,-15.9887
GV-14045,4636.53,5473.14,-353.72,-16.1677
GV-14046,4663.72,5480.91,-354.93,-15.9621
GV-14047,4731.13,5455.82,-349.5,-15.7972
GV-14048,4756.69,5461.9,-351.31,-15.7884
GV-14049,4811.63,5462.01,-352.48,-15.552
GV-14050,4871.94,5485.23,-349.89,-15.357
GV-14051,4935.78,5486.63,-345.63,-15.2117
GV-14052,4963.94,5479.98,-352.77,-14.8552
GV-14053,5037.18,5464.44,-347.81,-14.8483
GV-14054,5094.67,5471.93,-399.55,-14.4898
GV-14055,5105.1,5486.25,-404.5,-14.3294
GV-14056,5194.14,5490.71,-401.74,-13.9222
GV-14057,5216.64,5455.31,-397.57,-13.5158
GV-14058,5259.07,5462.5,-454.57,-13.3184
GV-14059,5312.27,5473.85,-453.18,-12.9105
GV-14060,5372.18,5494.13,-446.52,-12.7858
GV-14061,5434.36,5493.79,-497.99,-12.4484
GV-14062,5494.09,5477.03,-495.43,-12.0308
GV-14063,5531.18,5477.87,-495.97,-11.8041
GV-14064,5563.17,5465.37,-548.82,-11.5885
GV-14065,5635.74,5461.27,-545.3,-10.9511
GV-14066,5666.28,5461.76,-551.26,-11.0169
GV-14067,5732.27,5462.04,-600.14,-10.4282
GV-14068,5786.51,5456.71,-601.49,-10.1581
GV-14069,5817.14,5464.92,-599.9,-9.9977
GV-14070,5887.05,5472.36,-646.25,-9.5827
GV-14071,5912.49,5459.76,-654.63,-9.3219
GV-14072,5957.2,5476.71,-646.45,-9.0069
GV-14073,6036.4,5488.39,-653.59,-8.6842
GV-14074,6094.54,5494.55,-654.05,-8.5623
GV-14075,6128.88,5465.89,-599.54,-8.1317
GV-14076,6163.34,5484.78,-502.19,-7.9129
GV-14077,6219.88,5484.8,-453.25,-7.4772
GV-14078,6274.78,5457.9,-397.86,-7.0303
GV-14079,6330.54,5456.22,-403.63,-6.6279
GV-14080,6384.4,5469.79,-395.43,-6.2953
GV-14081,20.22,5519.31,-804.86,-8.525
GV-14082,87.03,5522.14,-798.9,-8.7844
GV-14083,132.76,5540.15,-803.48,-9.0445
GV-14084,157.03,5513.06,-802.57,-9.3392
GV-14085,206.63,5533.97,-804.06,-9.5196
GV-14086,282.69,5515.6,-746.77,-9.8137
GV-14087,338.88,5541.64,-748.03,-9.8475
GV-14088,391.95,5525.38,-750.53,-10.0265
GV-14089,426.37,5532.42,-751.5,-10.3996
GV-14090,493.51,5523.81,-754.23,-10.3457
GV-14091,516.01,5515.27,-752.92,-10.4303
GV-14092,565.06,5510.7,-745.01,-10.6496
GV-14093,632.31,5517.66,-751.28,-10.6731
GV-14094,667.02,5519.72,-750.25,-10.9075
GV-14095,728.7,5513.25,-746.23,-10.9152
GV-14096,788.76,5506.36,-750.79,-11.0911
GV-14097,833.69,5530.38,-746.0,-11.4061
GV-14098,873.81,5526.56,-746.32,-11.4488
GV-14099,937.18,5510.71,-748.29,-11.3132
GV-14100,978.65,5537.62,-745.62,-11.6052
GV-14101,1043.29,5507.51,-746.98,-11.6815
GV-14102,1069.1,5540.67,-749.65,-11.5933
GV-14103,1106.17,5538.86,-753.27,-11.627
GV-14104,1166.6,5520.62,-751.63,-11.7845
GV-14105,1230.89,5536.83,-748.72,-11.8357
GV-14106,1259.34,5516.27,-795.87,-12.1015
GV-14107,1339.85,5534.83,-847.64,-12.065
GV-14108,1388.03,5515.87,-845.68,-12.199
GV-14109,1411.79,5512.27,-903.57,-12.3016
GV-14110,1456.18,5520.6,-953.59,-12.2854
GV-14111,1510.42,5543.94,-945.18,-12.333
GV-14112,1569.88,5533.26,-1003.34,-12.5724
GV-14113,1611.14,5542.44,-999.02,-12.6754
GV-14114,1688.19,5540.35,-1047.15,-12.6619
GV-14115,1713.74,5544.26,-1048.36,-12.7192
GV-14116,1778.56,5508.17,-1053.43,-12.8988
GV-14117,1815.94,5515.4,-995.9,-13.1252
GV-14118,1890.63,5528.48,-995.52,-13.1139
GV-14119,1934.23,5533.98,-1000.48,-13.1567
GV-14120,1979.55,5541.42,-947.12,-13.4527
GV-14121,2039.71,5507.66,-898.73,-13.5079
GV-14122,2092.72,5513.5,-896.72,-13.6005
GV-14123,2112.8,5526.79,-847.67,-13.6914
GV-14124,2164.37,5517.6,-803.4,-13.7797
GV-14125,2221.08,5530.48,-798.92,-14.0966
GV-14126,2276.27,5525.86,-748.08,-14.1242
GV-14127,2319.8,5512.12,-698.29,-14.029
GV-14128,2362.94,5526.07,-646.58,-14.4239
GV-14129,2442.14,5518.52,-604.44,-14.4309
GV-14130,2461.08,5524.77,-599.44,-14.3072
GV-14131,2507.17,5509.48,-549.78,-14.4833
GV-14132,2572.49,5509.46,-550.0,-14.7209
GV-14133,2637.54,5521.3,-495.3,-14.6468
GV-14134,2657.24,5534.15,-497.65,-14.7228
GV-14135,2707.95,5520.25,-496.64,-14.7295
GV-14136,2777.79,5515.07,-454.78,-14.9451
GV-14137,2824.07,5508.44,-450.27,-14.9666
GV-14138,2885.31,5532.28,-446.3,-15.1722
GV-14139,2942.3,5517.28,-445.14,-15.2079
GV-14140,2962.15,5513.67,-447.51,-15.4445
GV-14141,3038.22,5505.04,-449.91,-15.359
GV-14142,3071.65,5543.67,-452.23,-15.2967
GV-14143,3110.52,5539.71,-449.52,-15.4347
GV-14144,3168.47,5533.72,-447.97,-15.6017
GV-14145,3222.86,5517.49,-451.3,-15.4709
GV-14146,3288.18,5539.51,-445.52,-15.6789
GV-14147,3338.14,5516.26,-447.14,-15.5412
GV-14148,3362.57,5522.49,-447.46,-15.6663
GV-14149,3417.74,5526.01,-448.3,-15.649
GV-14150,3474.85,5531.03,-445.29,-15.6759
GV-14151,3527.56,5532.06,-449.91,-15.5989
GV-14152,3572.42,5509.43,-452.57,-15.792
GV-14153,3614.59,5535.95,-454.53,-15.8251
GV-14154,3693.04,5530.17,-445.94,-15.7243
GV-14155,3707.33,5518.35,-449.41,-15.8849
GV-14156,3774.5,5543.51,-447.96,-15.7443
GV-14157,3829.54,5538.24,-454.69,-15.6887
GV-14158,3883.09,5526.64,-445.46,-15.6828
GV-14159,3921.01,5542.91,-448.65,-15.7116
GV-14160,3971.3,5528.47,-453.71,-15.9534
GV-14161,4009.03,5513.85,-396.65,-15.8933
GV-14162,4086.13,5518.69,-400.38,-15.8106
GV-14163,4122.45,5533.96,-404.11,-16.1127
GV-14164,4165.11,5535.6,-396.66,-15.9163
GV-14165,4235.84,5511.13,-404.29,-16.1777
GV-14166,4256.49,5527.17,-395.28,-15.9778
GV-14167,4329.72,5544.6,-352.72,-16.1645
GV-14168,4355.3,5533.39,-350.89,-16.0187
GV-14169,4406.71,5528.08,-354.42,-16.0087
GV-14170,4461.23,5528.37,-348.05,-15.955
GV-14171,4522.56,5520.46,-348.02,-15.7557
GV-14172,4594.47,5507.94,-354.24,-15.9546
GV-14173,4625.36,5534.72,-348.63,-15.8932
GV-14174,4655.07,5510.6,-353.16,-15.6378
GV-14175,4712.72,5524.2,-347.71,-15.5275
GV-14176,4788.72,5529.64,-352.71,-15.5014
GV-14177,4821.81,5516.51,-348.98,-15.2618
GV-14178,4891.73,5510.64,-348.22,-15.1012
GV-14179,4925.69,5516.88,-345.83,-14.9251
GV-14180,4979.14,5544.81,-346.37,-14.5921
GV-14181,5006.04,5515.54,-396.66,-14.3478
GV-14182,5084.6,5508.61,-398.95,-13.9254
GV-14183,5129.77,5514.84,-401.47,-13.7644
GV-14184,5155.2,5531.02,-395.8,-13.629
GV-14185,5239.82,5525.11,-445.36,-13.2124
GV-14186,5293.27,5543.41,-445.33,-12.8952
GV-14187,5327.84,5533.72,-449.11,-12.6081
GV-14188,5384.29,5517.62,-501.3,-12.3649
GV-14189,5416.93,5506.47,-500.98,-12.0049
GV-14190,5491.51,5507.37,-504.1,-11.8754
GV-14191,5520.49,5523.35,-549.0,-11.4966
GV-14192,5556.54,5538.91,-546.29,-11.4256
GV-14193,5633.63,5538.31,-551.78,-11.0083
GV-14194,5680.61,5522.78,-597.75,-10.6721
GV-14195,5718.53,5512.84,-597.84,-10.3385
GV-14196,5774.45,5516.84,-603.75,-10.0597
GV-14197,5813.91,5515.2,-651.06,-9.7342
GV-14198,5880.05,5538.36,-650.41,-9.5315
GV-14199,5940.7,5521.62,-651.96,-9.0734
GV-14200,5994.32,5530.95,-652.02,-8.8922
GV-14201,6005.04,5506.51,-649.45,-8.6913
GV-14202,6063.73,5510.34,-552.42,-8.4244
GV-14203,6137.59,5507.79,-499.14,-7.9777
GV-14204,6187.33,5514.37,-403.42,-7.5972
GV-14205,6209.98,5543.25,-403.24,-7.2343
GV-14206,6272.13,5520.34,-401.22,-6.8974
GV-14207,6332.22,5512.36,-404.36,-6.7295
GV-14208,6365.91,5537.58,-401.28,-6.436
GV-14209,6.11,5569.45,-797.59,-8.6923
GV-14210,71.23,5594.54,-801.16,-8.9113
GV-14211,114.4,5570.16,-803.14,-8.879
GV-14212,171.71,5571.2,-747.48,-9.2716
GV-14213,208.65,5593.05,-754.3,-9.5504
GV-14214,282.3,5594.69,-748.03,-9.4962
GV-14215,340.13,5562.45,-747.47,-9.996
GV-14216,392.05,5567.04,-746.77,-10.125
GV-14217,422.56,5561.98,-750.42,-10.0984
GV-14218,466.13,5572.5,-748.67,-10.4784
GV-14219,529.95,5559.34,-750.08,-10.4637
GV-14220,584.13,5585.78,-754.31,-10.6083
GV-14221,643.98,5581.27,-754.16,-10.8978
GV-14222,673.14,5592.78,-751.19,-10.7531
GV-14223,723.34,5585.58,-751.78,-10.8484
GV-14224,763.58,5561.64,-749.6,-11.3058
GV-14225,827.22,5578.33,-747.82,-11.1563
GV-14226,855.09,5591.44,-748.49,-11.2133
GV-14227,928.72,5572.52,-747.54,-11.4591
GV-14228,961.55,5594.25,-748.0,-11.6875
GV-14229,1036.01,5575.25,-749.21,-11.4483
GV-14230,1075.43,5581.34,-751.87,-11.6474
GV-14231,1120.17,5566.94,-748.97,-11.8289
GV-14232,1156.28,5592.36,-754.44,-11.9606
GV-14233,1242.93,5555.42,-752.47,-11.9982
GV-14234,1282.73,5578.5,-749.52,-12.0505
GV-14235,1321.81,5563.94,-754.72,-11.8644
GV-14236,1369.56,5569.73,-754.19,-12.1356
GV-14237,1413.86,5587.6,-749.16,-12.2759
GV-14238,1468.22,5562.92,-800.1,-12.286
GV-14239,1531.76,5569.03,-801.08,-12.5471
GV-14240,1568.12,5587.25,-849.08,-12.4656
GV-14241,1620.12,5562.26,-853.52,-12.7299
GV-14242,1656.96,5562.62,-852.53,-12.7337
GV-14243,1720.43,5569.1,-851.8,-12.801
GV-14244,1759.53,5594.23,-903.17,-13.0645
GV-14245,1813.21,5568.77,-850.59,-13.0548
GV-14246,1893.92,5575.18,-854.44,-13.3282
GV-14247,1943.75,5582.79,-853.75,-13.4724
GV-14248,1955.46,5560.13,-848.12,-13.4681
GV-14249,2028.99,5585.22,-803.74,-13.7644
GV-14250,2085.84,5589.73,-747.13,-13.851
GV-14251,2117.83,5571.59,-700.11,-13.9483
GV-14252,2184.52,5581.87,-645.97,-14.0453
GV-14253,2242.47,5594.35,-649.3,-14.1836
GV-14254,2285.48,5569.93,-597.43,-14.1792
GV-14255,2340.86,5565.57,-548.39,-14.4619
GV-14256,2368.1,5579.07,-546.8,-14.4472
GV-14257,2428.77,5585.13,-502.27,-14.5345
GV-14258,2485.0,5584.07,-502.68,-14.659
GV-14259,2540.85,5591.68,-497.47,-14.7678
GV-14260,2555.41,5581.89,-503.6,-14.7376
GV-14261,2606.7,5587.31,-504.17,-14.7686
GV-14262,2660.09,5557.06,-504.66,-14.6877
GV-14263,2731.48,5581.25,-454.45,-14.8494
GV-14264,2788.63,5581.6,-447.85,-15.1053
GV-14265,2815.24,5594.16,-452.65,-15.0149
GV-14266,2873.05,5588.13,-447.42,-15.085
GV-14267,2939.17,5574.74,-452.47,-15.1296
GV-14268,2992.16,5581.26,-452.3,-15.2191
GV-14269,3035.81,5555.37,-449.62,-15.1689
GV-14270,3072.85,5558.83,-452.91,-15.4388
GV-14271,3117.86,5561.87,-446.39,-15.3357
GV-14272,3192.57,5562.07,-448.67,-15.4457
GV-14273,3239.79,5560.19,-454.25,-15.2896
GV-14274,3282.3,5565.06,-446.64,-15.5128
GV-14275,3308.82,5587.17,-452.85,-15.4542
GV-14276,3362.38,5562.92,-447.47,-15.582
GV-14277,3433.46,5558.93,-451.65,-15.4383
GV-14278,3455.24,5583.36,-446.96,-15.5116
GV-14279,3509.67,5592.13,-445.64,-15.5956
GV-14280,3586.12,5594.3,-450.26,-15.6171
GV-14281,3617.99,5594.94,-449.31,-15.5407
GV-14282,3663.21,5573.77,-448.78,-15.5662
GV-14283,3721.06,5573.44,-447.15,-15.5853
GV-14284,3773.44,5572.45,-448.56,-15.7119
GV-14285,3808.58,5592.5,-447.65,-15.5183
GV-14286,3868.55,5586.27,-445.85,-15.7836
GV-14287,3912.15,5579.95,-449.55,-15.8506
GV-14288,3955.76,5583.02,-400.23,-15.6749
GV-14289,4007.49,5581.97,-404.67,-15.7495
GV-14290,4083.88,5591.81,-402.98,-15.8826
GV-14291,4115.22,5559.43,-397.49,-15.7613
GV-14292,4192.7,5588.51,-403.31,-16.0439
GV-14293,4212.55,5576.7,-395.57,-15.8864
GV-14294,4259.12,5579.58,-347.6,-15.9279
GV-14295,4311.3,5570.2,-346.06,-15.9719
GV-14296,4362.31,5563.18,-350.11,-15.8064
GV-14297,4433.34,5555.96,-353.18,-15.8101
GV-14298,4462.71,5566.45,-351.06,-15.9602
GV-14299,4539.43,5559.57,-351.14,-15.8294
GV-14300,4568.38,5575.59,-352.09,-15.6468
GV-14301,4634.71,5580.58,-350.07,-15.5392
GV-14302,4665.4,5581.38,-345.79,-15.5083
GV-14303,4719.59,5586.32,-352.29,-15.3465
GV-14304,4793.99,5594.91,-354.06,-15.0318
GV-14305,4826.81,5563.82,-350.99,-15.0863
GV-14306,4894.29,5586.91,-348.42,-14.7692
GV-14307,4938.87,5590.65,-352.9,-14.7262
GV-14308,4985.64,5561.9,-404.44,-14.3811
GV-14309,5021.52,5579.1,-403.26,-14.1341
GV-14310,5074.21,5585.37,-398.5,-13.9208
GV-14311,5112.0,5585.86,-398.01,-13.6074
GV-14312,5170.6,5576.57,-452.13,-13.363
GV-14313,5227.37,5577.24,-445.7,-12.9426
GV-14314,5281.46,5589.37,-452.46,-12.7303
GV-14315,5332.11,5581.44,-499.71,-12.4153
GV-14316,5372.87,5572.11,-497.32,-12.0097
GV-14317,5418.48,5575.26,-499.58,-11.7861
GV-14318,5461.93,5593.79,-547.29,-11.3902
GV-14319,5539.9,5561.92,-553.67,-11.2397
GV-14320,5577.65,5579.76,-548.37,-11.0034
GV-14321,5615.97,5590.4,-600.23,-10.613
GV-14322,5656.26,5567.59,-598.17,-10.362
GV-14323,5716.83,5566.1,-596.03,-9.9904
GV-14324,5771.42,5561.62,-649.72,-9.8292
GV-14325,5829.78,5565.68,-653.2,-9.4125
GV-14326,5889.93,5576.46,-647.91,-9.1605
GV-14327,5934.99,5572.09,-651.67,-9.0857
GV-14328,5976.06,5563.39,-596.35,-8.6734
GV-14329,6012.25,5574.65,-498.95,-8.5805
GV-14330,6076.92,5590.37,-447.01,-8.1756
GV-14331,6112.64,5556.67,-404.28,-7.9267
GV-14332,6185.93,5580.33,-396.27,-7.4218
GV-14333,6226.29,5587.47,-395.68,-7.1597
GV-14334,6262.4,5582.88,-399.57,-6.7398
GV-14335,6328.86,5579.64,-396.85,-6.399
GV-14336,6373.28,5579.54,-398.53,-6.1336
GV-14337,35.71,5632.09,-802.52,-8.6373
GV-14338,89.55,5640.84,-752.11,-8.6715
GV-14339,109.07,5625.3,-753.76,-9.0942
GV-14340,174.05,5627.37,-754.68,-9.1872
GV-14341,211.09,5622.31,-746.13,-9.5097
GV-14342,291.71,5630.45,-750.48,-9.6639
GV-14343,334.54,5624.97,-745.99,-9.8329
GV-14344,359.34,5640.23,-748.52,-10.0124
GV-14345,414.59,5611.86,-698.76,-10.1695
GV-14346,494.71,5637.16,-704.12,-10.3342
GV-14347,518.69,5613.53,-704.87,-10.424
GV-14348,573.61,5631.43,-702.93,-10.4713
GV-14349,607.86,5633.24,-700.97,-10.7884
GV-14350,670.52,5620.13,-699.33,-11.0965
GV-14351,725.28,5644.32,-699.36,-10.7466
GV-14352,762.25,5613.65,-704.6,-11.1458
GV-14353,835.51,5621.2,-745.56,-11.2567
GV-14354,876.43,5616.64,-746.22,-11.2796
GV-14355,919.42,5636.24,-752.35,-11.4843
GV-14356,958.97,5631.28,-749.5,-11.4041
GV-14357,1019.06,5642.67,-749.78,-11.4167
GV-14358,1064.41,5614.91,-746.55,-11.5813
GV-14359,1116.93,5614.34,-751.85,-11.7093
GV-14360,1194.45,5618.8,-753.22,-11.6143
GV-14361,1244.46,5638.07,-752.66,-11.8578
GV-14362,1277.38,5634.37,-752.75,-11.976
GV-14363,1317.09,5606.62,-747.26,-12.1305
GV-14364,1371.46,5625.92,-750.44,-12.2456
GV-14365,1437.93,5644.88,-697.87,-12.2764
GV-14366,1477.99,5622.27,-695.66,-12.3004
GV-14367,1510.43,5644.32,-700.29,-12.4871
GV-14368,1586.53,5635.75,-700.47,-12.4104
GV-14369,1615.48,5612.32,-652.43,-12.8054
GV-14370,1671.56,5618.95,-646.45,-12.6584
GV-14371,1708.72,5627.57,-647.23,-13.1018
GV-14372,1781.91,5610.59,-654.46,-13.0402
GV-14373,1814.02,5616.15,-646.91,-13.1793
GV-14374,1877.92,5633.54,-601.57,-13.3472
GV-14375,1905.97,5632.43,-596.27,-13.605
GV-14376,1968.53,5606.7,-547.84,-13.8404
GV-14377,2021.29,5621.81,-498.61,-13.9492
GV-14378,2065.15,5609.65,-503.47,-14.0298
GV-14379,2107.03,5638.65,-452.46,-14.2403
GV-14380,2178.86,5612.42,-451.01,-14.4107
GV-14381,2241.38,5614.53,-401.52,-14.3856
GV-14382,2276.98,5627.83,-403.32,-14.6211
GV-14383,2339.13,5631.12,-404.22,-14.7143
GV-14384,2374.43,5629.02,-404.52,-14.7199
GV-14385,2433.64,5606.04,-350.19,-14.899
GV-14386,2494.19,5624.32,-398.82,-14.6881
GV-14387,2533.21,5620.52,-397.02,-14.7705
GV-14388,2560.39,5629.38,-400.53,-14.812
GV-14389,2630.15,5623.99,-400.36,-14.8735
GV-14390,2666.52,5633.14,-396.7,-14.8596
GV-14391,2727.95,5627.63,-446.34,-14.8804
GV-14392,2775.75,5618.39,-450.79,-14.6889
GV-14393,2809.54,5607.75,-445.12,-14.9462
GV-14394,2873.05,5621.35,-453.91,-14.7391
GV-14395,2931.71,5605.1,-398.92,-15.0815
GV-14396,2991.66,5614.31,-402.71,-15.0852
GV-14397,3040.51,5613.32,-399.68,-15.282
GV-14398,3085.29,5636.54,-402.51,-15.0293
GV-14399,3130.39,5621.06,-401.17,-15.1088
GV-14400,3185.66,5624.54,-452.37,-15.282
GV-14401,3210.55,5615.43,-454.28,-15.146
GV-14402,3283.19,5638.14,-452.14,-15.0638
GV-14403,3341.1,5638.62,-445.11,-15.2504
GV-14404,3385.45,5621.82,-450.79,-15.1916
GV-14405,3422.66,5617.67,-454.04,-15.3593
GV-14406,3469.21,5606.63,-453.94,-15.2811
GV-14407,3532.67,5612.15,-450.62,-15.3768
GV-14408,3590.9,5618.61,-449.91,-15.5017
GV-14409,3616.68,5618.78,-453.78,-15.3795
GV-14410,3655.62,5644.34,-453.46,-15.536
GV-14411,3740.77,5613.89,-450.95,-15.3249
GV-14412,3776.61,5612.99,-452.09,-15.4529
GV-14413,3812.35,5607.31,-451.68,-15.5652
GV-14414,3883.34,5644.41,-452.85,-15.5841
GV-14415,3908.82,5606.44,-402.34,-15.4276
GV-14416,3994.33,5615.07,-397.05,-15.6102
GV-14417,4008.92,5606.13,-397.86,-15.7015
GV-14418,4066.17,5605.82,-400.8,-15.6645
GV-14419,4115.28,5606.58,-396.34,-15.6451
GV-14420,4194.92,5641.95,-397.4,-15.7262
GV-14421,4236.73,5614.2,-349.07,-15.5913
GV-14422,4266.56,5605.61,-354.46,-15.7842
GV-14423,4338.89,5616.49,-352.02,-15.6756
GV-14424,4362.88,5643.82,-349.33,-15.8009
GV-14425,4407.08,5620.69,-351.11,-15.7186
GV-14426,4464.77,5612.87,-345.87,-15.6957
GV-14427,4523.02,5611.09,-348.39,-15.5566
GV-14428,4579.31,5621.61,-349.76,-15.4479
GV-14429,4617.73,5626.75,-346.17,-15.4121
GV-14430,4692.5,5615.69,-350.41,-15.1854
GV-14431,4736.67,5613.82,-350.61,-15.017
GV-14432,4781.4,5634.92,-352.04,-14.9352
GV-14433,4824.43,5629.47,-348.17,-14.7504
GV-14434,4867.04,5644.76,-354.2,-14.5677
GV-14435,4926.27,5624.97,-403.59,-14.3027
GV-14436,4974.98,5607.24,-403.52,-14.0886
GV-14437,5010.81,5642.91,-397.85,-13.855
GV-14438,5059.47,5637.48,-401.13,-13.4571
GV-14439,5116.5,5610.51,-451.95,-13.2216
GV-14440,5185.65,5607.37,-451.94,-12.9013
GV-14441,5228.4,5608.37,-449.21,-12.5483
GV-14442,5283.14,5629.06,-504.49,-12.2994
GV-14443,5341.54,5623.36,-504.2,-11.997
GV-14444,5380.96,5643.34,-504.12,-11.8333
GV-14445,5415.53,5626.93,-554.01,-11.6175
GV-14446,5462.89,5635.88,-547.48,-11.2135
GV-14447,5535.69,5643.19,-553.79,-11.0603
GV-14448,5575.34,5626.79,-604.74,-10.5383
GV-14449,5611.67,5609.65,-596.2,-10.4896
GV-14450,5682.7,5642.01,-602.47,-10.0102
GV-14451,5712.27,5610.18,-647.27,-9.8432
GV-14452,5777.03,5608.35,-648.93,-9.8224
GV-14453,5826.23,5624.59,-651.05,-9.2772
GV-14454,5860.69,5613.75,-654.67,-9.1457
GV-14455,5923.23,5631.79,-550.91,-8.9528
GV-14456,5992.23,5621.32,-498.75,-8.4911
GV-14457,6028.59,5617.53,-445.12,-8.3454
GV-14458,6067.38,5610.38,-402.11,-8.0208
GV-14459,6125.54,5612.78,-396.54,-7.9018
GV-14460,6168.23,5614.95,-403.29,-7.5944
GV-14461,6214.95,5628.4,-399.43,-7.2368
GV-14462,6292.69,5612.44,-400.37,-6.8169
GV-14463,6320.46,5617.88,-403.26,-6.5033
GV-14464,6364.1,5617.75,-398.6,-6.0421
GV-14465,18.01,5694.76,-746.69,-8.6367
GV-14466,67.86,5666.29,-748.18,-8.7362
GV-14467,105.56,5674.26,-749.98,-8.8047
GV-14468,185.06,5664.25,-752.49,-9.1234
GV-14469,238.98,5664.54,-754.45,-9.5075
GV-14470,288.04,5664.75,-704.31,-9.6413
GV-14471,338.42,5659.83,-702.5,-9.6863
GV-14472,361.04,5667.03,-699.65,-10.1133
GV-14473,444.3,5683.05,-700.98,-10.1656
GV-14474,492.19,5683.91,-695.34,-10.2368
GV-14475,543.15,5660.91,-699.6,-10.4298
GV-14476,593.48,5694.56,-704.9,-10.3821
GV-14477,628.59,5675.89,-703.21,-10.738
GV-14478,673.82,5682.46,-697.73,-10.6744
GV-14479,724.95,5664.52,-695.62,-11.0301
GV-14480,769.51,5671.22,-703.47,-11.0453
GV-14481,841.63,5660.6,-700.42,-11.3362
GV-14482,894.92,5656.29,-698.52,-11.2075
GV-14483,931.62,5673.41,-699.41,-11.2418
GV-14484,958.0,5689.05,-751.15,-11.2563
GV-14485,1017.25,5692.45,-750.16,-11.4936
GV-14486,1069.97,5672.79,-748.38,-11.7173
GV-14487,1142.88,5673.68,-749.31,-11.8023
GV-14488,1191.84,5673.76,-750.78,-11.725
GV-14489,1224.26,5689.09,-747.97,-11.8894
GV-14490,1260.09,5666.71,-697.91,-12.0909
GV-14491,1343.12,5678.68,-696.58,-12.0584
GV-14492,1367.1,5666.99,-699.28,-11.9597
GV-14493,1442.36,5656.59,-702.81,-12.2134
GV-14494,1487.37,5684.79,-700.01,-12.3318
GV-14495,1539.19,5683.03,-652.34,-12.617
GV-14496,1587.63,5668.94,-649.15,-12.6042
GV-14497,1635.84,5673.4,-650.87,-12.9046
GV-14498,1691.27,5677.69,-595.39,-12.859
GV-14499,1707.67,5681.06,-595.38,-12.9861
GV-14500,1770.07,5672.07,-545.13,-13.3537
GV-14501,1814.01,5685.26,-552.02,-13.2557
GV-14502,1868.52,5673.4,-497.64,-13.7357
GV-14503,1928.81,5678.97,-454.61,-13.8698
GV-14504,1973.76,5691.51,-399.56,-13.9284
GV-14505,2014.5,5668.51,-404.28,-14.1328
GV-14506,2073.22,5681.51,-352.57,-14.3694
GV-14507,2119.02,5693.14,-298.83,-14.6414
GV-14508,2160.41,5672.91,-296.63,-14.7568
GV-14509,2227.68,5689.88,-302.65,-15.0262
GV-14510,2286.06,5694.6,-297.46,-15.1558
GV-14511,2312.83,5666.81,-303.14,-15.0264
GV-14512,2376.66,5694.38,-301.58,-15.1842
GV-14513,2428.81,5680.17,-298.69,-14.9793
GV-14514,2469.39,5662.39,-303.11,-14.9517
GV-14515,2529.15,5694.45,-346.47,-15.1053
GV-14516,2574.69,5692.16,-352.31,-14.9427
GV-14517,2636.99,5659.72,-346.95,-14.8188
GV-14518,2658.59,5666.94,-347.31,-14.8986
GV-14519,2739.73,5662.15,-353.24,-14.8899
GV-14520,2778.62,5658.18,-402.65,-15.0974
GV-14521,2814.29,5691.37,-401.55,-15.0739
GV-14522,2881.73,5687.48,-396.4,-14.8475
GV-14523,2905.85,5656.85,-395.59,-14.745
GV-14524,2962.73,5660.84,-404.01,-15.0713
GV-14525,3032.39,5677.86,-395.02,-14.809
GV-14526,3094.35,5686.78,-403.96,-15.0494
GV-14527,3130.08,5671.82,-395.91,-15.1349
GV-14528,3160.88,5658.58,-398.63,-15.1189
GV-14529,3229.73,5667.54,-449.07,-14.9035
GV-14530,3282.63,5690.51,-446.42,-15.012
GV-14531,3316.86,5686.77,-450.34,-15.0508
GV-14532,3372.98,5667.96,-451.42,-14.9594
GV-14533,3433.22,5665.02,-454.97,-15.0704
GV-14534,3467.43,5679.86,-445.63,-14.9687
GV-14535,3509.54,5676.55,-447.11,-15.1156
GV-14536,3573.3,5694.48,-445.84,-15.1384
GV-14537,3639.9,5660.75,-450.44,-15.2585
GV-14538,3679.4,5666.3,-453.18,-15.0577
GV-14539,3712.72,5668.15,-449.25,-15.2202
GV-14540,3790.3,5657.95,-450.73,-15.3562
GV-14541,3829.59,5655.23,-400.27,-15.3165
GV-14542,3857.69,5668.02,-395.04,-15.2819
GV-14543,3940.6,5680.11,-398.91,-15.487
GV-14544,3978.08,5668.01,-398.37,-15.4944
GV-14545,4043.02,5671.54,-398.41,-15.3801
GV-14546,4062.03,5674.6,-397.72,-15.7001
GV-14547,4129.68,5690.69,-395.98,-15.5992
GV-14548,4156.11,5683.12,-352.64,-15.5059
GV-14549,4243.23,5663.28,-350.21,-15.5114
GV-14550,4289.17,5670.19,-353.46,-15.6129
GV-14551,4308.64,5686.99,-351.32,-15.4277
GV-14552,4378.76,5690.04,-346.66,-15.4261
GV-14553,4407.81,5677.62,-353.48,-15.5223
GV-14554,4455.27,5657.52,-345.18,-15.4019
GV-14555,4542.21,5663.55,-345.46,-15.3072
GV-14556,4559.95,5661.21,-346.09,-15.2153
GV-14557,4615.59,5675.71,-352.25,-15.1362
GV-14558,4683.21,5655.56,-350.65,-14.8601
GV-14559,4712.2,5689.11,-354.0,-14.8915
GV-14560,4765.93,5670.1,-347.99,-14.5911
GV-14561,4811.19,5669.15,-351.4,-14.5761
GV-14562,4860.66,5674.73,-351.03,-14.208
GV-14563,4909.74,5664.59,-404.84,-13.8692
GV-14564,4973.61,5688.5,-400.56,-13.6209
GV-14565,5015.36,5663.63,-400.82,-13.1592
GV-14566,5087.02,5682.91,-452.19,-13.212
GV-14567,5116.8,5665.86,-446.25,-12.7078
GV-14568,5166.16,5676.41,-450.04,-12.6167
GV-14569,5208.69,5694.3,-503.78,-12.1182
GV-14570,5279.41,5669.33,-499.62,-12.0012
GV-14571,5334.85,5670.07,-502.49,-11.6913
GV-14572,5380.72,5674.52,-552.88,-11.4478
GV-14573,5410.71,5681.13,-548.92,-11.1296
GV-14574,5475.91,5655.41,-549.57,-10.7944
GV-14575,5509.6,5675.49,-599.52,-10.7059
GV-14576,5585.53,5688.36,-603.47,-10.2841
GV-14577,5618.28,5678.84,-599.02,-10.1354
GV-14578,5693.66,5658.27,-654.93,-9.7983
GV-14579,5730.37,5689.28,-646.72,-9.5498
GV-14580,5774.63,5671.09,-647.96,-9.5919
GV-14581,5836.67,5671.99,-595.71,-9.2007
GV-14582,5880.83,5682.29,-551.66,-9.0454
GV-14583,5926.18,5674.28,-497.1,-8.9239
GV-14584,5984.39,5674.01,-402.55,-8.4925
GV-14585,6040.11,5661.98,-395.88,-8.2056
GV-14586,6075.87,5694.51,-395.75,-7.937
GV-14587,6131.28,5661.23,-395.68,-7.6205
GV-14588,6173.61,5691.46,-396.04,-7.4961
GV-14589,6209.56,5680.84,-396.03,-7.2043
GV-14590,6259.55,5665.84,-399.31,-6.5748
GV-14591,6331.63,5681.2,-401.34,-6.2566
GV-14592,6374.78,5670.92,-399.0,-5.9574
GV-14593,14.0,5726.67,-754.59,-8.5044
GV-14594,88.48,5742.52,-748.04,-8.816
GV-14595,107.83,5733.87,-752.5,-9.0068
GV-14596,156.23,5738.64,-696.38,-9.2177
GV-14597,210.4,5724.31,-695.65,-9.3442
GV-14598,280.84,5727.32,-699.21,-9.8228
GV-14599,312.01,5717.41,-698.75,-9.812
GV-14600,382.06,5740.23,-695.94,-9.931
GV-14601,422.0,5714.66,-701.8,-10.0775
GV-14602,462.39,5705.32,-695.55,-10.2503
GV-14603,526.59,5716.45,-696.06,-10.4646
GV-14604,572.36,5709.82,-703.76,-10.6729
GV-14605,608.82,5737.88,-696.18,-10.5847
GV-14606,684.67,5729.62,-697.39,-10.8528
GV-14607,714.32,5726.72,-695.06,-10.8007
GV-14608,760.88,5744.81,-702.55,-10.7761
GV-14609,826.36,5735.54,-699.02,-11.1116
GV-14610,866.81,5725.19,-695.36,-11.2124
GV-14611,929.71,5736.7,-704.2,-11.2697
GV-14612,957.61,5721.3,-701.63,-11.2662
GV-14613,1031.01,5722.56,-695.14,-11.5213
GV-14614,1066.57,5737.62,-701.26,-11.5838
GV-14615,1137.71,5710.43,-695.9,-11.6934
GV-14616,1162.84,5729.14,-704.33,-11.6238
GV-14617,1220.74,5727.25,-704.88,-11.8874
GV-14618,1265.0,5708.01,-697.5,-11.982
GV-14619,1327.54,5720.58,-698.83,-12.0957
GV-14620,1355.78,5744.45,-704.05,-12.1761
GV-14621,1407.99,5743.05,-698.42,-12.3114
GV-14622,1491.98,5739.97,-648.83,-12.4023
GV-14623,1518.8,5741.34,-652.08,-12.4493
GV-14624,1579.18,5737.65,-647.81,-12.5435
GV-14625,1632.58,5721.57,-595.53,-12.8651
GV-14626,1677.83,5712.41,-602.27,-12.9992
GV-14627,1710.63,5734.9,-553.2,-13.062
GV-14628,1774.06,5730.6,-499.46,-13.3078
GV-14629,1820.37,5718.51,-503.7,-13.3605
GV-14630,1866.7,5718.74,-453.87,-13.7706
GV-14631,1942.79,5725.37,-397.58,-13.9388
GV-14632,1994.44,5736.44,-395.63,-14.0538
GV-14633,2014.94,5736.76,-346.1,-14.3746
GV-14634,2084.43,5739.85,-352.58,-14.7162
GV-14635,2128.94,5715.64,-297.24,-14.9511
GV-14636,2162.07,5736.72,-297.54,-15.1383
GV-14637,2222.55,5707.27,-296.59,-15.3989
GV-14638,2279.16,5720.7,-304.23,-15.2336
GV-14639,2334.32,5718.15,-298.55,-15.2152
GV-14640,2365.19,5713.67,-297.67,-15.1742
GV-14641,2411.53,5725.84,-298.83,-15.0762
GV-14642,2473.81,5721.66,-350.44,-15.0874
GV-14643,2541.16,5732.95,-346.02,-14.826
GV-14644,2593.02,5735.38,-345.26,-15.0825
GV-14645,2633.64,5724.58,-349.96,-14.8806
GV-14646,2670.46,5743.94,-354.11,-14.9708
GV-14647,2735.45,5714.28,-348.99,-14.8352
GV-14648,2794.1,5709.72,-350.25,-14.7345
GV-14649,2823.87,5728.17,-345.21,-14.7127
GV-14650,2881.52,5723.89,-348.58,-14.7489
GV-14651,2938.78,5718.41,-398.09,-14.978
GV-14652,2979.19,5707.54,-399.9,-14.8802
GV-14653,3033.62,5721.12,-404.87,-14.8607
GV-14654,3058.55,5725.43,-395.76,-14.9182
GV-14655,3134.66,5729.71,-395.18,-14.8149
GV-14656,3164.35,5737.17,-403.35,-14.7277
GV-14657,3228.24,5731.84,-449.87,-14.8261
GV-14658,3285.16,5720.28,-452.82,-14.7391
GV-14659,3337.54,5712.69,-454.85,-14.7132
GV-14660,3376.81,5708.31,-446.07,-14.8534
GV-14661,3438.89,5739.56,-451.49,-14.7126
GV-14662,3461.88,5718.68,-454.86,-14.8192
GV-14663,3510.14,5744.78,-453.18,-14.9502
GV-14664,3558.57,5712.74,-450.9,-14.9284
GV-14665,3628.04,5740.56,-448.13,-14.8346
GV-14666,3663.94,5712.31,-454.34,-15.0073
GV-14667,3744.38,5715.41,-452.89,-15.156
GV-14668,3763.95,5730.12,-397.59,-15.0494
GV-14669,3829.45,5709.43,-403.46,-15.2507
GV-14670,3889.91,5740.34,-398.55,-15.1396
GV-14671,3941.97,5718.83,-398.62,-15.2356
GV-14672,3958.75,5743.46,-395.68,-15.4199
GV-14673,4036.73,5735.36,-398.47,-15.3237
GV-14674,4079.07,5706.71,-348.9,-15.3062
GV-14675,4131.82,5724.99,-346.98,-15.5099
GV-14676,4166.0,5718.84,-352.47,-15.5382
GV-14677,4216.28,5715.95,-353.29,-15.3792
GV-14678,4257.26,5732.83,-352.38,-15.4623
GV-14679,4306.57,5736.25,-348.75,-15.3402
GV-14680,4372.23,5722.84,-346.61,-15.5171
GV-14681,4441.43,5735.9,-350.39,-15.039
GV-14682,4476.28,5740.38,-346.42,-15.2081
GV-14683,4522.96,5731.69,-350.79,-15.1837
GV-14684,4589.29,5728.57,-349.51,-15.0337
GV-14685,4621.59,5705.41,-349.04,-14.6804
GV-14686,4659.91,5717.06,-354.89,-14.8074
GV-14687,4705.99,5710.93,-345.53,-14.4675
GV-14688,4783.8,5717.55,-352.42,-14.2936
GV-14689,4843.42,5717.11,-352.73,-14.1998
GV-14690,4890.28,5737.68,-401.12,-13.7837
GV-14691,4938.07,5718.57,-402.59,-13.4806
GV-14692,4990.17,5729.0,-395.19,-13.4149
GV-14693,5018.58,5741.21,-451.54,-12.9373
GV-14694,5079.46,5729.87,-453.0,-12.7965
GV-14695,5134.71,5708.95,-447.98,-12.4212
GV-14696,5186.3,5730.14,-499.06,-12.1492
GV-14697,5232.71,5730.88,-503.63,-11.8449
GV-14698,5263.77,5724.52,-502.93,-11.7872
GV-14699,5337.74,5718.41,-545.95,-11.4033
GV-14700,5367.64,5736.5,-550.57,-11.0193
GV-14701,5411.1,5727.5,-547.62,-10.8355
GV-14702,5462.21,5743.13,-600.45,-10.6331
GV-14703,5508.97,5726.45,-596.34,-10.3256
GV-14704,5580.32,5723.19,-597.41,-10.0784
GV-14705,5632.25,5737.4,-597.73,-9.8805
GV-14706,5670.43,5713.81,-648.15,-9.5402
GV-14707,5729.0,5726.49,-654.32,-9.2799
GV-14708,5789.82,5727.45,-595.06,-9.2211
GV-14709,5826.74,5707.94,-501.33,-9.1363
GV-14710,5876.71,5728.13,-452.36,-8.8033
GV-14711,5936.65,5731.43,-396.49,-8.5523
GV-14712,5964.1,5723.37,-399.17,-8.3494
GV-14713,6009.75,5705.85,-399.85,-8.1427
GV-14714,6068.91,5716.17,-400.5,-7.8303
GV-14715,6114.77,5737.6,-398.84,-7.6611
GV-14716,6181.82,5726.47,-397.95,-7.2617
GV-14717,6217.61,5738.58,-395.38,-7.0104
GV-14718,6284.74,5721.91,-403.89,-6.5241
GV-14719,6332.67,5706.67,-401.48,-6.2486
GV-14720,6355.99,5723.26,-400.02,-5.6685
GV-14721,14.25,5767.21,-751.69,-8.5936
GV-14722,80.61,5760.34,-701.56,-8.5658
GV-14723,106.76,5771.85,-698.63,-8.9107
GV-14724,187.61,5794.85,-697.69,-9.2114
GV-14725,231.25,5757.56,-695.35,-9.2495
GV-14726,292.75,5759.55,-701.16,-9.6238
GV-14727,340.04,5776.7,-703.04,-9.83
GV-14728,364.35,5790.35,-698.01,-9.7429
GV-14729,412.21,5755.51,-697.22,-10.1302
GV-14730,458.41,5784.4,-700.03,-10.2218
GV-14731,516.4,5775.31,-702.76,-10.3369
GV-14732,570.82,5762.45,-702.84,-10.4874
GV-14733,605.31,5777.97,-699.27,-10.6646
GV-14734,688.85,5774.76,-702.04,-10.5488
GV-14735,737.26,5766.3,-700.9,-10.691
GV-14736,756.92,5777.64,-700.85,-10.7797
GV-14737,808.08,5757.78,-695.74,-11.1417
GV-14738,884.75,5794.53,-696.73,-11.1852
GV-14739,915.87,5791.11,-698.36,-11.1634
GV-14740,968.72,5772.21,-696.36,-11.2831
GV-14741,1016.66,5776.08,-702.93,-11.5424
GV-14742,1082.47,5781.19,-704.69,-11.3962
GV-14743,1126.9,5789.42,-696.64,-11.7004
GV-14744,1187.99,5790.57,-700.3,-11.6203
GV-14745,1217.6,5778.61,-698.04,-11.7859
GV-14746,1280.13,5788.75,-700.8,-11.7552
GV-14747,1328.31,5777.14,-702.11,-11.9761
GV-14748,1364.03,5775.93,-701.68,-12.1026
GV-14749,1417.06,5764.66,-653.97,-12.443
GV-14750,1461.44,5768.46,-654.04,-12.3533
GV-14751,1509.9,5791.6,-646.58,-12.4976
GV-14752,1575.04,5774.48,-600.89,-12.7335
GV-14753,1606.52,5792.4,-598.39,-12.8638
GV-14754,1667.76,5789.02,-546.38,-12.9532
GV-14755,1737.45,5764.81,-503.67,-13.2422
GV-14756,1788.05,5767.57,-503.76,-13.2669
GV-14757,1806.36,5783.87,-453.57,-13.6983
GV-14758,1864.18,5777.15,-395.41,-13.8993
GV-14759,1924.08,5783.27,-402.51,-14.1361
GV-14760,1975.94,5760.94,-353.03,-14.2877
GV-14761,2016.21,5761.87,-346.61,-14.5974
GV-14762,2068.09,5772.99,-302.9,-14.9689
GV-14763,2140.63,5774.26,-300.02,-15.202
GV-14764,2169.09,5792.62,-295.2,-15.1028
GV-14765,2224.34,5771.37,-298.32,-15.2388
GV-14766,2286.03,5786.58,-302.61,-15.3933
GV-14767,2306.72,5768.91,-303.2,-15.2706
GV-14768,2391.89,5778.0,-297.55,-15.0211
GV-14769,2410.67,5776.61,-350.47,-15.1078
GV-14770,2489.21,5777.8,-345.2,-14.8756
GV-14771,2523.72,5780.19,-349.79,-14.8142
GV-14772,2559.89,5789.83,-351.15,-14.8399
GV-14773,2629.8,5762.48,-353.94,-14.7946
GV-14774,2662.32,5791.57,-350.51,-14.7355
GV-14775,2733.91,5791.59,-348.22,-14.7874
GV-14776,2789.51,5765.18,-354.68,-14.7879
GV-14777,2825.89,5794.31,-345.01,-14.8932
GV-14778,2861.12,5772.55,-349.22,-14.7635
GV-14779,2930.33,5755.19,-347.68,-14.7588
GV-14780,2959.85,5772.18,-398.34,-14.7472
GV-14781,3011.1,5758.32,-396.11,-14.7406
GV-14782,3082.52,5789.25,-403.29,-14.6278
GV-14783,3114.38,5767.11,-404.52,-14.6051
GV-14784,3160.74,5775.67,-400.31,-14.5393
GV-14785,3212.89,5770.41,-396.23,-14.7149
GV-14786,3268.61,5763.43,-448.8,-14.5765
GV-14787,3335.1,5780.06,-445.49,-14.6788
GV-14788,3376.67,5788.11,-450.4,-14.5945
GV-14789,3423.36,5759.23,-449.93,-14.4169
GV-14790,3466.94,5789.39,-449.35,-14.5825
GV-14791,3537.11,5755.26,-448.72,-14.6947
GV-14792,3584.8,5763.56,-450.62,-14.6098
GV-14793,3618.44,5764.39,-450.76,-14.8634
GV-14794,3693.36,5755.3,-402.92,-14.7652
GV-14795,3743.43,5794.88,-395.24,-14.7674
GV-14796,3774.56,5772.11,-400.96,-14.8087
GV-14797,3839.3,5783.44,-404.9,-14.8281
GV-14798,3855.91,5794.86,-403.66,-15.1092
GV-14799,3934.17,5794.0,-398.16,-14.9563
GV-14800,3991.75,5756.7,-404.87,-15.0758
GV-14801,4031.64,5794.88,-352.01,-15.0013
GV-14802,4082.05,5760.87,-345.5,-15.2942
GV-14803,4141.74,5771.72,-352.4,-15.0663
GV-14804,4172.89,5780.57,-350.77,-15.1667
GV-14805,4244.5,5779.11,-349.39,-15.0934
GV-14806,4292.55,5764.06,-354.65,-15.2449
GV-14807,4324.22,5760.36,-347.89,-15.1349
GV-14808,4375.58,5792.16,-345.6,-15.0282
GV-14809,4405.13,5777.35,-349.2,-15.1189
GV-14810,4494.51,5791.11,-345.91,-15.0391
GV-14811,4529.11,5757.87,-348.2,-14.6992
GV-14812,4590.6,5773.03,-347.55,-14.7048
GV-14813,4615.86,5783.36,-354.34,-14.6489
GV-14814,4684.39,5785.2,-354.63,-14.3908
GV-14815,4732.43,5763.42,-345.52,-14.0911
GV-14816,4755.26,5761.95,-350.68,-13.8449
GV-14817,4812.31,5769.67,-395.62,-13.6327
GV-14818,4869.26,5783.12,-399.64,-13.3707
GV-14819,4939.41,5794.99,-403.79,-13.0732
GV-14820,4957.27,5783.94,-448.76,-12.9454
GV-14821,5028.69,5765.94,-452.77,-12.6065
GV-14822,5083.53,5759.0,-452.84,-12.3377
GV-14823,5124.34,5765.02,-446.77,-11.8709
GV-14824,5170.72,5763.8,-497.08,-11.9174
GV-14825,5242.37,5769.8,-501.51,-11.5048
GV-14826,5274.64,5783.62,-550.67,-11.3436
GV-14827,5307.3,5778.85,-549.17,-10.9993
GV-14828,5384.75,5782.07,-551.47,-10.7468
GV-14829,5434.8,5792.09,-602.63,-10.563
GV-14830,5487.26,5772.06,-595.98,-10.4118
GV-14831,5524.95,5761.2,-598.3,-10.1994
GV-14832,5557.63,5793.04,-596.9,-9.9425
GV-14833,5641.32,5767.85,-649.14,-9.766
GV-14834,5663.81,5787.35,-598.73,-9.3506
GV-14835,5724.58,5792.32,-554.37,-9.3559
GV-14836,5775.16,5780.11,-495.28,-9.1602
GV-14837,5832.85,5770.08,-454.9,-8.9172
GV-14838,5886.62,5785.79,-404.08,-8.5005
GV-14839,5922.32,5775.16,-404.08,-8.609
GV-14840,5986.8,5775.52,-395.06,-8.2951
GV-14841,6044.08,5756.97,-398.81,-8.0111
GV-14842,6089.31,5789.57,-397.09,-7.6458
GV-14843,6105.47,5765.39,-397.22,-7.3395
GV-14844,6163.72,5786.1,-396.54,-6.9981
GV-14845,6219.91,5785.58,-404.38,-6.815
GV-14846,6278.45,5787.14,-403.93,-6.4362
GV-14847,6340.99,5771.6,-398.96,-5.9935
GV-14848,6373.35,5776.84,-403.41,-5.7185
GV-14849,27.96,5835.76,-700.79,-8.4665
GV-14850,74.52,5814.83,-697.23,-8.8026
GV-14851,127.05,5814.47,-698.65,-8.643
GV-14852,155.73,5819.02,-702.75,-9.02
GV-14853,219.51,5825.3,-698.82,-9.3461
GV-14854,263.51,5843.33,-698.66,-9.3156
GV-14855,305.21,5808.02,-700.69,-9.7275
GV-14856,372.62,5836.1,-696.23,-9.7024
GV-14857,424.24,5829.12,-699.93,-9.7704
GV-14858,458.85,5822.74,-701.98,-10.23
GV-14859,531.58,5838.49,-695.15,-10.4036
GV-14860,586.01,5835.81,-701.41,-10.4276
GV-14861,615.06,5805.17,-702.18,-10.5095
GV-14862,672.6,5816.82,-699.94,-10.6499
GV-14863,723.25,5817.66,-704.77,-10.6565
GV-14864,767.52,5812.84,-704.03,-10.7538
GV-14865,822.62,5841.97,-696.31,-11.0818
GV-14866,866.21,5828.43,-703.48,-11.0931
GV-14867,926.12,5812.51,-703.62,-11.0958
GV-14868,975.2,5839.19,-697.24,-11.1227
GV-14869,1005.29,5822.99,-695.93,-11.3125
GV-14870,1092.25,5821.84,-695.75,-11.4906
GV-14871,1108.46,5830.24,-696.18,-11.5212
GV-14872,1182.81,5813.47,-696.35,-11.4863
GV-14873,1233.33,5814.49,-702.99,-11.7281
GV-14874,1273.44,5806.17,-699.53,-11.8041
GV-14875,1311.25,5822.33,-650.64,-12.0808
GV-14876,1373.66,5808.58,-650.21,-12.1471
GV-14877,1415.03,5842.53,-647.21,-12.244
GV-14878,1482.15,5813.74,-602.81,-12.3426
GV-14879,1536.0,5823.57,-598.5,-12.4778
GV-14880,1580.09,5805.15,-597.97,-12.7224
GV-14881,1624.66,5841.65,-548.92,-12.8002
GV-14882,1676.13,5835.16,-495.84,-13.1937
GV-14883,1713.81,5825.17,-504.49,-13.3346
GV-14884,1776.22,5819.87,-454.73,-13.4904
GV-14885,1826.17,5816.43,-454.31,-13.6335
GV-14886,1862.78,5807.06,-400.76,-14.0365
GV-14887,1913.24,5815.59,-345.08,-14.4247
GV-14888,1957.76,5808.54,-350.63,-14.5286
GV-14889,2012.85,5816.49,-304.68,-14.8274
GV-14890,2076.13,5819.96,-298.84,-14.8783
GV-14891,2116.85,5839.74,-298.96,-14.7954
GV-14892,2187.35,5838.65,-304.17,-15.3198
GV-14893,2226.08,5830.7,-299.34,-15.2581
GV-14894,2272.88,5833.08,-302.02,-15.3028
GV-14895,2320.3,5838.8,-295.53,-14.9926
GV-14896,2381.07,5843.52,-303.25,-15.0787
GV-14897,2436.36,5832.68,-352.71,-14.9274
GV-14898,2473.84,5834.18,-353.72,-14.7486
GV-14899,2507.75,5810.16,-352.22,-14.6756
GV-14900,2583.42,5820.52,-347.84,-14.6008
GV-14901,2640.05,5824.79,-349.33,-14.7359
GV-14902,2684.38,5830.45,-352.48,-14.528
GV-14903,2725.21,5827.48,-354.71,-14.5702
GV-14904,2773.02,5835.54,-353.66,-14.8145
GV-14905,2842.14,5840.34,-345.45,-14.6052
GV-14906,2858.3,5822.88,-349.22,-14.4769
GV-14907,2938.25,5816.04,-351.07,-14.7102
GV-14908,2973.76,5828.43,-346.88,-14.6506
GV-14909,3026.25,5822.34,-403.93,-14.4015
GV-14910,3089.2,5812.27,-395.69,-14.3872
GV-14911,3130.34,5823.62,-404.09,-14.3718
GV-14912,3180.96,5811.22,-395.92,-14.37
GV-14913,3228.3,5831.48,-398.4,-14.3951
GV-14914,3270.95,5820.67,-453.22,-14.3494
GV-14915,3310.1,5834.06,-446.03,-14.3191
GV-14916,3365.09,5817.7,-446.8,-14.3516
GV-14917,3437.46,5813.28,-452.68,-14.3315
GV-14918,3457.01,5839.12,-448.22,-14.2196
GV-14919,3521.84,5810.97,-449.17,-14.3086
GV-14920,3578.04,5842.84,-399.33,-14.5462
GV-14921,3618.4,5843.49,-401.64,-14.3988
GV-14922,3690.99,5806.89,-403.23,-14.6539
GV-14923,3725.06,5810.0,-401.42,-14.5301
GV-14924,3783.4,5840.72,-398.43,-14.6429
GV-14925,3808.94,5828.69,-400.65,-14.6296
GV-14926,3858.19,5824.18,-398.43,-14.8306
GV-14927,3917.42,5819.94,-397.2,-14.6771
GV-14928,3993.14,5816.39,-348.21,-14.9958
GV-14929,4024.26,5807.59,-345.0,-14.934
GV-14930,4089.76,5840.51,-351.11,-14.8708
GV-14931,4121.7,5807.61,-354.0,-14.9294
GV-14932,4162.79,5813.01,-348.53,-14.8843
GV-14933,4218.83,5823.14,-345.67,-14.7156
GV-14934,4264.02,5844.14,-345.87,-14.9663
GV-14935,4325.41,5826.76,-351.65,-14.7321
GV-14936,4364.95,5818.95,-351.82,-14.5688
GV-14937,4410.2,5842.55,-352.84,-14.8091
GV-14938,4485.88,5805.15,-348.19,-14.5224
GV-14939,4527.55,5830.96,-354.22,-14.4824
GV-14940,4587.22,5814.82,-348.64,-14.2754
GV-14941,4624.57,5810.04,-349.05,-14.1853
GV-14942,4657.34,5828.23,-347.28,-13.9212
GV-14943,4731.65,5835.79,-353.27,-13.7249
GV-14944,4758.64,5814.83,-396.22,-13.4844
GV-14945,4836.77,5809.78,-397.29,-13.283
GV-14946,4858.69,5806.75,-399.47,-13.0517
GV-14947,4931.42,5818.04,-395.43,-12.722
GV-14948,4992.92,5840.88,-454.94,-12.3661
GV-14949,5033.49,5838.8,-449.93,-12.2314
GV-14950,5083.83,5843.87,-447.51,-11.9105
GV-14951,5132.64,5812.95,-496.88,-11.6147
GV-14952,5178.04,5815.71,-495.92,-11.6631
GV-14953,5244.09,5806.37,-545.68,-11.2054
GV-14954,5273.58,5835.61,-547.5,-11.0001
GV-14955,5321.01,5807.04,-551.81,-10.7208
GV-14956,5368.24,5828.44,-598.24,-10.707
GV-14957,5432.17,5834.22,-601.41,-10.177
GV-14958,5461.9,5820.79,-599.72,-9.9595
GV-14959,5514.25,5827.21,-603.99,-9.9063
GV-14960,5583.11,5842.53,-646.22,-9.6874
GV-14961,5638.51,5809.81,-598.55,-9.3414
GV-14962,5665.38,5827.71,-547.76,-9.2014
GV-14963,5716.13,5817.76,-495.64,-9.1683
GV-14964,5756.41,5805.7,-400.0,-8.9637
GV-14965,5818.38,5841.24,-403.06,-8.7832
GV-14966,5871.23,5835.47,-398.82,-8.5051
GV-14967,5919.18,5816.99,-402.55,-8.1798
GV-14968,5989.66,5829.85,-402.78,-8.0876
GV-14969,6019.4,5823.58,-398.18,-7.9545
GV-14970,6074.64,5840.28,-400.19,-7.5105
GV-14971,6144.16,5826.87,-404.83,-7.3355
GV-14972,6173.42,5826.29,-403.55,-6.9434
GV-14973,6210.28,5817.97,-399.06,-6.5006
GV-14974,6291.24,5834.69,-396.67,-6.3504
GV-14975,6308.31,5815.65,-400.3,-5.7502
GV-14976,6388.58,5843.82,-404.18,-5.3751
GV-14977,35.06,5857.46,-702.9,-8.1174
GV-14978,65.06,5866.12,-695.66,-8.4982
GV-14979,112.06,5881.51,-704.74,-8.7428
GV-14980,157.9,5856.31,-648.17,-9.1005
GV-14981,207.46,5886.0,-645.42,-9.3839
GV-14982,292.61,5858.17,-646.68,-9.2167
GV-14983,328.98,5891.58,-651.41,-9.5202
GV-14984,361.57,5877.0,-648.74,-9.6377
GV-14985,442.74,5878.2,-652.14,-9.9448
GV-14986,472.12,5867.88,-646.4,-9.9419
GV-14987,535.85,5873.13,-653.51,-10.123
GV-14988,562.93,5892.89,-648.45,-10.3413
GV-14989,614.53,5879.95,-648.96,-10.4323
GV-14990,658.2,5875.08,-703.97,-10.5981
GV-14991,718.15,5892.4,-703.2,-10.662
GV-14992,779.97,5865.85,-700.38,-10.7919
GV-14993,812.72,5875.38,-704.08,-10.8354
GV-14994,873.74,5890.36,-697.46,-11.0515
GV-14995,908.74,5865.81,-699.48,-10.9784
GV-14996,960.81,5873.66,-701.33,-11.1458
GV-14997,1031.65,5863.71,-701.07,-11.3585
GV-14998,1087.01,5892.8,-697.53,-11.5107
GV-14999,1117.87,5861.48,-695.78,-11.4842
GV-15000,1168.57,5894.5,-703.31,-11.4497
GV-15001,1209.99,5880.23,-645.89,-11.5949
GV-15002,1270.88,5878.63,-648.72,-11.6933
GV-15003,1328.83,5894.99,-653.98,-11.9613
GV-15004,1382.64,5879.11,-654.67,-11.935
GV-15005,1429.78,5892.46,-604.1,-12.0121
GV-15006,1456.32,5876.88,-595.34,-12.2318
GV-15007,1523.0,5864.72,-596.33,-12.6136
GV-15008,1581.22,5856.68,-552.92,-12.8078
GV-15009,1622.71,5867.34,-495.26,-12.9223
GV-15010,1690.11,5892.63,-497.83,-13.2107
GV-15011,1727.38,5858.48,-446.54,-13.2413
GV-15012,1783.32,5880.31,-449.72,-13.4877
GV-15013,1828.66,5887.77,-399.75,-13.7402
GV-15014,1872.09,5860.79,-347.46,-14.1944
GV-15015,1931.3,5885.13,-354.93,-14.5406
GV-15016,1993.73,5892.56,-302.23,-14.5977
GV-15017,2036.54,5862.5,-295.5,-14.8249
GV-15018,2055.57,5889.23,-301.0,-14.9345
GV-15019,2109.25,5872.12,-301.36,-14.912
GV-15020,2164.67,5876.69,-303.37,-14.9985
GV-15021,2212.91,5883.52,-301.67,-15.011
GV-15022,2262.32,5863.47,-297.92,-14.9263
GV-15023,2339.99,5875.9,-297.97,-14.8373
GV-15024,2357.82,5877.97,-350.19,-14.5978
GV-15025,2426.76,5858.52,-352.77,-14.7646
GV-15026,2457.26,5868.98,-345.22,-14.4628
GV-15027,2531.78,5894.84,-354.2,-14.3445
GV-15028,2576.22,5889.05,-347.31,-14.5744
GV-15029,2609.67,5886.32,-346.77,-14.4927
GV-15030,2694.14,5858.65,-347.87,-14.4449
GV-15031,2729.94,5861.82,-350.68,-14.5388
GV-15032,2782.77,5870.12,-349.23,-14.3009
GV-15033,2833.47,5886.75,-349.95,-14.4571
GV-15034,2891.7,5876.3,-348.78,-14.3944
GV-15035,2921.04,5880.24,-349.86,-14.2623
GV-15036,2990.82,5878.1,-348.85,-14.2721
GV-15037,3021.12,5861.65,-347.89,-14.348
GV-15038,3069.69,5880.5,-348.42,-14.1106
GV-15039,3107.67,5863.91,-399.25,-14.2241
GV-15040,3185.94,5858.23,-395.59,-14.0724
GV-15041,3227.64,5884.8,-401.36,-14.1054
GV-15042,3255.54,5862.48,-400.13,-14.0469
GV-15043,3341.84,5860.69,-395.94,-13.9469
GV-15044,3392.34,5871.79,-453.79,-13.9488
GV-15045,3435.47,5857.4,-453.94,-14.0517
GV-15046,3481.8,5867.42,-395.7,-14.0461
GV-15047,3519.93,5857.69,-400.05,-14.1428
GV-15048,3580.63,5882.25,-399.32,-14.1049
GV-15049,3624.2,5861.06,-395.82,-14.4494
GV-15050,3692.95,5889.17,-398.94,-14.1976
GV-15051,3726.56,5855.29,-401.92,-14.2155
GV-15052,3775.45,5878.49,-398.99,-14.4298
GV-15053,3826.38,5876.71,-403.47,-14.5381
GV-15054,3884.29,5859.56,-396.51,-14.4134
GV-15055,3942.06,5890.76,-349.04,-14.5508
GV-15056,3966.11,5863.96,-354.38,-14.6535
GV-15057,4029.54,5876.67,-354.54,-14.651
GV-15058,4086.01,5886.08,-345.59,-14.7603
GV-15059,4107.0,5860.17,-349.32,-14.7315
GV-15060,4159.25,5859.31,-352.8,-14.6258
GV-15061,4242.84,5884.12,-353.14,-14.6986
GV-15062,4263.66,5855.45,-349.19,-14.4614
GV-15063,4324.63,5891.53,-350.12,-14.4795
GV-15064,4367.92,5864.56,-353.36,-14.5229
GV-15065,4442.51,5859.07,-347.27,-14.2507
GV-15066,4459.93,5869.92,-350.77,-14.2858
GV-15067,4539.05,5855.47,-350.1,-14.0145
GV-15068,4571.47,5868.23,-352.85,-13.986
GV-15069,4614.12,5875.78,-350.03,-13.8313
GV-15070,4669.63,5894.26,-347.88,-13.6575
GV-15071,4733.76,5863.93,-398.66,-13.4495
GV-15072,4783.15,5859.68,-395.25,-13.0129
GV-15073,4827.21,5885.98,-403.98,-12.817
GV-15074,4889.49,5879.87,-397.17,-12.6091
GV-15075,4906.8,5891.21,-453.76,-12.3383
GV-15076,4993.38,5863.32,-451.48,-12.0311
GV-15077,5016.84,5867.28,-450.13,-11.8176
GV-15078,5069.81,5872.95,-501.22,-11.5648
GV-15079,5126.45,5882.43,-497.24,-11.4267
GV-15080,5171.79,5885.94,-503.94,-11.0565
GV-15081,5234.84,5878.17,-545.61,-10.8491
GV-15082,5291.98,5878.46,-550.73,-10.658
GV-15083,5320.72,5864.26,-599.03,-10.378
GV-15084,5389.12,5885.67,-603.03,-10.2302
GV-15085,5435.02,5865.56,-595.55,-9.9975
GV-15086,5466.89,5894.95,-602.43,-9.9484
GV-15087,5524.47,5885.16,-601.84,-9.4479
GV-15088,5577.72,5884.87,-550.36,-9.6015
GV-15089,5613.17,5885.56,-501.78,-9.2724
GV-15090,5684.84,5865.13,-447.12,-9.0965
GV-15091,5731.23,5868.37,-397.15,-8.8681
GV-15092,5768.07,5892.29,-403.82,-8.526
GV-15093,5818.39,5874.5,-399.32,-8.396
GV-15094,5863.35,5889.69,-402.83,-8.3684
GV-15095,5941.93,5889.73,-395.18,-8.1639
GV-15096,5987.63,5877.87,-397.95,-7.9003
GV-15097,6038.03,5872.79,-402.5,-7.6596
GV-15098,6070.07,5884.96,-397.26,-7.4064
GV-15099,6138.17,5866.33,-402.64,-6.9841
GV-15100,6171.4,5865.31,-399.8,-6.741
GV-15101,6224.98,5887.19,-400.34,-6.2934
GV-15102,6271.47,5866.02,-399.95,-6.0055
GV-15103,6320.55,5887.3,-399.73,-5.5762
GV-15104,6364.58,5863.23,-401.28,-5.3716
GV-15105,33.59,5921.62,-704.91,-8.1683
GV-15106,93.97,5912.74,-650.79,-8.3692
GV-15107,118.76,5919.49,-654.81,-8.6224
GV-15108,182.88,5935.83,-648.42,-8.7381
GV-15109,205.6,5915.75,-653.5,-9.0767
GV-15110,261.61,5914.05,-652.55,-9.2701
GV-15111,337.48,5909.31,-650.38,-9.4283
GV-15112,376.99,5909.93,-654.68,-9.6221
GV-15113,432.61,5938.97,-653.01,-9.8142
GV-15114,479.06,5915.11,-652.32,-9.8951
GV-15115,540.33,5919.62,-651.92,-9.9889
GV-15116,568.9,5905.73,-647.92,-10.3452
GV-15117,622.54,5921.67,-645.67,-10.3755
GV-15118,693.6,5927.31,-651.14,-10.3621
GV-15119,709.65,5921.42,-653.65,-10.501
GV-15120,776.47,5923.91,-700.74,-10.5306
GV-15121,822.91,5929.02,-702.12,-10.7118
GV-15122,859.05,5941.94,-697.77,-10.7259
GV-15123,922.22,5921.36,-701.23,-10.7552
GV-15124,983.9,5937.57,-700.26,-11.0424
GV-15125,1025.92,5940.26,-697.98,-10.9528
GV-15126,1064.64,5922.66,-698.79,-11.1327
GV-15127,1138.34,5922.37,-645.09,-11.3046
GV-15128,1168.02,5906.69,-646.28,-11.5272
GV-15129,1212.98,5933.56,-651.14,-11.6438
GV-15130,1255.78,5911.96,-652.29,-11.8125
GV-15131,1312.02,5941.29,-652.65,-11.8084
GV-15132,1362.89,5936.93,-599.42,-11.912
GV-15133,1440.27,5930.14,-596.21,-12.3713
GV-15134,1494.8,5935.12,-548.5,-12.3204
GV-15135,1528.59,5910.3,-545.43,-12.5429
GV-15136,1565.08,5944.98,-504.77,-12.7418
GV-15137,1622.26,5918.35,-500.47,-12.7691
GV-15138,1688.9,5907.96,-451.41,-13.0226
GV-15139,1722.74,5916.09,-452.04,-13.5175
GV-15140,1776.44,5933.24,-395.46,-13.5792
GV-15141,1813.93,5936.08,-353.57,-13.9281
GV-15142,1892.69,5911.67,-351.54,-14.1784
GV-15143,1922.28,5912.0,-299.13,-14.5407
GV-15144,1987.99,5944.36,-304.97,-14.6212
GV-15145,2034.5,5925.09,-303.17,-14.858
GV-15146,2091.56,5936.05,-302.8,-14.9495
GV-15147,2141.71,5907.39,-298.99,-14.9291
GV-15148,2175.71,5918.31,-295.99,-14.8528
GV-15149,2231.32,5929.13,-299.16,-14.8334
GV-15150,2286.01,5925.77,-296.95,-14.6849
GV-15151,2311.46,5911.14,-349.56,-14.642
GV-15152,2378.0,5931.99,-347.22,-14.2775
GV-15153,2420.02,5930.54,-350.48,-14.4184
GV-15154,2458.02,5918.73,-347.1,-14.1377
GV-15155,2523.12,5933.09,-352.54,-14.3133
GV-15156,2561.58,5930.51,-352.5,-14.1235
GV-15157,2631.7,5912.02,-354.73,-14.2586
GV-15158,2685.87,5924.65,-353.93,-14.2279
GV-15159,2725.87,5912.33,-353.44,-14.2734
GV-15160,2791.92,5921.61,-352.0,-14.2002
GV-15161,2821.35,5924.83,-346.3,-14.1312
GV-15162,2893.25,5940.97,-345.69,-14.1315
GV-15163,2922.57,5917.08,-346.43,-14.0445
GV-15164,2982.8,5910.08,-350.67,-13.9503
GV-15165,3030.12,5923.03,-350.24,-14.0364
GV-15166,3066.71,5906.47,-349.33,-13.8703
GV-15167,3121.61,5936.06,-348.23,-14.0776
GV-15168,3162.02,5938.16,-398.43,-14.0191
GV-15169,3214.0,5910.11,-401.19,-13.8644
GV-15170,3277.2,5932.86,-398.65,-13.9241
GV-15171,3329.5,5914.15,-397.33,-13.6493
GV-15172,3369.02,5920.77,-398.42,-13.6698
GV-15173,3427.07,5934.04,-397.9,-13.8434
GV-15174,3484.87,5918.51,-401.89,-13.9545
GV-15175,3509.16,5913.22,-395.77,-13.8319
GV-15176,3565.18,5927.58,-404.96,-13.9225
GV-15177,3626.13,5912.89,-400.2,-13.9556
GV-15178,3688.72,5920.32,-404.89,-14.0085
GV-15179,3710.0,5915.97,-396.83,-13.9392
GV-15180,3770.59,5909.43,-404.25,-13.9673
GV-15181,3833.81,5911.98,-399.9,-14.2293
GV-15182,3891.59,5941.62,-346.99,-14.4351
GV-15183,3944.71,5913.85,-345.28,-14.2671
GV-15184,3964.66,5909.05,-354.86,-14.2498
GV-15185,4022.56,5940.68,-352.79,-14.3488
GV-15186,4066.32,5915.23,-347.6,-14.4867
GV-15187,4117.07,5942.85,-354.89,-14.448
GV-15188,4156.59,5941.39,-346.02,-14.5675
GV-15189,4209.51,5930.77,-346.59,-14.3282
GV-15190,4284.02,5921.33,-354.74,-14.3365
GV-15191,4330.08,5912.22,-347.36,-14.2002
GV-15192,4379.14,5926.19,-345.68,-14.1762
GV-15193,4412.97,5933.65,-348.43,-14.011
GV-15194,4483.48,5920.05,-353.68,-13.842
GV-15195,4531.56,5905.96,-345.03,-13.6636
GV-15196,4556.61,5943.12,-351.59,-13.687
GV-15197,4637.96,5923.64,-348.48,-13.4161
GV-15198,4671.87,5914.5,-400.5,-13.1089
GV-15199,4727.14,5917.58,-400.99,-12.8525
GV-15200,4788.08,5922.34,-403.79,-12.753
GV-15201,4822.26,5941.02,-403.6,-12.3954
GV-15202,4867.68,5935.38,-454.36,-12.1609
GV-15203,4944.27,5906.84,-452.95,-12.0527
GV-15204,4991.42,5916.36,-446.68,-11.8303
GV-15205,5015.34,5914.39,-497.52,-11.3421
GV-15206,5094.79,5911.17,-498.71,-11.1978
GV-15207,5135.67,5935.17,-497.79,-10.9223
GV-15208,5182.23,5907.86,-552.65,-10.7039
GV-15209,5233.27,5907.61,-548.36,-10.5115
GV-15210,5267.0,5930.87,-545.94,-10.3014
GV-15211,5332.12,5905.09,-600.76,-10.1433
GV-15212,5393.42,5908.32,-604.5,-10.0466
GV-15213,5422.37,5908.1,-595.3,-9.636
GV-15214,5480.0,5926.69,-602.76,-9.6845
GV-15215,5535.8,5921.08,-549.76,-9.4059
GV-15216,5565.73,5920.78,-502.74,-9.0586
GV-15217,5605.11,5914.57,-446.97,-8.9495
GV-15218,5674.49,5916.76,-397.93,-8.9142
GV-15219,5710.49,5917.94,-399.13,-8.6718
GV-15220,5781.47,5932.46,-397.61,-8.4037
GV-15221,5834.19,5908.33,-401.84,-8.2982
GV-15222,5889.92,5942.86,-398.05,-8.1185
GV-15223,5906.03,5916.83,-403.04,-8.0906
GV-15224,5982.05,5929.85,-404.51,-7.7493
GV-15225,6014.52,5938.13,-396.93,-7.5996
GV-15226,6058.37,5944.09,-402.44,-7.1138
GV-15227,6141.67,5944.0,-401.28,-6.9539
GV-15228,6161.81,5920.54,-399.96,-6.6605
GV-15229,6224.39,5928.6,-404.04,-6.3617
GV-15230,6282.18,5922.75,-402.59,-6.0758
GV-15231,6339.75,5934.82,-396.8,-5.6026
GV-15232,6369.44,5933.48,-397.77,-5.1282
GV-15233,20.38,5980.58,-654.78,-7.9873
GV-15234,69.69,5978.85,-653.11,-8.3305
GV-15235,131.76,5993.84,-645.59,-8.4466
GV-15236,161.92,5981.73,-649.02,-8.8548
GV-15237,213.02,5978.42,-651.52,-8.9286
GV-15238,283.93,5982.21,-645.49,-9.2016
GV-15239,329.67,5985.66,-647.98,-9.1305
GV-15240,370.29,5964.16,-651.43,-9.5315
GV-15241,424.78,5965.01,-648.6,-9.6627
GV-15242,479.79,5993.8,-649.35,-9.8097
GV-15243,525.19,5961.32,-652.09,-9.8238
GV-15244,590.85,5978.06,-653.59,-9.9374
GV-15245,616.81,5974.28,-650.97,-10.1926
GV-15246,663.59,5973.48,-646.86,-10.3415
GV-15247,714.31,5987.91,-652.1,-10.3021
GV-15248,764.67,5989.45,-645.46,-10.6004
GV-15249,841.92,5987.7,-650.03,-10.6748
GV-15250,855.33,5975.55,-647.51,-10.4966
GV-15251,915.08,5955.04,-651.55,-10.9161
GV-15252,992.61,5971.45,-654.0,-10.735
GV-15253,1014.81,5973.71,-652.28,-11.0156
GV-15254,1087.94,5957.5,-654.42,-11.2216
GV-15255,1113.79,5978.68,-653.89,-11.0821
GV-15256,1161.51,5974.18,-651.84,-11.2377
GV-15257,1208.54,5955.86,-652.49,-11.6133
GV-15258,1292.96,5957.05,-645.24,-11.5654
GV-15259,1335.61,5981.58,-598.65,-11.647
GV-15260,1368.71,5958.6,-599.26,-11.7463
GV-15261,1407.63,5986.77,-552.25,-12.1804
GV-15262,1475.27,5982.1,-548.64,-12.0619
GV-15263,1516.99,5981.24,-502.31,-12.4448
GV-15264,1593.48,5969.35,-499.01,-12.7514
GV-15265,1640.73,5960.11,-450.88,-12.7414
GV-15266,1676.38,5978.98,-447.63,-13.0004
GV-15267,1714.53,5966.08,-395.28,-13.4883
GV-15268,1767.02,5957.9,-349.89,-13.7198
GV-15269,1826.61,5971.92,-345.82,-14.0637
GV-15270,1860.55,5975.22,-297.9,-14.3441
GV-15271,1911.88,5993.59,-296.69,-14.6142
GV-15272,1986.93,5994.68,-296.01,-14.6171
GV-15273,2023.1,5976.01,-303.56,-14.5152
GV-15274,2093.6,5982.02,-297.18,-14.5996
GV-15275,2125.77,5970.08,-297.33,-14.4511
GV-15276,2177.66,5974.63,-304.23,-14.3973
GV-15277,2227.45,5963.03,-347.42,-14.5365
GV-15278,2278.56,5981.95,-349.71,-14.2666
GV-15279,2321.57,5983.86,-354.66,-14.1305
GV-15280,2391.45,5967.74,-348.83,-14.0994
GV-15281,2436.52,5956.91,-346.49,-14.0438
GV-15282,2470.85,5980.01,-351.39,-14.0539
GV-15283,2506.54,5974.7,-347.36,-13.796
GV-15284,2593.37,5980.09,-346.2,-13.8078
GV-15285,2638.85,5985.25,-350.13,-13.9722
GV-15286,2681.5,5992.72,-349.4,-13.7477
GV-15287,2730.76,5977.86,-351.89,-13.8093
GV-15288,2770.38,5993.95,-352.63,-13.9159
GV-15289,2811.26,5978.88,-345.24,-13.7886
GV-15290,2889.87,5957.87,-351.91,-13.8401
GV-15291,2908.21,5962.7,-348.48,-13.8968
GV-15292,2967.81,5972.84,-354.17,-13.9791
GV-15293,3006.53,5961.49,-347.37,-13.8046
GV-15294,3091.5,5959.36,-348.26,-13.8595
GV-15295,3109.48,5994.27,-350.88,-13.6457
GV-15296,3172.74,5985.78,-354.95,-13.5863
GV-15297,3235.02,5969.89,-395.02,-13.6814
GV-15298,3281.04,5989.68,-395.01,-13.5909
GV-15299,3307.36,5991.53,-395.32,-13.3884
GV-15300,3367.91,5970.17,-395.95,-13.415
GV-15301,3412.68,5964.66,-404.21,-13.4757
GV-15302,3470.99,5961.0,-404.32,-13.5303
GV-15303,3511.42,5994.43,-399.2,-13.5993
GV-15304,3563.8,5989.68,-397.96,-13.5143
GV-15305,3617.51,5981.31,-402.73,-13.5332
GV-15306,3658.1,5988.8,-401.96,-13.5778
GV-15307,3721.12,5988.31,-396.58,-13.7705
GV-15308,3794.43,5994.08,-400.2,-13.6822
GV-15309,3810.17,5969.15,-352.84,-14.0315
GV-15310,3882.48,5964.61,-354.67,-13.8615
GV-15311,3924.42,5980.19,-347.93,-14.0001
GV-15312,3994.84,5983.33,-346.2,-13.9631
GV-15313,4014.82,5965.0,-345.13,-14.1269
GV-15314,4087.8,5981.12,-347.55,-14.0443
GV-15315,4117.6,5963.48,-352.45,-13.9472
GV-15316,4163.22,5967.27,-349.09,-13.9629
GV-15317,4217.74,5979.21,-354.1,-13.8657
GV-15318,4281.21,5957.08,-347.79,-14.0159
GV-15319,4313.79,5972.74,-347.49,-13.7863
GV-15320,4369.06,5993.1,-347.76,-13.8109
GV-15321,4441.13,5973.38,-345.62,-13.7129
GV-15322,4459.98,5959.66,-354.51,-13.6266
GV-15323,4536.23,5971.64,-354.13,-13.2673
GV-15324,4588.37,5957.61,-345.46,-12.9999
GV-15325,4611.22,5987.86,-404.59,-12.9522
GV-15326,4665.68,5983.87,-397.95,-12.7463
GV-15327,4734.06,5973.71,-404.45,-12.4756
GV-15328,4767.95,5963.11,-403.74,-12.2849
GV-15329,4812.82,5972.11,-451.81,-11.8845
GV-15330,4889.44,5987.53,-447.78,-11.8879
GV-15331,4921.55,5955.94,-447.68,-11.4879
GV-15332,4970.21,5970.7,-499.33,-11.203
GV-15333,5005.69,5963.48,-499.66,-11.0251
GV-15334,5072.58,5960.51,-502.31,-10.6037
GV-15335,5119.94,5977.36,-552.78,-10.4673
GV-15336,5161.95,5975.95,-547.03,-10.2425
GV-15337,5239.16,5963.93,-551.83,-10.007
GV-15338,5269.39,5992.64,-601.26,-10.0322
GV-15339,5318.3,5963.1,-601.71,-9.622
GV-15340,5371.47,5984.08,-604.63,-9.488
GV-15341,5407.57,5991.2,-596.56,-9.2865
GV-15342,5460.61,5979.58,-549.46,-9.3155
GV-15343,5529.46,5987.08,-503.07,-9.2265
GV-15344,5578.83,5990.74,-450.41,-9.0233
GV-15345,5613.69,5992.87,-396.36,-8.9301
GV-15346,5667.25,5969.52,-399.19,-8.6138
GV-15347,5724.25,5980.33,-404.81,-8.5815
GV-15348,5781.17,5980.97,-396.47,-8.2107
GV-15349,5830.95,5965.49,-399.02,-8.1387
GV-15350,5873.27,5968.38,-398.63,-7.8041
GV-15351,5937.14,5972.86,-396.56,-7.5954
GV-15352,5955.62,5977.94,-399.18,-7.4823
GV-15353,6034.25,5994.92,-404.65,-7.1927
GV-15354,6075.26,5963.06,-398.68,-6.8774
GV-15355,6107.63,5990.49,-396.64,-6.6468
GV-15356,6170.8,5987.88,-395.49,-6.4919
GV-15357,6226.61,5988.51,-397.02,-6.0767
GV-15358,6294.82,5980.8,-403.38,-5.8991
GV-15359,6315.87,5975.07,-397.19,-5.5636
GV-15360,6368.65,5964.26,-404.44,-5.062
GV-15361,34.12,6028.55,-653.23,-7.8064
GV-15362,68.59,6006.85,-652.72,-7.9881
GV-15363,111.18,6012.36,-652.42,-8.4091
GV-15364,178.45,6013.98,-652.83,-8.6194
GV-15365,208.56,6025.99,-646.22,-8.8783
GV-15366,276.14,6030.87,-645.08,-8.939
GV-15367,337.18,6040.04,-649.96,-9.0983
GV-15368,384.55,6026.84,-645.7,-9.4423
GV-15369,410.08,6020.37,-648.32,-9.5273
GV-15370,477.56,6022.27,-647.11,-9.6492
GV-15371,544.0,6031.96,-648.07,-9.7489
GV-15372,583.12,6033.23,-654.77,-9.8548
GV-15373,623.49,6028.93,-654.77,-10.0859
GV-15374,669.66,6040.56,-653.92,-10.2143
GV-15375,742.54,6019.94,-646.22,-10.0285
GV-15376,757.27,6026.11,-652.3,-10.2437
GV-15377,813.95,6019.56,-653.99,-10.5957
GV-15378,888.07,6017.02,-647.08,-10.5352
GV-15379,929.89,6038.43,-646.65,-10.6164
GV-15380,977.72,6042.48,-653.29,-10.6175
GV-15381,1027.06,6021.74,-652.66,-10.8207
GV-15382,1085.52,6021.5,-649.9,-10.8618
GV-15383,1125.69,6010.99,-651.09,-10.9246
GV-15384,1155.02,6036.99,-648.33,-11.1434
GV-15385,1210.96,6033.64,-595.42,-11.1905
GV-15386,1269.14,6018.31,-601.37,-11.5397
GV-15387,1331.36,6018.04,-595.46,-11.578
GV-15388,1379.93,6017.82,-552.65,-11.8744
GV-15389,1410.12,6038.08,-548.25,-11.9908
GV-15390,1484.52,6011.43,-502.23,-12.093
GV-15391,1538.9,6018.83,-504.48,-12.3784
GV-15392,1590.72,6022.85,-451.64,-12.6109
GV-15393,1637.01,6030.31,-446.36,-12.9925
GV-15394,1665.83,6039.47,-399.07,-13.0679
GV-15395,1728.39,6029.77,-352.27,-13.3828
GV-15396,1792.47,6031.55,-349.81,-13.7498
GV-15397,1807.98,6022.29,-302.73,-13.9396
GV-15398,1873.65,6008.0,-296.37,-14.1521
GV-15399,1911.18,6021.25,-304.99,-14.3524
GV-15400,1981.4,6006.19,-295.39,-14.2345
GV-15401,2006.63,6039.92,-303.64,-14.3633
GV-15402,2080.58,6013.16,-298.41,-14.2515
GV-15403,2126.12,6006.95,-296.07,-14.1969
GV-15404,2156.35,6037.0,-350.85,-13.9438
GV-15405,2205.89,6022.63,-354.66,-13.9293
GV-15406,2289.49,6007.15,-346.97,-13.9311
GV-15407,2329.46,6009.93,-345.53,-13.7463
GV-15408,2362.14,6037.19,-345.89,-13.7527
GV-15409,2440.96,6015.58,-347.65,-13.7435
GV-15410,2459.85,6014.59,-350.84,-13.8138
GV-15411,2541.57,6021.76,-352.77,-13.694
GV-15412,2592.8,6040.73,-346.3,-13.4908
GV-15413,2634.84,6026.87,-349.16,-13.6031
GV-15414,2657.26,6006.32,-349.6,-13.2466
GV-15415,2733.85,6036.85,-345.67,-13.5061
GV-15416,2788.98,6022.48,-353.49,-13.6945
GV-15417,2817.56,6011.06,-347.14,-13.5323
GV-15418,2864.09,6034.24,-353.78,-13.6294
GV-15419,2919.31,6044.49,-352.55,-13.5442
GV-15420,2977.02,6044.13,-350.67,-13.3421
GV-15421,3006.91,6035.42,-353.5,-13.5516
GV-15422,3062.32,6036.19,-351.8,-13.636
GV-15423,3144.75,6027.5,-346.51,-13.3131
GV-15424,3187.59,6040.43,-351.29,-13.4255
GV-15425,3219.85,6033.28,-350.39,-13.1572
GV-15426,3259.17,6038.35,-402.84,-13.33
GV-15427,3342.46,6027.02,-399.17,-13.2624
GV-15428,3365.81,6023.39,-399.02,-13.1958
GV-15429,3410.32,6006.01,-401.67,-13.1617
GV-15430,3487.68,6043.4,-398.97,-13.1937
GV-15431,3513.48,6029.16,-399.65,-13.26
GV-15432,3555.37,6026.48,-398.56,-13.2542
GV-15433,3635.84,6020.29,-400.59,-13.2968
GV-15434,3655.41,6015.64,-400.01,-13.429
GV-15435,3715.8,6023.33,-397.96,-13.4885
GV-15436,3756.22,6013.9,-350.83,-13.3435
GV-15437,3839.36,6009.78,-348.11,-13.4193
GV-15438,3872.23,6008.49,-354.95,-13.8118
GV-15439,3910.91,6024.6,-349.2,-13.6239
GV-15440,3962.08,6039.69,-345.45,-13.8524
GV-15441,4027.66,6029.09,-350.92,-13.67
GV-15442,4090.35,6020.8,-351.97,-13.7814
GV-15443,4129.32,6034.35,-349.15,-13.6347
GV-15444,4171.02,6026.28,-350.25,-13.5742
GV-15445,4219.19,6018.52,-350.06,-13.4614
GV-15446,4289.33,6016.92,-354.86,-13.4567
GV-15447,4317.27,6038.13,-345.66,-13.3929
GV-15448,4388.73,6043.64,-353.91,-13.4645
GV-15449,4441.98,6011.25,-347.44,-13.2293
GV-15450,4467.64,6006.82,-345.42,-13.0468
GV-15451,4542.86,6005.66,-353.34,-12.8142
GV-15452,4577.86,6024.1,-399.91,-12.6601
GV-15453,4637.37,6034.54,-400.1,-12.5212
GV-15454,4683.35,6024.13,-403.38,-12.133
GV-15455,4706.81,6008.91,-401.5,-11.8133
GV-15456,4765.51,6041.81,-454.69,-11.7067
GV-15457,4809.41,6016.2,-445.7,-11.4957
GV-15458,4858.67,6009.37,-452.33,-11.2516
GV-15459,4926.8,6025.22,-503.74,-10.9995
GV-15460,4985.31,6031.77,-500.2,-10.883
GV-15461,5037.86,6032.21,-500.71,-10.5319
GV-15462,5060.63,6014.29,-549.29,-10.4245
GV-15463,5134.97,6036.29,-545.9,-10.0778
GV-15464,5193.96,6028.06,-550.75,-9.7568
GV-15465,5235.23,6030.01,-595.84,-9.7986
GV-15466,5262.78,6036.17,-602.66,-9.7595
GV-15467,5309.69,6007.93,-599.84,-9.4282
GV-15468,5362.92,6041.03,-545.0,-9.3349
GV-15469,5405.44,6022.2,-500.87,-9.1687
GV-15470,5469.48,6041.27,-448.2,-9.0917
GV-15471,5524.24,6041.07,-398.46,-8.8586
GV-15472,5558.35,6024.95,-403.21,-8.6457
GV-15473,5615.33,6040.71,-395.11,-8.7469
GV-15474,5689.02,6005.35,-395.83,-8.2905
GV-15475,5713.99,6020.16,-403.32,-8.256
GV-15476,5772.82,6023.54,-402.09,-8.0813
GV-15477,5843.58,6013.36,-396.27,-7.8025
GV-15478,5869.4,6020.62,-404.65,-7.6504
GV-15479,5930.44,6024.78,-399.02,-7.467
GV-15480,5983.59,6025.15,-403.43,-7.1439
GV-15481,6011.5,6016.14,-404.3,-7.2024
GV-15482,6091.01,6043.54,-399.23,-6.8281
GV-15483,6130.57,6015.43,-401.13,-6.4221
GV-15484,6165.37,6006.26,-398.62,-6.2069
GV-15485,6218.31,6043.94,-399.48,-6.1199
GV-15486,6255.45,6008.81,-395.17,-5.6066
GV-15487,6313.74,6030.2,-403.54,-5.1221
GV-15488,6394.94,6005.05,-395.82,-4.6841
GV-15489,24.84,6091.87,-649.26,-7.6919
GV-15490,62.4,6085.79,-650.21,-7.8764
GV-15491,107.16,6057.63,-650.91,-8.2715
GV-15492,182.19,6071.26,-652.21,-8.3568
GV-15493,239.55,6088.75,-646.86,-8.6168
GV-15494,273.92,6073.6,-653.46,-8.9074
GV-15495,341.68,6082.87,-653.18,-8.9705
GV-15496,363.55,6086.33,-645.21,-9.0889
GV-15497,421.25,6068.58,-646.68,-9.231
GV-15498,493.26,6072.17,-650.85,-9.4779
GV-15499,538.45,6093.61,-649.99,-9.4687
GV-15500,559.32,6084.08,-650.91,-9.6239
GV-15501,612.69,6076.89,-645.95,-9.647
GV-15502,684.15,6091.56,-646.64,-9.8355
GV-15503,724.18,6090.58,-645.64,-10.1831
GV-15504,793.66,6067.42,-646.25,-10.1798
GV-15505,823.31,6069.94,-653.02,-10.31
GV-15506,868.42,6058.39,-652.85,-10.2905
GV-15507,924.24,6081.97,-647.24,-10.309
GV-15508,989.12,6079.53,-645.55,-10.575
GV-15509,1008.76,6058.09,-650.88,-10.655
GV-15510,1058.45,6060.07,-653.25,-10.6376
GV-15511,1126.7,6082.62,-647.25,-10.9211
GV-15512,1179.1,6089.91,-599.32,-10.9724
GV-15513,1230.92,6067.03,-597.53,-11.2609
GV-15514,1291.73,6058.98,-596.53,-11.2913
GV-15515,1314.37,6092.37,-552.18,-11.6289
GV-15516,1381.95,6066.92,-550.24,-11.6704
GV-15517,1429.67,6093.5,-501.24,-11.9638
GV-15518,1458.48,6093.67,-503.72,-12.1043
GV-15519,1531.71,6067.74,-453.01,-12.239
GV-15520,1569.04,6055.12,-451.74,-12.5841
GV-15521,1612.25,6065.19,-398.41,-12.7396
GV-15522,1660.94,6074.63,-351.1,-13.0627
GV-15523,1723.17,6081.54,-352.49,-13.4308
GV-15524,1768.1,6068.01,-302.82,-13.816
GV-15525,1839.57,6087.29,-304.06,-13.9337
GV-15526,1863.94,6085.7,-303.51,-13.8629
GV-15527,1908.18,6083.03,-298.22,-13.9457
GV-15528,1978.9,6083.7,-301.13,-13.9764
GV-15529,2010.26,6085.3,-302.92,-13.9598
GV-15530,2093.47,6061.73,-304.68,-13.8726
GV-15531,2108.67,6092.17,-350.51,-13.835
GV-15532,2181.95,6064.01,-355.0,-13.5033
GV-15533,2231.01,6085.93,-354.8,-13.7324
GV-15534,2271.62,6080.31,-354.4,-13.474
GV-15535,2317.08,6062.65,-349.35,-13.5405
GV-15536,2390.24,6065.73,-354.19,-13.5467
GV-15537,2426.55,6087.69,-353.83,-13.2958
GV-15538,2457.94,6074.18,-351.97,-13.3844
GV-15539,2527.13,6055.71,-347.81,-13.2233
GV-15540,2592.18,6078.37,-347.95,-13.1599
GV-15541,2619.8,6085.4,-348.88,-13.2309
GV-15542,2667.9,6076.32,-353.93,-13.358
GV-15543,2736.81,6063.97,-351.09,-13.2344
GV-15544,2781.96,6088.89,-354.55,-13.1486
GV-15545,2823.04,6093.34,-350.47,-13.1482
GV-15546,2894.09,6090.98,-347.64,-13.2535
GV-15547,2912.76,6066.92,-348.58,-13.1158
GV-15548,2983.53,6058.27,-345.48,-13.1224
GV-15549,3008.03,6087.57,-354.75,-13.0819
GV-15550,3088.32,6063.81,-349.3,-13.1061
GV-15551,3118.66,6084.01,-347.36,-13.208
GV-15552,3170.08,6085.79,-354.26,-13.0835
GV-15553,3210.35,6065.72,-351.46,-12.9629
GV-15554,3271.49,6073.89,-348.49,-13.0458
GV-15555,3314.78,6084.57,-404.43,-12.926
GV-15556,3375.54,6086.69,-402.52,-13.0631
GV-15557,3442.63,6064.55,-400.64,-12.9232
GV-15558,3455.32,6080.28,-402.93,-12.6861
GV-15559,3533.61,6093.34,-399.12,-12.7739
GV-15560,3564.84,6071.83,-398.85,-13.0364
GV-15561,3612.89,6067.63,-398.7,-12.9022
GV-15562,3682.5,6060.71,-395.18,-12.9148
GV-15563,3711.72,6085.07,-348.99,-13.0899
GV-15564,3778.6,6082.25,-353.67,-13.2038
GV-15565,3817.91,6058.91,-347.18,-13.228
GV-15566,3877.46,6083.85,-352.97,-13.2693
GV-15567,3942.1,6085.82,-350.11,-13.4034
GV-15568,3967.45,6084.0,-347.13,-13.2833
GV-15569,4044.92,6085.15,-350.0,-13.5122
GV-15570,4080.64,6056.37,-348.58,-13.4734
GV-15571,4133.58,6075.88,-346.99,-13.2773
GV-15572,4178.01,6074.97,-346.46,-13.2145
GV-15573,4216.51,6090.0,-354.32,-13.1758
GV-15574,4267.78,6079.72,-346.56,-13.0723
GV-15575,4313.81,6079.93,-349.82,-13.0254
GV-15576,4368.48,6073.68,-353.19,-12.8869
GV-15577,4425.59,6065.56,-347.08,-12.8266
GV-15578,4477.52,6067.87,-351.28,-12.6693
GV-15579,4518.05,6078.21,-396.38,-12.3705
GV-15580,4556.6,6068.96,-402.61,-12.2432
GV-15581,4633.1,6094.67,-404.74,-11.9154
GV-15582,4681.27,6072.43,-396.46,-11.6143
GV-15583,4709.75,6057.64,-448.04,-11.3386
GV-15584,4759.42,6057.41,-453.39,-11.3223
GV-15585,4828.84,6064.51,-451.81,-11.0215
GV-15586,4893.56,6079.88,-501.53,-10.7811
GV-15587,4917.69,6082.09,-498.68,-10.5868
GV-15588,4977.22,6092.63,-504.8,-10.4162
GV-15589,5039.39,6057.89,-549.8,-9.9239
GV-15590,5078.16,6079.8,-551.1,-9.9683
GV-15591,5123.84,6079.95,-548.3,-9.843
GV-15592,5168.96,6078.87,-595.08,-9.5426
GV-15593,5209.33,6092.04,-600.06,-9.5053
GV-15594,5270.3,6072.57,-601.04,-9.2432
GV-15595,5326.28,6065.78,-552.8,-8.9662
GV-15596,5385.7,6079.94,-503.49,-8.9267
GV-15597,5409.01,6058.19,-453.3,-9.019
GV-15598,5456.47,6083.57,-402.62,-8.6591
GV-15599,5534.33,6083.85,-396.15,-8.5718
GV-15600,5583.09,6058.46,-404.68,-8.4045
GV-15601,5613.07,6062.23,-396.95,-8.2875
GV-15602,5655.57,6078.58,-395.2,-8.1278
GV-15603,5740.0,6069.39,-396.37,-8.1448
GV-15604,5770.62,6055.45,-401.48,-7.6236
GV-15605,5822.27,6078.6,-404.51,-7.6721
GV-15606,5893.31,6061.94,-397.43,-7.5714
GV-15607,5912.79,6074.59,-403.06,-7.3035
GV-15608,5991.95,6074.82,-395.67,-6.9424
GV-15609,6025.74,6087.89,-397.63,-6.7967
GV-15610,6070.09,6084.34,-397.39,-6.5584
GV-15611,6116.43,6078.86,-403.59,-6.1385
GV-15612,6173.01,6087.98,-402.0,-6.1047
GV-15613,6231.16,6088.82,-395.5,-5.6528
GV-15614,6275.37,6075.58,-397.53,-5.2552
GV-15615,6308.7,6065.3,-395.5,-5.0472
GV-15616,6366.38,6084.2,-403.6,-4.4823
GV-15617,26.45,6116.09,-599.92,-7.7114
GV-15618,81.82,6139.39,-599.29,-7.9267
GV-15619,129.94,6113.5,-598.16,-8.0514
GV-15620,193.87,6112.63,-596.95,-8.0685
GV-15621,224.91,6105.36,-604.57,-8.5722
GV-15622,263.13,6120.37,-603.88,-8.5017
GV-15623,333.77,6114.5,-597.88,-8.8532
GV-15624,380.43,6126.05,-595.21,-9.0699
GV-15625,410.34,6120.15,-647.33,-9.1168
GV-15626,486.5,6108.38,-645.9,-9.1387
GV-15627,526.68,6112.16,-651.58,-9.3139
GV-15628,562.99,6114.78,-646.37,-9.5232
GV-15629,626.83,6128.46,-649.66,-9.67
GV-15630,672.84,6115.8,-651.41,-9.7398
GV-15631,721.12,6106.84,-652.96,-9.8261
GV-15632,764.81,6136.29,-653.67,-9.8162
GV-15633,837.32,6106.67,-647.22,-10.0358
GV-15634,880.52,6115.06,-651.7,-10.1732
GV-15635,937.02,6120.68,-646.09,-10.2661
GV-15636,983.64,6133.38,-647.86,-10.2692
GV-15637,1034.82,6119.39,-645.28,-10.6624
GV-15638,1060.74,6135.79,-597.08,-10.6391
GV-15639,1143.37,6130.4,-595.7,-10.754
GV-15640,1166.11,6121.19,-598.7,-10.7132
GV-15641,1221.26,6126.38,-600.04,-11.1112
GV-15642,1258.27,6139.64,-549.24,-11.1153
GV-15643,1308.44,6107.09,-551.2,-11.3711
GV-15644,1382.7,6142.22,-496.39,-11.4162
GV-15645,1415.48,6125.35,-496.46,-11.6604
GV-15646,1455.73,6135.95,-452.3,-11.8429
GV-15647,1537.08,6107.99,-445.69,-12.2449
GV-15648,1589.9,6121.75,-400.38,-12.4361
GV-15649,1607.13,6125.87,-350.59,-12.5684
GV-15650,1684.53,6144.95,-346.1,-13.0496
GV-15651,1714.79,6135.86,-300.72,-13.2957
GV-15652,1775.07,6111.2,-297.49,-13.313
GV-15653,1827.0,6112.57,-303.52,-13.4776
GV-15654,1878.21,6120.14,-298.09,-13.7014
GV-15655,1920.85,6128.44,-296.18,-13.6031
GV-15656,1986.23,6111.66,-296.1,-13.5478
GV-15657,2014.67,6123.32,-351.02,-13.4273
GV-15658,2088.61,6116.81,-353.45,-13.4447
GV-15659,2136.01,6139.76,-354.03,-13.1954
GV-15660,2171.84,6127.74,-351.8,-13.1875
GV-15661,2213.55,6109.91,-349.96,-13.2299
GV-15662,2265.74,6141.42,-346.17,-13.2388
GV-15663,2313.99,6138.94,-348.64,-13.1865
GV-15664,2365.54,6125.17,-347.4,-13.0752
GV-15665,2418.99,6112.42,-351.34,-13.0376
GV-15666,2467.85,6112.66,-347.87,-12.9314
GV-15667,2507.6,6139.77,-349.02,-13.0937
GV-15668,2559.23,6138.41,-351.52,-12.8884
GV-15669,2611.02,6138.63,-353.91,-12.8247
GV-15670,2678.22,6107.35,-347.99,-12.948
GV-15671,2727.88,6109.19,-347.86,-12.854
GV-15672,2793.21,6124.76,-345.42,-12.9174
GV-15673,2841.46,6119.33,-351.04,-12.8536
GV-15674,2886.06,6124.07,-346.79,-12.8885
GV-15675,2908.59,6127.04,-350.59,-12.8836
GV-15676,2967.93,6131.95,-354.05,-12.8393
GV-15677,3036.1,6138.2,-354.8,-12.779
GV-15678,3059.14,6115.88,-351.19,-12.6152
GV-15679,3139.0,6106.53,-351.73,-12.6892
GV-15680,3165.48,6118.91,-352.67,-12.6696
GV-15681,3214.35,6141.42,-346.39,-12.9117
GV-15682,3263.14,6132.37,-349.83,-12.4492
GV-15683,3318.81,6106.48,-349.31,-12.5489
GV-15684,3379.96,6140.23,-403.69,-12.4609
GV-15685,3431.78,6144.71,-400.65,-12.4972
GV-15686,3468.72,6124.19,-404.01,-12.4466
GV-15687,3531.2,6139.05,-400.24,-12.7013
GV-15688,3581.43,6111.63,-397.16,-12.5517
GV-15689,3632.56,6135.11,-352.41,-12.5114
GV-15690,3678.99,6110.86,-348.45,-12.721
GV-15691,3720.09,6134.59,-346.58,-12.8543
GV-15692,3761.11,6123.43,-347.03,-12.7385
GV-15693,3832.42,6106.84,-352.19,-12.8886
GV-15694,3880.79,6107.24,-350.28,-12.891
GV-15695,3914.26,6124.74,-349.65,-12.8085
GV-15696,3983.57,6139.87,-348.13,-12.8746
GV-15697,4024.63,6139.5,-345.43,-12.9174
GV-15698,4067.46,6108.79,-348.25,-12.9928
GV-15699,4114.63,6137.82,-346.15,-12.8716
GV-15700,4171.03,6110.78,-345.18,-12.8418
GV-15701,4214.79,6108.09,-349.32,-12.7725
GV-15702,4292.05,6128.21,-352.17,-12.7523
GV-15703,4334.58,6120.45,-352.21,-12.5047
GV-15704,4390.72,6142.07,-351.09,-12.4537
GV-15705,4439.14,6107.41,-349.06,-12.2374
GV-15706,4489.01,6105.55,-401.47,-12.0869
GV-15707,4505.98,6130.24,-401.76,-11.779
GV-15708,4568.08,6116.8,-397.51,-11.6288
GV-15709,4626.65,6139.05,-399.0,-11.3738
GV-15710,4690.21,6143.88,-445.38,-11.2464
GV-15711,4707.08,6128.76,-448.9,-10.9326
GV-15712,4764.85,6140.48,-453.82,-10.7678
GV-15713,4819.5,6121.0,-498.98,-10.5046
GV-15714,4859.47,6116.75,-499.69,-10.2585
GV-15715,4922.97,6111.06,-496.26,-10.1097
GV-15716,4973.26,6141.66,-545.38,-9.9484
GV-15717,5036.59,6116.12,-552.89,-9.8067
GV-15718,5094.98,6117.7,-545.78,-9.5424
GV-15719,5144.47,6112.9,-596.22,-9.2935
GV-15720,5185.61,6136.78,-603.88,-9.1417
GV-15721,5225.23,6142.02,-547.14,-9.0202
GV-15722,5285.85,6112.72,-500.9,-8.8671
GV-15723,5338.71,6129.13,-452.12,-8.7774
GV-15724,5370.42,6129.12,-449.77,-8.7145
GV-15725,5417.79,6131.14,-403.54,-8.5
GV-15726,5458.06,6110.55,-403.08,-8.4151
GV-15727,5510.79,6133.17,-398.07,-8.314
GV-15728,5562.53,6129.41,-400.6,-8.2932
GV-15729,5617.85,6126.29,-400.28,-7.978
GV-15730,5670.1,6116.31,-404.45,-7.8436
GV-15731,5707.09,6129.19,-396.58,-7.6481
GV-15732,5775.31,6143.06,-402.99,-7.3962
GV-15733,5811.24,6129.29,-396.98,-7.3497
GV-15734,5881.26,6105.45,-400.29,-7.1855
GV-15735,5924.17,6106.54,-403.37,-6.9296
GV-15736,5978.02,6121.82,-395.05,-6.7236
GV-15737,6043.38,6129.46,-398.54,-6.4961
GV-15738,6071.1,6111.27,-402.74,-6.2886
GV-15739,6108.63,6123.93,-401.0,-6.0915
GV-15740,6188.89,6132.98,-404.99,-5.9502
GV-15741,6220.19,6126.12,-401.53,-5.5293
GV-15742,6256.58,6107.02,-402.48,-5.1586
GV-15743,6326.32,6130.34,-403.01,-4.6992
GV-15744,6376.99,6142.86,-401.94,-4.4375
GV-15745,14.71,6176.56,-604.45,-7.4677
GV-15746,55.69,6168.46,-598.93,-7.7023
GV-15747,116.21,6159.98,-597.9,-7.9155
GV-15748,166.1,6162.31,-597.37,-8.1255
GV-15749,209.95,6190.84,-597.88,-8.3831
GV-15750,287.91,6187.99,-600.79,-8.4561
GV-15751,328.73,6186.38,-600.27,-8.6492
GV-15752,374.48,6174.13,-599.65,-8.9664
GV-15753,427.73,6187.03,-597.89,-8.9276
GV-15754,491.52,6157.52,-599.23,-9.087
GV-15755,526.49,6184.45,-648.23,-9.1968
GV-15756,570.28,6157.16,-650.13,-9.3026
GV-15757,636.04,6156.71,-652.61,-9.4058
GV-15758,693.52,6159.71,-650.34,-9.4095
GV-15759,733.62,6159.89,-647.89,-9.5063
GV-15760,789.12,6175.06,-649.99,-9.5856
GV-15761,825.23,6156.25,-654.63,-9.7829
GV-15762,878.93,6156.29,-651.76,-9.953
GV-15763,939.38,6166.29,-650.06,-9.9166
GV-15764,966.66,6172.67,-597.64,-10.051
GV-15765,1021.44,6164.27,-597.28,-10.0027
GV-15766,1086.22,6190.0,-601.35,-10.4608
GV-15767,1128.09,6173.86,-596.52,-10.5112
GV-15768,1183.67,6164.26,-553.56,-10.5766
GV-15769,1226.89,6156.73,-553.19,-10.7735
GV-15770,1269.9,6188.48,-552.03,-10.8755
GV-15771,1332.87,6161.07,-501.58,-11.2014
GV-15772,1389.83,6157.35,-495.43,-11.3243
GV-15773,1424.41,6172.94,-447.74,-11.5252
GV-15774,1471.46,6173.84,-451.38,-11.6095
GV-15775,1505.34,6171.22,-396.8,-11.969
GV-15776,1578.65,6157.96,-348.2,-12.3163
GV-15777,1608.92,6160.74,-346.82,-12.5781
GV-15778,1673.11,6190.01,-296.87,-12.7816
GV-15779,1720.89,6172.69,-303.22,-12.9791
GV-15780,1772.59,6168.56,-302.7,-13.1256
GV-15781,1843.25,6163.72,-301.22,-13.2111
GV-15782,1883.12,6193.19,-297.49,-13.0599
GV-15783,1917.89,6165.39,-348.71,-13.0748
GV-15784,1965.86,6185.39,-348.12,-12.9926
GV-15785,2015.21,6191.28,-349.4,-12.9697
GV-15786,2072.42,6164.2,-349.85,-12.8935
GV-15787,2106.85,6177.04,-351.27,-12.8603
GV-15788,2188.68,6156.65,-349.25,-12.6549
GV-15789,2230.56,6177.17,-345.99,-12.8127
GV-15790,2275.87,6183.28,-347.99,-12.4742
GV-15791,2343.02,6176.93,-345.37,-12.6719
GV-15792,2382.28,6160.26,-353.53,-12.4665
GV-15793,2438.36,6160.96,-350.53,-12.6449
GV-15794,2472.32,6170.01,-351.81,-12.4331
GV-15795,2522.35,6188.93,-349.56,-12.5088
GV-15796,2579.35,6162.14,-347.04,-12.4768
GV-15797,2635.42,6181.06,-354.6,-12.4247
GV-15798,2680.51,6182.5,-354.03,-12.5113
GV-15799,2717.67,6193.62,-348.17,-12.361
GV-15800,2758.06,6184.46,-354.92,-12.3696
GV-15801,2805.43,6184.4,-350.57,-12.3621
GV-15802,2864.25,6174.68,-350.24,-12.3815
GV-15803,2939.27,6156.36,-350.38,-12.4551
GV-15804,2973.44,6162.57,-353.71,-12.311
GV-15805,3034.74,6180.23,-354.69,-12.4127
GV-15806,3059.08,6161.55,-351.28,-12.2891
GV-15807,3123.36,6177.22,-345.55,-12.2387
GV-15808,3193.44,6188.47,-346.35,-12.3845
GV-15809,3206.16,6156.91,-347.84,-12.1871
GV-15810,3260.11,6188.55,-345.46,-12.2557
GV-15811,3312.21,6191.54,-351.85,-12.0226
GV-15812,3391.17,6173.0,-348.8,-12.1508
GV-15813,3415.55,6155.67,-352.09,-11.9875
GV-15814,3470.96,6193.69,-404.04,-12.2024
GV-15815,3544.47,6156.92,-403.94,-12.0484
GV-15816,3577.13,6177.62,-349.28,-12.0077
GV-15817,3608.92,6189.69,-346.09,-12.1545
GV-15818,3661.02,6178.19,-345.94,-12.2159
GV-15819,3724.91,6191.23,-354.77,-12.1408
GV-15820,3789.98,6162.97,-347.99,-12.4372
GV-15821,3831.48,6174.96,-350.49,-12.3143
GV-15822,3869.56,6168.33,-349.65,-12.2271
GV-15823,3914.83,6193.75,-347.54,-12.4437
GV-15824,3983.93,6168.49,-346.66,-12.4569
GV-15825,4038.15,6176.83,-346.72,-12.4188
GV-15826,4068.85,6172.65,-345.39,-12.5117
GV-15827,4127.02,6161.33,-348.09,-12.3162
GV-15828,4155.72,6175.18,-347.3,-12.2857
GV-15829,4233.28,6182.21,-352.08,-12.201
GV-15830,4277.6,6181.48,-348.22,-12.0695
GV-15831,4324.86,6178.05,-351.02,-12.1631
GV-15832,4385.17,6155.61,-353.82,-11.9454
GV-15833,4416.93,6164.59,-397.22,-11.6562
GV-15834,4459.69,6177.87,-404.5,-11.5591
GV-15835,4537.21,6176.08,-398.89,-11.4361
GV-15836,4578.16,6191.32,-400.62,-11.092
GV-15837,4615.71,6173.36,-450.86,-10.8743
GV-15838,4693.05,6159.97,-447.04,-10.6993
GV-15839,4720.17,6183.1,-448.65,-10.4693
GV-15840,4768.63,6186.63,-495.66,-10.2322
GV-15841,4837.5,6186.03,-501.1,-9.8911
GV-15842,4891.48,6170.02,-503.12,-9.7412
GV-15843,4905.07,6163.37,-554.43,-9.6331
GV-15844,4979.01,6157.28,-547.49,-9.4924
GV-15845,5012.82,6165.55,-553.28,-9.1041
GV-15846,5085.84,6165.47,-598.97,-9.0522
GV-15847,5139.26,6157.82,-595.08,-9.0815
GV-15848,5180.24,6164.37,-553.22,-8.9611
GV-15849,5227.64,6172.35,-497.57,-8.7082
GV-15850,5260.97,6176.29,-446.67,-8.6071
GV-15851,5342.2,6175.42,-401.39,-8.5605
GV-15852,5359.34,6182.52,-397.49,-8.4191
GV-15853,5440.26,6193.19,-351.77,-8.382
GV-15854,5479.32,6176.09,-402.89,-8.1542
GV-15855,5525.02,6162.56,-395.49,-7.9166
GV-15856,5559.25,6191.41,-395.31,-7.7204
GV-15857,5625.77,6160.61,-396.65,-7.7192
GV-15858,5685.2,6166.9,-403.67,-7.5942
GV-15859,5742.56,6168.39,-404.24,-7.5077
GV-15860,5777.69,6181.17,-395.35,-7.2799
GV-15861,5841.93,6180.35,-396.19,-7.1623
GV-15862,5885.59,6177.52,-399.7,-6.8378
GV-15863,5927.84,6188.97,-397.61,-6.6954
GV-15864,5956.86,6168.51,-404.18,-6.3914
GV-15865,6037.81,6188.09,-395.86,-6.2003
GV-15866,6086.21,6166.24,-398.78,-6.0418
GV-15867,6124.23,6169.55,-399.82,-5.8859
GV-15868,6185.81,6164.28,-401.19,-5.5466
GV-15869,6224.36,6167.14,-402.72,-5.1697
GV-15870,6269.18,6168.14,-403.73,-4.7012
GV-15871,6340.34,6190.41,-399.8,-4.7461
GV-15872,6361.14,6179.0,-396.44,-4.2229
GV-15873,32.95,6217.99,-599.13,-7.389
GV-15874,61.91,6230.04,-597.08,-7.4622
GV-15875,142.95,6224.56,-596.3,-7.7993
GV-15876,156.56,6213.6,-597.15,-7.9271
GV-15877,236.38,6223.49,-599.76,-8.1683
GV-15878,262.57,6213.4,-604.32,-8.2093
GV-15879,334.58,6217.74,-599.95,-8.5519
GV-15880,365.55,6239.78,-599.3,-8.3598
GV-15881,430.66,6224.45,-598.55,-8.656
GV-15882,465.33,6220.98,-595.73,-8.9168
GV-15883,514.7,6222.01,-595.27,-8.9178
GV-15884,575.79,6219.32,-602.85,-8.9841
GV-15885,619.76,6217.09,-650.94,-9.0808
GV-15886,692.68,6236.95,-649.17,-9.2048
GV-15887,707.16,6212.3,-651.84,-9.3092
GV-15888,782.57,6242.92,-653.5,-9.3409
GV-15889,810.93,6211.19,-603.76,-9.5395
GV-15890,878.33,6236.5,-601.52,-9.637
GV-15891,932.09,6223.03,-601.25,-9.7414
GV-15892,958.91,6243.69,-602.3,-9.8986
GV-15893,1011.52,6239.14,-595.45,-9.8612
GV-15894,1060.47,6237.28,-599.37,-9.8276
GV-15895,1125.85,6235.01,-553.19,-10.1394
GV-15896,1160.52,6219.77,-547.87,-10.2985
GV-15897,1232.97,6234.27,-553.08,-10.5796
GV-15898,1264.4,6208.17,-502.09,-10.8
GV-15899,1316.92,6225.16,-499.15,-10.9198
GV-15900,1366.64,6220.07,-450.23,-11.0663
GV-15901,1422.05,6239.05,-395.68,-11.4377
GV-15902,1465.51,6232.27,-400.55,-11.6029
GV-15903,1532.52,6244.69,-354.91,-11.7342
GV-15904,1580.25,6220.0,-348.43,-11.9222
GV-15905,1622.63,6229.39,-300.78,-12.2614
GV-15906,1692.09,6208.63,-300.94,-12.4818
GV-15907,1706.28,6227.93,-301.41,-12.6731
GV-15908,1794.21,6216.48,-300.77,-12.648
GV-15909,1830.16,6238.86,-345.99,-12.8047
GV-15910,1858.56,6244.94,-347.19,-12.5365
GV-15911,1915.72,6224.48,-353.5,-12.4865
GV-15912,1992.05,6224.53,-349.47,-12.331
GV-15913,2025.77,6242.3,-354.87,-12.3773
GV-15914,2082.34,6216.96,-354.08,-12.3703
GV-15915,2130.12,6235.51,-349.44,-12.2953
GV-15916,2160.93,6215.55,-354.38,-12.2634
GV-15917,2209.51,6219.43,-348.32,-12.4167
GV-15918,2289.86,6216.79,-346.62,-12.1854
GV-15919,2308.29,6221.36,-348.85,-12.102
GV-15920,2383.4,6244.72,-352.61,-12.2189
GV-15921,2408.54,6210.33,-353.42,-12.2543
GV-15922,2467.86,6223.31,-354.17,-11.9298
GV-15923,2520.48,6230.21,-350.11,-11.9821
GV-15924,2592.57,6234.23,-345.78,-12.1543
GV-15925,2637.94,6211.88,-345.19,-12.178
GV-15926,2681.55,6237.47,-350.24,-12.1161
GV-15927,2727.99,6206.94,-354.62,-11.9741
GV-15928,2794.92,6225.64,-347.08,-12.0549
GV-15929,2834.42,6212.38,-345.46,-11.9585
GV-15930,2856.06,6206.2,-351.29,-12.0406
GV-15931,2927.58,6239.27,-348.72,-12.1313
GV-15932,2961.22,6222.25,-354.99,-11.8135
GV-15933,3031.18,6236.52,-348.65,-12.0274
GV-15934,3091.36,6210.69,-352.23,-12.0104
GV-15935,3141.15,6208.86,-347.66,-11.8689
GV-15936,3183.57,6210.19,-347.31,-11.8719
GV-15937,3205.17,6205.14,-350.98,-11.9388
GV-15938,3255.97,6231.46,-352.25,-11.7045
GV-15939,3326.5,6224.98,-347.17,-11.7511
GV-15940,3357.78,6233.27,-346.7,-11.6331
GV-15941,3430.04,6208.63,-352.07,-11.6393
GV-15942,3475.04,6230.95,-348.16,-11.6377
GV-15943,3537.97,6208.92,-346.22,-11.6326
GV-15944,3587.15,6217.09,-346.14,-11.6388
GV-15945,3622.29,6226.01,-350.3,-11.7316
GV-15946,3656.45,6230.94,-348.73,-11.7681
GV-15947,3716.84,6217.95,-352.75,-11.7242
GV-15948,3772.03,6236.95,-349.51,-11.8542
GV-15949,3840.02,6208.04,-348.07,-11.6778
GV-15950,3888.76,6231.41,-352.58,-11.6986
GV-15951,3943.67,6232.89,-346.18,-11.7163
GV-15952,3976.99,6205.52,-347.96,-11.9163
GV-15953,4034.27,6232.3,-352.66,-11.7635
GV-15954,4083.77,6242.23,-352.99,-11.9716
GV-15955,4137.75,6241.23,-353.91,-11.6784
GV-15956,4170.93,6231.98,-352.44,-11.686
GV-15957,4239.53,6212.73,-349.01,-11.673
GV-15958,4268.91,6235.78,-350.37,-11.5878
GV-15959,4308.77,6215.76,-350.53,-11.3634
GV-15960,4355.85,6214.0,-349.66,-11.2259
GV-15961,4412.63,6218.09,-399.47,-11.1989
GV-15962,4466.43,6215.87,-400.18,-10.9184
GV-15963,4514.37,6208.89,-398.17,-10.7667
GV-15964,4574.75,6224.93,-451.04,-10.44
GV-15965,4644.06,6214.31,-452.3,-10.4534
GV-15966,4686.43,6239.97,-454.98,-10.0906
GV-15967,4740.34,6237.41,-499.56,-9.9373
GV-15968,4764.96,6215.48,-497.17,-9.7583
GV-15969,4814.25,6224.91,-501.03,-9.4671
GV-15970,4865.29,6224.71,-550.66,-9.3407
GV-15971,4936.35,6206.9,-553.31,-9.0727
GV-15972,4971.45,6223.22,-546.26,-9.2349
GV-15973,5034.66,6239.45,-600.44,-8.9571
GV-15974,5092.63,6234.3,-547.41,-8.8744
GV-15975,5132.92,6236.53,-501.53,-8.5697
GV-15976,5162.37,6206.13,-499.45,-8.4089
GV-15977,5233.69,6210.92,-451.49,-8.3499
GV-15978,5288.85,6237.5,-398.13,-8.3575
GV-15979,5306.45,6237.75,-352.33,-8.2381
GV-15980,5378.91,6209.28,-347.48,-8.2001
GV-15981,5440.1,6241.41,-347.85,-7.9524
GV-15982,5478.71,6213.35,-402.04,-7.9099
GV-15983,5521.97,6232.91,-400.98,-7.6522
GV-15984,5562.18,6223.83,-396.68,-7.5045
GV-15985,5626.27,6219.42,-404.16,-7.4325
GV-15986,5672.71,6229.49,-398.99,-7.2387
GV-15987,5741.15,6236.17,-402.47,-7.0621
GV-15988,5776.85,6238.19,-398.23,-6.8483
GV-15989,5816.91,6219.14,-395.79,-6.7213
GV-15990,5888.86,6234.47,-401.71,-6.5159
GV-15991,5920.23,6220.82,-397.51,-6.467
GV-15992,5964.21,6208.48,-396.43,-6.2112
GV-15993,6036.18,6233.97,-399.86,-5.8989
GV-15994,6071.98,6208.57,-397.81,-5.6171
GV-15995,6144.31,6228.05,-398.05,-5.3351
GV-15996,6170.87,6215.54,-401.22,-5.1701
GV-15997,6208.35,6220.44,-404.48,-4.9072
GV-15998,6290.24,6225.6,-402.72,-4.6534
GV-15999,6322.44,6240.39,-399.3,-4.3154
GV-16000,6360.78,6225.73,-445.2,-3.9019
GV-16001,27.99,6294.87,-600.81,-7.2554
GV-16002,73.35,6271.41,-597.62,-7.306
GV-16003,134.58,6272.59,-603.19,-7.4129
GV-16004,194.78,6259.13,-602.47,-7.7376
GV-16005,233.45,6266.82,-596.53,-7.7492
GV-16006,280.18,6264.36,-602.7,-7.8912
GV-16007,317.74,6263.72,-595.31,-7.8471
GV-16008,365.03,6278.83,-605.0,-8.2179
GV-16009,437.06,6290.18,-599.88,-8.5447
GV-16010,489.79,6257.49,-599.92,-8.5019
GV-16011,507.44,6290.25,-601.63,-8.5284
GV-16012,580.48,6274.0,-601.88,-8.633
GV-16013,629.24,6275.57,-600.54,-8.771
GV-16014,680.64,6285.55,-596.3,-9.052
GV-16015,729.57,6285.7,-600.92,-9.0164
GV-16016,770.96,6271.05,-599.38,-9.1175
GV-16017,806.47,6276.52,-596.98,-9.3234
GV-16018,885.39,6259.38,-602.49,-9.3513
GV-16019,930.62,6274.94,-602.41,-9.466
GV-16020,968.57,6291.29,-603.16,-9.5907
GV-16021,1044.89,6267.02,-595.09,-9.5366
GV-16022,1059.79,6286.96,-553.22,-9.7101
GV-16023,1115.4,6266.29,-551.73,-9.7533
GV-16024,1191.93,6260.31,-551.15,-10.039
GV-16025,1209.64,6285.16,-499.5,-10.3033
GV-16026,1263.33,6284.98,-502.95,-10.2784
GV-16027,1333.48,6293.01,-453.63,-10.4272
GV-16028,1389.33,6258.92,-399.76,-10.7958
GV-16029,1415.32,6292.28,-396.78,-11.0935
GV-16030,1491.83,6272.79,-349.55,-11.2025
GV-16031,1514.75,6276.15,-354.37,-11.2433
GV-16032,1586.72,6255.99,-353.77,-11.6868
GV-16033,1621.23,6267.87,-352.97,-11.705
GV-16034,1686.75,6269.06,-348.41,-11.7544
GV-16035,1718.89,6264.43,-349.55,-12.0745
GV-16036,1760.5,6287.56,-348.21,-12.0516
GV-16037,1834.06,6289.86,-354.38,-12.0093
GV-16038,1860.64,6273.91,-348.24,-11.9324
GV-16039,1931.12,6269.37,-350.64,-12.0172
GV-16040,1994.5,6257.89,-351.3,-11.7773
GV-16041,2036.48,6290.38,-348.36,-11.8368
GV-16042,2071.76,6269.65,-350.44,-11.6896
GV-16043,2131.24,6272.03,-348.29,-11.4652
GV-16044,2159.11,6293.29,-347.46,-11.7471
GV-16045,2225.51,6289.77,-346.74,-11.5648
GV-16046,2277.81,6270.12,-345.69,-11.7134
GV-16047,2305.95,6290.54,-346.38,-11.5072
GV-16048,2357.82,6290.68,-348.68,-11.5892
GV-16049,2428.78,6288.4,-350.32,-11.4489
GV-16050,2484.62,6280.91,-351.32,-11.4012
GV-16051,2529.05,6288.37,-347.74,-11.4054
GV-16052,2574.81,6284.58,-351.99,-11.5835
GV-16053,2613.34,6258.09,-352.24,-11.3867
GV-16054,2659.21,6284.35,-345.93,-11.2607
GV-16055,2741.24,6270.52,-352.3,-11.34
GV-16056,2783.47,6289.37,-345.73,-11.3699
GV-16057,2841.89,6255.52,-354.77,-11.3326
GV-16058,2867.15,6256.57,-349.8,-11.6017
GV-16059,2905.62,6260.2,-349.31,-11.1661
GV-16060,2991.41,6293.38,-352.54,-11.3175
GV-16061,3031.94,6256.56,-345.94,-11.4218
GV-16062,3076.77,6278.29,-353.48,-11.3497
GV-16063,3133.02,6261.86,-351.93,-11.3547
GV-16064,3159.77,6271.69,-347.14,-11.3297
GV-16065,3210.39,6267.41,-348.46,-11.3732
GV-16066,3292.05,6258.44,-349.25,-11.2956
GV-16067,3323.21,6256.73,-345.26,-11.2503
GV-16068,3390.4,6291.01,-351.18,-11.4109
GV-16069,3438.14,6259.27,-345.92,-11.1794
GV-16070,3483.37,6283.99,-348.69,-11.2716
GV-16071,3518.3,6271.03,-351.04,-11.0227
GV-16072,3593.67,6275.28,-350.96,-11.0611
GV-16073,3639.14,6288.83,-351.96,-11.1128
GV-16074,3660.7,6265.44,-349.58,-11.0527
GV-16075,3734.66,6255.85,-353.34,-11.1078
GV-16076,3781.02,6265.6,-352.51,-11.2038
GV-16077,3833.28,6271.19,-351.18,-10.9915
GV-16078,3859.56,6262.65,-351.86,-11.3332
GV-16079,3918.77,6260.06,-353.51,-11.3238
GV-16080,3957.49,6260.25,-350.45,-11.1357
GV-16081,4014.29,6265.71,-354.6,-11.2873
GV-16082,4063.35,6282.83,-352.11,-11.2457
GV-16083,4121.61,6268.03,-348.14,-11.2896
GV-16084,4168.04,6275.06,-354.08,-11.1118
GV-16085,4230.15,6263.31,-354.28,-11.2078
GV-16086,4273.28,6290.24,-350.95,-11.0066
GV-16087,4322.23,6263.71,-350.58,-10.982
GV-16088,4384.86,6273.83,-402.12,-10.5881
GV-16089,4419.28,6285.33,-395.64,-10.6216
GV-16090,4456.34,6294.07,-403.62,-10.2479
GV-16091,4513.79,6272.2,-453.03,-10.1054
GV-16092,4588.32,6258.96,-453.54,-9.8403
GV-16093,4640.67,6255.75,-446.57,-9.6409
GV-16094,4661.6,6294.34,-502.55,-9.6733
GV-16095,4727.44,6268.76,-499.65,-9.3366
GV-16096,4765.12,6290.89,-495.21,-9.4626
GV-16097,4815.51,6281.73,-547.39,-8.9939
GV-16098,4859.67,6274.25,-554.22,-8.7093
GV-16099,4929.22,6292.68,-553.0,-8.6482
GV-16100,4969.85,6279.12,-604.52,-8.5908
GV-16101,5025.52,6291.97,-553.86,-8.526
GV-16102,5070.59,6290.0,-502.06,-8.2244
GV-16103,5118.81,6283.24,-447.03,-8.3094
GV-16104,5174.68,6291.26,-448.25,-8.147
GV-16105,5214.45,6272.36,-396.57,-8.0749
GV-16106,5288.32,6273.64,-345.16,-7.87
GV-16107,5320.43,6275.75,-353.16,-7.8528
GV-16108,5377.9,6274.7,-353.06,-7.7014
GV-16109,5430.85,6272.95,-348.0,-7.5997
GV-16110,5466.89,6261.67,-351.44,-7.6461
GV-16111,5525.88,6267.76,-397.15,-7.2714
GV-16112,5590.42,6256.12,-403.01,-7.1134
GV-16113,5628.62,6263.6,-403.11,-7.0387
GV-16114,5667.58,6280.76,-399.26,-6.9141
GV-16115,5708.75,6260.21,-398.08,-6.6372
GV-16116,5789.68,6277.56,-401.28,-6.6367
GV-16117,5830.91,6275.76,-395.39,-6.2884
GV-16118,5889.27,6261.91,-403.47,-6.0806
GV-16119,5913.53,6272.63,-399.93,-6.1635
GV-16120,5983.32,6261.15,-402.48,-5.8075
GV-16121,6029.2,6293.11,-397.23,-5.5301
GV-16122,6085.12,6258.99,-396.79,-5.2728
GV-16123,6143.28,6272.49,-401.41,-5.38
GV-16124,6162.6,6287.8,-404.36,-4.8719
GV-16125,6225.21,6275.62,-395.38,-4.6092
GV-16126,6282.2,6255.07,-395.58,-4.1204
GV-16127,6306.96,6288.67,-449.5,-4.0175
GV-16128,6358.98,6269.35,-504.86,-3.7375
GV-16129,29.85,6316.73,-595.83,-7.1137
GV-16130,77.37,6339.39,-600.96,-7.1022
GV-16131,125.81,6322.07,-600.86,-7.1984
GV-16132,166.2,6332.17,-601.71,-7.4257
GV-16133,218.37,6305.53,-596.53,-7.755
GV-16134,257.58,6342.12,-598.1,-7.6591
GV-16135,334.64,6308.76,-596.57,-7.9448
GV-16136,356.99,6313.04,-602.15,-7.9483
GV-16137,432.15,6327.28,-597.11,-8.0863
GV-16138,490.36,6310.98,-599.74,-8.4056
GV-16139,538.18,6314.49,-600.59,-8.3268
GV-16140,555.42,6343.84,-600.84,-8.4584
GV-16141,609.76,6309.41,-602.56,-8.4613
GV-16142,674.08,6330.01,-603.01,-8.627
GV-16143,734.62,6306.09,-604.59,-8.6814
GV-16144,762.87,6328.18,-597.65,-8.9441
GV-16145,814.93,6311.58,-602.75,-9.0037
GV-16146,857.56,6320.56,-602.23,-8.9856
GV-16147,905.28,6336.49,-604.42,-9.2469
GV-16148,977.44,6327.42,-597.98,-9.2971
GV-16149,1038.34,6342.97,-550.1,-9.4204
GV-16150,1073.71,6344.79,-552.75,-9.4054
GV-16151,1112.28,6323.58,-554.07,-9.7362
GV-16152,1161.57,6312.27,-501.62,-9.5714
GV-16153,1233.38,6321.34,-501.35,-9.916
GV-16154,1288.52,6306.94,-452.33,-9.8458
GV-16155,1316.12,6334.51,-403.02,-10.2476
GV-16156,1362.63,6322.13,-400.85,-10.4772
GV-16157,1422.5,6336.67,-350.09,-10.7523
GV-16158,1473.39,6318.72,-354.13,-10.8423
GV-16159,1524.16,6337.24,-352.85,-11.1939
GV-16160,1584.98,6331.61,-353.68,-10.979
GV-16161,1639.25,6319.53,-345.93,-11.2956
GV-16162,1688.63,6305.01,-348.83,-11.2472
GV-16163,1735.69,6320.18,-348.22,-11.463
GV-16164,1767.77,6309.23,-348.56,-11.6142
GV-16165,1811.36,6332.52,-346.54,-11.488
GV-16166,1858.92,6328.85,-350.73,-11.3485
GV-16167,1929.28,6322.06,-352.69,-11.3045
GV-16168,1969.41,6330.39,-349.65,-11.3402
GV-16169,2019.88,6322.74,-351.35,-11.4027
GV-16170,2092.93,6337.77,-351.61,-11.1953
GV-16171,2106.64,6337.17,-350.45,-11.1772
GV-16172,2173.4,6327.56,-351.39,-11.1207
GV-16173,2221.69,6309.6,-349.04,-10.9793
GV-16174,2273.43,6309.25,-354.2,-10.9733
GV-16175,2315.95,6334.52,-346.92,-10.9609
GV-16176,2382.52,6327.91,-345.74,-10.9361
GV-16177,2435.56,6328.12,-351.06,-10.9052
GV-16178,2491.47,6312.93,-354.81,-10.9889
GV-16179,2530.99,6307.48,-351.63,-10.9248
GV-16180,2588.35,6318.04,-346.88,-10.9426
GV-16181,2642.04,6313.06,-353.44,-10.9999
GV-16182,2662.22,6322.46,-349.55,-10.8674
GV-16183,2727.76,6325.43,-353.73,-10.8972
GV-16184,2756.04,6336.84,-346.71,-10.8495
GV-16185,2823.58,6313.87,-348.79,-10.963
GV-16186,2868.11,6322.03,-349.28,-10.7703
GV-16187,2914.14,6312.45,-349.44,-10.9296
GV-16188,2989.16,6331.42,-354.57,-10.7813
GV-16189,3044.97,6307.57,-352.46,-10.7295
GV-16190,3094.98,6310.71,-345.71,-10.7246
GV-16191,3122.64,6321.92,-351.39,-11.0616
GV-16192,3177.27,6328.99,-348.57,-10.6237
GV-16193,3232.86,6322.83,-349.66,-10.8709
GV-16194,3259.71,6344.98,-346.74,-10.677
GV-16195,3344.57,6327.7,-346.28,-10.7795
GV-16196,3370.43,6327.21,-345.36,-10.6932
GV-16197,3437.88,6306.28,-351.36,-10.6499
GV-16198,3464.51,6327.48,-347.28,-10.5248
GV-16199,3533.09,6324.32,-346.32,-10.5574
GV-16200,3568.18,6329.24,-351.3,-10.5537
GV-16201,3639.51,6340.32,-348.55,-10.5854
GV-16202,3693.47,6340.49,-349.91,-10.5131
GV-16203,3734.39,6320.53,-352.82,-10.4981
GV-16204,3773.3,6336.78,-349.7,-10.4491
GV-16205,3812.16,6305.54,-354.15,-10.4309
GV-16206,3863.36,6312.77,-353.04,-10.6701
GV-16207,3913.25,6333.51,-350.92,-10.7717
GV-16208,3994.27,6312.82,-351.47,-10.5331
GV-16209,4032.0,6308.97,-345.11,-10.4982
GV-16210,4086.43,6326.59,-351.19,-10.6557
GV-16211,4135.26,6311.34,-353.34,-10.5796
GV-16212,4155.44,6328.79,-354.67,-10.4306
GV-16213,4226.22,6314.13,-349.22,-10.5436
GV-16214,4276.03,6312.02,-348.89,-10.3272
GV-16215,4335.35,6337.03,-397.71,-10.017
GV-16216,4359.45,6342.03,-404.59,-10.0424
GV-16217,4432.9,6309.76,-402.5,-9.8627
GV-16218,4475.28,6314.49,-450.03,-9.7014
GV-16219,4525.05,6332.21,-449.57,-9.5816
GV-16220,4595.0,6317.31,-447.76,-9.2484
GV-16221,4606.68,6327.72,-496.61,-9.2558
GV-16222,4687.53,6307.02,-495.72,-9.1014
GV-16223,4740.02,6330.13,-498.41,-8.9809
GV-16224,4783.02,6327.65,-547.36,-8.4908
GV-16225,4818.99,6314.9,-553.47,-8.5676
GV-16226,4858.9,6318.5,-552.63,-8.4033
GV-16227,4910.08,6319.83,-548.52,-8.2594
GV-16228,4965.74,6326.22,-545.96,-7.9551
GV-16229,5010.83,6322.46,-503.96,-8.0881
GV-16230,5078.62,6336.9,-445.19,-7.8383
GV-16231,5112.51,6330.19,-403.78,-7.8743
GV-16232,5157.06,6332.76,-404.82,-7.7778
GV-16233,5237.55,6336.53,-351.67,-7.6734
GV-16234,5270.99,6316.17,-350.55,-7.5989
GV-16235,5335.24,6314.71,-348.79,-7.4921
GV-16236,5362.58,6340.09,-347.9,-7.0694
GV-16237,5431.06,6341.61,-345.68,-7.275
GV-16238,5493.1,6342.54,-349.0,-7.1585
GV-16239,5539.16,6326.3,-351.01,-6.9184
GV-16240,5561.34,6341.14,-401.42,-6.8082
GV-16241,5631.88,6334.26,-398.19,-6.5964
GV-16242,5661.74,6315.06,-398.47,-6.3242
GV-16243,5706.19,6306.07,-396.76,-6.3591
GV-16244,5759.66,6310.81,-396.12,-6.1941
GV-16245,5810.45,6318.28,-401.01,-6.013
GV-16246,5861.33,6341.6,-404.55,-5.8915
GV-16247,5927.94,6329.9,-401.1,-5.4877
GV-16248,5959.3,6337.72,-404.47,-5.471
GV-16249,6009.25,6319.68,-403.69,-5.2954
GV-16250,6092.5,6310.37,-399.61,-4.9997
GV-16251,6142.05,6336.42,-399.75,-4.7169
GV-16252,6184.78,6338.68,-399.16,-4.7007
GV-16253,6226.96,6321.16,-397.79,-4.3003
GV-16254,6264.59,6312.14,-448.85,-4.0852
GV-16255,6320.99,6341.16,-500.54,-3.703
GV-16256,6358.12,6311.7,-552.64,-3.3616
GV-16257,38.45,6368.39,-551.87,-6.7654
GV-16258,63.19,6367.12,-548.72,-6.9268
GV-16259,119.15,6365.33,-596.54,-6.9897
GV-16260,185.19,6382.3,-603.7,-7.3712
GV-16261,215.36,6370.8,-600.36,-7.2587
GV-16262,277.54,6364.2,-598.92,-7.5414
GV-16263,311.5,6358.45,-601.26,-7.6588
GV-16264,392.76,6392.55,-603.97,-7.8174
GV-16265,429.36,6355.01,-600.08,-7.7583
GV-16266,482.48,6356.59,-603.65,-7.9046
GV-16267,512.68,6384.29,-598.15,-8.2279
GV-16268,586.78,6377.33,-599.72,-8.2256
GV-16269,627.95,6375.2,-595.54,-8.2713
GV-16270,689.25,6387.75,-602.32,-8.2159
GV-16271,739.35,6390.99,-601.76,-8.4483
GV-16272,782.6,6364.42,-604.79,-8.4883
GV-16273,806.14,6357.22,-597.43,-8.6116
GV-16274,871.9,6377.18,-595.47,-8.6201
GV-16275,918.38,6358.57,-549.37,-8.7924
GV-16276,959.62,6366.2,-549.16,-9.006
GV-16277,1040.46,6376.55,-551.07,-9.275
GV-16278,1093.36,6392.17,-502.52,-9.1007
GV-16279,1126.38,6366.21,-500.13,-9.101
GV-16280,1178.02,6355.64,-504.35,-9.3974
GV-16281,1227.66,6376.41,-452.59,-9.4171
GV-16282,1255.14,6391.81,-402.08,-9.8461
GV-16283,1305.76,6390.59,-402.74,-9.8955
GV-16284,1361.77,6356.46,-352.65,-10.054
GV-16285,1421.2,6365.77,-350.28,-10.1427
GV-16286,1487.06,6376.23,-352.45,-10.4166
GV-16287,1509.07,6359.64,-354.65,-10.468
GV-16288,1576.25,6368.0,-354.25,-10.4874
GV-16289,1606.74,6384.57,-354.49,-10.6974
GV-16290,1685.68,6379.69,-351.19,-10.4991
GV-16291,1727.83,6389.27,-345.39,-10.7771
GV-16292,1793.44,6379.14,-348.05,-10.7431
GV-16293,1839.74,6373.69,-351.83,-10.4152
GV-16294,1857.38,6360.17,-353.82,-10.7331
GV-16295,1929.61,6374.57,-353.27,-10.7696
GV-16296,1958.56,6367.61,-349.84,-10.6041
GV-16297,2023.69,6394.09,-346.63,-10.698
GV-16298,2064.77,6383.88,-351.43,-10.4921
GV-16299,2132.69,6371.75,-353.64,-10.382
GV-16300,2180.41,6372.85,-351.08,-10.3167
GV-16301,2222.9,6394.0,-353.41,-10.4513
GV-16302,2294.38,6377.21,-346.8,-10.4225
GV-16303,2306.23,6360.46,-354.89,-10.2928
GV-16304,2371.9,6380.04,-354.1,-10.4238
GV-16305,2413.06,6359.74,-346.1,-10.2426
GV-16306,2469.32,6390.95,-353.97,-10.4129
GV-16307,2516.25,6365.69,-354.33,-10.6294
GV-16308,2563.89,6380.56,-350.32,-10.397
GV-16309,2624.12,6359.94,-349.12,-10.1241
GV-16310,2670.58,6390.89,-354.59,-10.2601
GV-16311,2705.5,6391.23,-352.5,-10.1827
GV-16312,2758.44,6388.43,-347.96,-10.1139
GV-16313,2832.96,6359.99,-348.08,-10.4331
GV-16314,2866.33,6389.62,-346.08,-10.345
GV-16315,2931.3,6379.9,-354.09,-10.0858
GV-16316,2983.75,6392.85,-354.71,-10.262
GV-16317,3022.39,6371.42,-346.5,-10.1637
GV-16318,3076.87,6365.84,-349.36,-10.1057
GV-16319,3119.4,6385.6,-354.3,-10.1363
GV-16320,3172.69,6367.9,-350.26,-10.0615
GV-16321,3243.41,6391.94,-351.02,-9.9989
GV-16322,3276.92,6361.57,-349.71,-10.187
GV-16323,3343.14,6377.48,-351.19,-10.1342
GV-16324,3363.7,6364.3,-350.94,-10.0195
GV-16325,3434.06,6383.69,-351.4,-10.0409
GV-16326,3476.64,6378.51,-352.63,-10.0995
GV-16327,3532.83,6380.62,-350.95,-9.912
GV-16328,3583.39,6386.05,-352.1,-9.9508
GV-16329,3640.23,6380.9,-346.61,-10.002
GV-16330,3668.67,6385.39,-348.79,-10.0451
GV-16331,3732.94,6386.94,-352.03,-9.7827
GV-16332,3761.64,6383.53,-350.2,-9.8501
GV-16333,3812.0,6365.0,-345.97,-10.0812
GV-16334,3873.9,6378.14,-351.73,-9.8647
GV-16335,3922.7,6390.66,-350.14,-9.8421
GV-16336,3982.23,6377.67,-346.16,-9.794
GV-16337,4015.42,6360.3,-349.75,-9.8303
GV-16338,4061.56,6359.38,-349.97,-9.7983
GV-16339,4142.34,6378.92,-348.73,-10.0082
GV-16340,4185.77,6381.04,-351.89,-9.9006
GV-16341,4211.18,6376.74,-348.09,-9.7386
GV-16342,4293.41,6380.16,-399.54,-9.7251
GV-16343,4342.93,6390.05,-396.06,-9.5978
GV-16344,4364.85,6377.42,-403.15,-9.4464
GV-16345,4441.18,6389.53,-445.36,-9.1821
GV-16346,4463.73,6358.87,-445.78,-9.1096
GV-16347,4506.95,6386.25,-453.39,-8.9483
GV-16348,4587.74,6358.45,-502.19,-8.8693
GV-16349,4615.19,6367.52,-502.41,-8.5697
GV-16350,4672.76,6360.18,-501.25,-8.5009
GV-16351,4712.43,6370.01,-551.62,-8.1765
GV-16352,4760.8,6377.43,-551.78,-8.347
GV-16353,4840.73,6368.89,-552.43,-8.0288
GV-16354,4864.7,6390.79,-550.0,-7.8504
GV-16355,4937.99,6378.84,-498.26,-7.8148
GV-16356,4985.26,6369.44,-446.75,-7.5439
GV-16357,5019.01,6369.25,-448.36,-7.3549
GV-16358,5087.13,6389.79,-398.98,-7.4042
GV-16359,5125.85,6363.98,-346.98,-7.3306
GV-16360,5162.61,6357.19,-354.59,-7.3066
GV-16361,5240.1,6357.12,-349.04,-7.2685
GV-16362,5261.51,6360.76,-351.0,-7.0333
GV-16363,5341.81,6391.07,-353.04,-7.0001
GV-16364,5368.47,6367.92,-350.12,-6.9451
GV-16365,5416.95,6358.28,-350.62,-6.7737
GV-16366,5474.13,6383.62,-345.6,-6.5789
GV-16367,5542.75,6390.57,-346.29,-6.4331
GV-16368,5586.83,6394.46,-349.71,-6.3497
GV-16369,5628.35,6369.33,-402.45,-6.3322
GV-16370,5674.87,6358.52,-399.11,-5.9193
GV-16371,5715.02,6374.44,-398.96,-5.8486
GV-16372,5786.31,6375.95,-401.93,-5.604
GV-16373,5836.11,6374.22,-403.67,-5.5706
GV-16374,5892.61,6367.17,-404.14,-5.4097
GV-16375,5924.78,6374.57,-402.39,-5.3265
GV-16376,5962.51,6386.61,-402.0,-5.0513
GV-16377,6030.53,6370.68,-402.64,-4.8405
GV-16378,6075.95,6355.58,-397.35,-4.627
GV-16379,6116.4,6387.59,-395.38,-4.3516
GV-16380,6160.22,6367.06,-445.07,-4.202
GV-16381,6222.66,6386.41,-448.24,-4.0876
GV-16382,6265.86,6382.42,-504.21,-3.6524
GV-16383,6319.13,6386.86,-547.91,-3.5433
GV-16384,6380.49,6383.36,-601.05,-3.2922
