id,x_m,y_m,z_m,gravity_mgal
GV-00001,32.94,6.66,-595.27,-5.9696
GV-00002,68.54,32.71,-604.53,-5.9447
GV-00003,121.05,31.05,-648.24,-6.0335
GV-00004,178.16,31.39,-645.57,-5.8995
GV-00005,225.8,12.95,-651.08,-5.9839
GV-00006,269.3,7.29,-698.34,-6.2194
GV-00007,305.27,41.44,-697.7,-6.0784
GV-00008,360.87,27.83,-703.4,-5.9829
GV-00009,405.96,22.84,-753.97,-6.2033
GV-00010,458.87,21.16,-748.44,-6.0397
GV-00011,515.26,14.79,-798.11,-6.0538
GV-00012,560.13,18.59,-800.53,-6.0031
GV-00013,607.66,8.26,-854.42,-6.2398
GV-00014,670.42,33.38,-854.88,-5.9217
GV-00015,718.44,13.71,-899.56,-5.9638
GV-00016,770.81,37.47,-895.86,-5.9127
GV-00017,843.05,36.2,-946.96,-5.8638
GV-00018,858.87,29.66,-999.61,-5.8906
GV-00019,929.65,14.94,-996.78,-5.9362
GV-00020,983.01,41.95,-1053.31,-5.6393
GV-00021,1034.52,18.44,-1054.82,-5.6309
GV-00022,1078.66,34.98,-1099.79,-5.6977
GV-00023,1126.71,42.44,-1149.75,-5.4245
GV-00024,1188.86,7.36,-1154.92,-5.3885
GV-00025,1221.16,8.45,-1204.79,-5.2386
GV-00026,1291.72,24.56,-1250.62,-5.2128
GV-00027,1340.97,39.6,-1251.38,-5.2381
GV-00028,1387.83,5.15,-1296.23,-5.3002
GV-00029,1422.19,25.6,-1295.72,-5.1629
GV-00030,1478.76,42.45,-1351.52,-5.0275
GV-00031,1517.43,14.54,-1353.24,-5.0845
GV-00032,1560.14,30.67,-1402.71,-5.0208
GV-00033,1618.38,32.56,-1400.36,-4.765
GV-00034,1680.85,23.48,-1447.64,-4.8741
GV-00035,1737.96,38.77,-1452.97,-4.8942
GV-00036,1788.36,35.65,-1503.11,-4.6667
GV-00037,1816.19,44.27,-1503.26,-4.6524
GV-00038,1866.53,5.51,-1545.64,-4.5405
GV-00039,1920.05,18.24,-1547.01,-4.5622
GV-00040,1973.11,17.38,-1548.81,-4.3344
GV-00041,2029.16,27.0,-1599.58,-4.3468
GV-00042,2088.32,33.53,-1598.04,-4.4223
GV-00043,2139.51,19.12,-1596.95,-4.3328
GV-00044,2173.1,14.38,-1595.29,-4.153
GV-00045,2235.54,23.11,-1600.77,-4.3411
GV-00046,2261.84,27.09,-1597.31,-4.1819
GV-00047,2319.0,25.64,-1595.47,-4.0579
GV-00048,2372.67,25.35,-1599.74,-4.003
GV-00049,2434.35,30.43,-1597.4,-3.9657
GV-00050,2460.89,43.24,-1600.78,-4.0595
GV-00051,2535.87,35.28,-1597.9,-3.8925
GV-00052,2579.65,12.14,-1596.36,-3.7852
GV-00053,2616.96,32.06,-1599.5,-3.7409
GV-00054,2666.28,39.16,-1599.02,-3.7205
GV-00055,2733.47,26.06,-1596.58,-3.5955
GV-00056,2764.94,14.57,-1550.66,-3.3881
GV-00057,2817.5,7.69,-1547.34,-3.5818
GV-00058,2863.09,31.43,-1548.17,-3.6121
GV-00059,2909.29,38.26,-1548.53,-3.5598
GV-00060,2988.03,7.69,-1496.53,-3.6251
GV-00061,3012.07,38.73,-1502.86,-3.3939
GV-00062,3094.49,19.73,-1500.71,-3.501
GV-00063,3128.92,43.28,-1501.34,-3.2019
GV-00064,3158.68,5.38,-1454.27,-3.3867
GV-00065,3221.38,5.48,-1449.88,-3.1773
GV-00066,3290.64,21.14,-1445.34,-3.3145
GV-00067,3338.1,7.87,-1449.21,-3.1215
GV-00068,3389.97,42.0,-1454.03,-3.1732
GV-00069,3407.47,37.65,-1396.34,-3.0536
GV-00070,3478.13,17.77,-1400.06,-2.9962
GV-00071,3522.64,27.7,-1401.91,-3.0973
GV-00072,3568.13,30.95,-1396.41,-3.0708
GV-00073,3626.37,36.49,-1398.84,-3.2025
GV-00074,3693.86,5.11,-1395.4,-3.0421
GV-00075,3723.22,28.42,-1346.49,-2.9464
GV-00076,3761.78,35.14,-1353.92,-2.9521
GV-00077,3844.72,23.66,-1349.7,-2.8804
GV-00078,3858.29,20.36,-1298.48,-2.9886
GV-00079,3912.01,44.45,-1300.75,-2.851
GV-00080,3988.33,31.23,-1299.37,-2.94
GV-00081,4010.6,40.21,-1247.21,-2.866
GV-00082,4077.04,31.8,-1254.12,-2.716
GV-00083,4117.74,25.59,-1203.3,-2.8538
GV-00084,4179.3,19.63,-1198.8,-2.9144
GV-00085,4227.2,29.51,-1151.32,-2.8315
GV-00086,4265.29,31.54,-1152.2,-2.8011
GV-00087,4318.72,13.23,-1097.92,-2.8005
GV-00088,4384.2,14.82,-1104.63,-2.8102
GV-00089,4439.58,33.97,-1050.08,-2.5842
GV-00090,4460.42,22.36,-1049.53,-2.6641
GV-00091,4514.39,25.71,-995.97,-2.7574
GV-00092,4591.18,10.19,-1002.88,-2.6113
GV-00093,4637.1,40.65,-948.99,-2.7283
GV-00094,4684.83,8.99,-952.08,-2.6445
GV-00095,4725.33,35.56,-902.89,-2.7014
GV-00096,4780.77,19.32,-904.75,-2.7966
GV-00097,4822.91,35.31,-846.4,-2.7969
GV-00098,4894.27,39.31,-853.94,-2.6197
GV-00099,4927.65,36.6,-799.5,-2.8039
GV-00100,4985.36,23.72,-799.71,-2.639
GV-00101,5007.66,7.51,-751.09,-2.6795
GV-00102,5074.43,42.37,-747.36,-2.5107
GV-00103,5130.93,6.28,-699.14,-2.6445
GV-00104,5173.84,24.0,-647.13,-2.4049
GV-00105,5222.04,15.44,-654.4,-2.5669
GV-00106,5258.61,32.18,-602.11,-2.4805
GV-00107,5307.87,12.1,-602.65,-2.7249
GV-00108,5384.24,43.84,-552.36,-2.6405
GV-00109,5405.85,8.58,-550.71,-2.5421
GV-00110,5465.82,40.85,-497.38,-2.696
GV-00111,5511.87,9.71,-504.4,-2.818
GV-00112,5582.67,24.33,-496.55,-2.7392
GV-00113,5613.76,19.01,-446.09,-2.6832
GV-00114,5685.4,8.71,-449.05,-2.7106
GV-00115,5708.91,31.58,-446.85,-2.5304
GV-00116,5783.41,35.84,-452.74,-2.5489
GV-00117,5807.48,13.58,-450.95,-2.6025
GV-00118,5882.07,37.41,-450.62,-2.3419
GV-00119,5941.63,41.77,-450.7,-2.3233
GV-00120,5986.15,31.55,-401.62,-2.3012
GV-00121,6011.16,13.36,-404.11,-2.2602
GV-00122,6066.11,18.61,-395.48,-2.2561
GV-00123,6122.53,16.11,-395.93,-2.1752
GV-00124,6164.32,5.36,-397.44,-1.8423
GV-00125,6205.53,34.76,-403.88,-1.8083
GV-00126,6287.13,21.27,-401.86,-1.6229
GV-00127,6306.81,37.49,-397.3,-1.3011
GV-00128,6391.46,15.36,-404.75,-0.9965
GV-00129,11.06,58.05,-598.99,-5.9947
GV-00130,67.35,69.1,-603.55,-6.1534
GV-00131,117.71,56.85,-595.48,-6.1072
GV-00132,156.96,82.63,-654.56,-6.3476
GV-00133,212.1,92.89,-650.17,-6.3727
GV-00134,291.89,59.4,-651.96,-6.3101
GV-00135,338.75,71.89,-698.72,-6.3162
GV-00136,381.82,59.47,-697.94,-6.5298
GV-00137,410.61,62.44,-749.69,-6.175
GV-00138,458.23,91.88,-753.71,-6.2629
GV-00139,520.24,81.29,-747.58,-6.2003
GV-00140,590.75,83.42,-797.6,-6.2966
GV-00141,641.38,84.74,-796.06,-6.1523
GV-00142,690.6,75.45,-845.04,-6.2902
GV-00143,726.88,67.8,-904.09,-6.2389
GV-00144,757.32,80.42,-900.76,-5.9834
GV-00145,816.64,87.55,-945.41,-5.9493
GV-00146,880.93,76.12,-954.71,-5.9501
GV-00147,906.58,80.97,-998.92,-6.1955
GV-00148,975.73,93.3,-1049.35,-5.7697
GV-00149,1037.59,83.09,-1047.76,-5.8314
GV-00150,1077.2,89.95,-1102.69,-5.9066
GV-00151,1127.74,90.55,-1101.66,-5.5549
GV-00152,1162.38,83.93,-1151.76,-5.5764
GV-00153,1239.19,85.56,-1202.37,-5.708
GV-00154,1264.63,61.33,-1196.28,-5.5189
GV-00155,1339.45,86.84,-1252.85,-5.4899
GV-00156,1373.06,84.24,-1252.06,-5.3914
GV-00157,1433.13,78.46,-1297.75,-5.2128
GV-00158,1487.57,64.59,-1300.54,-5.1375
GV-00159,1508.98,61.42,-1347.54,-5.2574
GV-00160,1587.66,56.31,-1402.62,-5.3041
GV-00161,1605.81,55.42,-1397.79,-5.0726
GV-00162,1680.55,55.17,-1446.75,-5.018
GV-00163,1723.55,83.62,-1447.03,-4.8951
GV-00164,1792.35,57.18,-1500.94,-4.9522
GV-00165,1826.16,55.65,-1496.29,-4.7784
GV-00166,1872.95,66.31,-1504.96,-4.5677
GV-00167,1918.28,56.68,-1552.64,-4.6353
GV-00168,1993.29,81.07,-1551.82,-4.5927
GV-00169,2019.51,60.65,-1603.67,-4.5841
GV-00170,2080.31,71.46,-1602.67,-4.4317
GV-00171,2110.06,55.56,-1598.63,-4.4318
GV-00172,2188.85,61.2,-1602.67,-4.4495
GV-00173,2217.49,68.21,-1598.25,-4.4222
GV-00174,2290.78,79.42,-1649.53,-4.3149
GV-00175,2326.14,70.9,-1646.64,-4.1308
GV-00176,2359.42,81.77,-1653.43,-4.073
GV-00177,2409.35,90.16,-1653.57,-4.046
GV-00178,2456.25,74.05,-1595.9,-4.0333
GV-00179,2509.92,78.96,-1595.78,-3.8652
GV-00180,2564.64,79.95,-1602.67,-4.0856
GV-00181,2630.97,82.66,-1601.09,-4.0815
GV-00182,2668.2,77.89,-1599.3,-3.7659
GV-00183,2718.73,65.42,-1597.06,-3.8993
GV-00184,2788.65,66.07,-1547.48,-3.7646
GV-00185,2824.49,93.62,-1550.46,-3.7345
GV-00186,2894.62,58.67,-1554.22,-3.7054
GV-00187,2936.91,71.39,-1550.27,-3.5524
GV-00188,2994.8,88.61,-1497.92,-3.5103
GV-00189,3044.63,56.06,-1496.16,-3.6639
GV-00190,3080.23,93.24,-1501.58,-3.5062
GV-00191,3119.65,58.33,-1501.0,-3.3759
GV-00192,3167.43,59.78,-1500.92,-3.3957
GV-00193,3211.86,87.86,-1449.52,-3.3177
GV-00194,3262.21,86.55,-1451.85,-3.4242
GV-00195,3316.32,87.03,-1451.78,-3.3775
GV-00196,3363.02,78.19,-1445.61,-3.2456
GV-00197,3425.7,59.3,-1452.16,-3.2275
GV-00198,3488.11,78.01,-1399.15,-3.3601
GV-00199,3543.47,76.95,-1395.47,-3.2744
GV-00200,3584.56,73.8,-1398.01,-3.2037
GV-00201,3605.49,61.5,-1398.89,-3.2178
GV-00202,3689.93,56.8,-1397.28,-3.2666
GV-00203,3736.21,76.33,-1403.58,-3.1523
GV-00204,3758.35,83.25,-1347.19,-3.1707
GV-00205,3830.73,56.13,-1353.96,-3.0401
GV-00206,3884.68,67.99,-1347.88,-3.1067
GV-00207,3923.82,79.74,-1303.65,-2.9642
GV-00208,3974.74,75.45,-1297.0,-3.0561
GV-00209,4011.65,68.94,-1295.43,-3.1608
GV-00210,4062.49,66.59,-1248.55,-2.962
GV-00211,4121.07,69.97,-1247.59,-2.7227
GV-00212,4170.17,66.66,-1198.43,-2.8143
GV-00213,4208.21,88.86,-1203.13,-3.0047
GV-00214,4284.12,90.08,-1149.51,-2.9538
GV-00215,4305.28,56.2,-1150.65,-2.7503
GV-00216,4385.51,57.67,-1097.84,-2.795
GV-00217,4421.88,66.11,-1101.14,-2.9718
GV-00218,4479.84,67.05,-1045.35,-2.7281
GV-00219,4525.22,94.47,-1047.83,-2.8235
GV-00220,4566.45,93.17,-995.69,-2.8853
GV-00221,4629.03,58.97,-1004.46,-2.8318
GV-00222,4685.85,75.89,-946.18,-2.746
GV-00223,4721.52,58.86,-951.44,-2.8276
GV-00224,4759.78,63.41,-903.58,-2.8606
GV-00225,4807.6,61.16,-899.74,-2.801
GV-00226,4880.24,89.5,-851.1,-2.7246
GV-00227,4911.96,90.42,-847.72,-2.7214
GV-00228,4969.61,75.36,-804.59,-2.7096
GV-00229,5025.76,70.49,-803.7,-2.9804
GV-00230,5091.13,86.14,-745.38,-2.8297
GV-00231,5118.09,72.26,-702.15,-2.8531
GV-00232,5169.56,71.99,-695.97,-2.7088
GV-00233,5211.19,59.24,-650.07,-2.8211
GV-00234,5268.74,62.1,-651.81,-2.9826
GV-00235,5342.88,78.41,-596.6,-2.7068
GV-00236,5386.78,80.22,-597.14,-2.8979
GV-00237,5434.44,62.13,-549.56,-2.7908
GV-00238,5484.51,70.96,-546.58,-3.1039
GV-00239,5516.82,72.13,-500.3,-2.8691
GV-00240,5583.02,69.69,-502.51,-2.8548
GV-00241,5629.8,57.36,-502.62,-2.7784
GV-00242,5680.91,72.67,-498.11,-2.8992
GV-00243,5737.54,56.94,-454.49,-2.9914
GV-00244,5762.35,59.47,-448.12,-2.7441
GV-00245,5808.88,66.45,-450.51,-2.7257
GV-00246,5869.58,80.94,-449.02,-2.7228
GV-00247,5914.59,66.9,-452.11,-2.4791
GV-00248,5962.52,65.87,-448.12,-2.3855
GV-00249,6022.06,90.11,-453.81,-2.4945
GV-00250,6066.8,56.6,-400.9,-2.3274
GV-00251,6111.69,84.83,-399.93,-2.3214
GV-00252,6166.47,74.51,-402.22,-2.0395
GV-00253,6230.35,57.01,-403.39,-1.8081
GV-00254,6283.68,65.64,-399.68,-1.9887
GV-00255,6321.53,87.94,-403.89,-1.7236
GV-00256,6388.64,58.86,-400.29,-1.5243
GV-00257,20.66,122.19,-601.47,-6.214
GV-00258,76.92,138.99,-601.35,-6.1646
GV-00259,143.05,125.46,-597.38,-6.4096
GV-00260,181.44,131.39,-651.17,-6.4471
GV-00261,234.87,122.94,-649.14,-6.396
GV-00262,290.87,139.95,-650.74,-6.3514
GV-00263,340.4,137.53,-696.35,-6.5411
GV-00264,386.47,140.93,-695.61,-6.38
GV-00265,431.81,121.36,-698.24,-6.3855
GV-00266,488.43,116.88,-754.36,-6.663
GV-00267,536.24,138.89,-745.17,-6.3791
GV-00268,567.0,127.63,-803.4,-6.3672
GV-00269,640.11,127.66,-802.28,-6.365
GV-00270,686.42,106.64,-848.2,-6.4047
GV-00271,705.58,108.46,-845.55,-6.1684
GV-00272,783.84,139.17,-901.35,-6.293
GV-00273,807.34,117.21,-899.35,-6.2196
GV-00274,860.31,108.82,-949.06,-6.0186
GV-00275,940.18,129.08,-1003.43,-6.0195
GV-00276,988.97,120.43,-1002.49,-6.0971
GV-00277,1012.41,117.93,-1050.5,-6.0635
GV-00278,1071.08,110.4,-1051.29,-5.8686
GV-00279,1141.92,117.43,-1095.65,-5.8357
GV-00280,1181.58,123.37,-1147.0,-5.7703
GV-00281,1212.06,126.88,-1153.15,-5.6703
GV-00282,1273.2,113.39,-1201.09,-5.6133
GV-00283,1343.99,110.58,-1200.63,-5.6398
GV-00284,1357.84,107.56,-1253.71,-5.4626
GV-00285,1421.72,131.72,-1299.55,-5.5375
GV-00286,1459.62,140.06,-1299.98,-5.3972
GV-00287,1520.95,133.85,-1348.58,-5.26
GV-00288,1584.61,119.14,-1351.19,-5.3295
GV-00289,1642.81,132.54,-1403.73,-5.2822
GV-00290,1687.62,130.7,-1397.53,-5.1765
GV-00291,1714.4,127.69,-1446.84,-5.1439
GV-00292,1760.64,128.12,-1451.32,-5.0451
GV-00293,1844.86,109.58,-1498.58,-4.9522
GV-00294,1856.55,133.64,-1499.23,-4.8348
GV-00295,1944.68,111.81,-1549.44,-4.8449
GV-00296,1972.44,108.55,-1552.68,-4.8274
GV-00297,2020.4,144.07,-1554.06,-4.6693
GV-00298,2070.87,112.52,-1600.95,-4.5735
GV-00299,2110.25,121.98,-1596.12,-4.6827
GV-00300,2161.11,114.89,-1596.79,-4.5535
GV-00301,2232.04,105.31,-1600.75,-4.2938
GV-00302,2277.85,132.12,-1648.27,-4.3571
GV-00303,2317.2,133.26,-1646.15,-4.406
GV-00304,2362.0,111.9,-1652.0,-4.0662
GV-00305,2433.43,130.78,-1647.87,-4.3072
GV-00306,2487.22,135.63,-1650.01,-4.1941
GV-00307,2538.5,130.52,-1604.32,-3.9715
GV-00308,2565.99,125.17,-1596.63,-4.0768
GV-00309,2640.05,141.67,-1596.93,-4.0504
GV-00310,2666.11,122.63,-1599.79,-3.933
GV-00311,2731.21,118.8,-1599.69,-3.7959
GV-00312,2766.88,130.18,-1554.79,-3.7952
GV-00313,2836.44,108.19,-1547.41,-3.875
GV-00314,2864.61,138.19,-1548.71,-3.7994
GV-00315,2910.65,142.62,-1545.04,-3.663
GV-00316,2966.29,120.74,-1552.17,-3.5534
GV-00317,3041.94,142.46,-1502.81,-3.4901
GV-00318,3082.84,107.87,-1501.48,-3.6122
GV-00319,3122.05,111.73,-1501.33,-3.4926
GV-00320,3170.46,143.98,-1502.36,-3.598
GV-00321,3212.91,136.05,-1451.94,-3.4822
GV-00322,3280.41,118.07,-1451.6,-3.5619
GV-00323,3325.04,139.03,-1452.98,-3.3899
GV-00324,3366.31,121.94,-1451.71,-3.6139
GV-00325,3407.85,126.7,-1453.32,-3.484
GV-00326,3481.44,135.85,-1450.14,-3.0291
GV-00327,3509.34,109.76,-1402.12,-3.4301
GV-00328,3556.42,142.94,-1400.49,-3.1271
GV-00329,3623.52,111.97,-1396.25,-3.2267
GV-00330,3666.17,135.76,-1400.76,-3.1906
GV-00331,3718.77,136.67,-1401.2,-3.3072
GV-00332,3792.93,121.94,-1351.13,-3.2107
GV-00333,3833.11,120.4,-1346.48,-3.3151
GV-00334,3887.26,124.95,-1347.84,-3.1975
GV-00335,3927.14,137.64,-1353.01,-3.0941
GV-00336,3976.85,112.64,-1299.58,-3.0341
GV-00337,4018.86,127.97,-1300.27,-3.2252
GV-00338,4077.35,128.85,-1250.13,-3.05
GV-00339,4140.43,135.21,-1253.17,-3.0397
GV-00340,4170.98,109.13,-1247.2,-3.1278
GV-00341,4218.59,114.8,-1204.75,-3.0334
GV-00342,4283.98,140.52,-1203.9,-2.9524
GV-00343,4310.48,140.08,-1146.15,-3.0534
GV-00344,4377.8,105.58,-1153.49,-2.9072
GV-00345,4429.94,129.1,-1102.69,-3.0773
GV-00346,4479.84,133.91,-1104.56,-2.98
GV-00347,4527.32,144.78,-1048.22,-2.8487
GV-00348,4566.14,122.93,-1049.67,-3.005
GV-00349,4611.51,118.98,-999.2,-3.0011
GV-00350,4657.37,127.02,-1003.34,-2.9103
GV-00351,4706.12,118.47,-952.25,-2.9583
GV-00352,4763.1,137.26,-949.0,-2.9271
GV-00353,4832.05,117.08,-901.44,-3.0591
GV-00354,4877.29,127.37,-901.41,-3.0669
GV-00355,4919.0,137.73,-845.78,-2.9862
GV-00356,4988.52,120.04,-846.29,-2.9023
GV-00357,5039.18,135.59,-804.43,-3.0203
GV-00358,5072.18,121.06,-749.18,-2.8916
GV-00359,5116.13,113.6,-749.31,-3.034
GV-00360,5175.99,112.89,-702.72,-3.0103
GV-00361,5224.13,105.65,-695.25,-2.9873
GV-00362,5256.6,109.86,-650.18,-3.1933
GV-00363,5340.8,121.97,-653.11,-3.1749
GV-00364,5363.64,107.57,-595.35,-3.1046
GV-00365,5443.84,140.79,-600.4,-2.9414
GV-00366,5491.87,141.37,-548.21,-2.9765
GV-00367,5513.93,117.91,-551.93,-3.2214
GV-00368,5581.04,136.81,-499.11,-3.0433
GV-00369,5620.93,122.66,-504.5,-3.0088
GV-00370,5684.65,143.25,-496.47,-3.0464
GV-00371,5715.78,106.12,-500.92,-2.8124
GV-00372,5765.4,144.48,-450.28,-2.9411
GV-00373,5816.56,141.22,-452.35,-2.9958
GV-00374,5856.56,130.5,-453.59,-2.8517
GV-00375,5917.03,134.01,-450.23,-2.7161
GV-00376,5959.84,140.76,-452.27,-2.786
GV-00377,6025.05,108.6,-453.54,-2.6907
GV-00378,6085.45,133.29,-449.6,-2.4534
GV-00379,6134.25,133.85,-398.61,-2.3562
GV-00380,6183.9,120.11,-401.97,-2.4095
GV-00381,6233.84,121.05,-403.27,-2.2188
GV-00382,6286.23,127.62,-399.54,-2.0
GV-00383,6332.89,135.64,-400.67,-1.7876
GV-00384,6372.31,122.91,-401.44,-1.6943
GV-00385,38.52,176.11,-600.09,-6.5497
GV-00386,70.17,174.38,-604.5,-6.3939
GV-00387,134.97,168.98,-601.11,-6.4286
GV-00388,177.78,179.31,-597.8,-6.5781
GV-00389,224.06,189.03,-648.43,-6.6233
GV-00390,283.3,159.97,-648.9,-6.6014
GV-00391,311.75,193.91,-648.66,-6.7281
GV-00392,379.31,163.03,-696.01,-6.6788
GV-00393,431.56,180.15,-696.11,-6.6959
GV-00394,464.97,155.63,-751.48,-6.5103
GV-00395,517.87,174.18,-749.86,-6.5389
GV-00396,560.95,190.38,-802.08,-6.6331
GV-00397,611.72,178.75,-797.39,-6.5019
GV-00398,669.1,173.67,-804.75,-6.4258
GV-00399,716.95,170.3,-845.95,-6.7136
GV-00400,762.87,175.55,-904.27,-6.3675
GV-00401,811.32,163.0,-900.41,-6.2649
GV-00402,881.86,165.35,-950.54,-6.2627
GV-00403,908.08,157.65,-945.52,-6.2181
GV-00404,982.89,192.27,-1000.6,-6.2362
GV-00405,1034.13,155.52,-1002.97,-6.0743
GV-00406,1089.84,190.58,-1053.96,-6.0648
GV-00407,1128.62,193.02,-1102.91,-6.0105
GV-00408,1173.66,160.66,-1099.02,-5.7228
GV-00409,1220.16,167.51,-1148.61,-5.7959
GV-00410,1260.45,193.69,-1147.92,-5.7751
GV-00411,1319.71,178.42,-1204.76,-5.7721
GV-00412,1386.34,175.49,-1247.42,-5.6433
GV-00413,1406.17,158.77,-1247.05,-5.8403
GV-00414,1494.53,180.78,-1301.65,-5.5084
GV-00415,1536.44,192.5,-1301.89,-5.4343
GV-00416,1564.31,188.58,-1348.07,-5.4434
GV-00417,1611.75,168.73,-1345.97,-5.4847
GV-00418,1691.13,160.91,-1396.3,-5.3183
GV-00419,1710.91,170.14,-1445.68,-5.1261
GV-00420,1787.67,174.01,-1445.15,-5.1545
GV-00421,1827.61,171.73,-1496.26,-5.1236
GV-00422,1856.63,179.96,-1499.05,-5.0975
GV-00423,1926.38,180.0,-1554.06,-4.8043
GV-00424,1959.95,193.23,-1551.29,-4.7097
GV-00425,2028.19,166.46,-1552.69,-4.6669
GV-00426,2093.74,177.41,-1596.32,-4.7759
GV-00427,2132.81,161.83,-1597.33,-4.6021
GV-00428,2168.12,164.63,-1599.48,-4.4925
GV-00429,2210.42,193.77,-1595.99,-4.4062
GV-00430,2278.28,175.76,-1654.47,-4.6105
GV-00431,2334.73,158.85,-1649.94,-4.3993
GV-00432,2370.55,159.17,-1650.62,-4.3339
GV-00433,2407.0,167.18,-1652.83,-4.3138
GV-00434,2464.41,164.49,-1654.03,-4.1632
GV-00435,2538.27,182.21,-1654.37,-4.2271
GV-00436,2575.55,194.19,-1595.49,-4.0526
GV-00437,2608.16,164.64,-1600.42,-4.0942
GV-00438,2689.59,155.7,-1603.05,-4.1363
GV-00439,2720.31,170.53,-1603.41,-4.1273
GV-00440,2772.52,191.04,-1598.57,-4.1038
GV-00441,2820.11,175.52,-1552.81,-3.8107
GV-00442,2862.88,169.67,-1553.58,-3.9334
GV-00443,2923.0,170.01,-1549.72,-3.9403
GV-00444,2985.5,178.25,-1548.3,-3.7944
GV-00445,3024.64,162.48,-1502.97,-3.7718
GV-00446,3063.05,161.02,-1502.0,-3.7302
GV-00447,3130.12,164.76,-1502.21,-3.8047
GV-00448,3180.48,188.82,-1500.76,-3.588
GV-00449,3235.4,170.39,-1503.43,-3.802
GV-00450,3288.59,157.51,-1448.16,-3.6222
GV-00451,3307.41,166.74,-1447.37,-3.3586
GV-00452,3392.76,189.99,-1449.22,-3.3489
GV-00453,3409.72,173.34,-1448.45,-3.5179
GV-00454,3462.89,190.03,-1447.86,-3.3413
GV-00455,3521.81,166.57,-1449.43,-3.563
GV-00456,3569.75,158.26,-1404.78,-3.4561
GV-00457,3615.93,178.45,-1396.71,-3.419
GV-00458,3687.11,171.53,-1404.41,-3.3672
GV-00459,3729.79,179.68,-1401.39,-3.3217
GV-00460,3764.11,155.47,-1395.09,-3.3222
GV-00461,3833.14,194.04,-1352.13,-3.1592
GV-00462,3889.5,169.14,-1351.55,-3.2171
GV-00463,3907.72,157.94,-1345.6,-3.3844
GV-00464,3965.36,166.13,-1295.52,-3.1174
GV-00465,4023.12,187.02,-1304.12,-3.1781
GV-00466,4077.12,189.56,-1298.32,-3.061
GV-00467,4119.01,173.16,-1251.13,-3.0938
GV-00468,4160.49,170.48,-1254.46,-3.028
GV-00469,4238.37,156.2,-1196.62,-2.9825
GV-00470,4290.3,164.74,-1199.52,-3.206
GV-00471,4337.56,170.39,-1151.06,-3.0551
GV-00472,4388.86,160.16,-1150.74,-3.1296
GV-00473,4428.96,188.94,-1154.25,-2.8936
GV-00474,4491.32,171.73,-1100.5,-3.2221
GV-00475,4514.82,162.78,-1104.02,-2.9635
GV-00476,4584.89,182.12,-1048.99,-3.0542
GV-00477,4613.77,176.74,-1045.69,-3.0808
GV-00478,4659.29,155.01,-1003.53,-2.9271
GV-00479,4708.79,177.77,-996.91,-3.2047
GV-00480,4773.38,173.32,-954.21,-2.932
GV-00481,4843.52,191.97,-949.53,-2.9589
GV-00482,4887.29,179.73,-902.74,-2.9775
GV-00483,4921.19,186.3,-897.39,-3.0879
GV-00484,4993.37,167.3,-846.9,-3.168
GV-00485,5043.19,158.37,-848.38,-2.9568
GV-00486,5086.79,168.89,-803.43,-2.9372
GV-00487,5142.19,162.28,-747.93,-3.1318
GV-00488,5188.45,181.0,-753.45,-3.0975
GV-00489,5207.61,187.58,-702.81,-3.0822
GV-00490,5293.43,159.27,-696.64,-3.1196
GV-00491,5336.09,183.02,-645.06,-3.2648
GV-00492,5379.23,164.54,-600.29,-2.9473
GV-00493,5409.21,156.87,-602.32,-3.0976
GV-00494,5460.09,168.22,-604.54,-3.2531
GV-00495,5508.67,187.76,-548.92,-3.0994
GV-00496,5571.92,174.0,-554.61,-3.0246
GV-00497,5623.91,194.03,-498.78,-3.2334
GV-00498,5686.72,156.08,-501.79,-3.1039
GV-00499,5722.41,181.05,-502.99,-3.1092
GV-00500,5767.42,190.64,-496.48,-3.1796
GV-00501,5833.9,187.57,-496.05,-3.1677
GV-00502,5886.87,180.45,-453.68,-3.0519
GV-00503,5923.11,169.14,-454.44,-2.9453
GV-00504,5981.69,165.05,-450.36,-3.0084
GV-00505,6008.05,189.08,-448.34,-2.9806
GV-00506,6066.03,168.08,-453.25,-2.696
GV-00507,6143.8,159.69,-454.29,-2.8641
GV-00508,6183.95,160.31,-396.11,-2.5934
GV-00509,6244.3,165.19,-399.8,-2.3424
GV-00510,6284.21,167.91,-401.08,-2.2638
GV-00511,6306.5,160.12,-396.77,-1.9865
GV-00512,6388.73,188.25,-400.69,-1.7292
GV-00513,15.75,225.26,-552.29,-6.4451
GV-00514,90.02,208.97,-602.8,-6.7429
GV-00515,111.32,215.19,-601.89,-6.7525
GV-00516,158.31,207.11,-602.05,-6.8386
GV-00517,230.31,209.88,-654.63,-6.645
GV-00518,287.91,216.38,-653.39,-6.8712
GV-00519,311.4,237.8,-654.82,-6.7569
GV-00520,361.41,228.97,-698.41,-6.7195
GV-00521,423.7,242.58,-699.7,-6.781
GV-00522,490.59,233.4,-701.09,-6.7824
GV-00523,543.02,210.82,-751.62,-6.9213
GV-00524,555.32,230.7,-747.83,-6.738
GV-00525,628.01,227.97,-795.19,-6.7538
GV-00526,685.03,225.4,-799.82,-6.7179
GV-00527,725.58,206.55,-853.57,-6.7006
GV-00528,763.07,207.44,-854.97,-6.7114
GV-00529,821.74,214.01,-896.01,-6.6148
GV-00530,864.63,219.53,-902.86,-6.5913
GV-00531,925.17,210.61,-948.38,-6.256
GV-00532,979.61,205.58,-950.55,-6.5228
GV-00533,1032.69,231.63,-996.15,-6.4025
GV-00534,1070.06,244.97,-1046.96,-6.2535
GV-00535,1138.76,240.67,-1046.23,-5.9969
GV-00536,1188.31,240.44,-1097.78,-6.0228
GV-00537,1218.76,214.86,-1100.19,-6.0159
GV-00538,1262.65,220.55,-1146.32,-5.8205
GV-00539,1339.12,235.76,-1200.13,-5.9125
GV-00540,1386.36,232.09,-1200.23,-5.8248
GV-00541,1407.22,215.37,-1252.78,-5.8732
GV-00542,1489.83,213.83,-1254.74,-5.6099
GV-00543,1520.58,243.09,-1295.6,-5.4923
GV-00544,1565.48,205.28,-1354.93,-5.5168
GV-00545,1632.95,229.18,-1349.28,-5.5477
GV-00546,1686.45,210.01,-1395.9,-5.2837
GV-00547,1708.95,207.34,-1403.99,-5.3799
GV-00548,1790.23,231.65,-1452.63,-5.1847
GV-00549,1818.37,234.2,-1445.05,-5.0646
GV-00550,1891.58,214.3,-1499.19,-5.1269
GV-00551,1911.09,220.3,-1495.73,-5.0715
GV-00552,1988.89,211.87,-1553.13,-4.9116
GV-00553,2041.71,236.9,-1547.48,-5.0036
GV-00554,2087.61,222.37,-1595.28,-4.8612
GV-00555,2142.97,211.54,-1596.8,-4.8324
GV-00556,2192.63,217.77,-1604.17,-4.8544
GV-00557,2205.46,234.74,-1596.55,-4.6623
GV-00558,2294.82,241.24,-1653.82,-4.6827
GV-00559,2332.17,213.9,-1653.57,-4.6581
GV-00560,2387.4,227.29,-1652.21,-4.5147
GV-00561,2407.7,208.86,-1653.01,-4.2415
GV-00562,2481.12,228.25,-1645.21,-4.2337
GV-00563,2534.94,212.25,-1645.33,-4.2428
GV-00564,2561.47,239.26,-1595.35,-4.407
GV-00565,2621.04,238.47,-1599.35,-4.1726
GV-00566,2678.25,216.28,-1601.01,-4.2607
GV-00567,2721.98,205.89,-1595.13,-3.9916
GV-00568,2781.24,239.92,-1595.85,-4.2373
GV-00569,2836.63,226.45,-1549.81,-4.0651
GV-00570,2875.45,229.91,-1545.42,-4.025
GV-00571,2921.0,233.04,-1547.35,-3.8151
GV-00572,2986.92,215.01,-1550.08,-3.8426
GV-00573,3043.57,213.94,-1495.64,-3.8467
GV-00574,3092.63,213.43,-1498.42,-3.8531
GV-00575,3136.87,211.39,-1501.04,-3.6794
GV-00576,3177.47,209.8,-1504.36,-3.7555
GV-00577,3210.13,205.9,-1502.82,-3.8348
GV-00578,3266.41,235.97,-1454.08,-3.7923
GV-00579,3326.35,217.59,-1451.48,-3.7106
GV-00580,3365.91,231.46,-1451.12,-3.788
GV-00581,3420.8,214.1,-1452.96,-3.7112
GV-00582,3472.58,239.81,-1452.86,-3.3837
GV-00583,3531.86,213.89,-1446.63,-3.5275
GV-00584,3593.68,209.05,-1449.25,-3.5056
GV-00585,3633.42,224.87,-1396.81,-3.4451
GV-00586,3668.52,237.47,-1401.62,-3.5253
GV-00587,3715.57,212.15,-1399.78,-3.4975
GV-00588,3790.05,215.16,-1396.2,-3.4319
GV-00589,3807.18,228.1,-1403.92,-3.5655
GV-00590,3866.03,243.25,-1348.74,-3.3028
GV-00591,3920.44,240.58,-1347.36,-3.3308
GV-00592,3973.54,220.91,-1346.51,-3.0726
GV-00593,4033.08,215.66,-1295.39,-3.3462
GV-00594,4082.91,242.13,-1303.25,-3.3609
GV-00595,4131.39,208.85,-1253.74,-3.3169
GV-00596,4160.36,243.28,-1254.41,-3.3021
GV-00597,4236.18,242.42,-1246.44,-3.1189
GV-00598,4260.49,218.0,-1200.85,-3.2038
GV-00599,4309.22,220.11,-1195.26,-3.2946
GV-00600,4372.64,241.68,-1150.04,-3.1988
GV-00601,4423.03,229.83,-1152.94,-3.2435
GV-00602,4478.16,243.95,-1099.67,-3.0426
GV-00603,4520.6,216.94,-1096.98,-3.3272
GV-00604,4579.52,226.42,-1096.88,-3.1994
GV-00605,4606.43,239.62,-1051.05,-3.0992
GV-00606,4661.22,208.17,-1046.6,-3.1647
GV-00607,4718.43,242.6,-1004.42,-3.3505
GV-00608,4763.83,229.99,-1000.0,-3.2436
GV-00609,4806.73,215.8,-947.74,-3.2344
GV-00610,4893.24,208.41,-945.2,-3.1581
GV-00611,4912.48,237.82,-900.41,-3.1515
GV-00612,4972.57,229.65,-902.72,-3.2315
GV-00613,5034.01,214.27,-852.92,-3.0395
GV-00614,5065.87,218.99,-799.12,-3.2226
GV-00615,5113.17,235.4,-795.62,-3.0228
GV-00616,5166.45,216.36,-749.5,-3.127
GV-00617,5228.59,211.06,-748.33,-3.2431
GV-00618,5266.46,234.67,-698.64,-3.2254
GV-00619,5344.01,217.15,-646.12,-3.4101
GV-00620,5371.58,220.27,-647.02,-3.4481
GV-00621,5414.67,216.97,-603.68,-3.3151
GV-00622,5485.2,217.64,-597.83,-3.2614
GV-00623,5542.11,227.73,-599.65,-3.279
GV-00624,5578.3,242.15,-546.03,-3.4081
GV-00625,5607.74,213.08,-553.13,-3.4629
GV-00626,5669.06,215.1,-551.53,-3.2227
GV-00627,5724.11,208.76,-500.12,-3.3996
GV-00628,5757.23,207.89,-504.79,-3.3219
GV-00629,5820.93,225.3,-496.88,-3.249
GV-00630,5863.84,207.14,-500.8,-3.2715
GV-00631,5905.91,221.87,-445.01,-3.1329
GV-00632,5967.92,228.38,-448.87,-3.0726
GV-00633,6032.02,228.98,-449.97,-3.0378
GV-00634,6059.33,215.34,-449.31,-3.0258
GV-00635,6132.38,239.47,-449.07,-2.883
GV-00636,6164.39,208.87,-446.01,-2.7582
GV-00637,6241.14,225.94,-396.26,-2.506
GV-00638,6266.26,244.28,-395.09,-2.3663
GV-00639,6332.71,230.74,-398.42,-2.0656
GV-00640,6361.28,206.72,-400.09,-1.7666
GV-00641,30.35,272.08,-548.12,-6.5748
GV-00642,85.59,256.53,-598.07,-6.6675
GV-00643,136.58,293.44,-599.2,-6.7731
GV-00644,164.96,291.18,-604.96,-6.8131
GV-00645,213.45,270.58,-599.05,-6.9247
GV-00646,268.68,282.71,-646.33,-6.6888
GV-00647,317.65,257.65,-652.22,-6.9774
GV-00648,363.99,260.92,-647.29,-7.1731
GV-00649,440.43,289.19,-704.4,-6.9479
GV-00650,464.19,269.24,-697.77,-7.0076
GV-00651,519.79,266.22,-754.41,-7.0198
GV-00652,560.68,271.55,-751.78,-6.8953
GV-00653,610.47,263.18,-803.54,-6.8883
GV-00654,656.75,290.52,-796.84,-6.8116
GV-00655,719.35,289.79,-803.99,-6.7484
GV-00656,789.91,268.04,-846.82,-6.812
GV-00657,838.74,287.09,-845.63,-6.6201
GV-00658,876.21,260.19,-899.01,-6.6287
GV-00659,907.44,269.86,-952.78,-6.6273
GV-00660,975.59,278.35,-945.01,-6.4216
GV-00661,1039.07,269.46,-1003.09,-6.5425
GV-00662,1068.14,266.98,-1000.65,-6.4402
GV-00663,1121.27,267.52,-1045.83,-6.3278
GV-00664,1155.35,264.44,-1047.51,-6.2519
GV-00665,1229.35,290.81,-1104.55,-6.1165
GV-00666,1282.66,271.74,-1148.81,-6.2192
GV-00667,1326.68,263.32,-1147.29,-6.0034
GV-00668,1382.26,258.28,-1199.86,-5.8078
GV-00669,1443.36,256.92,-1201.71,-5.7344
GV-00670,1468.15,279.86,-1250.02,-5.8415
GV-00671,1531.3,256.13,-1299.14,-5.7299
GV-00672,1569.38,263.21,-1303.04,-5.665
GV-00673,1640.93,292.08,-1354.03,-5.4109
GV-00674,1694.37,284.24,-1400.85,-5.5945
GV-00675,1722.26,279.72,-1403.16,-5.3819
GV-00676,1769.84,269.94,-1451.39,-5.4442
GV-00677,1837.19,277.31,-1454.12,-5.2757
GV-00678,1860.17,262.91,-1500.92,-5.1136
GV-00679,1934.13,262.36,-1501.81,-5.3606
GV-00680,1967.98,278.61,-1554.82,-5.0959
GV-00681,2032.93,263.35,-1553.35,-5.1756
GV-00682,2057.03,278.37,-1601.61,-4.843
GV-00683,2144.03,263.62,-1604.55,-4.8375
GV-00684,2184.15,291.85,-1600.29,-4.6899
GV-00685,2219.42,281.07,-1597.49,-4.7268
GV-00686,2278.58,284.69,-1648.01,-4.7175
GV-00687,2318.53,290.49,-1645.4,-4.7509
GV-00688,2373.92,255.68,-1648.81,-4.4943
GV-00689,2441.22,293.93,-1653.34,-4.4565
GV-00690,2472.37,255.05,-1650.56,-4.6431
GV-00691,2541.3,290.98,-1649.76,-4.4544
GV-00692,2570.2,283.6,-1600.45,-4.3092
GV-00693,2608.92,290.37,-1602.02,-4.2185
GV-00694,2693.66,266.08,-1595.04,-4.2622
GV-00695,2723.52,264.3,-1597.34,-4.2269
GV-00696,2777.01,268.46,-1603.45,-4.2946
GV-00697,2841.13,285.39,-1554.94,-4.2379
GV-00698,2893.77,284.05,-1548.12,-4.1183
GV-00699,2938.42,291.02,-1552.34,-4.0461
GV-00700,2994.31,265.86,-1550.46,-3.9275
GV-00701,3012.34,260.29,-1554.5,-3.9665
GV-00702,3088.14,258.59,-1500.69,-3.8436
GV-00703,3122.43,271.14,-1496.78,-3.9112
GV-00704,3189.31,257.76,-1502.5,-3.9372
GV-00705,3243.81,279.34,-1497.58,-3.8512
GV-00706,3279.74,276.77,-1497.03,-3.8746
GV-00707,3317.13,276.23,-1449.84,-3.7735
GV-00708,3369.64,259.54,-1446.26,-3.6622
GV-00709,3415.56,259.83,-1445.42,-3.6983
GV-00710,3482.18,268.12,-1454.31,-3.6986
GV-00711,3533.29,265.69,-1453.34,-3.6989
GV-00712,3560.46,266.75,-1450.99,-3.6229
GV-00713,3626.58,259.1,-1446.01,-3.5301
GV-00714,3678.3,272.62,-1404.53,-3.4891
GV-00715,3710.11,277.3,-1404.54,-3.5928
GV-00716,3773.75,287.82,-1396.66,-3.3292
GV-00717,3837.84,263.46,-1402.71,-3.5415
GV-00718,3864.36,286.39,-1345.31,-3.5343
GV-00719,3930.19,293.17,-1349.79,-3.3509
GV-00720,3990.02,256.45,-1349.96,-3.5492
GV-00721,4022.67,279.37,-1298.18,-3.3535
GV-00722,4072.61,273.62,-1301.08,-3.5355
GV-00723,4117.79,291.78,-1298.8,-3.291
GV-00724,4186.95,260.33,-1249.55,-3.4212
GV-00725,4239.7,273.24,-1250.02,-3.044
GV-00726,4261.19,277.28,-1202.5,-3.4484
GV-00727,4333.71,268.24,-1198.48,-3.1507
GV-00728,4368.7,266.58,-1200.69,-3.346
GV-00729,4432.72,267.47,-1151.73,-3.3441
GV-00730,4485.8,288.84,-1148.56,-3.3967
GV-00731,4521.31,264.08,-1095.63,-3.3271
GV-00732,4560.97,260.81,-1101.04,-3.2445
GV-00733,4644.55,267.12,-1095.35,-3.1292
GV-00734,4681.89,271.01,-1046.5,-3.1798
GV-00735,4706.0,271.68,-1051.82,-3.2053
GV-00736,4771.66,265.53,-997.61,-3.3038
GV-00737,4844.36,287.32,-1003.4,-3.3001
GV-00738,4891.0,269.0,-953.02,-3.2414
GV-00739,4941.18,287.71,-954.66,-3.3585
GV-00740,4977.02,271.93,-901.69,-3.1223
GV-00741,5005.3,277.43,-896.8,-3.2426
GV-00742,5075.68,263.7,-846.53,-3.2702
GV-00743,5125.01,288.93,-804.94,-3.2197
GV-00744,5176.91,280.54,-796.1,-3.3216
GV-00745,5229.61,255.86,-751.44,-3.4863
GV-00746,5275.69,276.03,-703.93,-3.2669
GV-00747,5335.3,280.3,-701.69,-3.272
GV-00748,5392.86,261.06,-651.73,-3.3037
GV-00749,5433.93,282.36,-648.21,-3.3519
GV-00750,5493.53,255.77,-598.04,-3.5153
GV-00751,5520.66,272.69,-597.6,-3.4388
GV-00752,5585.14,264.03,-598.07,-3.4784
GV-00753,5615.42,291.23,-547.3,-3.5525
GV-00754,5684.07,273.97,-549.87,-3.327
GV-00755,5726.06,255.06,-547.71,-3.4573
GV-00756,5788.77,276.76,-500.6,-3.3974
GV-00757,5833.84,279.52,-500.23,-3.3737
GV-00758,5876.26,271.16,-497.15,-3.5138
GV-00759,5944.62,256.31,-504.86,-3.2542
GV-00760,5980.17,279.2,-451.65,-3.0581
GV-00761,6023.86,264.12,-452.85,-3.1205
GV-00762,6062.07,277.27,-452.86,-3.1298
GV-00763,6105.46,265.43,-446.02,-2.8521
GV-00764,6186.6,261.48,-448.33,-2.7112
GV-00765,6232.83,271.97,-395.1,-2.7523
GV-00766,6280.58,283.6,-398.12,-2.5149
GV-00767,6343.42,262.2,-397.73,-2.4008
GV-00768,6391.7,288.75,-401.01,-1.9374
GV-00769,26.97,324.84,-554.44,-6.6713
GV-00770,75.93,332.42,-549.46,-6.8143
GV-00771,140.08,317.76,-600.99,-6.9551
GV-00772,183.45,343.04,-595.66,-6.9488
GV-00773,236.8,323.9,-595.67,-7.1699
GV-00774,289.16,340.35,-653.42,-7.0454
GV-00775,338.25,320.04,-646.06,-7.0732
GV-00776,394.77,325.5,-653.28,-7.2733
GV-00777,415.2,330.33,-700.68,-7.1716
GV-00778,483.06,322.05,-700.13,-7.1918
GV-00779,511.9,329.36,-703.16,-7.3872
GV-00780,558.06,312.93,-749.34,-6.7957
GV-00781,614.6,308.37,-745.49,-7.1801
GV-00782,662.47,323.31,-801.58,-7.2137
GV-00783,733.54,334.76,-801.0,-6.9793
GV-00784,759.44,321.12,-846.76,-6.8023
GV-00785,810.53,312.21,-846.64,-6.8437
GV-00786,877.9,340.47,-899.24,-6.8285
GV-00787,919.57,312.18,-895.68,-6.7834
GV-00788,986.81,305.58,-951.52,-6.5508
GV-00789,1035.11,342.62,-952.39,-6.5176
GV-00790,1079.72,323.59,-999.38,-6.7386
GV-00791,1124.17,329.86,-999.37,-6.3761
GV-00792,1178.83,314.02,-1046.73,-6.2207
GV-00793,1241.47,311.49,-1096.05,-6.5161
GV-00794,1282.74,340.91,-1096.48,-6.4525
GV-00795,1326.31,317.74,-1146.95,-6.0934
GV-00796,1355.67,326.96,-1148.02,-5.981
GV-00797,1414.95,325.32,-1196.48,-6.0412
GV-00798,1461.86,337.41,-1251.17,-5.9415
GV-00799,1535.04,338.02,-1251.92,-5.8315
GV-00800,1583.0,335.68,-1298.3,-5.8609
GV-00801,1610.33,338.49,-1345.94,-5.7185
GV-00802,1680.69,317.53,-1352.26,-5.5988
GV-00803,1740.73,308.56,-1395.8,-5.565
GV-00804,1794.84,331.53,-1398.68,-5.5566
GV-00805,1815.8,309.31,-1453.93,-5.414
GV-00806,1880.79,310.54,-1499.92,-5.5123
GV-00807,1924.93,321.41,-1503.35,-5.1833
GV-00808,1986.76,305.55,-1547.27,-5.1964
GV-00809,2021.21,319.93,-1553.45,-5.101
GV-00810,2066.06,340.76,-1549.5,-4.9982
GV-00811,2137.28,339.66,-1599.85,-4.9233
GV-00812,2190.86,340.33,-1599.29,-4.9469
GV-00813,2211.54,343.44,-1596.3,-4.84
GV-00814,2272.59,340.25,-1595.35,-4.7583
GV-00815,2331.16,334.69,-1647.02,-4.6517
GV-00816,2364.27,331.36,-1650.41,-4.7787
GV-00817,2412.72,343.92,-1652.42,-4.7395
GV-00818,2456.75,343.06,-1645.98,-4.5043
GV-00819,2520.9,331.37,-1646.43,-4.5209
GV-00820,2585.82,312.29,-1604.92,-4.4934
GV-00821,2622.99,341.32,-1602.73,-4.5393
GV-00822,2684.83,306.03,-1599.04,-4.3367
GV-00823,2730.05,337.54,-1602.58,-4.4977
GV-00824,2758.51,338.29,-1604.44,-4.3201
GV-00825,2837.05,310.88,-1595.17,-4.3261
GV-00826,2892.03,334.37,-1548.95,-4.0795
GV-00827,2929.28,305.31,-1551.95,-4.0893
GV-00828,2956.65,330.59,-1547.1,-4.1334
GV-00829,3035.23,331.2,-1549.78,-4.1101
GV-00830,3065.4,339.22,-1495.5,-4.0371
GV-00831,3124.52,342.43,-1497.72,-3.8729
GV-00832,3177.59,338.09,-1501.06,-3.9595
GV-00833,3212.83,326.03,-1497.66,-3.9905
GV-00834,3270.19,322.55,-1495.62,-3.8896
GV-00835,3310.98,334.13,-1500.23,-4.0508
GV-00836,3380.47,311.32,-1445.98,-3.9685
GV-00837,3413.76,331.76,-1448.24,-4.0755
GV-00838,3468.54,320.43,-1447.88,-3.9857
GV-00839,3521.95,323.44,-1445.85,-3.6697
GV-00840,3563.43,344.03,-1447.42,-3.711
GV-00841,3624.37,316.04,-1450.46,-3.6344
GV-00842,3680.83,331.47,-1445.08,-3.4915
GV-00843,3724.13,318.03,-1404.85,-3.6068
GV-00844,3759.63,342.42,-1403.48,-3.4565
GV-00845,3832.45,334.79,-1396.67,-3.4542
GV-00846,3872.09,319.35,-1396.88,-3.4572
GV-00847,3936.17,334.14,-1349.15,-3.6967
GV-00848,3972.9,328.72,-1348.48,-3.6638
GV-00849,4041.22,314.91,-1345.53,-3.5815
GV-00850,4088.03,315.73,-1296.17,-3.3781
GV-00851,4119.9,322.11,-1302.14,-3.302
GV-00852,4172.97,314.0,-1303.56,-3.4907
GV-00853,4223.1,313.39,-1248.46,-3.5679
GV-00854,4289.03,332.42,-1246.31,-3.3859
GV-00855,4309.24,307.52,-1198.85,-3.2853
GV-00856,4376.07,321.82,-1199.22,-3.5358
GV-00857,4427.18,316.27,-1199.58,-3.2662
GV-00858,4473.22,344.08,-1151.85,-3.4112
GV-00859,4506.63,306.23,-1154.48,-3.2913
GV-00860,4589.22,331.32,-1098.43,-3.5702
GV-00861,4639.56,310.11,-1098.67,-3.3447
GV-00862,4680.56,326.64,-1095.59,-3.4562
GV-00863,4707.46,322.78,-1049.62,-3.2405
GV-00864,4789.94,317.34,-1051.95,-3.3293
GV-00865,4837.08,311.2,-998.03,-3.3088
GV-00866,4880.46,306.73,-1003.51,-3.3475
GV-00867,4928.04,341.71,-952.58,-3.3251
GV-00868,4959.52,343.29,-951.15,-3.4593
GV-00869,5015.79,321.72,-896.1,-3.1807
GV-00870,5071.12,337.45,-848.78,-3.5736
GV-00871,5115.29,319.7,-851.57,-3.3972
GV-00872,5162.86,310.09,-796.7,-3.4376
GV-00873,5232.51,320.61,-799.66,-3.5603
GV-00874,5280.59,317.31,-752.01,-3.5769
GV-00875,5317.7,323.33,-701.96,-3.4684
GV-00876,5356.68,337.12,-696.98,-3.5322
GV-00877,5413.77,337.16,-653.02,-3.7563
GV-00878,5473.18,333.61,-653.98,-3.5124
GV-00879,5530.42,336.63,-596.18,-3.6204
GV-00880,5593.24,313.98,-602.53,-3.5588
GV-00881,5634.1,340.44,-599.76,-3.6562
GV-00882,5674.05,307.4,-552.23,-3.4042
GV-00883,5733.84,308.77,-545.78,-3.5802
GV-00884,5756.79,327.74,-545.59,-3.4096
GV-00885,5839.32,315.21,-499.9,-3.48
GV-00886,5861.83,337.19,-496.77,-3.4041
GV-00887,5910.78,311.52,-497.57,-3.4532
GV-00888,5979.6,311.16,-503.12,-3.4039
GV-00889,6041.43,306.65,-445.2,-3.2359
GV-00890,6066.71,314.82,-446.95,-3.1425
GV-00891,6120.17,306.01,-451.79,-3.06
GV-00892,6193.22,333.63,-448.74,-2.8457
GV-00893,6206.9,312.51,-445.31,-2.7115
GV-00894,6287.01,306.36,-400.4,-2.7476
GV-00895,6309.23,334.85,-399.5,-2.4582
GV-00896,6375.4,307.28,-395.22,-1.9937
GV-00897,34.03,356.78,-550.76,-6.9864
GV-00898,65.25,355.72,-548.49,-7.1039
GV-00899,138.57,380.99,-603.06,-7.0463
GV-00900,181.59,378.02,-595.78,-7.3888
GV-00901,238.78,355.47,-595.69,-7.1924
GV-00902,274.68,384.82,-652.01,-7.3954
GV-00903,329.99,388.7,-653.29,-7.2186
GV-00904,382.95,359.2,-649.4,-7.3386
GV-00905,418.96,378.9,-696.36,-7.1653
GV-00906,482.93,375.87,-697.97,-7.2238
GV-00907,527.36,378.36,-703.59,-7.1566
GV-00908,566.81,360.38,-754.59,-7.2958
GV-00909,622.35,356.27,-753.61,-7.1525
GV-00910,659.16,365.97,-754.0,-7.0098
GV-00911,735.05,360.69,-803.91,-7.0339
GV-00912,765.24,373.76,-796.27,-7.1442
GV-00913,810.93,387.79,-846.11,-7.3192
GV-00914,865.61,375.05,-853.1,-7.0261
GV-00915,907.11,391.71,-903.05,-6.9682
GV-00916,974.92,388.47,-902.58,-6.8549
GV-00917,1039.16,372.32,-945.3,-6.6867
GV-00918,1064.05,366.33,-951.98,-6.6523
GV-00919,1130.28,370.48,-995.43,-6.6966
GV-00920,1190.22,391.56,-1053.17,-6.8102
GV-00921,1205.83,363.63,-1052.8,-6.4884
GV-00922,1279.17,359.71,-1101.18,-6.3704
GV-00923,1322.89,367.55,-1098.12,-6.3777
GV-00924,1359.77,368.25,-1154.19,-6.2441
GV-00925,1431.64,365.12,-1196.79,-6.1844
GV-00926,1492.27,374.32,-1203.66,-6.1536
GV-00927,1543.98,365.64,-1245.03,-6.0342
GV-00928,1573.51,386.79,-1296.54,-5.995
GV-00929,1608.68,380.41,-1297.67,-5.8739
GV-00930,1671.07,358.1,-1345.73,-5.8399
GV-00931,1744.52,358.84,-1401.32,-5.704
GV-00932,1786.49,394.97,-1400.93,-5.7174
GV-00933,1822.83,380.38,-1446.08,-5.5997
GV-00934,1868.24,367.34,-1446.26,-5.6628
GV-00935,1920.83,379.43,-1504.65,-5.2382
GV-00936,1979.0,363.65,-1496.8,-5.327
GV-00937,2009.61,362.13,-1554.78,-5.1127
GV-00938,2081.34,380.09,-1545.15,-5.3304
GV-00939,2118.01,393.61,-1601.35,-5.115
GV-00940,2166.31,362.63,-1599.47,-5.0379
GV-00941,2212.15,362.68,-1603.18,-4.9014
GV-00942,2284.23,367.2,-1598.73,-4.922
GV-00943,2340.97,368.69,-1649.36,-4.7066
GV-00944,2375.93,375.61,-1652.76,-4.647
GV-00945,2439.26,372.22,-1651.29,-4.8042
GV-00946,2462.0,359.37,-1652.44,-4.8724
GV-00947,2535.6,362.5,-1648.38,-4.7893
GV-00948,2580.56,358.7,-1598.83,-4.6178
GV-00949,2606.17,394.56,-1602.73,-4.5897
GV-00950,2693.8,376.57,-1604.4,-4.615
GV-00951,2723.0,386.84,-1601.19,-4.4927
GV-00952,2772.15,377.48,-1598.22,-4.3797
GV-00953,2839.47,376.4,-1599.28,-4.3688
GV-00954,2879.18,361.11,-1549.68,-4.3675
GV-00955,2925.3,361.0,-1547.92,-4.3936
GV-00956,2966.38,375.81,-1546.43,-4.2739
GV-00957,3009.5,387.04,-1551.57,-4.1442
GV-00958,3057.38,375.69,-1502.47,-3.9415
GV-00959,3134.04,360.61,-1498.72,-4.14
GV-00960,3183.33,356.42,-1498.06,-4.1109
GV-00961,3217.99,367.28,-1498.4,-3.9537
GV-00962,3256.8,361.95,-1497.58,-3.963
GV-00963,3342.59,382.9,-1500.08,-3.9218
GV-00964,3388.67,365.81,-1496.19,-3.9172
GV-00965,3413.71,384.66,-1451.16,-3.9703
GV-00966,3479.98,360.29,-1448.09,-3.9527
GV-00967,3529.12,391.66,-1447.59,-3.7903
GV-00968,3564.52,363.62,-1450.15,-3.8892
GV-00969,3636.93,394.28,-1445.3,-3.6977
GV-00970,3668.3,357.52,-1446.61,-3.7832
GV-00971,3719.12,382.58,-1401.71,-3.7792
GV-00972,3783.63,376.86,-1395.49,-3.6617
GV-00973,3821.64,382.79,-1401.87,-3.6978
GV-00974,3868.76,362.2,-1401.51,-3.6547
GV-00975,3939.09,382.51,-1350.81,-3.6584
GV-00976,3966.22,367.01,-1346.22,-3.6026
GV-00977,4019.15,360.0,-1345.02,-3.5124
GV-00978,4060.95,385.61,-1303.16,-3.6746
GV-00979,4113.57,388.7,-1299.17,-3.458
GV-00980,4163.71,386.82,-1302.18,-3.4779
GV-00981,4231.94,386.12,-1250.25,-3.5909
GV-00982,4278.21,394.4,-1251.6,-3.4569
GV-00983,4327.66,360.46,-1248.07,-3.4528
GV-00984,4368.23,379.08,-1200.05,-3.5171
GV-00985,4430.17,381.29,-1199.25,-3.4252
GV-00986,4465.11,374.07,-1199.31,-3.3847
GV-00987,4538.77,369.27,-1149.29,-3.6215
GV-00988,4572.73,391.32,-1145.15,-3.5059
GV-00989,4644.18,363.6,-1102.89,-3.4002
GV-00990,4686.04,384.2,-1101.99,-3.6407
GV-00991,4722.78,378.0,-1102.29,-3.5344
GV-00992,4787.81,388.59,-1051.74,-3.6819
GV-00993,4821.93,375.47,-1049.22,-3.3042
GV-00994,4862.54,383.54,-997.84,-3.4721
GV-00995,4921.6,374.35,-1001.56,-3.513
GV-00996,4975.56,361.69,-950.84,-3.3969
GV-00997,5037.76,374.42,-903.63,-3.3958
GV-00998,5068.4,370.8,-897.62,-3.6162
GV-00999,5139.2,386.8,-846.99,-3.4007
GV-01000,5167.37,363.25,-849.5,-3.6052
GV-01001,5214.86,385.65,-803.28,-3.5162
GV-01002,5261.15,387.16,-748.44,-3.3714
GV-01003,5343.5,366.97,-749.46,-3.614
GV-01004,5370.31,388.8,-698.86,-3.5503
GV-01005,5436.95,381.82,-703.53,-3.5503
GV-01006,5455.72,393.67,-650.29,-3.6999
GV-01007,5506.57,359.82,-650.6,-3.6421
GV-01008,5572.83,386.36,-602.23,-3.6413
GV-01009,5612.23,360.58,-603.47,-3.6337
GV-01010,5655.7,386.6,-597.94,-3.4757
GV-01011,5741.88,356.52,-550.05,-3.5366
GV-01012,5786.9,388.99,-545.39,-3.5836
GV-01013,5814.57,392.67,-545.62,-3.6249
GV-01014,5863.29,366.45,-500.81,-3.5443
GV-01015,5907.02,368.9,-495.48,-3.2534
GV-01016,5989.18,361.93,-503.17,-3.3694
GV-01017,6037.41,392.27,-503.14,-3.3255
GV-01018,6065.14,391.08,-453.19,-3.22
GV-01019,6111.28,384.52,-446.94,-3.1058
GV-01020,6184.12,388.22,-450.77,-2.9843
GV-01021,6220.27,384.29,-449.02,-2.8707
GV-01022,6270.03,386.73,-402.48,-2.7107
GV-01023,6319.7,368.78,-400.34,-2.4023
GV-01024,6365.76,388.78,-403.78,-2.2142
GV-01025,21.23,438.95,-549.22,-6.9813
GV-01026,85.01,434.31,-548.05,-7.3233
GV-01027,119.78,444.9,-548.93,-7.2802
GV-01028,159.62,443.39,-601.99,-7.3587
GV-01029,212.67,434.58,-600.52,-7.2906
GV-01030,279.16,439.98,-599.92,-7.2894
GV-01031,344.66,433.68,-653.53,-7.3786
GV-01032,385.25,406.72,-648.06,-7.5053
GV-01033,427.85,442.02,-652.4,-7.3551
GV-01034,462.31,412.3,-697.33,-7.5372
GV-01035,516.74,418.21,-695.71,-7.3286
GV-01036,555.29,440.08,-704.91,-7.4517
GV-01037,607.2,431.97,-748.9,-7.3002
GV-01038,687.89,412.94,-751.29,-7.2559
GV-01039,729.02,440.78,-799.71,-7.2722
GV-01040,772.65,442.51,-803.11,-7.2263
GV-01041,807.65,405.05,-849.91,-7.2611
GV-01042,868.34,438.03,-854.58,-7.3535
GV-01043,923.81,431.85,-895.35,-6.9489
GV-01044,970.12,423.73,-897.21,-6.9402
GV-01045,1034.53,412.11,-949.37,-6.8767
GV-01046,1056.95,439.03,-945.06,-6.9233
GV-01047,1108.04,432.55,-1003.55,-6.8719
GV-01048,1166.9,437.26,-999.73,-6.8719
GV-01049,1242.66,439.61,-1048.58,-6.5078
GV-01050,1292.53,436.58,-1053.06,-6.6412
GV-01051,1328.55,437.71,-1103.32,-6.5499
GV-01052,1391.85,430.91,-1147.97,-6.5246
GV-01053,1416.49,427.69,-1154.33,-6.4209
GV-01054,1471.93,426.81,-1195.74,-6.3757
GV-01055,1542.15,424.17,-1254.47,-5.9665
GV-01056,1575.3,419.26,-1252.85,-6.0325
GV-01057,1638.64,423.74,-1297.3,-6.0629
GV-01058,1686.5,424.6,-1350.01,-5.9807
GV-01059,1738.81,435.71,-1351.85,-5.7551
GV-01060,1793.6,430.65,-1395.06,-5.7308
GV-01061,1819.43,427.28,-1449.03,-5.7741
GV-01062,1876.72,426.6,-1451.42,-5.7216
GV-01063,1926.04,423.1,-1502.54,-5.432
GV-01064,1969.52,418.04,-1497.88,-5.4282
GV-01065,2017.61,423.7,-1547.7,-5.3669
GV-01066,2057.6,419.3,-1548.76,-5.3423
GV-01067,2105.12,430.02,-1548.08,-5.3873
GV-01068,2157.22,422.5,-1600.61,-5.2659
GV-01069,2212.95,435.83,-1600.52,-5.1369
GV-01070,2281.31,444.8,-1601.81,-4.9539
GV-01071,2327.06,414.4,-1600.4,-4.9186
GV-01072,2364.81,428.48,-1647.31,-4.9065
GV-01073,2416.71,429.08,-1649.54,-4.9251
GV-01074,2463.16,416.74,-1649.83,-4.8142
GV-01075,2516.4,420.43,-1651.96,-4.7099
GV-01076,2589.29,430.43,-1601.62,-4.7082
GV-01077,2637.83,444.3,-1604.38,-4.644
GV-01078,2670.62,419.44,-1602.25,-4.4393
GV-01079,2726.22,439.53,-1601.61,-4.5
GV-01080,2771.86,426.22,-1598.7,-4.4673
GV-01081,2841.69,424.3,-1597.28,-4.3638
GV-01082,2883.57,419.58,-1550.39,-4.4826
GV-01083,2919.84,418.09,-1547.04,-4.441
GV-01084,2971.69,421.16,-1550.77,-4.4789
GV-01085,3025.7,440.46,-1545.55,-4.2992
GV-01086,3065.19,432.12,-1545.17,-4.1386
GV-01087,3139.87,443.42,-1502.49,-4.0662
GV-01088,3186.97,444.54,-1500.21,-4.1562
GV-01089,3215.43,433.96,-1495.97,-4.1294
GV-01090,3261.95,413.76,-1497.39,-4.244
GV-01091,3344.97,425.94,-1502.03,-4.1027
GV-01092,3387.56,444.31,-1504.18,-3.8627
GV-01093,3409.33,434.46,-1501.85,-3.951
GV-01094,3459.84,427.69,-1450.63,-4.0394
GV-01095,3507.83,443.01,-1448.4,-3.7961
GV-01096,3573.07,429.5,-1445.97,-3.7726
GV-01097,3630.81,429.22,-1445.8,-3.8575
GV-01098,3681.62,418.02,-1447.55,-3.9093
GV-01099,3711.42,417.01,-1451.16,-3.7748
GV-01100,3764.76,413.8,-1404.79,-3.7462
GV-01101,3821.96,417.29,-1403.23,-3.976
GV-01102,3867.69,422.7,-1399.71,-3.6771
GV-01103,3941.9,423.45,-1398.06,-3.7975
GV-01104,3985.7,412.31,-1345.12,-3.8165
GV-01105,4016.22,417.71,-1350.65,-3.6287
GV-01106,4075.3,443.17,-1348.98,-3.8202
GV-01107,4133.14,407.35,-1302.14,-3.5405
GV-01108,4190.14,433.71,-1299.06,-3.6204
GV-01109,4227.22,416.07,-1296.73,-3.6324
GV-01110,4292.18,442.5,-1253.0,-3.6712
GV-01111,4315.74,422.49,-1246.16,-3.6955
GV-01112,4365.78,407.67,-1253.74,-3.807
GV-01113,4432.96,407.3,-1202.5,-3.6586
GV-01114,4465.73,433.49,-1199.98,-3.5656
GV-01115,4507.14,421.87,-1200.78,-3.4557
GV-01116,4587.3,436.05,-1149.76,-3.6739
GV-01117,4613.59,411.0,-1147.15,-3.6118
GV-01118,4656.89,418.98,-1148.09,-3.5182
GV-01119,4727.48,421.44,-1101.05,-3.4986
GV-01120,4759.84,441.5,-1103.29,-3.5999
GV-01121,4817.7,413.2,-1045.66,-3.5054
GV-01122,4893.77,421.07,-1050.31,-3.5889
GV-01123,4910.78,415.02,-997.64,-3.6128
GV-01124,4979.24,414.19,-996.57,-3.5545
GV-01125,5035.8,414.3,-951.28,-3.5384
GV-01126,5066.13,429.75,-895.98,-3.5387
GV-01127,5112.47,430.11,-902.74,-3.7198
GV-01128,5172.61,430.4,-852.15,-3.5884
GV-01129,5227.19,428.55,-802.26,-3.6665
GV-01130,5263.71,438.03,-801.34,-3.6914
GV-01131,5307.97,426.02,-745.11,-3.6303
GV-01132,5363.11,415.62,-746.23,-3.6897
GV-01133,5419.51,412.37,-702.69,-3.6833
GV-01134,5462.17,435.05,-698.71,-3.5853
GV-01135,5544.85,418.46,-652.15,-3.6774
GV-01136,5573.8,409.53,-654.87,-3.5412
GV-01137,5627.79,408.66,-645.17,-3.7519
GV-01138,5692.04,441.71,-602.1,-3.7163
GV-01139,5721.82,411.34,-604.65,-3.6536
GV-01140,5758.81,438.91,-546.18,-3.6962
GV-01141,5811.78,440.05,-550.22,-3.54
GV-01142,5881.81,420.15,-548.34,-3.538
GV-01143,5931.73,424.4,-501.49,-3.5459
GV-01144,5968.11,419.78,-498.7,-3.3951
GV-01145,6008.28,405.44,-502.74,-3.3588
GV-01146,6073.23,436.18,-501.43,-3.2982
GV-01147,6107.34,416.98,-450.09,-3.0525
GV-01148,6189.02,439.07,-454.24,-3.0023
GV-01149,6229.9,413.71,-445.82,-2.8284
GV-01150,6291.04,428.47,-447.04,-2.7408
GV-01151,6306.24,410.76,-400.32,-2.478
GV-01152,6390.63,433.45,-398.27,-2.1202
GV-01153,19.76,470.42,-552.11,-7.0768
GV-01154,66.57,460.19,-553.73,-7.3078
GV-01155,142.58,471.5,-550.75,-7.4399
GV-01156,163.02,478.99,-604.39,-7.3056
GV-01157,236.48,491.1,-599.01,-7.3984
GV-01158,280.35,459.51,-604.44,-7.4918
GV-01159,321.41,479.65,-645.55,-7.4647
GV-01160,373.51,470.22,-654.68,-7.6978
GV-01161,443.59,478.48,-654.09,-7.5295
GV-01162,466.31,469.82,-702.66,-7.7709
GV-01163,523.1,474.88,-704.94,-7.6665
GV-01164,586.45,491.76,-702.38,-7.3228
GV-01165,640.05,455.68,-750.93,-7.5068
GV-01166,664.61,487.56,-745.37,-7.4812
GV-01167,726.48,461.82,-754.7,-7.5976
GV-01168,786.4,473.56,-801.52,-7.3412
GV-01169,831.92,458.79,-803.09,-7.3104
GV-01170,861.03,456.23,-845.57,-7.1969
GV-01171,925.7,463.38,-845.35,-7.3206
GV-01172,956.28,483.9,-898.54,-7.1993
GV-01173,1019.34,475.98,-900.02,-6.9852
GV-01174,1055.36,459.66,-947.0,-6.9764
GV-01175,1125.44,476.76,-950.29,-6.8844
GV-01176,1186.52,476.24,-1001.48,-6.8341
GV-01177,1217.97,483.63,-1053.39,-6.8089
GV-01178,1255.48,471.94,-1046.6,-6.6683
GV-01179,1343.5,492.47,-1101.62,-6.6082
GV-01180,1385.68,471.29,-1104.07,-6.6339
GV-01181,1440.77,488.36,-1152.82,-6.3948
GV-01182,1455.28,477.45,-1203.75,-6.2312
GV-01183,1509.67,467.41,-1197.2,-6.2857
GV-01184,1586.25,467.83,-1252.72,-6.0591
GV-01185,1633.7,491.34,-1300.26,-6.1373
GV-01186,1657.07,458.45,-1299.59,-6.2414
GV-01187,1711.78,457.84,-1354.26,-6.0537
GV-01188,1786.1,487.66,-1401.11,-5.978
GV-01189,1840.36,494.99,-1396.57,-5.9402
GV-01190,1885.65,491.14,-1445.85,-5.6723
GV-01191,1935.84,492.66,-1447.34,-5.824
GV-01192,1977.97,493.66,-1502.63,-5.6758
GV-01193,2024.18,494.81,-1501.1,-5.5576
GV-01194,2062.26,488.54,-1551.78,-5.5726
GV-01195,2143.65,475.28,-1545.36,-5.2816
GV-01196,2170.52,462.27,-1602.59,-5.3449
GV-01197,2219.28,472.18,-1598.89,-5.1729
GV-01198,2268.86,481.06,-1595.71,-5.1558
GV-01199,2339.13,470.38,-1601.9,-5.1235
GV-01200,2376.88,458.26,-1596.35,-4.9489
GV-01201,2412.69,483.69,-1603.3,-4.9622
GV-01202,2487.35,468.23,-1645.93,-4.954
GV-01203,2539.35,486.25,-1595.01,-4.8178
GV-01204,2562.3,489.03,-1604.38,-4.8491
GV-01205,2611.76,483.45,-1602.61,-4.7005
GV-01206,2669.99,455.65,-1598.5,-4.8068
GV-01207,2711.96,482.44,-1600.96,-4.904
GV-01208,2770.76,492.21,-1596.97,-4.5507
GV-01209,2805.5,486.54,-1601.47,-4.6044
GV-01210,2856.3,458.36,-1554.66,-4.4225
GV-01211,2928.23,473.64,-1546.92,-4.5139
GV-01212,2960.67,461.55,-1546.82,-4.4847
GV-01213,3042.07,460.95,-1554.76,-4.383
GV-01214,3060.72,470.11,-1548.32,-4.3863
GV-01215,3120.15,463.71,-1501.04,-4.3003
GV-01216,3172.87,475.39,-1503.59,-4.3724
GV-01217,3218.29,493.31,-1501.25,-4.2516
GV-01218,3266.34,472.12,-1495.56,-4.4567
GV-01219,3340.53,470.82,-1496.42,-4.3104
GV-01220,3355.67,469.61,-1496.81,-4.0808
GV-01221,3413.34,469.65,-1498.76,-4.097
GV-01222,3463.38,484.46,-1498.24,-4.0985
GV-01223,3517.92,478.27,-1446.62,-4.097
GV-01224,3575.55,463.58,-1450.09,-3.9513
GV-01225,3630.57,469.09,-1447.34,-3.9953
GV-01226,3693.04,486.57,-1445.91,-3.8981
GV-01227,3727.96,490.35,-1446.08,-3.9241
GV-01228,3775.03,459.9,-1446.01,-3.9362
GV-01229,3812.6,478.63,-1402.75,-3.9352
GV-01230,3857.65,467.06,-1399.55,-3.8229
GV-01231,3923.15,489.65,-1400.23,-3.8473
GV-01232,3970.46,468.45,-1354.62,-3.791
GV-01233,4038.32,483.63,-1354.8,-3.7175
GV-01234,4063.37,492.54,-1352.89,-3.8052
GV-01235,4125.52,482.94,-1350.56,-4.0522
GV-01236,4160.77,457.65,-1302.05,-3.6903
GV-01237,4244.81,489.49,-1303.71,-3.7456
GV-01238,4266.14,461.29,-1302.54,-3.7635
GV-01239,4324.18,488.84,-1245.42,-3.6065
GV-01240,4359.68,493.37,-1254.83,-3.6397
GV-01241,4411.96,479.52,-1250.23,-3.6208
GV-01242,4492.8,492.83,-1196.75,-3.6082
GV-01243,4538.64,473.86,-1204.73,-3.7998
GV-01244,4559.8,456.8,-1204.7,-3.5858
GV-01245,4626.64,478.56,-1147.37,-3.8475
GV-01246,4676.15,456.1,-1154.87,-3.5261
GV-01247,4717.87,471.35,-1152.38,-3.7291
GV-01248,4755.27,457.49,-1101.24,-3.7464
GV-01249,4823.95,478.61,-1097.59,-3.6227
GV-01250,4856.44,492.46,-1050.74,-3.7342
GV-01251,4906.49,460.17,-1048.81,-3.6455
GV-01252,4990.19,485.33,-1004.44,-3.724
GV-01253,5039.27,455.58,-949.83,-3.742
GV-01254,5089.84,478.95,-948.73,-3.5282
GV-01255,5117.01,487.18,-900.62,-3.4848
GV-01256,5194.34,482.0,-896.21,-3.7684
GV-01257,5206.17,473.21,-853.97,-3.7552
GV-01258,5290.78,478.66,-803.49,-3.764
GV-01259,5334.69,470.51,-795.46,-3.6583
GV-01260,5375.09,489.61,-754.17,-3.8919
GV-01261,5420.35,470.03,-751.41,-3.8415
GV-01262,5463.45,455.34,-704.27,-3.8072
GV-01263,5538.11,484.89,-701.75,-3.6898
GV-01264,5572.31,482.82,-646.93,-3.6813
GV-01265,5610.74,489.13,-654.19,-3.6203
GV-01266,5672.33,486.96,-653.72,-3.7833
GV-01267,5717.76,456.96,-603.7,-3.7787
GV-01268,5767.95,479.52,-601.18,-3.7336
GV-01269,5818.62,485.68,-548.4,-3.6444
GV-01270,5870.18,466.36,-547.3,-3.3956
GV-01271,5934.71,472.91,-547.61,-3.4991
GV-01272,5970.57,456.0,-503.57,-3.5096
GV-01273,6019.13,473.33,-499.3,-3.4305
GV-01274,6073.65,470.67,-498.56,-3.1227
GV-01275,6111.93,490.39,-450.98,-3.1559
GV-01276,6163.32,483.6,-446.06,-2.9574
GV-01277,6219.73,481.32,-454.38,-2.869
GV-01278,6257.78,457.18,-450.12,-2.8531
GV-01279,6330.22,458.91,-446.48,-2.6079
GV-01280,6355.96,474.19,-395.33,-2.1856
GV-01281,6.29,524.52,-553.35,-7.1517
GV-01282,87.94,541.75,-552.72,-7.4776
GV-01283,117.75,535.15,-551.17,-7.4911
GV-01284,174.17,515.23,-602.85,-7.5205
GV-01285,229.47,526.34,-596.47,-7.755
GV-01286,257.88,510.2,-595.96,-7.6973
GV-01287,310.34,508.76,-604.9,-7.6516
GV-01288,376.3,542.36,-654.33,-7.9253
GV-01289,441.69,535.61,-647.57,-7.8053
GV-01290,485.5,519.86,-649.6,-7.7682
GV-01291,541.77,537.28,-701.35,-7.6899
GV-01292,590.66,525.64,-697.92,-7.8214
GV-01293,642.34,538.92,-695.94,-7.8124
GV-01294,672.36,519.65,-749.18,-7.6724
GV-01295,723.04,509.45,-748.31,-7.7816
GV-01296,766.07,510.41,-796.55,-7.3329
GV-01297,822.01,517.44,-803.06,-7.525
GV-01298,889.99,513.43,-797.6,-7.4759
GV-01299,932.15,529.91,-845.53,-7.4653
GV-01300,959.11,515.69,-846.86,-7.2494
GV-01301,1025.81,513.14,-904.68,-7.3017
GV-01302,1059.29,522.2,-902.98,-7.1901
GV-01303,1128.04,537.61,-953.72,-7.1351
GV-01304,1193.2,539.66,-997.78,-6.8152
GV-01305,1231.63,506.39,-998.31,-6.8756
GV-01306,1280.63,535.87,-1052.27,-6.8275
GV-01307,1342.91,513.89,-1045.67,-6.7684
GV-01308,1356.94,542.75,-1096.19,-6.6555
GV-01309,1423.56,514.69,-1145.37,-6.4575
GV-01310,1471.19,542.81,-1148.96,-6.517
GV-01311,1529.19,518.47,-1201.34,-6.5785
GV-01312,1582.38,506.27,-1254.72,-6.2351
GV-01313,1626.53,537.17,-1246.0,-6.1828
GV-01314,1687.9,508.54,-1303.14,-6.1805
GV-01315,1731.71,520.21,-1354.99,-5.9693
GV-01316,1763.92,508.46,-1350.64,-6.0577
GV-01317,1841.17,511.0,-1397.69,-5.9547
GV-01318,1890.48,534.92,-1453.74,-5.9026
GV-01319,1919.84,528.35,-1448.29,-5.7039
GV-01320,1959.42,507.81,-1495.59,-5.798
GV-01321,2042.42,524.6,-1497.36,-5.5207
GV-01322,2085.5,532.53,-1553.67,-5.5515
GV-01323,2131.73,538.89,-1549.28,-5.5183
GV-01324,2156.12,536.78,-1545.83,-5.3457
GV-01325,2234.6,539.82,-1602.17,-5.3181
GV-01326,2290.71,518.2,-1597.3,-5.3965
GV-01327,2327.58,509.15,-1603.69,-5.2766
GV-01328,2361.57,525.35,-1604.82,-5.3887
GV-01329,2427.39,507.56,-1596.65,-5.059
GV-01330,2471.52,513.95,-1596.67,-5.0572
GV-01331,2526.6,515.04,-1599.82,-5.1042
GV-01332,2573.1,532.53,-1599.25,-4.8615
GV-01333,2607.26,512.51,-1598.57,-4.9569
GV-01334,2678.27,512.29,-1602.67,-4.7342
GV-01335,2715.44,509.01,-1600.97,-4.8304
GV-01336,2775.15,515.65,-1599.19,-4.5895
GV-01337,2828.94,515.85,-1601.3,-4.617
GV-01338,2863.92,533.81,-1550.53,-4.7701
GV-01339,2924.13,534.81,-1545.78,-4.8015
GV-01340,2969.17,514.83,-1553.39,-4.5444
GV-01341,3022.25,544.63,-1546.27,-4.4899
GV-01342,3093.33,524.92,-1547.93,-4.5752
GV-01343,3134.95,522.3,-1549.77,-4.2423
GV-01344,3159.7,505.34,-1498.78,-4.454
GV-01345,3211.69,512.88,-1496.14,-4.3026
GV-01346,3263.51,534.69,-1499.65,-4.1388
GV-01347,3325.87,544.25,-1503.73,-3.9897
GV-01348,3390.19,515.2,-1504.8,-4.3825
GV-01349,3437.7,525.39,-1502.13,-4.0635
GV-01350,3475.27,540.54,-1498.75,-4.2114
GV-01351,3510.79,527.38,-1454.32,-4.0076
GV-01352,3570.48,531.91,-1451.55,-4.2241
GV-01353,3640.83,541.91,-1446.3,-4.2243
GV-01354,3681.79,544.34,-1447.48,-4.0763
GV-01355,3733.03,543.69,-1448.43,-4.0619
GV-01356,3760.88,541.49,-1449.04,-4.0967
GV-01357,3843.27,522.9,-1396.1,-3.9324
GV-01358,3885.8,537.35,-1397.32,-4.0004
GV-01359,3925.71,523.57,-1399.11,-3.918
GV-01360,3974.83,506.13,-1399.43,-3.8664
GV-01361,4042.79,532.3,-1352.09,-3.8591
GV-01362,4075.56,534.73,-1348.3,-3.8774
GV-01363,4139.32,544.15,-1345.09,-3.8583
GV-01364,4173.07,534.56,-1296.95,-3.8245
GV-01365,4217.81,508.08,-1300.94,-3.8297
GV-01366,4261.25,529.65,-1297.21,-3.819
GV-01367,4342.84,543.48,-1299.6,-3.9087
GV-01368,4374.35,539.9,-1249.78,-3.6887
GV-01369,4411.46,523.33,-1247.71,-3.9555
GV-01370,4467.01,538.17,-1253.73,-3.9458
GV-01371,4513.55,519.1,-1196.95,-3.7683
GV-01372,4590.89,532.47,-1199.06,-3.8198
GV-01373,4642.28,525.49,-1195.71,-3.863
GV-01374,4663.53,532.29,-1147.44,-3.7324
GV-01375,4741.89,518.7,-1147.47,-3.6294
GV-01376,4777.08,535.33,-1104.09,-3.7249
GV-01377,4842.53,523.72,-1099.97,-3.691
GV-01378,4870.32,542.82,-1099.6,-3.6586
GV-01379,4916.62,515.77,-1054.12,-3.6669
GV-01380,4962.09,505.2,-1002.33,-3.7646
GV-01381,5018.77,521.64,-1000.36,-3.7891
GV-01382,5094.66,535.13,-951.29,-3.8318
GV-01383,5130.83,537.16,-950.91,-3.7097
GV-01384,5190.42,531.25,-904.92,-3.793
GV-01385,5205.85,505.2,-850.05,-3.7679
GV-01386,5277.74,505.75,-854.72,-3.7529
GV-01387,5313.17,540.22,-802.54,-3.821
GV-01388,5355.93,539.93,-797.25,-3.8159
GV-01389,5444.74,517.33,-747.68,-3.6495
GV-01390,5471.49,506.46,-748.0,-3.8525
GV-01391,5512.43,527.73,-699.16,-3.8106
GV-01392,5566.38,533.16,-698.81,-3.8003
GV-01393,5630.3,513.69,-645.97,-4.0356
GV-01394,5678.07,529.34,-646.41,-3.6554
GV-01395,5737.17,515.98,-652.34,-3.5887
GV-01396,5785.08,523.54,-599.69,-3.8243
GV-01397,5811.63,518.22,-600.53,-3.6112
GV-01398,5889.68,511.04,-552.23,-3.5671
GV-01399,5925.34,539.35,-548.84,-3.7202
GV-01400,5956.85,513.69,-554.15,-3.4388
GV-01401,6012.03,523.09,-501.49,-3.4911
GV-01402,6056.52,506.67,-496.36,-3.1768
GV-01403,6132.05,511.2,-495.75,-3.3076
GV-01404,6194.31,535.47,-447.05,-3.0964
GV-01405,6217.66,538.36,-446.19,-2.834
GV-01406,6285.48,542.23,-452.08,-2.7981
GV-01407,6338.37,516.72,-448.44,-2.5042
GV-01408,6393.73,513.64,-395.4,-2.2214
GV-01409,41.67,581.17,-496.72,-7.3512
GV-01410,80.78,573.92,-545.7,-7.4099
GV-01411,127.0,558.36,-549.43,-7.6962
GV-01412,169.62,560.09,-551.45,-7.8009
GV-01413,205.23,560.8,-602.62,-7.661
GV-01414,290.08,555.6,-601.35,-7.7731
GV-01415,306.98,593.79,-595.04,-8.0096
GV-01416,374.58,586.12,-651.25,-7.9125
GV-01417,413.97,581.25,-645.61,-7.9542
GV-01418,488.39,573.09,-648.53,-7.8568
GV-01419,542.59,559.23,-699.56,-7.9028
GV-01420,593.91,568.06,-704.75,-7.7112
GV-01421,627.78,561.39,-696.24,-7.7097
GV-01422,694.32,574.68,-752.05,-7.6286
GV-01423,708.98,584.1,-754.71,-7.6843
GV-01424,767.38,584.51,-752.43,-7.7405
GV-01425,836.91,558.12,-798.27,-7.5736
GV-01426,887.38,591.14,-799.49,-7.6286
GV-01427,911.13,565.21,-845.28,-7.5179
GV-01428,977.74,580.76,-853.53,-7.4896
GV-01429,1036.92,579.21,-896.04,-7.5319
GV-01430,1058.17,556.03,-896.85,-7.3496
GV-01431,1126.98,588.9,-949.38,-7.2824
GV-01432,1166.64,589.66,-946.84,-7.0012
GV-01433,1207.39,572.63,-995.93,-6.9008
GV-01434,1272.16,559.32,-995.74,-7.0067
GV-01435,1313.79,572.98,-1052.35,-6.9373
GV-01436,1361.3,568.09,-1098.17,-6.7574
GV-01437,1417.86,583.05,-1097.95,-6.7956
GV-01438,1473.2,593.23,-1148.03,-6.64
GV-01439,1521.39,583.43,-1203.1,-6.3925
GV-01440,1587.27,590.97,-1200.63,-6.4949
GV-01441,1610.78,592.01,-1250.36,-6.3159
GV-01442,1662.34,593.6,-1295.88,-6.2957
GV-01443,1728.9,592.98,-1297.93,-6.1164
GV-01444,1764.16,588.96,-1352.74,-6.2362
GV-01445,1834.69,578.75,-1403.19,-6.1276
GV-01446,1875.0,574.09,-1403.77,-5.7499
GV-01447,1927.63,569.89,-1445.28,-5.8484
GV-01448,1964.43,593.2,-1451.5,-5.8203
GV-01449,2016.23,556.86,-1496.44,-5.7304
GV-01450,2065.75,576.95,-1502.13,-5.7715
GV-01451,2107.54,563.7,-1552.83,-5.6322
GV-01452,2160.38,582.26,-1552.75,-5.6113
GV-01453,2237.42,564.73,-1549.62,-5.3919
GV-01454,2258.5,587.64,-1595.65,-5.5993
GV-01455,2313.35,565.24,-1595.78,-5.2627
GV-01456,2388.24,581.48,-1595.02,-5.2828
GV-01457,2419.3,594.7,-1604.1,-5.223
GV-01458,2480.36,555.14,-1597.05,-5.2679
GV-01459,2518.98,561.93,-1603.15,-5.1329
GV-01460,2589.96,557.14,-1597.62,-5.0066
GV-01461,2612.45,563.23,-1598.92,-4.9224
GV-01462,2688.81,569.97,-1597.91,-4.9368
GV-01463,2717.42,579.94,-1599.44,-4.8893
GV-01464,2789.58,562.41,-1598.72,-4.8283
GV-01465,2812.29,570.83,-1598.64,-4.6808
GV-01466,2868.66,577.33,-1604.72,-4.8063
GV-01467,2907.32,580.05,-1552.23,-4.526
GV-01468,2967.72,571.62,-1548.29,-4.4974
GV-01469,3036.17,574.14,-1546.05,-4.4917
GV-01470,3092.62,556.46,-1547.37,-4.658
GV-01471,3126.75,577.74,-1549.31,-4.4293
GV-01472,3187.52,576.7,-1498.47,-4.4357
GV-01473,3226.46,578.58,-1499.08,-4.34
GV-01474,3283.92,579.28,-1502.8,-4.3248
GV-01475,3323.97,583.83,-1498.85,-4.3928
GV-01476,3356.85,587.9,-1497.95,-4.3782
GV-01477,3424.81,585.81,-1498.13,-4.396
GV-01478,3465.64,564.24,-1495.95,-4.3191
GV-01479,3517.01,575.33,-1504.1,-4.1662
GV-01480,3557.08,574.79,-1449.61,-4.2592
GV-01481,3642.54,577.6,-1451.01,-4.2596
GV-01482,3689.97,558.03,-1452.88,-4.2747
GV-01483,3736.15,559.47,-1454.42,-4.0314
GV-01484,3780.57,560.72,-1448.95,-4.0766
GV-01485,3808.43,589.42,-1452.98,-4.0576
GV-01486,3865.73,576.61,-1395.36,-3.9334
GV-01487,3919.96,566.12,-1402.7,-4.1079
GV-01488,3975.0,591.86,-1404.08,-3.831
GV-01489,4013.3,576.9,-1345.48,-4.0031
GV-01490,4069.41,566.36,-1352.52,-3.8826
GV-01491,4142.82,584.18,-1348.44,-3.8224
GV-01492,4164.94,590.03,-1354.75,-3.9494
GV-01493,4221.06,570.98,-1297.95,-4.0196
GV-01494,4271.96,565.41,-1301.69,-3.9707
GV-01495,4308.82,569.24,-1300.03,-3.8315
GV-01496,4379.96,589.87,-1304.48,-3.8652
GV-01497,4414.22,593.5,-1254.34,-3.9629
GV-01498,4484.92,561.36,-1250.19,-3.8984
GV-01499,4541.43,556.86,-1245.42,-3.7489
GV-01500,4593.81,574.52,-1202.77,-3.8221
GV-01501,4629.1,591.98,-1201.2,-3.8044
GV-01502,4661.05,576.92,-1198.76,-3.9297
GV-01503,4722.69,587.49,-1148.17,-3.7389
GV-01504,4786.91,592.54,-1152.4,-3.9332
GV-01505,4820.19,566.63,-1100.01,-3.7244
GV-01506,4888.3,560.53,-1098.72,-3.9371
GV-01507,4929.15,562.9,-1047.48,-3.8137
GV-01508,4966.23,578.48,-1052.61,-3.7964
GV-01509,5028.89,561.84,-999.7,-3.8308
GV-01510,5068.8,574.64,-1003.05,-3.6546
GV-01511,5138.9,560.14,-954.88,-3.5546
GV-01512,5173.46,575.03,-897.31,-3.8568
GV-01513,5234.91,559.63,-895.12,-3.7412
GV-01514,5257.24,559.38,-850.38,-3.7113
GV-01515,5333.1,589.54,-845.36,-3.7456
GV-01516,5393.6,570.46,-803.18,-3.807
GV-01517,5433.76,567.87,-800.15,-3.8169
GV-01518,5482.45,557.02,-751.13,-3.8305
GV-01519,5516.66,583.08,-751.7,-3.8863
GV-01520,5576.41,569.16,-700.91,-3.8221
GV-01521,5605.45,583.13,-699.88,-3.8234
GV-01522,5685.36,562.38,-652.39,-3.8183
GV-01523,5725.16,555.16,-645.2,-3.8399
GV-01524,5778.51,582.66,-649.25,-3.8804
GV-01525,5827.65,569.3,-597.02,-3.7909
GV-01526,5875.43,569.57,-595.7,-3.733
GV-01527,5910.7,558.47,-549.41,-3.6113
GV-01528,5980.56,588.4,-551.62,-3.4805
GV-01529,6008.65,581.73,-551.43,-3.5739
GV-01530,6086.06,583.28,-495.2,-3.424
GV-01531,6125.34,569.11,-497.08,-3.2669
GV-01532,6177.43,555.32,-500.02,-3.1596
GV-01533,6225.93,574.27,-454.51,-3.0253
GV-01534,6292.64,557.69,-448.16,-2.8562
GV-01535,6308.96,567.94,-450.3,-2.5485
GV-01536,6376.81,565.36,-454.68,-2.2392
GV-01537,27.25,643.95,-503.61,-7.4568
GV-01538,64.16,637.48,-545.71,-7.2957
GV-01539,115.84,641.6,-550.52,-7.5133
GV-01540,165.41,630.87,-554.36,-7.7282
GV-01541,215.46,637.28,-596.99,-7.7265
GV-01542,294.1,621.42,-601.07,-7.9461
GV-01543,337.87,616.43,-596.98,-7.8924
GV-01544,394.92,633.26,-651.44,-8.151
GV-01545,424.08,623.43,-648.54,-7.9756
GV-01546,475.37,632.84,-648.56,-8.0776
GV-01547,518.46,628.74,-650.23,-8.0976
GV-01548,591.82,639.82,-699.73,-7.98
GV-01549,630.03,637.81,-697.36,-7.8898
GV-01550,670.49,634.0,-704.43,-7.9534
GV-01551,727.97,607.59,-750.89,-7.9113
GV-01552,756.11,621.9,-751.63,-7.8425
GV-01553,840.11,609.08,-748.11,-7.7476
GV-01554,867.91,637.34,-804.27,-7.6734
GV-01555,942.88,612.16,-802.89,-7.8168
GV-01556,965.4,634.1,-845.69,-7.6478
GV-01557,1043.65,616.87,-847.9,-7.5123
GV-01558,1056.64,631.61,-898.82,-7.5696
GV-01559,1112.5,634.85,-903.55,-7.4197
GV-01560,1191.72,639.06,-950.11,-7.1309
GV-01561,1219.29,622.55,-952.76,-7.0247
GV-01562,1291.45,640.54,-998.53,-7.2602
GV-01563,1313.49,621.42,-1048.78,-7.0729
GV-01564,1356.28,621.45,-1047.51,-6.8688
GV-01565,1419.31,644.26,-1104.32,-6.8249
GV-01566,1468.52,631.42,-1148.13,-6.8498
GV-01567,1521.48,612.3,-1154.17,-6.6441
GV-01568,1573.13,632.28,-1198.27,-6.5261
GV-01569,1607.93,630.85,-1250.8,-6.5047
GV-01570,1655.7,617.55,-1298.67,-6.5309
GV-01571,1729.94,627.47,-1298.18,-6.3814
GV-01572,1759.85,624.57,-1345.98,-6.1414
GV-01573,1821.28,644.3,-1351.51,-6.3016
GV-01574,1881.98,644.53,-1403.6,-6.0408
GV-01575,1937.81,638.61,-1454.84,-6.1827
GV-01576,1973.57,642.46,-1451.15,-5.9746
GV-01577,2025.66,617.07,-1496.52,-5.9974
GV-01578,2066.38,615.51,-1497.46,-5.6398
GV-01579,2108.43,641.3,-1546.69,-5.7368
GV-01580,2190.8,627.42,-1551.5,-5.6807
GV-01581,2222.24,637.18,-1548.46,-5.5385
GV-01582,2287.02,623.19,-1601.98,-5.6303
GV-01583,2341.01,627.74,-1599.67,-5.6684
GV-01584,2382.1,643.02,-1595.2,-5.5768
GV-01585,2439.52,610.62,-1602.82,-5.3301
GV-01586,2489.8,635.9,-1604.89,-5.2996
GV-01587,2534.29,608.49,-1595.95,-5.1431
GV-01588,2560.93,635.09,-1603.55,-5.0544
GV-01589,2607.18,633.15,-1598.24,-5.1585
GV-01590,2680.03,613.79,-1599.76,-5.1943
GV-01591,2740.37,609.69,-1600.47,-5.0264
GV-01592,2789.06,639.22,-1600.76,-4.9607
GV-01593,2807.39,609.8,-1597.01,-4.7238
GV-01594,2873.59,620.54,-1603.62,-4.8678
GV-01595,2915.7,631.2,-1554.14,-4.8461
GV-01596,2962.82,629.03,-1552.08,-4.7814
GV-01597,3033.98,615.16,-1551.53,-4.8131
GV-01598,3060.8,629.81,-1548.85,-4.6736
GV-01599,3140.5,636.44,-1547.13,-4.4185
GV-01600,3185.72,638.29,-1554.61,-4.4584
GV-01601,3214.31,628.68,-1504.18,-4.5781
GV-01602,3283.8,638.11,-1501.99,-4.4894
GV-01603,3316.41,633.37,-1499.1,-4.4695
GV-01604,3391.0,637.44,-1498.57,-4.5591
GV-01605,3420.0,615.84,-1497.92,-4.4564
GV-01606,3472.88,634.47,-1498.58,-4.2881
GV-01607,3531.7,641.55,-1502.37,-4.3217
GV-01608,3588.15,630.02,-1504.81,-4.2401
GV-01609,3630.72,632.36,-1448.55,-4.3318
GV-01610,3694.61,630.92,-1446.08,-4.2708
GV-01611,3742.74,635.86,-1454.14,-4.2293
GV-01612,3763.62,612.15,-1454.44,-4.1374
GV-01613,3805.45,620.05,-1454.14,-4.1923
GV-01614,3866.49,619.9,-1401.47,-4.0458
GV-01615,3919.64,624.24,-1395.07,-4.0717
GV-01616,3964.5,614.02,-1395.26,-4.0036
GV-01617,4033.3,607.13,-1403.24,-4.1305
GV-01618,4072.62,629.22,-1349.56,-4.0157
GV-01619,4123.42,624.05,-1349.77,-3.9135
GV-01620,4170.23,633.06,-1352.23,-4.0381
GV-01621,4211.44,622.15,-1346.54,-4.0283
GV-01622,4294.11,625.13,-1304.13,-4.008
GV-01623,4333.88,640.39,-1300.48,-3.8122
GV-01624,4356.21,615.96,-1297.48,-3.8841
GV-01625,4413.29,638.46,-1299.16,-3.9232
GV-01626,4459.74,620.74,-1252.57,-3.7428
GV-01627,4544.2,644.55,-1247.68,-3.9119
GV-01628,4574.15,637.24,-1247.1,-4.1341
GV-01629,4607.23,631.62,-1196.18,-3.8567
GV-01630,4691.64,638.72,-1197.11,-4.0289
GV-01631,4715.44,624.69,-1202.74,-3.8506
GV-01632,4778.33,621.54,-1153.21,-3.9667
GV-01633,4820.08,638.62,-1151.8,-3.6504
GV-01634,4891.49,630.04,-1102.32,-3.7515
GV-01635,4909.56,607.46,-1103.51,-3.9728
GV-01636,4960.09,641.5,-1051.88,-3.9443
GV-01637,5035.44,617.06,-1052.69,-3.7797
GV-01638,5060.87,619.18,-1002.67,-4.0662
GV-01639,5143.62,613.24,-1001.01,-3.9184
GV-01640,5191.84,639.01,-947.88,-3.8096
GV-01641,5233.53,617.84,-903.3,-3.8617
GV-01642,5273.92,605.32,-896.47,-3.8845
GV-01643,5340.02,606.76,-849.28,-3.9361
GV-01644,5390.19,605.78,-854.09,-3.9239
GV-01645,5440.83,642.52,-797.77,-3.844
GV-01646,5493.94,627.59,-799.55,-3.7497
GV-01647,5534.96,631.01,-749.88,-3.7893
GV-01648,5587.82,607.63,-754.53,-3.839
GV-01649,5616.83,633.66,-696.88,-3.9583
GV-01650,5664.38,642.45,-702.89,-3.9011
GV-01651,5736.1,618.2,-652.86,-3.7672
GV-01652,5762.98,605.64,-654.32,-3.681
GV-01653,5833.26,618.44,-653.83,-3.6754
GV-01654,5872.42,630.96,-595.35,-3.5798
GV-01655,5920.87,617.44,-597.53,-3.6964
GV-01656,5972.78,616.88,-551.74,-3.4011
GV-01657,6007.23,643.04,-549.43,-3.3468
GV-01658,6072.6,635.11,-498.02,-3.4305
GV-01659,6130.87,612.43,-498.27,-3.4109
GV-01660,6156.35,616.32,-498.67,-3.2025
GV-01661,6228.29,630.33,-447.08,-3.1374
GV-01662,6282.16,627.78,-445.22,-2.7998
GV-01663,6320.43,620.02,-448.49,-2.7971
GV-01664,6388.43,609.09,-452.37,-2.1994
GV-01665,34.52,667.46,-499.04,-7.4169
GV-01666,76.75,672.66,-547.85,-7.549
GV-01667,127.7,676.08,-548.53,-7.8272
GV-01668,192.22,659.62,-550.16,-8.0047
GV-01669,226.62,682.21,-596.15,-7.6809
GV-01670,291.71,668.05,-604.85,-8.1277
GV-01671,318.86,678.14,-602.53,-8.0124
GV-01672,374.16,690.87,-600.94,-8.151
GV-01673,409.56,674.4,-650.08,-8.0307
GV-01674,482.02,657.34,-649.38,-8.0732
GV-01675,505.08,694.25,-650.45,-8.2695
GV-01676,559.49,662.34,-649.37,-8.1447
GV-01677,628.49,660.63,-700.2,-8.1391
GV-01678,661.95,694.04,-698.79,-7.9529
GV-01679,708.15,658.89,-696.11,-8.1837
GV-01680,773.83,679.76,-753.85,-8.057
GV-01681,824.61,694.14,-748.4,-8.0473
GV-01682,869.98,669.51,-797.99,-7.892
GV-01683,925.95,659.51,-799.32,-8.0011
GV-01684,973.34,681.13,-803.73,-7.8335
GV-01685,1028.93,670.72,-850.53,-7.7355
GV-01686,1082.35,675.97,-854.99,-7.5572
GV-01687,1123.82,672.0,-896.82,-7.606
GV-01688,1158.79,689.21,-948.21,-7.4345
GV-01689,1228.89,673.6,-945.39,-7.2975
GV-01690,1259.67,673.26,-997.25,-7.306
GV-01691,1334.08,663.08,-999.96,-7.4525
GV-01692,1373.81,664.89,-1054.29,-7.1179
GV-01693,1422.83,677.8,-1096.77,-7.0218
GV-01694,1461.81,665.4,-1100.33,-6.9714
GV-01695,1544.69,692.01,-1146.53,-6.8611
GV-01696,1570.59,674.58,-1195.58,-6.7128
GV-01697,1637.54,669.55,-1251.22,-6.6355
GV-01698,1663.92,672.74,-1253.84,-6.7699
GV-01699,1723.19,685.2,-1304.49,-6.6488
GV-01700,1765.15,657.09,-1351.81,-6.32
GV-01701,1819.8,690.94,-1353.2,-6.483
GV-01702,1888.24,675.9,-1403.38,-6.3336
GV-01703,1921.31,691.64,-1399.25,-5.9387
GV-01704,1966.47,655.75,-1448.57,-5.9417
GV-01705,2021.8,657.13,-1445.36,-5.9368
GV-01706,2064.94,674.5,-1500.66,-6.0468
GV-01707,2108.84,665.37,-1500.83,-5.9753
GV-01708,2172.87,686.71,-1550.96,-5.795
GV-01709,2229.87,673.85,-1552.88,-5.7007
GV-01710,2291.68,666.25,-1550.05,-5.5954
GV-01711,2309.79,686.25,-1602.45,-5.5904
GV-01712,2372.51,666.33,-1602.33,-5.5057
GV-01713,2444.82,659.55,-1603.23,-5.4031
GV-01714,2474.41,683.05,-1598.6,-5.5412
GV-01715,2516.06,679.66,-1600.79,-5.3985
GV-01716,2570.72,683.84,-1603.39,-5.0967
GV-01717,2634.26,663.58,-1599.0,-5.1423
GV-01718,2686.7,669.48,-1595.74,-5.2089
GV-01719,2740.71,688.46,-1596.6,-4.8992
GV-01720,2783.38,675.58,-1597.43,-5.1733
GV-01721,2827.43,664.44,-1600.53,-5.0345
GV-01722,2881.38,663.9,-1596.25,-4.9619
GV-01723,2922.79,661.23,-1545.23,-4.9055
GV-01724,2969.48,687.38,-1549.39,-4.823
GV-01725,3037.44,694.32,-1554.68,-4.6985
GV-01726,3088.09,671.12,-1554.97,-4.7355
GV-01727,3108.02,664.54,-1553.96,-4.8491
GV-01728,3184.11,677.65,-1554.6,-4.7659
GV-01729,3237.12,673.87,-1550.33,-4.8251
GV-01730,3269.97,665.15,-1501.28,-4.6333
GV-01731,3307.44,678.73,-1502.49,-4.4519
GV-01732,3358.43,666.51,-1504.43,-4.482
GV-01733,3425.14,657.92,-1501.2,-4.4726
GV-01734,3486.9,692.61,-1502.54,-4.4932
GV-01735,3507.37,671.85,-1500.31,-4.3346
GV-01736,3589.5,684.54,-1497.38,-4.3408
GV-01737,3614.5,691.33,-1453.56,-4.5513
GV-01738,3664.47,663.63,-1450.63,-4.4575
GV-01739,3714.94,666.4,-1445.87,-4.425
GV-01740,3779.48,690.78,-1445.58,-4.2167
GV-01741,3823.09,682.09,-1448.16,-4.399
GV-01742,3870.12,658.87,-1397.8,-4.1985
GV-01743,3935.42,666.39,-1402.19,-4.1883
GV-01744,3974.03,690.62,-1395.29,-4.3134
GV-01745,4027.49,680.46,-1403.13,-4.2376
GV-01746,4081.7,685.5,-1403.55,-3.8048
GV-01747,4124.01,683.68,-1348.79,-4.0347
GV-01748,4174.36,684.44,-1354.34,-4.19
GV-01749,4205.08,667.03,-1354.86,-3.9122
GV-01750,4284.75,693.29,-1353.81,-4.1338
GV-01751,4329.44,661.15,-1301.35,-4.049
GV-01752,4361.55,668.66,-1301.5,-3.9794
GV-01753,4422.68,684.89,-1304.56,-3.9924
GV-01754,4472.14,685.02,-1303.84,-3.96
GV-01755,4508.53,656.32,-1249.35,-3.7749
GV-01756,4582.02,670.94,-1248.21,-3.8699
GV-01757,4628.3,680.39,-1249.21,-3.8907
GV-01758,4688.14,668.01,-1203.24,-3.9623
GV-01759,4737.45,679.85,-1195.88,-3.8561
GV-01760,4791.47,663.3,-1198.21,-3.7514
GV-01761,4806.76,666.29,-1151.33,-3.9027
GV-01762,4894.27,687.81,-1151.51,-4.0543
GV-01763,4943.78,663.82,-1100.71,-3.9527
GV-01764,4955.48,659.35,-1096.83,-3.8827
GV-01765,5011.54,667.78,-1052.8,-3.8056
GV-01766,5057.96,665.71,-1045.86,-3.7858
GV-01767,5120.14,694.02,-1001.6,-3.9995
GV-01768,5157.67,658.08,-946.05,-3.9433
GV-01769,5232.98,683.61,-949.48,-3.8259
GV-01770,5263.49,663.37,-899.12,-3.867
GV-01771,5316.86,689.9,-904.58,-3.8629
GV-01772,5381.7,678.37,-848.87,-3.9261
GV-01773,5408.72,682.21,-849.6,-3.9884
GV-01774,5476.71,691.27,-802.05,-4.0034
GV-01775,5528.53,687.6,-804.82,-3.7431
GV-01776,5566.12,669.22,-748.77,-3.8486
GV-01777,5615.07,658.8,-754.27,-3.8111
GV-01778,5691.39,662.2,-702.86,-3.8925
GV-01779,5723.98,664.28,-702.79,-3.755
GV-01780,5790.5,672.51,-653.51,-3.6434
GV-01781,5840.82,668.04,-650.79,-3.7824
GV-01782,5861.32,655.74,-602.83,-3.5855
GV-01783,5944.31,664.97,-599.75,-3.6009
GV-01784,5988.45,686.36,-595.22,-3.5132
GV-01785,6033.08,670.34,-546.41,-3.6688
GV-01786,6081.91,658.81,-548.96,-3.5448
GV-01787,6115.3,683.27,-495.75,-3.1064
GV-01788,6167.59,683.16,-502.6,-3.0236
GV-01789,6236.33,669.9,-501.35,-3.2074
GV-01790,6271.92,663.32,-451.47,-3.0378
GV-01791,6343.06,656.9,-449.53,-2.6424
GV-01792,6376.22,679.08,-449.62,-2.3228
GV-01793,22.25,726.39,-504.65,-7.635
GV-01794,94.4,731.62,-495.79,-7.8461
GV-01795,130.37,729.99,-551.61,-8.0284
GV-01796,163.53,724.75,-550.78,-8.1029
GV-01797,239.23,709.26,-553.53,-8.3321
GV-01798,279.38,712.54,-602.54,-8.2076
GV-01799,328.49,707.13,-602.6,-8.2351
GV-01800,383.34,730.25,-598.51,-8.2552
GV-01801,432.76,723.98,-645.24,-8.3162
GV-01802,483.94,722.79,-645.93,-8.1275
GV-01803,543.56,716.68,-652.36,-8.3178
GV-01804,579.81,723.24,-645.27,-8.2951
GV-01805,642.59,743.35,-695.7,-8.1693
GV-01806,684.24,721.27,-698.66,-8.0957
GV-01807,726.37,707.52,-699.28,-8.2484
GV-01808,779.47,731.53,-754.52,-8.0629
GV-01809,817.1,705.2,-746.06,-8.1219
GV-01810,889.07,719.04,-747.44,-8.0108
GV-01811,931.01,720.19,-795.91,-7.872
GV-01812,968.4,737.03,-802.34,-7.87
GV-01813,1023.85,726.51,-849.69,-7.6657
GV-01814,1066.58,715.02,-846.21,-7.6272
GV-01815,1109.98,739.31,-895.75,-7.7687
GV-01816,1191.62,728.02,-899.38,-7.7051
GV-01817,1213.69,705.81,-953.53,-7.5201
GV-01818,1287.09,739.67,-951.38,-7.3226
GV-01819,1327.77,717.84,-1001.37,-7.1939
GV-01820,1388.95,726.07,-1054.47,-7.2456
GV-01821,1436.86,715.47,-1045.76,-7.1834
GV-01822,1485.71,728.09,-1098.44,-6.9814
GV-01823,1535.52,728.15,-1153.23,-6.8443
GV-01824,1570.71,714.87,-1199.69,-6.9495
GV-01825,1618.22,719.14,-1196.37,-6.6986
GV-01826,1656.44,715.5,-1252.89,-6.6825
GV-01827,1707.21,724.16,-1304.39,-6.5956
GV-01828,1764.68,727.49,-1303.56,-6.4497
GV-01829,1836.63,720.95,-1349.91,-6.6208
GV-01830,1863.77,729.28,-1353.42,-6.541
GV-01831,1934.61,720.94,-1395.36,-6.3258
GV-01832,1990.27,730.88,-1450.56,-6.1283
GV-01833,2038.42,711.87,-1447.24,-6.2468
GV-01834,2091.04,714.47,-1498.89,-6.0995
GV-01835,2121.18,743.74,-1498.03,-5.897
GV-01836,2187.19,735.32,-1501.07,-5.9824
GV-01837,2234.8,712.69,-1548.52,-5.7699
GV-01838,2288.88,725.52,-1547.51,-5.8602
GV-01839,2316.41,715.59,-1549.28,-5.658
GV-01840,2394.52,716.19,-1597.02,-5.7881
GV-01841,2439.29,706.91,-1602.17,-5.473
GV-01842,2461.21,713.98,-1598.25,-5.4471
GV-01843,2530.86,734.73,-1599.47,-5.429
GV-01844,2557.93,728.64,-1599.11,-5.3881
GV-01845,2641.11,713.61,-1597.07,-5.2249
GV-01846,2677.11,728.53,-1598.97,-5.2838
GV-01847,2715.29,712.83,-1596.91,-5.1225
GV-01848,2780.04,705.95,-1600.96,-5.0976
GV-01849,2805.33,712.15,-1597.05,-5.1734
GV-01850,2872.07,737.96,-1598.52,-5.1562
GV-01851,2917.87,711.47,-1602.06,-4.9978
GV-01852,2963.41,737.84,-1547.6,-4.9324
GV-01853,3009.58,731.36,-1550.03,-4.9381
GV-01854,3073.32,708.29,-1548.18,-4.7949
GV-01855,3123.45,717.36,-1553.94,-4.5915
GV-01856,3186.78,730.72,-1552.03,-4.5958
GV-01857,3229.05,738.44,-1545.96,-4.8469
GV-01858,3277.62,739.5,-1550.71,-4.8332
GV-01859,3336.57,730.5,-1497.76,-4.694
GV-01860,3381.45,719.8,-1496.14,-4.715
GV-01861,3423.04,740.1,-1498.21,-4.5231
GV-01862,3474.1,743.2,-1497.83,-4.5281
GV-01863,3524.74,706.08,-1499.32,-4.5608
GV-01864,3593.72,740.28,-1497.4,-4.3489
GV-01865,3639.15,738.31,-1495.19,-4.2231
GV-01866,3663.35,706.75,-1451.24,-4.546
GV-01867,3736.46,727.01,-1446.89,-4.3823
GV-01868,3794.84,706.58,-1447.66,-4.3693
GV-01869,3817.37,713.39,-1445.97,-4.4025
GV-01870,3885.71,719.22,-1451.68,-4.2165
GV-01871,3906.56,717.46,-1402.93,-4.268
GV-01872,3986.66,708.1,-1398.52,-4.3384
GV-01873,4005.32,740.81,-1403.53,-4.3175
GV-01874,4068.65,730.42,-1404.4,-4.2285
GV-01875,4143.62,720.97,-1349.8,-4.2103
GV-01876,4166.31,735.94,-1347.96,-4.135
GV-01877,4224.58,722.25,-1353.5,-4.042
GV-01878,4270.8,720.11,-1346.31,-4.2296
GV-01879,4333.34,734.07,-1351.89,-4.117
GV-01880,4363.94,721.82,-1296.6,-4.1568
GV-01881,4425.45,721.67,-1299.9,-4.1262
GV-01882,4460.74,705.31,-1301.99,-3.9966
GV-01883,4527.85,708.23,-1297.66,-4.1735
GV-01884,4561.45,719.64,-1248.87,-4.131
GV-01885,4606.76,727.35,-1245.78,-4.053
GV-01886,4670.0,724.7,-1246.95,-4.1349
GV-01887,4742.83,728.72,-1199.01,-3.9093
GV-01888,4776.13,734.11,-1204.56,-3.942
GV-01889,4828.81,728.79,-1196.56,-4.0033
GV-01890,4883.56,741.12,-1152.25,-4.0115
GV-01891,4924.41,710.68,-1146.12,-3.8977
GV-01892,4986.2,729.72,-1102.26,-3.9303
GV-01893,5009.96,710.3,-1096.84,-3.9515
GV-01894,5059.75,727.46,-1054.05,-3.9751
GV-01895,5137.76,713.32,-999.02,-3.925
GV-01896,5183.29,723.88,-998.73,-3.8867
GV-01897,5207.46,715.23,-951.44,-3.9666
GV-01898,5283.25,724.94,-950.91,-3.9933
GV-01899,5308.74,709.47,-900.33,-3.909
GV-01900,5380.33,737.7,-901.98,-4.0518
GV-01901,5417.45,715.21,-852.97,-3.858
GV-01902,5488.2,733.09,-850.12,-3.8297
GV-01903,5521.95,734.85,-804.6,-3.8497
GV-01904,5562.53,719.63,-803.01,-3.7511
GV-01905,5618.53,719.87,-747.1,-3.8688
GV-01906,5662.08,706.1,-750.69,-3.8904
GV-01907,5739.15,714.84,-699.77,-3.728
GV-01908,5773.3,725.99,-704.35,-3.7181
GV-01909,5826.61,741.45,-646.66,-3.8348
GV-01910,5867.35,714.51,-651.22,-3.7033
GV-01911,5922.68,740.31,-601.88,-3.6379
GV-01912,5967.63,714.53,-601.32,-3.4324
GV-01913,6015.11,709.83,-552.37,-3.5161
GV-01914,6057.17,720.91,-553.79,-3.3322
GV-01915,6123.41,723.54,-551.51,-3.2206
GV-01916,6167.84,734.52,-496.41,-3.028
GV-01917,6244.85,719.95,-497.67,-3.1014
GV-01918,6290.32,727.41,-453.98,-2.8755
GV-01919,6315.83,741.89,-448.3,-2.6155
GV-01920,6370.67,716.65,-452.11,-2.5208
GV-01921,11.49,757.08,-500.18,-7.8419
GV-01922,58.07,773.65,-503.79,-7.8373
GV-01923,109.69,766.27,-546.9,-8.1575
GV-01924,176.76,780.53,-553.57,-8.293
GV-01925,233.54,758.54,-549.96,-8.347
GV-01926,271.2,794.76,-600.72,-8.294
GV-01927,315.11,759.12,-597.64,-8.4411
GV-01928,358.63,771.6,-604.82,-8.4169
GV-01929,429.78,770.39,-601.1,-8.4198
GV-01930,493.65,788.99,-647.67,-8.3555
GV-01931,535.36,781.61,-652.57,-8.4577
GV-01932,582.37,764.12,-652.56,-8.654
GV-01933,620.25,783.45,-652.96,-8.3387
GV-01934,671.83,758.25,-696.06,-8.5028
GV-01935,739.69,780.14,-704.69,-8.3977
GV-01936,794.43,790.59,-700.49,-8.3835
GV-01937,830.58,762.94,-745.45,-8.4817
GV-01938,891.64,770.61,-746.55,-8.0966
GV-01939,926.85,757.66,-752.26,-8.0543
GV-01940,955.25,793.85,-798.24,-8.1695
GV-01941,1022.25,782.5,-798.41,-7.9806
GV-01942,1079.38,768.5,-847.52,-7.7863
GV-01943,1132.38,759.7,-851.84,-7.8088
GV-01944,1155.92,764.99,-898.3,-7.6603
GV-01945,1206.69,787.88,-946.3,-7.6071
GV-01946,1278.03,774.68,-945.97,-7.5494
GV-01947,1332.39,772.92,-999.03,-7.5501
GV-01948,1388.95,779.49,-1000.11,-7.3462
GV-01949,1430.89,763.92,-1046.58,-7.1863
GV-01950,1484.85,793.5,-1104.35,-7.3093
GV-01951,1520.28,772.96,-1154.22,-7.0519
GV-01952,1559.12,784.81,-1153.56,-7.0293
GV-01953,1607.05,774.07,-1199.87,-6.9709
GV-01954,1655.72,788.76,-1246.77,-6.8248
GV-01955,1705.75,763.34,-1245.54,-6.7282
GV-01956,1783.0,768.93,-1302.23,-6.561
GV-01957,1829.48,764.21,-1299.95,-6.542
GV-01958,1882.38,773.89,-1354.76,-6.5053
GV-01959,1943.98,766.91,-1396.27,-6.4379
GV-01960,1956.86,772.73,-1397.68,-6.4383
GV-01961,2011.49,793.84,-1450.73,-6.2074
GV-01962,2074.02,771.48,-1453.43,-6.1026
GV-01963,2126.17,783.4,-1501.47,-6.1585
GV-01964,2164.48,788.87,-1501.07,-6.1213
GV-01965,2233.03,764.74,-1496.15,-6.0047
GV-01966,2278.87,783.86,-1547.49,-5.8724
GV-01967,2333.83,786.22,-1546.89,-5.8891
GV-01968,2362.13,794.28,-1545.96,-5.708
GV-01969,2426.91,777.15,-1553.16,-5.8627
GV-01970,2483.61,775.68,-1596.51,-5.5343
GV-01971,2539.76,768.46,-1603.74,-5.6265
GV-01972,2589.35,756.12,-1595.77,-5.5067
GV-01973,2631.34,763.98,-1598.64,-5.4644
GV-01974,2690.45,787.52,-1602.84,-5.2998
GV-01975,2727.94,763.65,-1601.44,-5.3757
GV-01976,2770.09,775.23,-1602.56,-5.3968
GV-01977,2841.28,758.47,-1602.66,-5.0799
GV-01978,2860.24,761.27,-1603.85,-5.092
GV-01979,2924.88,789.86,-1599.26,-5.1565
GV-01980,2978.23,769.36,-1551.32,-5.0427
GV-01981,3030.87,765.78,-1552.53,-5.0349
GV-01982,3082.5,784.81,-1554.55,-5.1276
GV-01983,3117.89,760.64,-1553.45,-4.9826
GV-01984,3168.16,775.58,-1550.8,-4.9267
GV-01985,3217.71,775.63,-1553.54,-4.8006
GV-01986,3265.13,763.4,-1554.48,-4.9278
GV-01987,3336.66,756.66,-1495.28,-4.7068
GV-01988,3390.4,773.41,-1495.13,-4.7184
GV-01989,3437.57,793.72,-1497.86,-4.7493
GV-01990,3493.48,760.25,-1495.31,-4.5286
GV-01991,3507.46,757.99,-1503.33,-4.4513
GV-01992,3592.99,769.25,-1498.51,-4.3718
GV-01993,3633.16,790.06,-1497.96,-4.446
GV-01994,3685.26,759.64,-1446.9,-4.4889
GV-01995,3726.57,787.07,-1449.59,-4.2886
GV-01996,3774.58,759.07,-1448.84,-4.5478
GV-01997,3805.49,756.38,-1453.4,-4.457
GV-01998,3881.66,762.5,-1452.15,-4.4932
GV-01999,3929.36,755.48,-1402.03,-4.2398
GV-02000,3964.25,771.68,-1395.3,-4.3034
GV-02001,4009.03,786.68,-1402.62,-4.3011
GV-02002,4074.3,755.54,-1400.47,-4.1618
GV-02003,4138.48,782.97,-1397.98,-4.2009
GV-02004,4155.46,759.49,-1346.65,-4.2109
GV-02005,4224.09,788.55,-1348.16,-4.2097
GV-02006,4274.32,766.69,-1345.57,-4.0304
GV-02007,4329.59,789.5,-1347.76,-4.2783
GV-02008,4362.86,758.19,-1350.8,-4.1821
GV-02009,4429.12,775.32,-1298.04,-4.1243
GV-02010,4474.16,765.36,-1295.85,-4.0918
GV-02011,4528.9,765.08,-1299.03,-4.1989
GV-02012,4574.96,764.11,-1301.87,-4.2478
GV-02013,4605.38,789.94,-1245.42,-4.0668
GV-02014,4655.72,763.06,-1254.43,-4.2295
GV-02015,4717.4,773.83,-1246.1,-3.9623
GV-02016,4762.06,784.45,-1199.18,-4.1037
GV-02017,4832.95,781.8,-1197.71,-4.1045
GV-02018,4881.38,766.52,-1196.39,-4.0536
GV-02019,4942.77,779.22,-1153.79,-4.0122
GV-02020,4987.4,782.86,-1147.42,-4.026
GV-02021,5017.47,757.11,-1104.88,-4.0328
GV-02022,5085.04,791.72,-1046.54,-4.042
GV-02023,5110.0,783.6,-1046.97,-4.1445
GV-02024,5183.38,779.37,-1004.46,-3.8677
GV-02025,5210.74,786.05,-999.26,-3.8727
GV-02026,5275.77,755.55,-945.01,-3.8022
GV-02027,5325.09,763.82,-953.49,-3.9942
GV-02028,5356.51,770.52,-895.71,-3.8353
GV-02029,5413.63,786.03,-902.68,-3.8943
GV-02030,5483.96,765.28,-849.03,-3.8934
GV-02031,5542.68,786.71,-846.97,-3.9291
GV-02032,5561.31,756.69,-795.46,-3.8725
GV-02033,5619.09,793.54,-803.59,-3.8721
GV-02034,5674.53,777.02,-746.5,-4.0054
GV-02035,5745.0,789.59,-747.52,-3.7827
GV-02036,5775.46,761.43,-700.88,-3.8668
GV-02037,5807.83,777.86,-697.29,-3.3533
GV-02038,5875.13,783.68,-649.14,-3.7263
GV-02039,5943.55,781.7,-649.0,-3.6289
GV-02040,5984.6,778.19,-597.58,-3.5008
GV-02041,6019.81,788.98,-601.81,-3.3505
GV-02042,6093.91,785.02,-547.97,-3.4633
GV-02043,6137.51,792.27,-548.44,-3.2865
GV-02044,6179.17,773.82,-502.56,-3.1878
GV-02045,6232.42,788.65,-502.55,-3.1801
GV-02046,6255.81,761.02,-502.46,-2.7472
GV-02047,6338.58,774.41,-454.99,-2.6279
GV-02048,6383.15,758.82,-446.55,-2.3796
GV-02049,21.56,842.56,-496.55,-7.8241
GV-02050,83.44,821.75,-498.67,-7.9065
GV-02051,139.0,814.0,-552.08,-8.0821
GV-02052,191.9,841.54,-553.4,-8.2071
GV-02053,208.06,815.7,-550.49,-8.4417
GV-02054,269.86,808.55,-550.93,-8.4342
GV-02055,326.68,840.94,-595.24,-8.4708
GV-02056,357.56,820.23,-600.97,-8.6479
GV-02057,427.36,830.41,-596.46,-8.5119
GV-02058,491.48,827.63,-602.7,-8.5087
GV-02059,544.86,818.5,-645.4,-8.6459
GV-02060,582.7,830.6,-651.06,-8.4962
GV-02061,622.76,816.4,-654.04,-8.5039
GV-02062,686.48,828.15,-700.38,-8.5472
GV-02063,726.75,825.85,-695.78,-8.4484
GV-02064,781.88,815.49,-701.42,-8.5273
GV-02065,843.65,823.07,-703.21,-8.3848
GV-02066,866.87,836.51,-754.21,-8.2773
GV-02067,908.21,824.59,-746.59,-8.2293
GV-02068,962.39,820.71,-797.43,-8.1689
GV-02069,1010.16,830.81,-795.04,-8.1413
GV-02070,1069.76,815.52,-852.47,-8.0495
GV-02071,1106.28,820.02,-854.33,-7.9406
GV-02072,1157.03,840.77,-899.51,-7.8248
GV-02073,1214.35,835.02,-895.11,-7.7286
GV-02074,1255.28,836.16,-948.49,-7.5324
GV-02075,1317.22,813.34,-1001.3,-7.7
GV-02076,1385.12,842.32,-995.24,-7.4692
GV-02077,1436.49,821.14,-1049.55,-7.342
GV-02078,1460.71,819.27,-1103.59,-7.2928
GV-02079,1512.11,814.6,-1103.79,-7.1466
GV-02080,1594.22,811.26,-1154.08,-7.2627
GV-02081,1628.99,819.98,-1202.07,-7.0611
GV-02082,1692.21,808.68,-1198.83,-7.1696
GV-02083,1744.8,817.34,-1246.27,-6.8773
GV-02084,1786.8,806.69,-1296.98,-6.7496
GV-02085,1843.73,819.37,-1303.55,-6.6496
GV-02086,1857.31,816.35,-1350.03,-6.6037
GV-02087,1915.17,809.17,-1350.82,-6.5242
GV-02088,1972.07,816.01,-1400.99,-6.5898
GV-02089,2036.26,826.67,-1403.86,-6.1941
GV-02090,2091.77,812.84,-1452.25,-6.404
GV-02091,2128.0,832.58,-1452.51,-6.2161
GV-02092,2181.4,828.26,-1503.82,-6.1318
GV-02093,2236.82,816.89,-1495.19,-6.1427
GV-02094,2266.42,818.87,-1503.84,-6.1417
GV-02095,2318.35,832.0,-1554.66,-5.8766
GV-02096,2378.47,844.78,-1550.38,-5.9216
GV-02097,2441.02,805.64,-1554.96,-5.7032
GV-02098,2492.45,838.64,-1551.77,-5.6505
GV-02099,2510.26,833.07,-1599.18,-5.6439
GV-02100,2587.7,824.38,-1601.65,-5.6252
GV-02101,2629.32,836.31,-1595.24,-5.5825
GV-02102,2657.9,817.4,-1604.51,-5.5469
GV-02103,2734.24,840.96,-1595.84,-5.4837
GV-02104,2777.1,837.82,-1600.65,-5.3696
GV-02105,2823.99,810.14,-1604.59,-5.2872
GV-02106,2882.04,805.01,-1597.4,-5.2892
GV-02107,2929.9,809.74,-1600.64,-5.1359
GV-02108,2981.07,834.6,-1598.07,-5.1296
GV-02109,3018.6,814.36,-1546.3,-4.9535
GV-02110,3070.24,817.89,-1552.18,-5.1291
GV-02111,3111.58,805.41,-1553.32,-4.8122
GV-02112,3158.64,830.32,-1552.33,-4.9727
GV-02113,3213.91,828.49,-1551.09,-4.7884
GV-02114,3291.0,843.82,-1552.84,-4.7633
GV-02115,3308.75,822.89,-1550.11,-4.7812
GV-02116,3369.22,827.84,-1502.67,-4.7465
GV-02117,3420.82,820.86,-1502.48,-4.6932
GV-02118,3471.04,839.76,-1498.17,-4.7467
GV-02119,3505.52,826.54,-1504.28,-4.7261
GV-02120,3563.27,839.56,-1499.12,-4.4956
GV-02121,3605.46,839.13,-1501.73,-4.3914
GV-02122,3689.63,842.85,-1499.39,-4.5667
GV-02123,3737.52,836.34,-1449.09,-4.4654
GV-02124,3770.3,834.64,-1449.0,-4.5303
GV-02125,3825.92,815.02,-1448.88,-4.4724
GV-02126,3881.13,813.61,-1452.97,-4.439
GV-02127,3932.39,837.91,-1448.11,-4.4037
GV-02128,3979.37,833.59,-1399.07,-4.2752
GV-02129,4036.27,815.66,-1402.36,-4.3144
GV-02130,4061.67,812.66,-1401.96,-4.3036
GV-02131,4106.55,838.22,-1399.14,-4.5501
GV-02132,4155.16,823.21,-1401.01,-4.4323
GV-02133,4237.5,839.5,-1353.95,-4.2615
GV-02134,4265.92,837.29,-1346.7,-4.2294
GV-02135,4337.7,812.1,-1345.58,-4.1682
GV-02136,4356.55,833.33,-1346.49,-4.1823
GV-02137,4406.88,822.42,-1348.99,-4.0051
GV-02138,4463.52,811.21,-1345.46,-4.2041
GV-02139,4522.75,830.27,-1303.13,-4.2574
GV-02140,4557.49,819.57,-1296.51,-4.0921
GV-02141,4634.24,810.61,-1300.82,-4.075
GV-02142,4679.66,833.76,-1248.3,-4.061
GV-02143,4715.81,812.24,-1245.45,-4.1794
GV-02144,4782.29,836.47,-1252.73,-4.2261
GV-02145,4816.32,842.39,-1199.23,-3.9728
GV-02146,4873.27,835.92,-1195.31,-4.0572
GV-02147,4933.23,827.4,-1151.97,-3.8655
GV-02148,4982.47,832.65,-1151.07,-3.9967
GV-02149,5044.15,829.59,-1103.71,-4.1801
GV-02150,5079.18,817.48,-1097.56,-4.1304
GV-02151,5114.12,833.85,-1052.78,-4.1509
GV-02152,5172.14,829.02,-1045.12,-4.0486
GV-02153,5205.78,809.64,-999.58,-4.104
GV-02154,5291.04,841.48,-999.66,-4.1053
GV-02155,5307.9,808.93,-948.57,-4.0321
GV-02156,5380.99,822.02,-952.15,-4.0708
GV-02157,5407.43,830.63,-900.88,-3.9138
GV-02158,5469.21,841.48,-898.38,-4.0268
GV-02159,5537.19,835.77,-854.73,-3.9027
GV-02160,5577.46,817.69,-852.59,-3.8055
GV-02161,5612.8,812.55,-795.84,-3.8259
GV-02162,5688.7,838.18,-800.96,-3.9645
GV-02163,5724.61,809.68,-748.13,-3.8794
GV-02164,5766.31,814.03,-749.37,-3.9356
GV-02165,5826.23,822.72,-700.64,-3.6728
GV-02166,5886.1,834.8,-702.43,-3.7264
GV-02167,5905.18,814.2,-650.32,-3.5485
GV-02168,5977.85,841.72,-654.0,-3.5216
GV-02169,6037.96,834.84,-598.62,-3.3992
GV-02170,6090.57,813.64,-601.57,-3.1999
GV-02171,6107.59,815.97,-548.26,-3.5044
GV-02172,6180.84,816.13,-547.57,-3.0487
GV-02173,6210.16,831.32,-496.81,-2.9108
GV-02174,6283.0,826.11,-498.99,-2.6955
GV-02175,6325.03,819.45,-495.12,-2.5672
GV-02176,6360.24,816.83,-448.41,-2.4165
GV-02177,19.34,855.32,-495.65,-7.9296
GV-02178,63.38,882.57,-496.52,-7.9955
GV-02179,111.51,881.46,-496.64,-8.2816
GV-02180,194.05,881.01,-547.71,-8.4248
GV-02181,237.77,865.7,-549.88,-8.4923
GV-02182,292.7,885.13,-551.11,-8.6095
GV-02183,343.54,869.82,-596.4,-8.5878
GV-02184,367.07,886.59,-598.37,-8.5734
GV-02185,429.8,887.94,-603.47,-8.7349
GV-02186,481.28,882.11,-601.87,-8.6484
GV-02187,514.21,890.8,-653.31,-8.6643
GV-02188,560.27,868.14,-650.46,-8.7692
GV-02189,632.05,894.34,-651.95,-8.6375
GV-02190,657.9,883.26,-649.1,-8.7369
GV-02191,716.61,858.2,-702.15,-8.6396
GV-02192,792.83,878.79,-700.02,-8.5339
GV-02193,805.99,891.15,-695.61,-8.4192
GV-02194,893.45,877.07,-753.76,-8.5802
GV-02195,908.07,885.63,-746.07,-8.3354
GV-02196,960.96,894.62,-753.52,-8.2276
GV-02197,1031.64,871.06,-802.32,-8.3273
GV-02198,1061.58,871.29,-804.6,-8.0961
GV-02199,1105.38,872.17,-853.45,-8.1466
GV-02200,1170.01,891.34,-846.73,-8.1237
GV-02201,1212.54,870.34,-897.55,-7.9755
GV-02202,1287.77,877.13,-946.0,-7.9221
GV-02203,1325.75,886.42,-954.4,-7.6587
GV-02204,1380.19,855.55,-1004.9,-7.6949
GV-02205,1424.13,857.63,-1051.93,-7.5016
GV-02206,1484.75,882.57,-1052.65,-7.6281
GV-02207,1514.86,867.93,-1098.62,-7.2282
GV-02208,1584.26,879.02,-1151.57,-7.2173
GV-02209,1619.68,860.14,-1147.91,-7.2172
GV-02210,1672.66,886.96,-1197.55,-7.0839
GV-02211,1715.52,890.69,-1248.91,-6.9591
GV-02212,1788.51,890.83,-1251.68,-6.9119
GV-02213,1818.96,869.93,-1297.1,-6.6883
GV-02214,1887.17,880.42,-1303.03,-6.9445
GV-02215,1928.94,886.43,-1346.17,-6.6938
GV-02216,1970.32,888.23,-1345.29,-6.476
GV-02217,2007.31,869.94,-1401.4,-6.5416
GV-02218,2089.31,863.03,-1398.03,-6.2969
GV-02219,2127.11,890.77,-1453.6,-6.2702
GV-02220,2168.64,894.25,-1451.0,-6.2602
GV-02221,2236.66,886.79,-1502.58,-6.0807
GV-02222,2290.28,864.56,-1500.84,-6.2283
GV-02223,2324.32,863.09,-1496.11,-6.0477
GV-02224,2359.64,883.06,-1545.62,-5.8981
GV-02225,2435.55,863.83,-1545.13,-5.89
GV-02226,2456.57,889.1,-1545.03,-5.9621
GV-02227,2516.89,866.52,-1554.33,-5.7398
GV-02228,2564.98,878.83,-1596.77,-5.5595
GV-02229,2639.12,892.25,-1596.77,-5.6341
GV-02230,2656.9,880.28,-1599.22,-5.7665
GV-02231,2737.34,866.08,-1601.28,-5.4021
GV-02232,2776.78,879.34,-1595.39,-5.2787
GV-02233,2814.7,883.5,-1596.81,-5.2785
GV-02234,2873.17,869.8,-1598.36,-5.2769
GV-02235,2939.26,885.35,-1596.41,-5.1892
GV-02236,2990.75,870.16,-1601.2,-5.1705
GV-02237,3021.92,886.14,-1554.38,-5.2026
GV-02238,3060.22,863.18,-1546.23,-5.1997
GV-02239,3115.8,878.57,-1552.88,-5.0858
GV-02240,3182.37,864.75,-1550.59,-5.03
GV-02241,3243.89,875.93,-1546.73,-4.9179
GV-02242,3257.76,868.91,-1549.95,-5.1109
GV-02243,3306.14,861.27,-1547.07,-4.7117
GV-02244,3369.66,892.35,-1549.72,-4.7917
GV-02245,3431.46,878.75,-1499.14,-4.9301
GV-02246,3489.35,879.72,-1503.42,-4.6098
GV-02247,3533.28,870.51,-1502.75,-4.6136
GV-02248,3590.73,890.16,-1496.49,-4.7543
GV-02249,3616.42,886.29,-1498.3,-4.5931
GV-02250,3674.77,894.42,-1496.56,-4.6908
GV-02251,3740.2,886.71,-1449.01,-4.5969
GV-02252,3790.44,876.62,-1452.77,-4.759
GV-02253,3825.66,875.4,-1446.91,-4.484
GV-02254,3881.41,891.69,-1446.0,-4.7197
GV-02255,3933.21,886.48,-1447.65,-4.6468
GV-02256,3981.36,888.25,-1402.51,-4.461
GV-02257,4026.13,855.61,-1402.38,-4.3942
GV-02258,4077.63,868.72,-1400.86,-4.4098
GV-02259,4133.46,856.83,-1396.82,-4.3986
GV-02260,4187.63,894.74,-1396.33,-4.3799
GV-02261,4217.43,864.18,-1401.04,-4.4178
GV-02262,4276.84,879.79,-1347.05,-4.361
GV-02263,4332.78,868.44,-1353.49,-4.1572
GV-02264,4379.65,883.51,-1348.84,-4.267
GV-02265,4436.24,873.79,-1347.1,-4.28
GV-02266,4481.96,884.98,-1349.95,-4.2367
GV-02267,4512.33,875.06,-1350.46,-4.2764
GV-02268,4565.85,893.73,-1302.09,-4.2392
GV-02269,4626.59,857.49,-1301.46,-4.3257
GV-02270,4666.64,888.24,-1296.84,-4.0964
GV-02271,4709.68,882.06,-1254.03,-4.0887
GV-02272,4764.64,889.6,-1254.85,-4.0261
GV-02273,4819.76,879.92,-1254.68,-4.1898
GV-02274,4867.81,873.99,-1204.94,-3.9534
GV-02275,4925.67,883.64,-1204.23,-4.05
GV-02276,4993.04,855.69,-1148.39,-4.1258
GV-02277,5014.88,884.16,-1148.68,-4.0443
GV-02278,5058.12,861.22,-1104.24,-4.2052
GV-02279,5119.14,873.3,-1101.25,-4.076
GV-02280,5177.64,860.74,-1052.89,-3.834
GV-02281,5227.27,862.26,-1049.91,-3.9211
GV-02282,5294.45,886.18,-999.09,-4.0891
GV-02283,5325.17,876.18,-996.25,-3.7608
GV-02284,5366.1,861.65,-952.86,-4.0228
GV-02285,5443.1,891.63,-950.16,-4.1179
GV-02286,5461.31,884.51,-895.05,-3.9618
GV-02287,5520.83,890.75,-898.74,-4.0577
GV-02288,5587.43,889.81,-845.36,-3.8758
GV-02289,5612.42,890.87,-850.09,-3.7918
GV-02290,5688.57,894.24,-802.01,-3.8974
GV-02291,5723.93,856.19,-795.46,-3.6573
GV-02292,5757.92,882.71,-753.21,-3.8196
GV-02293,5842.1,871.02,-752.25,-3.8168
GV-02294,5893.12,856.12,-698.15,-3.5923
GV-02295,5923.5,883.82,-654.84,-3.7987
GV-02296,5959.28,864.28,-653.25,-3.5169
GV-02297,6041.54,893.62,-601.67,-3.4109
GV-02298,6079.33,863.41,-604.92,-3.474
GV-02299,6106.25,859.13,-551.85,-3.2034
GV-02300,6164.13,865.93,-546.49,-3.0699
GV-02301,6241.82,876.05,-499.33,-3.1594
GV-02302,6256.83,890.41,-498.11,-2.6955
GV-02303,6330.49,892.9,-503.85,-2.5962
GV-02304,6379.05,891.96,-503.05,-2.2824
GV-02305,22.45,943.62,-501.05,-7.8856
GV-02306,56.78,918.35,-503.67,-8.2847
GV-02307,112.0,936.01,-498.85,-8.2366
GV-02308,192.23,905.3,-552.22,-8.4865
GV-02309,224.09,936.37,-547.16,-8.6266
GV-02310,258.05,942.26,-551.94,-8.7714
GV-02311,318.05,905.98,-548.49,-8.715
GV-02312,378.14,936.44,-600.53,-8.7976
GV-02313,417.82,922.51,-604.21,-8.9183
GV-02314,473.25,927.39,-601.86,-8.7602
GV-02315,543.92,909.51,-597.74,-8.8744
GV-02316,588.15,940.71,-648.96,-9.0578
GV-02317,634.27,923.15,-647.34,-8.8532
GV-02318,675.54,916.1,-654.15,-8.7991
GV-02319,711.26,909.19,-649.06,-8.8563
GV-02320,776.9,937.0,-701.1,-8.5468
GV-02321,813.1,911.49,-700.7,-8.7358
GV-02322,880.56,910.01,-700.36,-8.535
GV-02323,931.71,925.36,-751.6,-8.4873
GV-02324,988.0,915.61,-751.63,-8.2865
GV-02325,1025.43,931.31,-804.18,-8.1659
GV-02326,1060.9,940.06,-798.43,-8.4656
GV-02327,1143.6,944.25,-847.79,-8.2327
GV-02328,1163.47,937.2,-849.49,-8.0159
GV-02329,1215.31,906.61,-900.29,-7.9468
GV-02330,1276.13,929.81,-902.95,-7.9329
GV-02331,1344.1,923.48,-953.28,-7.9197
GV-02332,1375.93,913.43,-995.26,-7.7677
GV-02333,1422.7,919.91,-998.19,-7.704
GV-02334,1465.65,938.53,-1054.11,-7.5526
GV-02335,1524.86,936.91,-1097.24,-7.5338
GV-02336,1593.25,936.53,-1103.03,-7.4951
GV-02337,1637.06,943.1,-1146.65,-7.1874
GV-02338,1668.45,921.11,-1196.75,-7.3354
GV-02339,1706.93,930.44,-1203.92,-7.1421
GV-02340,1783.1,907.66,-1253.33,-7.2188
GV-02341,1815.82,936.73,-1253.43,-6.8785
GV-02342,1857.41,935.33,-1304.08,-6.9151
GV-02343,1910.13,924.1,-1353.25,-6.6966
GV-02344,1993.9,940.8,-1345.8,-6.8832
GV-02345,2043.61,938.8,-1398.87,-6.7038
GV-02346,2080.61,908.98,-1398.81,-6.4937
GV-02347,2133.64,922.37,-1448.09,-6.2164
GV-02348,2190.91,941.4,-1454.99,-6.3459
GV-02349,2225.08,934.02,-1451.49,-6.3191
GV-02350,2293.38,930.66,-1501.2,-6.2485
GV-02351,2305.25,907.39,-1501.83,-6.2428
GV-02352,2364.11,918.33,-1552.26,-6.0601
GV-02353,2431.77,929.81,-1548.18,-6.0083
GV-02354,2481.53,913.81,-1548.39,-5.8431
GV-02355,2524.38,929.61,-1547.19,-5.7032
GV-02356,2581.18,920.19,-1546.54,-5.8248
GV-02357,2605.78,937.11,-1604.45,-5.7297
GV-02358,2669.97,939.63,-1598.77,-5.6329
GV-02359,2706.84,917.7,-1595.16,-5.6301
GV-02360,2772.66,937.17,-1601.17,-5.3958
GV-02361,2824.36,919.42,-1600.74,-5.5782
GV-02362,2883.71,943.04,-1599.29,-5.4673
GV-02363,2935.58,923.41,-1598.06,-5.3466
GV-02364,2969.43,907.0,-1602.76,-5.3689
GV-02365,3035.52,919.06,-1601.69,-5.4019
GV-02366,3084.57,927.15,-1550.44,-5.1933
GV-02367,3129.69,912.82,-1551.1,-5.1561
GV-02368,3185.92,906.63,-1549.08,-5.0913
GV-02369,3241.96,942.54,-1551.8,-5.2007
GV-02370,3267.67,910.88,-1548.35,-5.1308
GV-02371,3339.36,908.73,-1545.24,-5.0019
GV-02372,3383.03,940.17,-1550.03,-4.9695
GV-02373,3433.51,937.68,-1501.67,-4.8723
GV-02374,3468.18,930.18,-1496.98,-4.8394
GV-02375,3543.01,914.0,-1498.09,-4.8912
GV-02376,3570.18,915.04,-1503.6,-4.8595
GV-02377,3641.31,931.75,-1497.34,-4.7347
GV-02378,3693.88,939.2,-1501.09,-4.62
GV-02379,3708.53,908.37,-1450.85,-4.6707
GV-02380,3765.68,931.77,-1452.04,-4.6608
GV-02381,3828.58,909.26,-1454.92,-4.6087
GV-02382,3878.29,918.36,-1446.17,-4.5273
GV-02383,3930.76,927.07,-1450.02,-4.526
GV-02384,3961.98,905.02,-1451.09,-4.4379
GV-02385,4014.87,941.62,-1398.78,-4.2491
GV-02386,4089.74,907.99,-1400.69,-4.5387
GV-02387,4136.56,922.91,-1404.18,-4.4371
GV-02388,4192.1,921.32,-1404.82,-4.2826
GV-02389,4240.66,933.17,-1399.71,-4.4442
GV-02390,4288.56,938.06,-1401.94,-4.3924
GV-02391,4330.64,927.42,-1347.64,-4.2536
GV-02392,4358.55,942.8,-1350.89,-4.3242
GV-02393,4444.78,921.62,-1348.69,-4.2948
GV-02394,4462.74,922.14,-1351.17,-4.3529
GV-02395,4517.32,920.18,-1348.84,-4.3948
GV-02396,4582.77,935.51,-1345.81,-4.3634
GV-02397,4612.88,942.75,-1295.42,-4.134
GV-02398,4674.85,918.34,-1295.22,-4.026
GV-02399,4740.7,915.8,-1301.52,-4.2863
GV-02400,4778.69,927.17,-1254.72,-4.2936
GV-02401,4822.07,912.61,-1253.84,-4.1748
GV-02402,4856.94,933.43,-1254.62,-4.282
GV-02403,4922.47,912.45,-1199.68,-3.9907
GV-02404,4961.9,932.93,-1203.63,-4.048
GV-02405,5022.0,936.71,-1150.28,-4.1826
GV-02406,5077.55,918.51,-1152.61,-4.1959
GV-02407,5118.21,922.93,-1103.71,-4.1867
GV-02408,5171.94,941.96,-1095.48,-4.025
GV-02409,5210.26,908.36,-1049.55,-4.0943
GV-02410,5269.62,929.24,-1050.98,-4.1552
GV-02411,5331.51,914.76,-997.58,-4.027
GV-02412,5390.35,911.87,-1000.93,-4.0105
GV-02413,5428.47,940.86,-949.32,-3.8768
GV-02414,5476.81,910.86,-953.14,-3.9013
GV-02415,5509.56,923.58,-899.42,-3.8934
GV-02416,5558.95,937.93,-899.41,-3.8759
GV-02417,5633.98,917.79,-847.78,-3.9691
GV-02418,5668.09,927.07,-845.77,-3.905
GV-02419,5718.58,919.43,-803.92,-3.8283
GV-02420,5782.31,922.88,-799.95,-3.7912
GV-02421,5811.52,932.94,-747.39,-3.8484
GV-02422,5874.16,919.18,-697.71,-3.7524
GV-02423,5937.6,914.82,-701.41,-3.5994
GV-02424,5971.78,906.55,-646.32,-3.5682
GV-02425,6010.82,924.66,-645.87,-3.4949
GV-02426,6073.01,911.82,-598.41,-3.362
GV-02427,6123.55,937.03,-601.33,-3.4155
GV-02428,6190.8,928.22,-551.01,-3.2862
GV-02429,6237.77,906.45,-546.05,-2.8169
GV-02430,6280.37,928.96,-497.52,-2.8001
GV-02431,6312.04,916.45,-495.31,-2.6513
GV-02432,6382.47,906.66,-497.64,-2.3127
GV-02433,16.38,992.92,-501.32,-8.2235
GV-02434,79.85,961.86,-504.52,-8.4641
GV-02435,140.24,959.3,-502.22,-8.5207
GV-02436,187.78,974.61,-503.22,-8.7564
GV-02437,223.11,993.31,-546.74,-8.7286
GV-02438,283.94,960.35,-551.53,-8.8225
GV-02439,329.72,978.1,-554.92,-8.9144
GV-02440,389.25,993.6,-596.65,-8.816
GV-02441,431.35,960.67,-603.84,-9.0822
GV-02442,475.32,980.24,-598.6,-8.9578
GV-02443,529.23,982.82,-599.71,-9.0869
GV-02444,582.89,991.53,-602.9,-8.9158
GV-02445,630.94,992.21,-654.55,-8.8547
GV-02446,675.04,958.77,-652.44,-8.9146
GV-02447,725.16,970.11,-652.1,-8.8107
GV-02448,777.56,964.75,-699.86,-8.8597
GV-02449,824.46,977.34,-697.63,-8.8025
GV-02450,882.94,961.71,-698.21,-8.8134
GV-02451,920.17,986.0,-754.93,-8.6435
GV-02452,955.59,967.04,-750.66,-8.6076
GV-02453,1017.5,968.48,-751.8,-8.6616
GV-02454,1079.78,992.54,-801.31,-8.4698
GV-02455,1116.73,958.06,-799.15,-8.3139
GV-02456,1173.9,992.72,-848.31,-8.5448
GV-02457,1242.37,975.27,-896.22,-8.199
GV-02458,1291.19,967.41,-900.97,-8.141
GV-02459,1342.53,975.18,-949.82,-7.9052
GV-02460,1391.61,980.56,-954.59,-8.0078
GV-02461,1428.5,994.85,-1002.11,-7.951
GV-02462,1481.44,972.05,-1050.95,-7.6229
GV-02463,1506.18,976.02,-1052.35,-7.6671
GV-02464,1577.02,959.49,-1096.34,-7.4933
GV-02465,1611.84,976.13,-1145.61,-7.6225
GV-02466,1684.92,964.18,-1147.51,-7.4186
GV-02467,1737.71,968.35,-1195.81,-7.3944
GV-02468,1769.12,958.24,-1197.28,-7.2204
GV-02469,1837.51,992.06,-1253.78,-7.0865
GV-02470,1893.59,968.22,-1302.63,-7.1552
GV-02471,1922.39,956.08,-1304.34,-6.9575
GV-02472,1976.94,958.86,-1353.03,-6.7305
GV-02473,2044.31,973.11,-1352.51,-6.6993
GV-02474,2078.45,993.15,-1398.08,-6.619
GV-02475,2112.74,976.06,-1395.09,-6.6245
GV-02476,2176.31,982.83,-1449.06,-6.4991
GV-02477,2234.09,991.89,-1454.51,-6.2507
GV-02478,2282.62,975.4,-1504.68,-6.3749
GV-02479,2331.18,961.7,-1501.58,-6.2381
GV-02480,2379.61,993.48,-1497.19,-6.2459
GV-02481,2428.4,981.54,-1552.52,-6.0582
GV-02482,2485.92,978.64,-1553.85,-5.9706
GV-02483,2543.23,979.99,-1552.35,-5.9786
GV-02484,2579.52,972.98,-1551.65,-5.8076
GV-02485,2639.74,980.1,-1546.98,-5.7342
GV-02486,2688.23,970.21,-1599.87,-5.7629
GV-02487,2730.12,986.3,-1597.0,-5.6837
GV-02488,2764.01,992.49,-1602.53,-5.544
GV-02489,2838.61,994.13,-1597.92,-5.4841
GV-02490,2888.21,972.05,-1602.46,-5.6049
GV-02491,2928.54,957.1,-1602.31,-5.4291
GV-02492,2957.95,968.25,-1601.9,-5.4796
GV-02493,3039.57,958.12,-1599.99,-5.2777
GV-02494,3066.35,983.94,-1545.96,-5.3435
GV-02495,3110.21,971.45,-1553.52,-5.2607
GV-02496,3163.97,963.37,-1550.33,-5.2446
GV-02497,3205.83,957.97,-1548.12,-5.1364
GV-02498,3289.4,970.23,-1545.71,-5.1833
GV-02499,3309.12,963.69,-1547.88,-5.1298
GV-02500,3355.99,992.92,-1549.04,-5.071
GV-02501,3417.72,975.43,-1502.92,-5.0881
GV-02502,3468.45,992.26,-1495.63,-4.9979
GV-02503,3516.9,966.21,-1497.03,-4.9108
GV-02504,3575.14,982.58,-1503.66,-4.5691
GV-02505,3622.06,981.18,-1497.9,-4.7721
GV-02506,3672.91,982.16,-1499.34,-4.7788
GV-02507,3739.11,962.78,-1445.59,-4.6255
GV-02508,3778.21,984.25,-1453.19,-4.7558
GV-02509,3842.05,963.39,-1453.11,-4.7249
GV-02510,3891.67,974.05,-1447.16,-4.5672
GV-02511,3906.14,968.88,-1446.47,-4.5374
GV-02512,3986.57,971.15,-1453.64,-4.3912
GV-02513,4043.75,984.71,-1400.34,-4.7042
GV-02514,4061.72,972.46,-1398.43,-4.4714
GV-02515,4137.96,988.45,-1399.21,-4.4202
GV-02516,4161.62,981.24,-1395.72,-4.5028
GV-02517,4231.95,990.03,-1402.73,-4.5617
GV-02518,4271.08,972.91,-1401.45,-4.5362
GV-02519,4335.12,989.56,-1399.91,-4.4676
GV-02520,4393.19,986.87,-1403.68,-4.4547
GV-02521,4427.9,994.94,-1353.63,-4.2936
GV-02522,4471.51,993.01,-1348.03,-4.2838
GV-02523,4534.38,974.4,-1354.97,-4.4525
GV-02524,4586.27,974.21,-1353.34,-4.3517
GV-02525,4635.8,968.9,-1353.1,-4.3538
GV-02526,4685.16,965.53,-1301.87,-4.3211
GV-02527,4707.89,985.7,-1301.9,-4.1497
GV-02528,4792.69,983.69,-1304.86,-4.2995
GV-02529,4837.37,957.18,-1252.43,-4.3243
GV-02530,4860.35,992.43,-1250.47,-4.2293
GV-02531,4932.18,965.89,-1251.94,-4.1806
GV-02532,4987.98,993.46,-1203.79,-4.3495
GV-02533,5021.06,965.83,-1199.31,-4.2095
GV-02534,5061.1,967.89,-1151.17,-3.9634
GV-02535,5126.77,979.74,-1153.27,-4.0928
GV-02536,5159.79,980.64,-1099.35,-4.1708
GV-02537,5221.55,976.26,-1096.17,-4.1766
GV-02538,5276.86,958.38,-1052.36,-4.1668
GV-02539,5317.19,980.54,-1048.78,-4.1243
GV-02540,5390.51,991.49,-998.68,-4.1194
GV-02541,5439.36,977.48,-995.57,-3.9386
GV-02542,5489.84,990.08,-947.1,-3.946
GV-02543,5516.62,975.74,-948.75,-3.9462
GV-02544,5582.96,985.91,-896.29,-3.7395
GV-02545,5611.14,956.39,-902.03,-3.9157
GV-02546,5690.15,994.0,-849.14,-3.9369
GV-02547,5728.53,964.54,-852.21,-3.6451
GV-02548,5793.31,992.42,-796.15,-3.6647
GV-02549,5836.97,967.34,-745.35,-3.6694
GV-02550,5870.06,968.67,-746.15,-3.6338
GV-02551,5918.74,990.6,-704.35,-3.5407
GV-02552,5958.24,985.65,-698.29,-3.597
GV-02553,6032.41,974.06,-654.34,-3.4962
GV-02554,6073.18,972.26,-598.77,-3.2152
GV-02555,6136.25,956.03,-598.83,-3.2878
GV-02556,6188.7,959.1,-545.47,-3.0188
GV-02557,6233.04,976.14,-547.43,-2.9564
GV-02558,6264.59,982.07,-550.44,-2.8956
GV-02559,6335.1,955.38,-503.02,-2.4735
GV-02560,6369.11,966.61,-496.31,-2.4224
GV-02561,27.72,1011.38,-448.41,-8.2484
GV-02562,56.65,1020.4,-500.57,-8.5049
GV-02563,132.64,1016.73,-501.82,-8.5187
GV-02564,156.89,1029.89,-503.21,-8.6619
GV-02565,217.84,1005.02,-550.36,-8.7197
GV-02566,257.54,1038.18,-549.2,-8.9608
GV-02567,307.29,1031.36,-554.4,-8.9937
GV-02568,361.58,1035.86,-554.05,-8.9613
GV-02569,419.84,1006.36,-600.36,-8.9729
GV-02570,475.56,1024.88,-596.63,-9.0518
GV-02571,543.32,1021.92,-595.87,-8.9568
GV-02572,570.31,1031.12,-599.04,-9.1427
GV-02573,621.61,1014.55,-653.23,-9.1606
GV-02574,676.12,1038.13,-647.85,-9.0204
GV-02575,717.15,1005.62,-645.15,-9.0245
GV-02576,767.66,1009.21,-654.87,-8.7334
GV-02577,822.43,1016.2,-700.35,-8.8919
GV-02578,859.83,1039.06,-703.9,-8.7575
GV-02579,922.44,1010.06,-695.26,-8.9555
GV-02580,960.83,1029.86,-752.91,-8.7661
GV-02581,1019.51,1009.85,-753.85,-8.6183
GV-02582,1087.32,1020.25,-796.0,-8.4809
GV-02583,1119.59,1042.27,-800.86,-8.5239
GV-02584,1190.23,1015.48,-854.46,-8.4638
GV-02585,1208.63,1016.48,-846.07,-8.3378
GV-02586,1290.97,1029.24,-900.95,-8.2773
GV-02587,1311.42,1040.46,-899.53,-8.0343
GV-02588,1391.01,1016.19,-946.86,-7.9789
GV-02589,1432.04,1018.39,-1003.01,-7.9108
GV-02590,1472.07,1027.94,-1002.52,-7.9728
GV-02591,1534.45,1010.44,-1047.46,-7.7808
GV-02592,1563.59,1007.86,-1097.28,-7.6606
GV-02593,1634.2,1036.53,-1103.13,-7.5365
GV-02594,1685.7,1010.27,-1152.5,-7.4106
GV-02595,1739.07,1043.74,-1149.82,-7.3675
GV-02596,1765.18,1011.5,-1198.75,-7.1865
GV-02597,1840.46,1031.08,-1249.9,-7.3038
GV-02598,1877.3,1022.32,-1250.69,-7.1725
GV-02599,1914.3,1041.02,-1302.23,-6.9081
GV-02600,1961.32,1018.27,-1300.12,-6.8389
GV-02601,2015.52,1009.43,-1345.47,-6.9548
GV-02602,2076.31,1013.68,-1349.05,-6.8923
GV-02603,2107.53,1044.2,-1398.93,-6.5791
GV-02604,2165.51,1010.74,-1396.53,-6.527
GV-02605,2242.23,1032.25,-1447.4,-6.3977
GV-02606,2266.66,1017.28,-1451.37,-6.4359
GV-02607,2308.03,1016.02,-1495.5,-6.457
GV-02608,2358.94,1020.15,-1498.46,-6.3426
GV-02609,2419.96,1009.17,-1501.72,-6.1525
GV-02610,2456.49,1023.77,-1549.89,-6.1823
GV-02611,2524.13,1022.37,-1549.86,-6.0362
GV-02612,2583.97,1039.03,-1553.66,-5.8981
GV-02613,2626.65,1024.51,-1548.0,-6.117
GV-02614,2694.24,1023.44,-1550.92,-5.8022
GV-02615,2732.36,1007.11,-1600.93,-5.5787
GV-02616,2794.37,1027.51,-1597.7,-5.6841
GV-02617,2836.77,1025.69,-1597.72,-5.6143
GV-02618,2865.52,1017.92,-1603.07,-5.5717
GV-02619,2912.53,1022.62,-1599.18,-5.6505
GV-02620,2971.19,1037.7,-1597.97,-5.6959
GV-02621,3040.73,1007.78,-1603.02,-5.5203
GV-02622,3076.29,1034.55,-1595.23,-5.3281
GV-02623,3139.71,1034.38,-1546.07,-5.1817
GV-02624,3187.9,1013.85,-1550.53,-5.2397
GV-02625,3226.51,1034.01,-1548.65,-5.3199
GV-02626,3288.98,1034.79,-1547.11,-5.1
GV-02627,3305.1,1017.01,-1552.84,-5.1229
GV-02628,3389.51,1015.96,-1545.47,-5.1695
GV-02629,3408.09,1014.36,-1547.81,-5.0199
GV-02630,3482.49,1008.41,-1502.91,-4.9585
GV-02631,3533.7,1044.1,-1495.96,-5.1548
GV-02632,3559.63,1017.8,-1499.7,-4.9966
GV-02633,3638.29,1016.48,-1500.18,-4.9069
GV-02634,3672.16,1029.02,-1502.74,-4.8362
GV-02635,3712.38,1012.41,-1503.83,-4.8851
GV-02636,3781.46,1028.83,-1451.14,-4.8314
GV-02637,3823.31,1032.19,-1447.44,-4.8649
GV-02638,3856.15,1028.36,-1446.06,-4.776
GV-02639,3924.99,1005.53,-1451.32,-4.7722
GV-02640,3968.96,1016.54,-1451.1,-4.6472
GV-02641,4010.89,1039.51,-1449.34,-4.6194
GV-02642,4075.41,1041.01,-1402.47,-4.6218
GV-02643,4124.29,1013.65,-1404.06,-4.4767
GV-02644,4160.32,1013.54,-1403.81,-4.7061
GV-02645,4236.22,1029.72,-1403.51,-4.423
GV-02646,4284.05,1018.64,-1402.33,-4.5052
GV-02647,4319.72,1023.04,-1403.22,-4.4533
GV-02648,4360.44,1018.8,-1404.42,-4.4679
GV-02649,4416.68,1040.98,-1399.04,-4.5398
GV-02650,4483.01,1038.83,-1398.05,-4.4175
GV-02651,4512.13,1010.24,-1352.72,-4.4171
GV-02652,4565.07,1019.34,-1352.9,-4.4113
GV-02653,4635.82,1008.21,-1349.42,-4.4046
GV-02654,4692.81,1010.09,-1348.5,-4.1769
GV-02655,4729.48,1006.29,-1300.8,-4.4463
GV-02656,4791.64,1029.55,-1301.83,-4.2399
GV-02657,4811.22,1034.68,-1302.24,-4.2267
GV-02658,4880.18,1018.64,-1245.57,-4.2973
GV-02659,4933.94,1019.03,-1253.67,-4.2374
GV-02660,4980.95,1035.71,-1200.01,-4.2865
GV-02661,5036.37,1015.0,-1203.95,-4.3227
GV-02662,5057.89,1020.35,-1196.61,-4.1698
GV-02663,5133.95,1041.81,-1149.43,-4.1685
GV-02664,5179.84,1024.86,-1148.8,-4.1379
GV-02665,5206.34,1013.18,-1103.43,-4.2059
GV-02666,5286.64,1044.27,-1095.42,-4.0475
GV-02667,5315.03,1033.29,-1048.26,-4.0809
GV-02668,5386.47,1024.35,-1052.79,-4.1816
GV-02669,5441.64,1036.77,-997.52,-4.1125
GV-02670,5486.77,1037.89,-1000.72,-3.8274
GV-02671,5523.12,1028.92,-950.19,-4.0256
GV-02672,5588.46,1023.38,-945.56,-3.9959
GV-02673,5630.89,1006.91,-902.62,-3.8789
GV-02674,5686.45,1018.96,-899.19,-3.8541
GV-02675,5741.32,1005.38,-851.99,-3.7369
GV-02676,5792.53,1032.22,-798.02,-3.9087
GV-02677,5805.21,1037.21,-796.71,-3.5114
GV-02678,5866.7,1016.6,-749.27,-3.6479
GV-02679,5906.29,1040.46,-746.65,-3.4851
GV-02680,5970.37,1009.74,-703.86,-3.4995
GV-02681,6023.33,1027.98,-654.47,-3.3705
GV-02682,6080.29,1014.08,-648.69,-3.2776
GV-02683,6116.04,1009.19,-599.14,-3.2551
GV-02684,6182.02,1035.12,-595.44,-3.2261
GV-02685,6222.01,1009.57,-552.41,-2.8171
GV-02686,6267.81,1041.8,-549.22,-2.6433
GV-02687,6341.69,1017.33,-547.21,-2.5711
GV-02688,6367.46,1005.17,-501.26,-2.3037
GV-02689,31.72,1079.21,-449.23,-8.1998
GV-02690,62.52,1064.57,-501.35,-8.4148
GV-02691,136.13,1080.4,-498.97,-8.8174
GV-02692,174.91,1069.72,-502.87,-8.8205
GV-02693,237.66,1069.92,-499.01,-8.8369
GV-02694,279.49,1075.51,-546.38,-8.9072
GV-02695,334.08,1082.44,-545.97,-9.127
GV-02696,382.09,1094.64,-545.17,-9.1471
GV-02697,435.67,1062.33,-553.59,-9.1796
GV-02698,493.91,1083.95,-595.04,-9.305
GV-02699,521.32,1076.27,-602.43,-9.2874
GV-02700,591.64,1074.8,-603.54,-9.2427
GV-02701,643.05,1082.95,-600.17,-9.2855
GV-02702,678.77,1061.95,-652.52,-9.185
GV-02703,742.11,1077.62,-651.06,-9.0973
GV-02704,762.06,1081.71,-653.34,-9.1036
GV-02705,819.55,1055.15,-701.34,-9.0063
GV-02706,894.41,1077.05,-700.55,-9.1214
GV-02707,941.36,1066.93,-696.0,-8.9052
GV-02708,965.42,1087.93,-750.78,-8.9157
GV-02709,1011.11,1067.9,-745.54,-8.4951
GV-02710,1062.53,1058.39,-797.15,-8.6609
GV-02711,1125.86,1072.1,-797.76,-8.6126
GV-02712,1168.62,1088.57,-850.82,-8.4742
GV-02713,1233.22,1076.0,-849.88,-8.4074
GV-02714,1266.58,1066.31,-901.1,-8.3521
GV-02715,1318.46,1076.71,-902.66,-8.3322
GV-02716,1373.87,1063.79,-950.1,-8.1714
GV-02717,1408.95,1063.87,-951.98,-8.0271
GV-02718,1489.44,1056.57,-995.11,-8.1417
GV-02719,1521.49,1055.47,-1049.86,-7.9543
GV-02720,1568.11,1080.42,-1047.16,-7.7523
GV-02721,1625.74,1055.13,-1104.25,-7.752
GV-02722,1678.15,1059.26,-1101.92,-7.5218
GV-02723,1722.71,1063.29,-1152.58,-7.5838
GV-02724,1780.1,1086.75,-1197.23,-7.4163
GV-02725,1816.57,1071.21,-1203.56,-7.2088
GV-02726,1870.52,1081.93,-1251.66,-7.4621
GV-02727,1929.18,1057.35,-1254.91,-7.1173
GV-02728,1971.33,1093.37,-1296.69,-7.0479
GV-02729,2017.5,1061.15,-1303.24,-6.8692
GV-02730,2076.8,1072.99,-1350.04,-6.7296
GV-02731,2127.94,1062.56,-1345.27,-6.6315
GV-02732,2172.13,1072.68,-1402.8,-6.7572
GV-02733,2232.67,1055.69,-1396.07,-6.5093
GV-02734,2289.53,1094.88,-1452.81,-6.8741
GV-02735,2305.37,1074.24,-1453.55,-6.4271
GV-02736,2363.09,1065.42,-1498.77,-6.4585
GV-02737,2429.48,1058.07,-1499.89,-6.2204
GV-02738,2483.05,1082.47,-1499.55,-6.1669
GV-02739,2542.93,1055.09,-1546.36,-6.2653
GV-02740,2583.01,1058.74,-1549.62,-6.1054
GV-02741,2614.32,1091.26,-1546.24,-6.1367
GV-02742,2674.09,1089.27,-1549.51,-5.8979
GV-02743,2724.68,1064.61,-1549.23,-5.967
GV-02744,2789.28,1081.81,-1595.13,-5.7538
GV-02745,2839.93,1086.69,-1597.56,-5.7553
GV-02746,2887.5,1083.14,-1595.18,-5.7824
GV-02747,2929.92,1081.27,-1595.55,-5.7597
GV-02748,2976.38,1087.86,-1596.1,-5.6051
GV-02749,3007.48,1055.83,-1600.24,-5.5394
GV-02750,3078.89,1079.31,-1598.01,-5.4533
GV-02751,3110.11,1065.56,-1552.55,-5.5436
GV-02752,3189.02,1082.0,-1551.37,-5.3125
GV-02753,3218.3,1086.91,-1551.63,-5.3949
GV-02754,3277.85,1077.38,-1547.54,-5.3681
GV-02755,3339.92,1056.14,-1550.37,-5.2976
GV-02756,3378.55,1077.01,-1550.52,-5.103
GV-02757,3409.32,1058.8,-1545.35,-5.1235
GV-02758,3491.93,1091.95,-1500.77,-5.2563
GV-02759,3505.06,1090.24,-1495.25,-5.0765
GV-02760,3586.61,1092.18,-1500.32,-5.0396
GV-02761,3607.59,1082.34,-1497.32,-4.9654
GV-02762,3655.5,1060.0,-1503.58,-4.9222
GV-02763,3723.66,1074.68,-1498.83,-4.7543
GV-02764,3768.26,1087.96,-1453.31,-4.8013
GV-02765,3834.81,1058.19,-1446.23,-4.9732
GV-02766,3872.75,1079.26,-1453.75,-4.8167
GV-02767,3932.59,1071.96,-1453.19,-4.8016
GV-02768,3970.77,1084.51,-1448.58,-4.6334
GV-02769,4016.31,1070.19,-1446.51,-4.7133
GV-02770,4072.86,1079.01,-1446.48,-4.7971
GV-02771,4109.69,1075.67,-1402.24,-4.7401
GV-02772,4161.81,1077.77,-1404.2,-4.6891
GV-02773,4220.72,1080.51,-1395.12,-4.6836
GV-02774,4286.18,1071.09,-1399.47,-4.6025
GV-02775,4342.59,1087.89,-1398.81,-4.6083
GV-02776,4391.62,1057.5,-1403.05,-4.4387
GV-02777,4425.39,1092.66,-1404.41,-4.4844
GV-02778,4484.95,1077.24,-1401.38,-4.3294
GV-02779,4524.35,1074.79,-1395.92,-4.3073
GV-02780,4588.63,1063.41,-1348.56,-4.5247
GV-02781,4632.09,1082.33,-1346.97,-4.4036
GV-02782,4676.45,1088.75,-1348.25,-4.2725
GV-02783,4718.15,1073.93,-1347.67,-4.2868
GV-02784,4782.53,1055.4,-1304.69,-4.3201
GV-02785,4814.22,1065.86,-1296.49,-4.3942
GV-02786,4890.73,1090.25,-1304.85,-4.3345
GV-02787,4925.8,1081.49,-1251.59,-4.3641
GV-02788,4975.5,1085.78,-1249.27,-4.1935
GV-02789,5044.82,1071.07,-1204.53,-4.1131
GV-02790,5071.32,1082.24,-1196.39,-4.0741
GV-02791,5134.84,1081.37,-1196.55,-4.2392
GV-02792,5174.4,1070.6,-1146.43,-4.2374
GV-02793,5238.29,1058.78,-1149.08,-4.1097
GV-02794,5277.51,1062.51,-1101.82,-3.9603
GV-02795,5320.88,1080.82,-1104.58,-4.0852
GV-02796,5390.88,1086.37,-1050.88,-4.1254
GV-02797,5438.34,1093.34,-1050.05,-3.9212
GV-02798,5477.21,1091.52,-998.65,-3.903
GV-02799,5538.19,1086.57,-997.15,-3.8617
GV-02800,5569.48,1090.28,-952.93,-3.9608
GV-02801,5630.39,1069.62,-945.48,-3.8861
GV-02802,5686.02,1092.02,-895.08,-3.9137
GV-02803,5742.94,1077.93,-904.92,-3.7985
GV-02804,5756.94,1058.29,-846.23,-3.6995
GV-02805,5811.4,1071.02,-801.3,-3.4699
GV-02806,5864.28,1088.74,-795.55,-3.7336
GV-02807,5914.2,1087.39,-751.93,-3.6355
GV-02808,5959.15,1063.35,-698.87,-3.433
GV-02809,6034.24,1079.62,-696.14,-3.2809
GV-02810,6080.7,1068.34,-654.21,-3.2316
GV-02811,6115.58,1076.43,-647.62,-3.2032
GV-02812,6181.94,1062.69,-603.87,-2.912
GV-02813,6216.07,1070.88,-599.85,-2.8622
GV-02814,6263.99,1055.65,-548.44,-2.6758
GV-02815,6342.15,1077.51,-551.23,-2.502
GV-02816,6362.1,1059.8,-504.0,-2.1231
GV-02817,33.59,1138.2,-452.57,-8.3617
GV-02818,86.06,1105.87,-501.94,-8.4349
GV-02819,124.58,1115.85,-499.14,-8.7029
GV-02820,183.28,1140.69,-504.95,-8.8954
GV-02821,223.74,1137.11,-495.77,-9.1508
GV-02822,290.73,1132.93,-553.18,-9.0529
GV-02823,331.01,1125.19,-545.26,-9.1257
GV-02824,364.7,1144.93,-549.91,-9.4445
GV-02825,427.43,1131.11,-552.61,-9.3372
GV-02826,468.22,1112.47,-600.5,-9.2456
GV-02827,526.28,1136.01,-600.69,-9.2826
GV-02828,567.39,1143.97,-601.48,-9.1071
GV-02829,628.19,1122.76,-600.8,-9.3433
GV-02830,662.4,1108.79,-654.78,-9.2163
GV-02831,742.36,1133.92,-651.76,-9.0884
GV-02832,757.21,1141.8,-653.25,-9.0907
GV-02833,837.35,1131.84,-645.87,-9.1137
GV-02834,863.78,1142.99,-704.97,-9.1768
GV-02835,933.29,1119.52,-702.62,-8.9135
GV-02836,956.6,1109.24,-748.63,-9.0311
GV-02837,1006.35,1135.75,-753.87,-8.8599
GV-02838,1061.27,1130.2,-748.92,-8.8388
GV-02839,1117.34,1118.22,-800.65,-8.7397
GV-02840,1167.25,1138.03,-797.11,-8.6674
GV-02841,1242.56,1111.27,-853.53,-8.5323
GV-02842,1277.6,1106.28,-847.64,-8.6771
GV-02843,1320.18,1116.83,-904.98,-8.3998
GV-02844,1376.07,1130.72,-945.75,-8.5184
GV-02845,1409.82,1108.25,-951.45,-8.076
GV-02846,1491.85,1110.97,-1000.16,-8.3796
GV-02847,1524.61,1114.12,-1003.09,-7.9752
GV-02848,1576.64,1139.15,-1051.41,-8.0116
GV-02849,1632.0,1133.85,-1052.39,-8.0029
GV-02850,1664.69,1128.31,-1096.47,-7.8687
GV-02851,1727.93,1115.98,-1148.1,-7.5337
GV-02852,1783.47,1117.6,-1148.64,-7.4919
GV-02853,1833.89,1109.85,-1197.82,-7.4656
GV-02854,1892.48,1121.37,-1202.12,-7.2582
GV-02855,1938.02,1138.26,-1245.81,-7.1598
GV-02856,1958.07,1143.9,-1254.08,-6.9029
GV-02857,2008.64,1143.42,-1302.43,-7.1097
GV-02858,2085.37,1136.15,-1348.52,-6.7529
GV-02859,2135.33,1129.85,-1353.98,-6.7606
GV-02860,2159.59,1119.88,-1404.19,-6.7993
GV-02861,2227.51,1126.52,-1404.23,-6.5956
GV-02862,2256.4,1138.49,-1396.17,-6.7378
GV-02863,2333.5,1114.06,-1450.68,-6.6862
GV-02864,2372.94,1127.59,-1453.55,-6.3803
GV-02865,2413.76,1115.08,-1495.82,-6.4714
GV-02866,2479.09,1117.24,-1496.67,-6.4635
GV-02867,2514.64,1127.29,-1504.53,-6.2157
GV-02868,2573.52,1136.69,-1547.66,-6.1424
GV-02869,2606.93,1129.04,-1551.72,-6.1121
GV-02870,2677.87,1128.73,-1553.37,-5.8413
GV-02871,2709.54,1130.64,-1554.65,-6.0126
GV-02872,2787.75,1133.99,-1602.69,-6.0036
GV-02873,2842.04,1131.69,-1598.74,-5.8516
GV-02874,2861.3,1125.72,-1598.11,-5.9625
GV-02875,2925.59,1121.09,-1602.78,-5.7506
GV-02876,2964.82,1113.77,-1600.61,-5.7043
GV-02877,3037.26,1120.02,-1597.17,-5.541
GV-02878,3090.54,1144.51,-1603.86,-5.5559
GV-02879,3117.76,1137.14,-1599.08,-5.5143
GV-02880,3186.52,1130.22,-1552.2,-5.4609
GV-02881,3210.14,1144.34,-1552.41,-5.4027
GV-02882,3284.96,1107.66,-1551.78,-5.3947
GV-02883,3337.32,1142.55,-1548.21,-5.3906
GV-02884,3369.81,1115.5,-1553.68,-5.3931
GV-02885,3423.36,1137.35,-1549.17,-5.0899
GV-02886,3490.66,1143.9,-1499.85,-5.1146
GV-02887,3528.55,1107.46,-1498.8,-5.1432
GV-02888,3562.08,1122.16,-1496.78,-5.0002
GV-02889,3608.36,1144.73,-1496.3,-5.0204
GV-02890,3664.99,1112.7,-1495.93,-4.8561
GV-02891,3722.5,1133.28,-1502.35,-4.8876
GV-02892,3757.03,1120.85,-1452.17,-4.9511
GV-02893,3811.27,1130.4,-1454.72,-4.9258
GV-02894,3886.31,1117.5,-1449.0,-4.8377
GV-02895,3940.06,1118.06,-1445.47,-4.8979
GV-02896,3994.57,1113.18,-1453.02,-4.8106
GV-02897,4017.15,1121.94,-1450.74,-4.8935
GV-02898,4074.6,1141.32,-1451.48,-4.5661
GV-02899,4105.07,1121.67,-1449.26,-4.7221
GV-02900,4190.85,1134.14,-1397.37,-4.8141
GV-02901,4242.21,1106.95,-1402.18,-4.5956
GV-02902,4289.82,1126.73,-1400.88,-4.8095
GV-02903,4313.49,1126.25,-1402.63,-4.7002
GV-02904,4389.76,1119.25,-1396.31,-4.5697
GV-02905,4415.38,1119.64,-1399.88,-4.5774
GV-02906,4460.54,1127.78,-1398.32,-4.5366
GV-02907,4540.42,1111.25,-1404.83,-4.4695
GV-02908,4585.31,1123.02,-1398.74,-4.3329
GV-02909,4619.57,1135.23,-1350.3,-4.4737
GV-02910,4681.1,1116.96,-1350.18,-4.3081
GV-02911,4723.92,1144.96,-1350.26,-4.4482
GV-02912,4794.87,1136.46,-1349.15,-4.3952
GV-02913,4813.22,1121.3,-1296.57,-4.1528
GV-02914,4861.95,1109.13,-1302.48,-4.2037
GV-02915,4944.12,1127.03,-1297.92,-4.2663
GV-02916,4993.4,1124.57,-1253.22,-4.1433
GV-02917,5042.34,1127.6,-1248.67,-4.1729
GV-02918,5076.17,1136.84,-1196.33,-4.1495
GV-02919,5128.5,1130.25,-1199.84,-4.0877
GV-02920,5162.33,1131.4,-1204.87,-4.1635
GV-02921,5241.73,1105.87,-1147.99,-4.034
GV-02922,5279.53,1127.1,-1149.38,-3.9845
GV-02923,5331.32,1131.43,-1098.95,-3.9973
GV-02924,5358.35,1119.41,-1101.82,-4.0978
GV-02925,5433.87,1133.67,-1053.39,-3.9676
GV-02926,5489.11,1121.36,-1049.3,-3.8872
GV-02927,5515.69,1144.14,-1002.33,-3.8685
GV-02928,5592.54,1129.64,-999.75,-4.0315
GV-02929,5616.38,1110.73,-953.96,-3.7322
GV-02930,5660.55,1130.51,-947.73,-3.8035
GV-02931,5718.08,1138.64,-899.77,-3.9359
GV-02932,5780.7,1140.13,-846.57,-3.5471
GV-02933,5807.31,1134.05,-854.93,-3.6007
GV-02934,5892.31,1121.03,-797.58,-3.6248
GV-02935,5944.89,1114.85,-748.71,-3.3835
GV-02936,5959.02,1135.9,-753.76,-3.3808
GV-02937,6044.45,1139.93,-696.96,-3.3037
GV-02938,6058.55,1143.13,-653.07,-3.2669
GV-02939,6122.42,1135.1,-650.92,-3.2781
GV-02940,6168.47,1123.56,-602.32,-3.0126
GV-02941,6213.8,1115.34,-595.94,-2.9667
GV-02942,6278.89,1140.17,-545.94,-2.7406
GV-02943,6326.02,1141.99,-549.26,-2.4984
GV-02944,6380.25,1125.59,-553.32,-2.3591
GV-02945,39.73,1177.7,-445.44,-8.4159
GV-02946,59.57,1173.06,-447.99,-8.6282
GV-02947,114.57,1180.86,-497.61,-8.8596
GV-02948,173.6,1165.28,-504.04,-8.8297
GV-02949,213.01,1193.39,-501.19,-9.2183
GV-02950,262.52,1193.63,-504.66,-9.1809
GV-02951,323.59,1157.62,-551.39,-9.4361
GV-02952,369.74,1161.27,-553.58,-9.3756
GV-02953,431.11,1163.55,-552.35,-9.4884
GV-02954,471.11,1182.27,-545.1,-9.4783
GV-02955,535.04,1159.85,-602.41,-9.3003
GV-02956,559.57,1172.86,-603.96,-9.4997
GV-02957,618.17,1191.47,-598.35,-9.2877
GV-02958,691.46,1192.04,-596.8,-9.4086
GV-02959,707.05,1182.17,-645.0,-9.2936
GV-02960,768.92,1171.23,-648.67,-9.3284
GV-02961,838.39,1173.22,-651.42,-9.2293
GV-02962,889.77,1157.99,-697.02,-9.298
GV-02963,943.96,1193.19,-699.14,-9.1641
GV-02964,994.31,1168.76,-697.97,-9.1461
GV-02965,1026.29,1168.33,-750.96,-9.0167
GV-02966,1091.47,1168.81,-750.99,-9.0284
GV-02967,1128.95,1194.99,-797.51,-8.9234
GV-02968,1163.73,1160.87,-795.4,-8.6244
GV-02969,1232.12,1167.61,-849.88,-8.8666
GV-02970,1291.16,1179.11,-851.52,-8.6832
GV-02971,1312.75,1163.13,-903.78,-8.4451
GV-02972,1357.36,1163.58,-902.03,-8.2676
GV-02973,1438.03,1164.73,-954.62,-8.1936
GV-02974,1463.47,1181.05,-954.05,-8.2515
GV-02975,1537.46,1170.14,-1003.32,-8.0925
GV-02976,1581.01,1185.38,-1047.83,-7.9002
GV-02977,1637.29,1158.71,-1045.85,-7.9151
GV-02978,1687.82,1189.66,-1097.75,-7.6672
GV-02979,1714.2,1172.86,-1103.63,-7.6604
GV-02980,1766.85,1181.01,-1149.28,-7.6957
GV-02981,1827.68,1185.61,-1148.82,-7.6069
GV-02982,1892.01,1188.25,-1204.65,-7.393
GV-02983,1912.2,1181.37,-1251.07,-7.3814
GV-02984,1963.35,1177.7,-1246.97,-7.3138
GV-02985,2041.05,1163.5,-1302.63,-7.1935
GV-02986,2058.99,1157.0,-1304.65,-7.1175
GV-02987,2118.87,1177.77,-1347.02,-7.073
GV-02988,2158.07,1173.91,-1350.55,-6.8832
GV-02989,2226.99,1159.34,-1396.73,-6.7905
GV-02990,2293.62,1159.67,-1401.87,-6.8612
GV-02991,2331.86,1157.12,-1450.65,-6.7097
GV-02992,2370.93,1167.79,-1451.11,-6.639
GV-02993,2408.94,1193.13,-1448.76,-6.6139
GV-02994,2480.93,1177.44,-1497.45,-6.4922
GV-02995,2543.99,1183.75,-1501.39,-6.2855
GV-02996,2587.44,1194.01,-1502.53,-6.1507
GV-02997,2633.8,1178.22,-1545.67,-6.1274
GV-02998,2656.6,1179.92,-1549.14,-6.1263
GV-02999,2726.39,1156.37,-1547.61,-6.165
GV-03000,2778.48,1159.79,-1546.3,-5.9278
GV-03001,2818.33,1155.68,-1600.74,-5.9719
GV-03002,2855.95,1180.86,-1602.73,-5.9285
GV-03003,2934.79,1160.24,-1600.06,-5.9632
GV-03004,2978.44,1162.23,-1598.82,-5.8982
GV-03005,3033.04,1179.93,-1604.92,-5.6888
GV-03006,3080.69,1164.39,-1603.41,-5.6977
GV-03007,3135.5,1185.12,-1600.22,-5.5366
GV-03008,3165.13,1159.88,-1545.18,-5.3922
GV-03009,3215.17,1179.73,-1552.08,-5.5575
GV-03010,3267.0,1173.99,-1553.67,-5.4653
GV-03011,3313.07,1162.9,-1547.27,-5.328
GV-03012,3356.25,1193.03,-1552.86,-5.2824
GV-03013,3428.0,1162.17,-1553.49,-5.4225
GV-03014,3481.19,1169.2,-1495.09,-5.3242
GV-03015,3528.42,1188.53,-1500.86,-5.2635
GV-03016,3562.29,1193.05,-1501.97,-5.1407
GV-03017,3620.19,1170.26,-1500.04,-5.0686
GV-03018,3663.97,1182.14,-1500.56,-5.0465
GV-03019,3725.54,1179.7,-1501.34,-5.1215
GV-03020,3793.01,1185.73,-1454.75,-5.1166
GV-03021,3831.53,1157.8,-1449.72,-4.8524
GV-03022,3867.27,1157.58,-1445.23,-4.8411
GV-03023,3926.16,1192.47,-1452.46,-4.8399
GV-03024,3979.79,1187.66,-1452.8,-4.8275
GV-03025,4008.85,1170.24,-1451.16,-4.6832
GV-03026,4081.34,1172.96,-1447.06,-4.9273
GV-03027,4143.01,1185.69,-1452.42,-4.9277
GV-03028,4162.97,1193.89,-1452.39,-4.6439
GV-03029,4223.75,1173.21,-1448.14,-4.8877
GV-03030,4290.55,1160.53,-1447.32,-4.5949
GV-03031,4320.22,1173.35,-1399.66,-4.5845
GV-03032,4379.1,1156.95,-1397.29,-4.4283
GV-03033,4424.85,1163.79,-1404.97,-4.6455
GV-03034,4493.55,1159.07,-1396.87,-4.5781
GV-03035,4513.91,1155.26,-1398.92,-4.4568
GV-03036,4577.48,1167.09,-1403.35,-4.5093
GV-03037,4635.54,1185.98,-1397.15,-4.5356
GV-03038,4694.0,1156.48,-1399.12,-4.4154
GV-03039,4733.49,1181.97,-1349.11,-4.3689
GV-03040,4783.99,1178.6,-1347.96,-4.3251
GV-03041,4843.56,1158.57,-1352.15,-4.3378
GV-03042,4884.68,1160.24,-1303.81,-4.3216
GV-03043,4927.82,1182.09,-1298.65,-4.2605
GV-03044,4962.43,1164.41,-1296.02,-4.2629
GV-03045,5014.71,1166.76,-1251.47,-4.194
GV-03046,5055.69,1184.31,-1253.37,-4.2558
GV-03047,5131.07,1155.59,-1202.91,-4.2496
GV-03048,5185.85,1185.95,-1198.41,-4.2157
GV-03049,5221.29,1176.38,-1199.1,-4.1282
GV-03050,5278.1,1164.22,-1151.88,-4.2261
GV-03051,5313.73,1178.8,-1147.55,-4.1145
GV-03052,5385.86,1190.3,-1102.61,-4.0471
GV-03053,5436.68,1194.16,-1096.56,-4.063
GV-03054,5477.39,1194.62,-1046.12,-3.8551
GV-03055,5533.85,1191.99,-1045.84,-3.9464
GV-03056,5557.53,1172.23,-1004.57,-3.7063
GV-03057,5606.68,1194.66,-999.61,-3.8693
GV-03058,5660.83,1165.49,-949.0,-3.7477
GV-03059,5732.9,1168.04,-902.9,-3.684
GV-03060,5755.75,1155.71,-897.2,-3.6763
GV-03061,5806.72,1181.03,-845.76,-3.5044
GV-03062,5876.34,1159.67,-800.19,-3.5135
GV-03063,5928.88,1183.83,-796.7,-3.8514
GV-03064,5962.51,1158.6,-749.54,-3.4296
GV-03065,6009.05,1185.61,-695.63,-3.4087
GV-03066,6070.83,1161.45,-704.96,-3.2101
GV-03067,6105.66,1187.14,-649.48,-2.9483
GV-03068,6183.76,1183.63,-645.21,-2.9492
GV-03069,6244.76,1160.78,-595.82,-2.915
GV-03070,6269.99,1169.43,-600.55,-2.5892
GV-03071,6330.34,1184.59,-550.13,-2.6594
GV-03072,6386.06,1191.32,-554.29,-2.5155
GV-03073,27.16,1208.87,-448.45,-8.5068
GV-03074,58.72,1234.87,-451.14,-8.837
GV-03075,141.67,1237.43,-495.42,-8.9387
GV-03076,179.41,1230.45,-501.98,-9.042
GV-03077,242.07,1233.61,-496.07,-9.2804
GV-03078,284.5,1236.42,-499.75,-9.2956
GV-03079,316.47,1216.16,-548.58,-9.3914
GV-03080,364.81,1241.04,-545.16,-9.4808
GV-03081,443.93,1229.33,-550.13,-9.4811
GV-03082,493.5,1242.08,-548.75,-9.6351
GV-03083,523.13,1232.05,-600.57,-9.3817
GV-03084,564.74,1217.89,-595.7,-9.4708
GV-03085,610.49,1229.11,-596.32,-9.3815
GV-03086,674.47,1215.32,-600.15,-9.5081
GV-03087,729.6,1216.81,-647.72,-9.4542
GV-03088,787.09,1220.99,-645.18,-9.4466
GV-03089,826.13,1239.16,-651.03,-9.3897
GV-03090,877.74,1207.81,-702.33,-9.2833
GV-03091,914.42,1243.14,-702.92,-9.2254
GV-03092,985.07,1229.11,-701.84,-9.1509
GV-03093,1013.23,1238.2,-745.11,-9.1476
GV-03094,1094.01,1243.62,-754.24,-9.149
GV-03095,1136.32,1222.72,-796.77,-8.904
GV-03096,1187.57,1225.92,-803.25,-8.8715
GV-03097,1216.43,1232.55,-804.51,-8.6852
GV-03098,1289.56,1231.96,-848.45,-8.7789
GV-03099,1337.99,1231.31,-845.78,-8.5474
GV-03100,1390.79,1206.28,-896.79,-8.4525
GV-03101,1425.28,1205.25,-953.0,-8.3309
GV-03102,1471.32,1244.37,-949.71,-8.365
GV-03103,1519.73,1240.82,-998.76,-8.4154
GV-03104,1563.75,1229.05,-999.12,-7.9114
GV-03105,1644.83,1221.13,-1045.91,-8.1165
GV-03106,1687.14,1227.93,-1049.13,-8.1023
GV-03107,1735.81,1215.83,-1098.82,-7.8151
GV-03108,1779.78,1220.32,-1103.08,-7.7154
GV-03109,1826.74,1218.94,-1148.97,-7.7833
GV-03110,1857.69,1224.71,-1196.13,-7.4934
GV-03111,1914.56,1231.05,-1195.95,-7.5205
GV-03112,1987.63,1211.56,-1249.28,-7.6079
GV-03113,2030.8,1215.75,-1253.91,-7.3525
GV-03114,2078.01,1209.71,-1300.85,-7.4152
GV-03115,2126.5,1215.87,-1298.85,-7.0081
GV-03116,2170.07,1219.5,-1354.8,-7.0165
GV-03117,2214.81,1232.6,-1354.37,-6.9545
GV-03118,2276.01,1218.62,-1395.07,-6.8585
GV-03119,2342.12,1225.3,-1400.71,-6.7004
GV-03120,2364.36,1224.3,-1454.9,-6.6525
GV-03121,2440.59,1228.92,-1452.36,-6.5556
GV-03122,2469.79,1237.25,-1500.47,-6.6199
GV-03123,2524.21,1219.42,-1495.4,-6.5617
GV-03124,2572.69,1215.82,-1504.77,-6.3641
GV-03125,2616.3,1237.24,-1545.76,-6.3819
GV-03126,2660.95,1228.18,-1554.05,-6.2253
GV-03127,2706.39,1220.27,-1553.84,-6.1094
GV-03128,2757.73,1243.72,-1549.06,-6.118
GV-03129,2819.77,1206.37,-1552.9,-5.8946
GV-03130,2859.82,1209.28,-1599.52,-5.9508
GV-03131,2907.07,1211.81,-1601.25,-5.818
GV-03132,2987.48,1225.92,-1599.77,-5.9282
GV-03133,3013.17,1225.26,-1600.79,-5.868
GV-03134,3062.55,1223.3,-1601.06,-5.8382
GV-03135,3132.31,1215.87,-1604.62,-5.6101
GV-03136,3184.88,1222.36,-1548.18,-5.7866
GV-03137,3214.73,1210.02,-1546.95,-5.6334
GV-03138,3277.52,1235.94,-1551.31,-5.5442
GV-03139,3309.5,1227.65,-1547.79,-5.2795
GV-03140,3379.99,1209.06,-1547.89,-5.2908
GV-03141,3438.33,1233.32,-1553.62,-5.3795
GV-03142,3464.11,1215.8,-1495.31,-5.3057
GV-03143,3508.63,1228.19,-1499.63,-5.3515
GV-03144,3562.03,1208.76,-1496.19,-5.3292
GV-03145,3624.99,1227.41,-1497.01,-5.1895
GV-03146,3685.18,1207.46,-1497.38,-5.1394
GV-03147,3713.93,1209.21,-1500.21,-5.0658
GV-03148,3756.47,1233.88,-1454.32,-5.0609
GV-03149,3805.42,1227.23,-1454.48,-4.9679
GV-03150,3875.72,1208.01,-1447.22,-4.9728
GV-03151,3939.54,1213.98,-1452.76,-4.7933
GV-03152,3969.81,1238.47,-1447.54,-4.8209
GV-03153,4042.67,1212.14,-1446.53,-4.8115
GV-03154,4081.46,1214.41,-1447.32,-4.8138
GV-03155,4129.25,1216.36,-1451.28,-4.8219
GV-03156,4179.57,1236.61,-1453.26,-4.6138
GV-03157,4224.23,1239.91,-1447.48,-4.5976
GV-03158,4278.37,1225.98,-1450.21,-4.7004
GV-03159,4312.56,1239.99,-1451.4,-4.7022
GV-03160,4359.58,1216.08,-1446.38,-4.5965
GV-03161,4436.82,1223.67,-1454.53,-4.6225
GV-03162,4488.1,1225.14,-1398.03,-4.7442
GV-03163,4542.99,1223.1,-1398.37,-4.5396
GV-03164,4579.17,1205.55,-1397.35,-4.4509
GV-03165,4631.41,1239.11,-1395.05,-4.5062
GV-03166,4658.0,1217.94,-1400.18,-4.3661
GV-03167,4730.74,1218.99,-1400.63,-4.4046
GV-03168,4763.38,1209.8,-1347.66,-4.3732
GV-03169,4820.68,1212.96,-1351.29,-4.3118
GV-03170,4868.39,1228.77,-1354.78,-4.2959
GV-03171,4908.9,1227.24,-1300.35,-4.4095
GV-03172,4976.17,1234.9,-1295.62,-4.2024
GV-03173,5042.89,1232.21,-1304.54,-4.336
GV-03174,5061.62,1218.83,-1248.47,-4.3707
GV-03175,5107.93,1219.17,-1248.16,-4.2718
GV-03176,5168.65,1232.77,-1203.11,-4.0894
GV-03177,5238.23,1232.26,-1196.37,-4.0665
GV-03178,5264.16,1218.6,-1200.55,-3.975
GV-03179,5342.86,1215.89,-1149.21,-4.0793
GV-03180,5361.84,1237.43,-1145.15,-3.9654
GV-03181,5414.89,1240.2,-1097.4,-4.0881
GV-03182,5461.9,1223.12,-1098.31,-3.8923
GV-03183,5536.29,1227.37,-1051.67,-4.0009
GV-03184,5557.91,1217.9,-1054.82,-3.8441
GV-03185,5637.28,1239.27,-995.65,-3.8171
GV-03186,5676.87,1233.57,-996.82,-3.8622
GV-03187,5706.11,1215.85,-947.04,-3.6413
GV-03188,5792.99,1232.93,-901.59,-3.7875
GV-03189,5831.82,1216.27,-903.5,-3.5892
GV-03190,5875.54,1215.59,-847.97,-3.5975
GV-03191,5935.1,1239.49,-798.25,-3.6065
GV-03192,5970.5,1225.99,-745.0,-3.4913
GV-03193,6007.29,1238.24,-745.84,-3.2422
GV-03194,6092.3,1223.71,-696.16,-3.3501
GV-03195,6125.5,1213.84,-703.54,-3.1149
GV-03196,6171.35,1232.26,-649.13,-3.0943
GV-03197,6217.78,1235.87,-654.19,-2.9269
GV-03198,6272.16,1205.73,-599.92,-2.5876
GV-03199,6330.65,1229.12,-601.31,-2.4914
GV-03200,6367.49,1223.21,-554.34,-2.3872
GV-03201,30.8,1276.47,-446.22,-8.7677
GV-03202,58.83,1289.65,-447.32,-8.8023
GV-03203,110.73,1288.46,-450.88,-9.0942
GV-03204,170.37,1272.31,-500.36,-9.0567
GV-03205,227.83,1265.32,-499.05,-9.2996
GV-03206,268.85,1283.54,-499.45,-9.3826
GV-03207,334.14,1272.8,-497.31,-9.3955
GV-03208,389.86,1260.14,-549.1,-9.5685
GV-03209,430.52,1281.48,-550.42,-9.5733
GV-03210,461.77,1286.31,-547.62,-9.5388
GV-03211,535.5,1273.67,-549.93,-9.8098
GV-03212,566.95,1291.86,-602.24,-9.6974
GV-03213,608.37,1255.77,-598.86,-9.6051
GV-03214,693.18,1256.62,-602.18,-9.4585
GV-03215,710.25,1277.07,-649.97,-9.5616
GV-03216,770.99,1294.35,-648.31,-9.3972
GV-03217,825.04,1291.08,-646.34,-9.3787
GV-03218,871.58,1288.06,-649.75,-9.559
GV-03219,915.06,1291.63,-697.32,-9.4036
GV-03220,979.85,1276.03,-699.16,-9.3197
GV-03221,1016.33,1257.08,-749.19,-9.3828
GV-03222,1092.78,1282.88,-751.27,-9.2234
GV-03223,1139.98,1282.32,-749.45,-9.1142
GV-03224,1186.1,1287.97,-801.43,-9.0112
GV-03225,1241.81,1285.01,-797.53,-8.8806
GV-03226,1282.97,1270.15,-851.38,-8.8572
GV-03227,1319.28,1286.96,-853.28,-8.7137
GV-03228,1385.26,1284.12,-900.54,-8.599
GV-03229,1442.78,1266.23,-901.73,-8.5791
GV-03230,1455.25,1291.99,-947.53,-8.3967
GV-03231,1528.46,1277.85,-945.51,-8.3378
GV-03232,1565.18,1267.37,-1002.39,-8.2523
GV-03233,1608.84,1287.83,-999.25,-8.2115
GV-03234,1682.92,1289.19,-1052.44,-8.1835
GV-03235,1720.28,1287.02,-1051.02,-7.9852
GV-03236,1779.96,1255.8,-1095.81,-7.8648
GV-03237,1844.38,1256.2,-1147.82,-7.9123
GV-03238,1865.72,1271.15,-1150.04,-7.6444
GV-03239,1931.08,1274.07,-1201.92,-7.6361
GV-03240,1979.56,1261.27,-1196.8,-7.5415
GV-03241,2029.05,1262.5,-1249.98,-7.4463
GV-03242,2084.11,1286.65,-1245.24,-7.3052
GV-03243,2129.47,1292.77,-1296.51,-7.0681
GV-03244,2174.94,1292.34,-1298.95,-7.1352
GV-03245,2220.29,1275.72,-1347.34,-7.108
GV-03246,2285.15,1274.34,-1352.41,-6.8795
GV-03247,2335.26,1270.98,-1401.74,-6.9816
GV-03248,2360.37,1286.22,-1403.82,-6.8017
GV-03249,2440.18,1255.57,-1445.52,-6.826
GV-03250,2466.83,1263.1,-1449.92,-6.6584
GV-03251,2517.89,1259.33,-1502.15,-6.5122
GV-03252,2587.46,1255.89,-1497.49,-6.6338
GV-03253,2629.4,1281.29,-1501.2,-6.3692
GV-03254,2681.28,1268.38,-1551.49,-6.3522
GV-03255,2732.93,1277.81,-1553.48,-6.0616
GV-03256,2762.54,1273.93,-1548.11,-6.1923
GV-03257,2834.04,1268.19,-1549.55,-6.0929
GV-03258,2882.78,1256.02,-1553.54,-6.0088
GV-03259,2907.9,1276.02,-1601.39,-5.9129
GV-03260,2965.89,1262.28,-1596.12,-5.8219
GV-03261,3023.93,1294.45,-1603.05,-5.8377
GV-03262,3087.41,1286.77,-1598.97,-5.7765
GV-03263,3117.96,1288.0,-1597.93,-5.8033
GV-03264,3177.76,1274.39,-1547.27,-5.7347
GV-03265,3217.08,1294.14,-1552.11,-5.7539
GV-03266,3257.75,1280.73,-1546.39,-5.5646
GV-03267,3336.87,1282.26,-1549.34,-5.5705
GV-03268,3384.51,1287.09,-1551.17,-5.4896
GV-03269,3440.84,1282.76,-1552.39,-5.4722
GV-03270,3455.57,1286.43,-1499.38,-5.5037
GV-03271,3522.91,1275.94,-1495.63,-5.1712
GV-03272,3593.44,1276.36,-1500.53,-5.308
GV-03273,3623.45,1259.57,-1501.51,-5.0321
GV-03274,3679.93,1261.56,-1495.46,-5.3011
GV-03275,3733.11,1294.8,-1496.65,-5.3266
GV-03276,3773.77,1281.75,-1496.05,-5.1824
GV-03277,3807.85,1289.25,-1449.78,-5.0572
GV-03278,3867.16,1257.23,-1448.14,-5.2192
GV-03279,3932.45,1272.16,-1451.78,-5.1197
GV-03280,3994.12,1291.9,-1447.35,-5.0737
GV-03281,4034.16,1270.45,-1449.62,-4.9708
GV-03282,4089.55,1277.34,-1447.82,-4.8877
GV-03283,4142.69,1289.74,-1448.09,-4.9646
GV-03284,4168.8,1287.55,-1450.37,-4.8789
GV-03285,4233.66,1257.88,-1451.26,-4.8354
GV-03286,4282.85,1281.45,-1453.22,-4.7332
GV-03287,4316.53,1286.13,-1451.84,-4.6519
GV-03288,4389.65,1259.6,-1454.68,-4.6644
GV-03289,4406.19,1281.41,-1453.93,-4.6029
GV-03290,4487.96,1259.64,-1451.84,-4.581
GV-03291,4512.02,1289.43,-1451.9,-4.5857
GV-03292,4564.92,1289.67,-1402.12,-4.4607
GV-03293,4610.11,1275.48,-1400.1,-4.6709
GV-03294,4667.52,1283.04,-1397.33,-4.4349
GV-03295,4730.65,1263.5,-1399.72,-4.3953
GV-03296,4772.28,1269.04,-1349.12,-4.4969
GV-03297,4824.69,1293.7,-1351.46,-4.4131
GV-03298,4864.37,1282.57,-1351.98,-4.4926
GV-03299,4928.09,1262.89,-1351.81,-4.1592
GV-03300,4968.35,1268.05,-1296.83,-4.38
GV-03301,5042.19,1261.32,-1295.72,-4.1492
GV-03302,5064.94,1293.55,-1296.98,-4.2841
GV-03303,5117.39,1257.5,-1246.34,-4.2809
GV-03304,5178.12,1265.63,-1254.2,-4.2224
GV-03305,5236.14,1294.43,-1196.45,-4.0797
GV-03306,5292.96,1255.8,-1204.17,-4.1045
GV-03307,5327.55,1271.36,-1200.82,-4.1804
GV-03308,5361.85,1276.37,-1153.68,-4.0933
GV-03309,5432.33,1293.16,-1150.49,-3.922
GV-03310,5489.65,1276.41,-1102.7,-3.9001
GV-03311,5521.2,1285.33,-1096.34,-3.896
GV-03312,5594.83,1269.03,-1049.34,-3.852
GV-03313,5611.11,1286.25,-1053.09,-3.6638
GV-03314,5693.48,1283.31,-995.98,-3.7533
GV-03315,5744.44,1289.16,-947.63,-3.6176
GV-03316,5761.23,1277.2,-945.79,-3.7685
GV-03317,5831.23,1263.46,-901.25,-3.534
GV-03318,5865.39,1281.6,-854.29,-3.2905
GV-03319,5917.08,1266.85,-851.45,-3.5888
GV-03320,5969.02,1267.42,-799.97,-3.5108
GV-03321,6042.73,1283.17,-753.32,-3.3648
GV-03322,6078.66,1263.38,-747.74,-3.2984
GV-03323,6123.91,1294.0,-696.05,-2.9653
GV-03324,6178.07,1287.66,-646.22,-2.9733
GV-03325,6220.46,1255.12,-646.23,-2.7075
GV-03326,6277.4,1256.55,-596.06,-2.6796
GV-03327,6319.42,1268.94,-603.04,-2.4799
GV-03328,6380.33,1269.79,-597.38,-2.2825
GV-03329,29.59,1335.65,-453.56,-8.7595
GV-03330,63.68,1309.23,-454.12,-8.8624
GV-03331,110.15,1329.42,-449.74,-9.0827
GV-03332,155.33,1309.55,-503.08,-9.2813
GV-03333,226.72,1333.22,-500.52,-9.4335
GV-03334,290.67,1324.92,-496.2,-9.5588
GV-03335,335.87,1323.61,-499.51,-9.5707
GV-03336,369.48,1306.76,-547.42,-9.5142
GV-03337,411.75,1332.17,-549.16,-9.646
GV-03338,477.38,1319.4,-551.16,-9.4993
GV-03339,513.53,1326.07,-546.91,-9.8035
GV-03340,560.91,1322.21,-595.19,-9.6097
GV-03341,638.87,1334.94,-602.08,-9.7179
GV-03342,681.18,1344.15,-600.89,-9.7902
GV-03343,708.69,1323.32,-597.98,-9.7465
GV-03344,756.85,1311.73,-645.05,-9.6157
GV-03345,831.1,1310.82,-650.09,-9.5201
GV-03346,872.46,1337.15,-653.97,-9.5203
GV-03347,931.7,1338.48,-704.27,-9.4371
GV-03348,993.57,1341.35,-699.08,-9.3624
GV-03349,1039.84,1332.73,-700.55,-9.3025
GV-03350,1091.08,1325.25,-747.15,-9.0569
GV-03351,1136.7,1312.93,-753.62,-9.0726
GV-03352,1162.59,1336.1,-802.18,-9.1418
GV-03353,1230.61,1341.88,-803.88,-8.9593
GV-03354,1280.34,1336.13,-846.97,-9.0054
GV-03355,1322.05,1324.25,-853.6,-9.1126
GV-03356,1366.69,1319.07,-846.74,-8.7444
GV-03357,1416.02,1313.11,-895.19,-8.6682
GV-03358,1493.16,1318.55,-900.73,-8.5863
GV-03359,1512.03,1316.22,-954.91,-8.505
GV-03360,1568.44,1312.93,-945.0,-8.4352
GV-03361,1638.18,1332.94,-1004.88,-8.4394
GV-03362,1660.03,1342.19,-996.53,-8.4285
GV-03363,1724.14,1318.99,-1050.84,-8.1369
GV-03364,1788.25,1317.39,-1098.91,-8.08
GV-03365,1824.23,1335.93,-1104.05,-7.845
GV-03366,1874.01,1335.35,-1148.95,-7.7699
GV-03367,1915.95,1312.14,-1145.75,-7.8746
GV-03368,1990.91,1312.8,-1198.03,-7.6479
GV-03369,2017.98,1320.74,-1196.13,-7.5547
GV-03370,2081.4,1313.28,-1245.87,-7.4121
GV-03371,2124.39,1333.25,-1251.59,-7.2508
GV-03372,2177.21,1310.57,-1297.97,-7.1803
GV-03373,2226.97,1323.33,-1349.28,-7.1436
GV-03374,2284.04,1323.45,-1352.08,-7.1248
GV-03375,2316.55,1312.1,-1400.75,-6.9603
GV-03376,2365.31,1343.98,-1396.41,-7.01
GV-03377,2405.56,1336.61,-1400.07,-6.8873
GV-03378,2465.21,1333.15,-1454.32,-6.8746
GV-03379,2531.38,1323.08,-1445.42,-6.7264
GV-03380,2579.61,1331.65,-1497.53,-6.6569
GV-03381,2612.09,1342.94,-1495.26,-6.4904
GV-03382,2680.68,1336.84,-1501.76,-6.5429
GV-03383,2737.27,1335.48,-1551.12,-6.3656
GV-03384,2761.64,1315.02,-1549.83,-6.2821
GV-03385,2816.37,1313.94,-1552.02,-6.4236
GV-03386,2866.95,1317.43,-1550.63,-6.247
GV-03387,2932.49,1316.15,-1548.94,-6.0617
GV-03388,2956.63,1311.0,-1603.08,-6.0889
GV-03389,3032.28,1320.14,-1603.52,-5.9595
GV-03390,3060.15,1336.96,-1596.54,-6.0371
GV-03391,3132.4,1314.25,-1601.5,-5.9905
GV-03392,3172.48,1343.88,-1545.39,-5.8798
GV-03393,3215.26,1329.14,-1554.58,-5.8979
GV-03394,3258.43,1336.89,-1545.96,-5.5589
GV-03395,3320.3,1339.81,-1550.12,-5.6588
GV-03396,3383.79,1317.3,-1545.94,-5.7691
GV-03397,3439.89,1306.54,-1552.92,-5.6703
GV-03398,3489.49,1333.67,-1496.45,-5.5142
GV-03399,3515.82,1330.16,-1503.95,-5.4636
GV-03400,3585.91,1327.77,-1503.97,-5.3362
GV-03401,3634.3,1321.65,-1500.13,-5.4321
GV-03402,3675.4,1305.22,-1499.53,-5.3159
GV-03403,3727.83,1319.84,-1497.96,-5.1267
GV-03404,3785.4,1314.33,-1498.95,-5.1996
GV-03405,3833.05,1328.02,-1445.15,-5.2125
GV-03406,3887.75,1343.35,-1447.91,-4.9909
GV-03407,3934.16,1339.75,-1454.35,-4.9755
GV-03408,3963.35,1309.24,-1446.51,-5.1127
GV-03409,4008.87,1317.43,-1454.64,-4.9469
GV-03410,4084.67,1313.21,-1445.14,-5.0396
GV-03411,4126.26,1328.86,-1445.75,-5.0552
GV-03412,4171.33,1336.92,-1448.11,-4.8335
GV-03413,4216.19,1320.21,-1452.92,-4.8162
GV-03414,4288.3,1320.91,-1450.7,-4.7288
GV-03415,4340.64,1338.11,-1448.69,-4.7652
GV-03416,4359.04,1320.97,-1448.0,-4.7058
GV-03417,4443.75,1325.1,-1454.94,-4.7077
GV-03418,4470.67,1336.04,-1453.37,-4.65
GV-03419,4519.67,1338.61,-1453.4,-4.5927
GV-03420,4580.15,1319.86,-1454.79,-4.5712
GV-03421,4640.53,1331.67,-1396.04,-4.5146
GV-03422,4689.41,1313.96,-1396.55,-4.491
GV-03423,4705.58,1325.9,-1396.21,-4.377
GV-03424,4794.58,1335.36,-1399.45,-4.6669
GV-03425,4819.07,1328.86,-1348.87,-4.5318
GV-03426,4878.18,1335.56,-1352.08,-4.3062
GV-03427,4930.94,1320.13,-1345.28,-4.3455
GV-03428,4982.0,1307.6,-1350.12,-4.3123
GV-03429,5043.39,1312.33,-1295.58,-4.3296
GV-03430,5060.43,1334.51,-1304.39,-4.3579
GV-03431,5136.66,1306.76,-1298.95,-4.1068
GV-03432,5158.1,1330.87,-1254.27,-4.3393
GV-03433,5220.08,1336.03,-1254.49,-4.1014
GV-03434,5292.44,1334.63,-1245.49,-4.1102
GV-03435,5314.32,1335.58,-1203.42,-4.279
GV-03436,5356.07,1324.42,-1195.25,-3.9174
GV-03437,5425.39,1317.76,-1151.14,-4.1368
GV-03438,5462.76,1310.02,-1153.91,-3.9174
GV-03439,5542.88,1331.6,-1104.27,-3.9005
GV-03440,5564.14,1312.73,-1104.33,-4.0199
GV-03441,5633.17,1316.63,-1048.26,-3.8402
GV-03442,5686.68,1330.94,-995.42,-3.8222
GV-03443,5720.99,1337.71,-1003.29,-3.5709
GV-03444,5760.03,1339.63,-952.31,-3.7001
GV-03445,5841.13,1309.44,-898.1,-3.8149
GV-03446,5864.1,1305.15,-902.72,-3.3853
GV-03447,5933.03,1305.83,-854.98,-3.5068
GV-03448,5960.4,1333.05,-800.58,-3.2802
GV-03449,6035.23,1319.1,-798.9,-3.3773
GV-03450,6072.96,1307.18,-750.2,-3.148
GV-03451,6117.78,1344.65,-700.81,-2.8347
GV-03452,6175.76,1337.03,-700.78,-2.8459
GV-03453,6230.78,1308.6,-650.24,-2.7462
GV-03454,6257.8,1332.42,-652.53,-2.8107
GV-03455,6333.51,1309.5,-598.95,-2.4445
GV-03456,6391.67,1326.45,-596.45,-2.3195
GV-03457,12.52,1367.67,-451.56,-8.7179
GV-03458,62.09,1375.02,-452.17,-8.9878
GV-03459,124.3,1356.84,-446.54,-9.2186
GV-03460,167.35,1371.55,-454.97,-9.3331
GV-03461,241.12,1394.46,-504.76,-9.5103
GV-03462,265.4,1373.32,-501.72,-9.3642
GV-03463,324.08,1362.09,-498.8,-9.6658
GV-03464,386.39,1371.11,-499.16,-9.711
GV-03465,441.03,1394.35,-550.51,-9.9361
GV-03466,461.82,1362.95,-548.33,-9.7663
GV-03467,510.21,1367.73,-554.85,-9.8282
GV-03468,593.94,1390.19,-598.14,-9.6989
GV-03469,612.14,1384.55,-603.56,-9.895
GV-03470,686.17,1382.38,-595.83,-9.8762
GV-03471,711.38,1365.95,-604.72,-9.8009
GV-03472,793.67,1391.11,-652.95,-9.6979
GV-03473,818.53,1367.28,-651.64,-9.7429
GV-03474,868.79,1357.77,-648.9,-9.5736
GV-03475,917.58,1367.15,-703.7,-9.6678
GV-03476,973.47,1393.47,-696.06,-9.5604
GV-03477,1023.08,1359.37,-703.87,-9.3845
GV-03478,1059.16,1355.77,-746.86,-9.3391
GV-03479,1126.46,1374.48,-753.08,-9.2999
GV-03480,1172.9,1357.9,-750.59,-9.2137
GV-03481,1220.99,1358.7,-796.57,-9.1817
GV-03482,1275.08,1387.32,-797.8,-9.1148
GV-03483,1325.85,1363.69,-846.66,-8.7667
GV-03484,1386.2,1383.51,-846.42,-8.8799
GV-03485,1409.69,1359.97,-895.64,-8.8073
GV-03486,1472.3,1379.92,-901.45,-8.6229
GV-03487,1542.54,1383.23,-945.19,-8.5944
GV-03488,1583.35,1367.67,-951.93,-8.6391
GV-03489,1630.3,1371.23,-999.88,-8.4204
GV-03490,1665.07,1388.74,-996.0,-8.3287
GV-03491,1718.71,1358.34,-1050.46,-8.2275
GV-03492,1758.49,1376.35,-1045.49,-7.9687
GV-03493,1820.44,1368.44,-1101.24,-8.2801
GV-03494,1862.79,1384.06,-1098.38,-7.8474
GV-03495,1912.04,1389.04,-1151.08,-7.9649
GV-03496,1961.68,1390.76,-1149.88,-7.8232
GV-03497,2011.65,1372.72,-1199.03,-7.7186
GV-03498,2072.24,1374.74,-1203.39,-7.3326
GV-03499,2122.13,1355.46,-1253.75,-7.4852
GV-03500,2162.69,1359.75,-1298.46,-7.3428
GV-03501,2228.92,1380.27,-1303.4,-7.2118
GV-03502,2257.63,1390.58,-1346.88,-7.2329
GV-03503,2336.89,1362.02,-1352.45,-7.1351
GV-03504,2379.1,1386.8,-1402.5,-7.0366
GV-03505,2438.35,1355.41,-1398.28,-6.991
GV-03506,2479.38,1361.53,-1447.41,-6.6599
GV-03507,2513.06,1356.55,-1450.26,-6.8403
GV-03508,2564.69,1387.89,-1501.18,-6.6239
GV-03509,2628.86,1358.74,-1504.36,-6.6373
GV-03510,2662.83,1394.24,-1501.97,-6.449
GV-03511,2710.2,1358.89,-1547.39,-6.5195
GV-03512,2770.79,1364.13,-1554.79,-6.3051
GV-03513,2842.46,1394.0,-1550.83,-6.2786
GV-03514,2864.71,1376.36,-1550.73,-6.2246
GV-03515,2921.88,1356.77,-1548.18,-6.2875
GV-03516,2993.45,1373.25,-1550.37,-6.0414
GV-03517,3023.39,1371.0,-1604.69,-6.1808
GV-03518,3072.75,1392.16,-1595.5,-5.9967
GV-03519,3107.32,1360.84,-1547.65,-5.9729
GV-03520,3164.44,1373.28,-1549.68,-5.8405
GV-03521,3224.07,1384.68,-1550.82,-5.8391
GV-03522,3269.78,1378.28,-1551.42,-5.519
GV-03523,3320.81,1393.7,-1553.84,-5.6475
GV-03524,3369.85,1367.81,-1553.74,-5.6939
GV-03525,3422.97,1359.64,-1545.21,-5.7056
GV-03526,3474.0,1380.21,-1495.16,-5.6024
GV-03527,3506.23,1374.57,-1502.19,-5.6173
GV-03528,3574.25,1393.2,-1501.53,-5.3494
GV-03529,3616.53,1388.49,-1495.08,-5.4505
GV-03530,3678.4,1381.68,-1496.71,-5.3516
GV-03531,3707.41,1361.49,-1496.02,-5.1454
GV-03532,3788.26,1389.37,-1503.07,-5.2783
GV-03533,3805.93,1368.6,-1454.02,-5.273
GV-03534,3881.87,1377.01,-1447.66,-5.2063
GV-03535,3915.31,1389.48,-1448.86,-5.0955
GV-03536,3959.98,1365.93,-1452.01,-5.0506
GV-03537,4037.54,1389.83,-1449.97,-5.0777
GV-03538,4072.65,1390.37,-1449.23,-5.0305
GV-03539,4125.55,1389.24,-1446.39,-4.9447
GV-03540,4169.39,1363.83,-1446.42,-4.9716
GV-03541,4241.04,1370.37,-1454.51,-4.8454
GV-03542,4281.69,1389.41,-1451.14,-5.017
GV-03543,4327.38,1361.24,-1447.23,-4.8755
GV-03544,4378.24,1379.68,-1447.43,-4.7353
GV-03545,4441.57,1381.71,-1448.44,-4.879
GV-03546,4490.18,1384.7,-1446.42,-4.6427
GV-03547,4510.09,1358.44,-1446.8,-4.6557
GV-03548,4587.39,1385.97,-1449.98,-4.8093
GV-03549,4620.78,1389.94,-1446.39,-4.5221
GV-03550,4689.56,1375.67,-1399.6,-4.6213
GV-03551,4715.75,1359.89,-1403.29,-4.5678
GV-03552,4767.9,1373.07,-1404.52,-4.5024
GV-03553,4820.2,1370.85,-1400.46,-4.4785
GV-03554,4864.38,1355.9,-1352.37,-4.3148
GV-03555,4929.27,1378.22,-1353.21,-4.4262
GV-03556,4984.54,1391.43,-1345.29,-4.2376
GV-03557,5012.56,1360.35,-1345.67,-4.3656
GV-03558,5061.22,1384.18,-1295.62,-4.4443
GV-03559,5139.31,1362.72,-1297.01,-4.1253
GV-03560,5192.22,1364.32,-1304.15,-3.916
GV-03561,5241.62,1359.18,-1251.12,-4.1136
GV-03562,5265.6,1385.96,-1251.83,-4.0972
GV-03563,5315.07,1394.16,-1254.79,-3.8149
GV-03564,5365.08,1390.52,-1203.85,-3.8506
GV-03565,5422.08,1381.42,-1196.85,-3.9086
GV-03566,5463.08,1362.02,-1145.58,-3.886
GV-03567,5544.5,1361.77,-1151.79,-3.9239
GV-03568,5574.85,1381.37,-1101.8,-3.9125
GV-03569,5619.51,1366.47,-1098.09,-3.7717
GV-03570,5666.87,1394.89,-1053.74,-3.875
GV-03571,5737.98,1385.86,-1002.62,-3.6708
GV-03572,5770.95,1367.07,-1000.21,-3.6369
GV-03573,5831.49,1386.3,-947.26,-3.6813
GV-03574,5866.24,1358.76,-898.51,-3.4993
GV-03575,5941.22,1378.28,-846.64,-3.527
GV-03576,5955.7,1378.26,-853.67,-3.3868
GV-03577,6037.99,1364.43,-798.43,-3.1104
GV-03578,6059.63,1377.36,-754.89,-3.1265
GV-03579,6143.08,1386.98,-753.49,-2.9792
GV-03580,6156.94,1392.87,-699.21,-2.8299
GV-03581,6241.31,1375.75,-695.19,-2.8437
GV-03582,6261.8,1355.91,-654.4,-2.5053
GV-03583,6324.19,1391.25,-646.26,-2.4409
GV-03584,6383.7,1357.5,-603.12,-2.21
GV-03585,6.78,1415.09,-448.85,-8.779
GV-03586,58.33,1405.16,-450.13,-8.9812
GV-03587,128.23,1423.74,-451.16,-9.1967
GV-03588,157.39,1408.57,-451.22,-9.2475
GV-03589,208.09,1427.72,-504.21,-9.5267
GV-03590,266.59,1424.61,-497.76,-9.7198
GV-03591,332.13,1419.01,-499.17,-9.754
GV-03592,391.16,1428.91,-495.84,-9.968
GV-03593,431.86,1438.98,-550.9,-9.8525
GV-03594,477.02,1432.96,-550.18,-9.952
GV-03595,525.71,1433.64,-545.83,-9.9147
GV-03596,577.51,1409.18,-552.03,-9.9548
GV-03597,619.27,1408.39,-599.5,-9.9858
GV-03598,678.55,1412.92,-597.16,-9.6874
GV-03599,723.78,1439.26,-597.43,-9.7931
GV-03600,789.89,1437.69,-650.75,-9.8077
GV-03601,831.54,1411.08,-647.81,-9.7943
GV-03602,855.77,1416.55,-647.21,-9.7416
GV-03603,910.11,1442.25,-695.79,-9.6072
GV-03604,986.3,1416.28,-704.73,-9.664
GV-03605,1029.77,1427.61,-695.09,-9.521
GV-03606,1067.38,1419.73,-752.84,-9.5292
GV-03607,1106.56,1420.57,-750.76,-9.4577
GV-03608,1160.99,1414.26,-751.26,-9.3351
GV-03609,1243.98,1432.31,-803.74,-9.295
GV-03610,1275.38,1438.93,-800.25,-9.1804
GV-03611,1341.72,1427.77,-799.13,-9.3356
GV-03612,1386.34,1406.63,-853.02,-9.0539
GV-03613,1414.62,1437.29,-851.67,-9.0438
GV-03614,1471.67,1433.78,-902.59,-8.8226
GV-03615,1520.58,1416.47,-904.87,-8.6602
GV-03616,1588.03,1406.89,-948.74,-8.6386
GV-03617,1642.75,1435.01,-950.75,-8.4801
GV-03618,1671.51,1434.98,-1000.71,-8.4761
GV-03619,1733.98,1426.91,-998.8,-8.462
GV-03620,1793.76,1442.87,-1046.6,-8.3735
GV-03621,1830.55,1411.54,-1046.13,-8.1973
GV-03622,1868.15,1418.72,-1102.36,-8.1289
GV-03623,1930.83,1407.61,-1095.68,-7.9046
GV-03624,1958.2,1423.58,-1148.21,-7.965
GV-03625,2033.43,1405.33,-1147.96,-7.7482
GV-03626,2062.17,1424.96,-1201.45,-7.7755
GV-03627,2131.84,1441.21,-1253.06,-7.6445
GV-03628,2183.79,1411.1,-1250.38,-7.3605
GV-03629,2236.96,1408.41,-1304.07,-7.2008
GV-03630,2263.0,1413.52,-1298.72,-7.2506
GV-03631,2306.42,1437.66,-1348.08,-7.1591
GV-03632,2370.59,1407.08,-1346.41,-7.119
GV-03633,2430.2,1433.42,-1402.26,-6.9994
GV-03634,2477.78,1438.67,-1396.85,-7.0724
GV-03635,2513.49,1439.45,-1451.65,-6.7377
GV-03636,2564.42,1416.49,-1450.77,-6.8202
GV-03637,2639.6,1417.51,-1504.71,-6.672
GV-03638,2678.19,1422.93,-1497.94,-6.514
GV-03639,2727.65,1406.6,-1499.79,-6.5561
GV-03640,2773.42,1424.95,-1552.81,-6.5025
GV-03641,2832.3,1434.01,-1548.31,-6.4553
GV-03642,2885.15,1407.96,-1545.96,-6.2011
GV-03643,2944.32,1426.85,-1545.32,-6.2176
GV-03644,2960.89,1411.58,-1545.26,-6.2989
GV-03645,3007.69,1418.19,-1553.39,-6.0115
GV-03646,3073.68,1426.89,-1550.44,-6.0881
GV-03647,3119.76,1431.91,-1554.89,-6.06
GV-03648,3182.97,1437.83,-1553.4,-5.9315
GV-03649,3223.53,1413.4,-1545.26,-5.8834
GV-03650,3270.53,1421.12,-1548.73,-5.7097
GV-03651,3341.7,1438.11,-1545.29,-5.7082
GV-03652,3359.01,1421.04,-1549.68,-5.7579
GV-03653,3415.81,1432.82,-1552.07,-5.6578
GV-03654,3491.84,1408.86,-1504.28,-5.4762
GV-03655,3539.04,1415.2,-1501.06,-5.375
GV-03656,3568.95,1426.41,-1502.34,-5.4675
GV-03657,3621.2,1418.57,-1501.54,-5.4014
GV-03658,3681.66,1434.92,-1504.44,-5.3872
GV-03659,3729.02,1409.06,-1496.21,-5.3264
GV-03660,3778.48,1405.97,-1502.12,-5.2754
GV-03661,3824.0,1429.96,-1453.33,-5.3826
GV-03662,3863.69,1438.99,-1451.37,-5.1196
GV-03663,3924.03,1442.11,-1453.07,-5.2573
GV-03664,3981.44,1418.17,-1453.07,-5.0949
GV-03665,4043.59,1430.86,-1445.08,-5.1536
GV-03666,4066.66,1433.48,-1448.03,-5.1517
GV-03667,4139.65,1426.24,-1448.38,-5.12
GV-03668,4192.12,1432.8,-1453.96,-4.7945
GV-03669,4242.53,1432.72,-1450.98,-4.9368
GV-03670,4283.91,1420.0,-1450.57,-4.964
GV-03671,4308.15,1422.43,-1447.16,-4.8743
GV-03672,4366.7,1444.83,-1447.78,-5.0113
GV-03673,4405.45,1414.05,-1454.87,-4.8172
GV-03674,4490.58,1411.82,-1445.86,-4.6084
GV-03675,4507.91,1409.52,-1447.55,-4.5998
GV-03676,4586.59,1419.81,-1454.38,-4.5644
GV-03677,4641.73,1425.87,-1449.41,-4.3611
GV-03678,4664.97,1418.9,-1452.88,-4.6358
GV-03679,4709.92,1444.75,-1401.19,-4.5742
GV-03680,4789.11,1427.29,-1402.42,-4.5342
GV-03681,4807.1,1432.36,-1397.82,-4.3846
GV-03682,4874.71,1436.09,-1404.95,-4.4384
GV-03683,4922.19,1418.32,-1347.91,-4.327
GV-03684,4985.23,1417.09,-1350.49,-4.1665
GV-03685,5012.86,1416.89,-1354.82,-4.1864
GV-03686,5094.36,1434.72,-1353.13,-4.2423
GV-03687,5106.02,1409.34,-1302.68,-4.1697
GV-03688,5182.89,1439.48,-1298.04,-4.2803
GV-03689,5221.65,1441.48,-1304.09,-4.101
GV-03690,5263.38,1424.42,-1245.91,-4.0126
GV-03691,5309.68,1429.27,-1252.44,-4.1188
GV-03692,5386.15,1439.31,-1247.61,-4.0117
GV-03693,5443.32,1436.95,-1199.55,-4.0264
GV-03694,5468.58,1417.97,-1196.52,-3.8257
GV-03695,5520.37,1444.97,-1146.75,-3.9278
GV-03696,5581.22,1417.52,-1149.54,-3.9808
GV-03697,5605.46,1409.08,-1103.79,-3.7366
GV-03698,5678.63,1409.46,-1046.82,-3.7416
GV-03699,5709.76,1444.78,-1054.19,-3.8254
GV-03700,5758.66,1422.35,-1003.52,-3.4455
GV-03701,5808.33,1408.11,-953.55,-3.433
GV-03702,5880.56,1414.61,-953.43,-3.5004
GV-03703,5922.85,1422.21,-895.48,-3.3052
GV-03704,5976.51,1406.05,-847.5,-3.18
GV-03705,6005.41,1409.36,-799.81,-3.1684
GV-03706,6059.57,1424.81,-797.22,-3.0908
GV-03707,6114.9,1423.43,-746.56,-2.7632
GV-03708,6166.08,1417.32,-745.76,-2.799
GV-03709,6222.74,1443.64,-697.28,-2.7555
GV-03710,6284.56,1434.66,-703.38,-2.499
GV-03711,6340.48,1414.86,-650.7,-2.4896
GV-03712,6363.69,1439.23,-649.42,-2.1287
GV-03713,31.72,1472.36,-402.77,-8.8115
GV-03714,84.44,1485.91,-449.65,-9.0808
GV-03715,121.95,1455.65,-453.8,-8.9638
GV-03716,193.05,1483.37,-446.28,-9.5889
GV-03717,234.52,1494.26,-454.87,-9.6788
GV-03718,284.22,1464.25,-504.79,-9.7869
GV-03719,316.08,1468.33,-496.96,-9.7876
GV-03720,377.8,1455.06,-496.2,-9.8467
GV-03721,431.23,1465.49,-495.58,-9.8898
GV-03722,470.02,1472.16,-551.15,-10.02
GV-03723,515.79,1457.36,-554.48,-9.8337
GV-03724,577.13,1474.87,-548.09,-10.1752
GV-03725,635.47,1464.56,-596.23,-9.7623
GV-03726,669.89,1471.11,-596.22,-10.0486
GV-03727,720.92,1457.18,-603.87,-9.8339
GV-03728,759.98,1459.28,-645.3,-9.8957
GV-03729,832.41,1489.59,-648.0,-9.8561
GV-03730,883.0,1482.64,-647.46,-9.7583
GV-03731,905.53,1460.28,-699.9,-9.8909
GV-03732,989.83,1478.56,-703.4,-9.6751
GV-03733,1010.24,1462.71,-700.54,-9.5705
GV-03734,1082.43,1486.29,-703.9,-9.6707
GV-03735,1128.58,1489.08,-752.91,-9.5449
GV-03736,1159.29,1462.18,-754.03,-9.5385
GV-03737,1223.49,1458.92,-796.88,-9.3503
GV-03738,1258.64,1455.24,-797.31,-9.4373
GV-03739,1331.25,1467.82,-804.79,-9.0237
GV-03740,1362.92,1487.97,-854.73,-9.155
GV-03741,1407.34,1477.78,-846.73,-9.0313
GV-03742,1456.63,1467.07,-851.77,-8.8673
GV-03743,1513.15,1493.82,-898.47,-8.7236
GV-03744,1555.2,1493.07,-896.13,-8.8456
GV-03745,1613.5,1465.74,-947.36,-8.6689
GV-03746,1684.61,1464.24,-950.54,-8.5163
GV-03747,1705.9,1489.31,-996.28,-8.4288
GV-03748,1791.3,1476.98,-996.38,-8.2327
GV-03749,1821.39,1460.42,-1045.46,-8.2542
GV-03750,1866.58,1475.37,-1051.41,-8.3318
GV-03751,1925.38,1467.69,-1095.59,-8.2704
GV-03752,1968.9,1459.58,-1103.89,-7.9607
GV-03753,2035.0,1473.94,-1151.33,-7.9306
GV-03754,2088.18,1457.74,-1196.05,-7.7585
GV-03755,2129.34,1463.62,-1204.65,-7.6663
GV-03756,2194.59,1481.85,-1251.34,-7.5739
GV-03757,2223.36,1469.55,-1249.83,-7.5164
GV-03758,2281.63,1493.74,-1300.43,-7.4147
GV-03759,2317.69,1457.09,-1300.04,-7.4305
GV-03760,2355.06,1456.67,-1351.77,-7.2915
GV-03761,2408.17,1483.87,-1404.84,-7.2967
GV-03762,2458.88,1471.51,-1395.94,-7.1855
GV-03763,2541.11,1462.2,-1446.92,-6.9269
GV-03764,2580.79,1481.24,-1448.36,-6.8644
GV-03765,2639.98,1466.63,-1453.12,-6.8378
GV-03766,2692.06,1457.37,-1498.34,-6.8625
GV-03767,2726.0,1477.41,-1502.58,-6.584
GV-03768,2775.85,1472.38,-1501.83,-6.6537
GV-03769,2833.22,1468.52,-1551.63,-6.4914
GV-03770,2892.64,1490.79,-1548.41,-6.4303
GV-03771,2927.76,1486.42,-1552.95,-6.4192
GV-03772,2971.3,1466.31,-1551.42,-6.3702
GV-03773,3042.22,1487.03,-1551.7,-6.3378
GV-03774,3080.44,1484.9,-1548.64,-6.1611
GV-03775,3106.58,1456.72,-1550.39,-6.0099
GV-03776,3160.31,1485.35,-1554.84,-5.9132
GV-03777,3242.63,1459.21,-1551.55,-5.9683
GV-03778,3279.25,1474.1,-1547.89,-5.952
GV-03779,3338.2,1493.53,-1554.68,-5.814
GV-03780,3373.8,1461.51,-1552.71,-5.752
GV-03781,3440.38,1486.89,-1553.79,-5.8007
GV-03782,3463.19,1459.66,-1503.31,-5.6995
GV-03783,3509.38,1456.05,-1500.02,-5.7623
GV-03784,3564.24,1463.49,-1495.58,-5.5871
GV-03785,3612.79,1487.63,-1495.62,-5.3766
GV-03786,3668.53,1483.37,-1504.69,-5.3941
GV-03787,3721.12,1478.02,-1502.25,-5.4344
GV-03788,3787.4,1488.68,-1503.43,-5.3905
GV-03789,3815.53,1471.79,-1503.79,-5.2335
GV-03790,3871.84,1455.38,-1448.69,-5.3584
GV-03791,3916.37,1469.0,-1454.55,-5.1808
GV-03792,3960.89,1461.33,-1453.29,-5.0938
GV-03793,4030.5,1485.02,-1453.83,-5.2575
GV-03794,4080.68,1481.46,-1446.56,-5.183
GV-03795,4138.45,1469.46,-1449.54,-4.9668
GV-03796,4160.43,1488.46,-1449.79,-5.0072
GV-03797,4205.45,1490.31,-1451.01,-5.0371
GV-03798,4256.48,1464.4,-1450.0,-5.0008
GV-03799,4317.37,1492.05,-1447.77,-5.0182
GV-03800,4369.62,1456.87,-1450.42,-4.8353
GV-03801,4416.28,1455.68,-1448.29,-4.933
GV-03802,4461.1,1464.71,-1445.12,-4.8088
GV-03803,4518.31,1475.02,-1453.17,-4.553
GV-03804,4583.27,1467.77,-1449.08,-4.8428
GV-03805,4606.55,1465.47,-1448.11,-4.6098
GV-03806,4680.21,1462.85,-1453.31,-4.8422
GV-03807,4744.33,1462.85,-1446.78,-4.5728
GV-03808,4782.57,1488.86,-1403.33,-4.5568
GV-03809,4821.67,1470.04,-1396.47,-4.3471
GV-03810,4869.36,1491.72,-1400.48,-4.3996
GV-03811,4906.89,1475.51,-1399.47,-4.402
GV-03812,4994.54,1460.94,-1352.58,-4.3209
GV-03813,5030.43,1479.3,-1348.34,-4.0904
GV-03814,5055.95,1493.38,-1353.26,-4.2323
GV-03815,5132.3,1491.09,-1349.11,-4.2793
GV-03816,5184.68,1475.66,-1296.31,-4.0868
GV-03817,5229.26,1464.44,-1295.4,-4.1959
GV-03818,5263.25,1483.91,-1300.8,-4.0797
GV-03819,5313.42,1482.45,-1248.04,-3.9578
GV-03820,5363.89,1467.69,-1245.8,-3.9824
GV-03821,5428.78,1470.04,-1246.67,-3.9214
GV-03822,5463.72,1474.09,-1203.44,-3.9613
GV-03823,5527.46,1472.33,-1203.54,-4.0366
GV-03824,5594.79,1478.14,-1149.83,-3.7629
GV-03825,5621.88,1460.77,-1102.02,-3.7872
GV-03826,5655.95,1464.6,-1099.74,-3.6198
GV-03827,5739.17,1486.66,-1052.46,-3.6758
GV-03828,5791.97,1460.57,-1002.85,-3.4663
GV-03829,5820.04,1476.97,-995.84,-3.4073
GV-03830,5894.69,1465.34,-945.49,-3.3534
GV-03831,5914.8,1470.91,-895.24,-3.3071
GV-03832,5964.85,1491.27,-903.57,-3.2438
GV-03833,6009.72,1481.32,-846.35,-3.1071
GV-03834,6088.15,1464.84,-795.65,-2.793
GV-03835,6125.91,1460.8,-801.37,-2.8419
GV-03836,6158.96,1492.66,-750.2,-2.7786
GV-03837,6210.21,1457.51,-702.45,-2.64
GV-03838,6269.82,1483.03,-695.13,-2.3944
GV-03839,6333.57,1470.46,-646.88,-2.5007
GV-03840,6375.18,1477.94,-650.06,-2.0271
GV-03841,19.68,1532.64,-398.82,-8.9182
GV-03842,68.51,1540.23,-449.48,-9.2291
GV-03843,125.35,1509.7,-447.85,-9.4032
GV-03844,159.71,1524.13,-451.94,-9.4606
GV-03845,232.83,1517.44,-451.51,-9.646
GV-03846,256.0,1531.69,-502.95,-9.6922
GV-03847,331.64,1540.1,-498.37,-9.9219
GV-03848,360.97,1526.3,-495.37,-10.062
GV-03849,405.63,1529.08,-498.19,-10.1396
GV-03850,468.0,1523.18,-547.94,-10.2522
GV-03851,537.24,1514.37,-551.51,-10.1724
GV-03852,563.39,1538.4,-548.99,-10.0669
GV-03853,632.45,1510.98,-595.4,-9.9317
GV-03854,662.12,1514.47,-596.14,-9.8765
GV-03855,743.93,1533.02,-596.28,-10.0403
GV-03856,773.93,1507.3,-653.81,-9.9292
GV-03857,836.36,1512.01,-649.61,-10.0507
GV-03858,883.88,1516.27,-651.0,-10.0779
GV-03859,936.17,1511.79,-646.73,-9.8632
GV-03860,979.45,1543.56,-701.9,-9.9579
GV-03861,1033.4,1528.81,-699.12,-9.887
GV-03862,1055.16,1509.68,-704.06,-9.7598
GV-03863,1112.38,1505.7,-745.75,-9.6472
GV-03864,1163.39,1516.77,-749.42,-9.5311
GV-03865,1216.99,1536.17,-748.07,-9.3541
GV-03866,1263.17,1514.65,-798.12,-9.3595
GV-03867,1343.44,1521.53,-796.56,-9.2239
GV-03868,1364.92,1527.08,-804.46,-9.2105
GV-03869,1437.55,1515.81,-848.9,-9.1826
GV-03870,1462.12,1532.03,-852.49,-9.0962
GV-03871,1542.29,1529.61,-900.53,-9.0998
GV-03872,1588.79,1508.37,-899.25,-8.8604
GV-03873,1609.5,1524.82,-900.69,-8.6988
GV-03874,1672.35,1509.04,-946.45,-8.613
GV-03875,1711.59,1514.28,-947.89,-8.7323
GV-03876,1787.32,1509.91,-997.44,-8.5169
GV-03877,1843.42,1511.81,-995.18,-8.4088
GV-03878,1881.21,1532.65,-1054.97,-8.4987
GV-03879,1906.14,1541.17,-1102.94,-8.2772
GV-03880,1982.13,1525.86,-1097.83,-8.284
GV-03881,2015.43,1505.11,-1149.86,-8.0494
GV-03882,2091.11,1506.95,-1151.8,-7.9999
GV-03883,2107.76,1525.08,-1202.85,-7.984
GV-03884,2176.46,1511.1,-1195.65,-7.7864
GV-03885,2212.39,1533.23,-1253.36,-7.5875
GV-03886,2265.92,1506.44,-1301.3,-7.3846
GV-03887,2312.93,1522.76,-1304.34,-7.4298
GV-03888,2376.44,1519.31,-1351.08,-7.2612
GV-03889,2425.84,1528.9,-1351.15,-7.3194
GV-03890,2463.99,1532.37,-1401.24,-7.2144
GV-03891,2514.52,1514.62,-1404.45,-7.0438
GV-03892,2563.85,1507.94,-1452.22,-6.9923
GV-03893,2629.93,1530.16,-1447.37,-7.1861
GV-03894,2661.67,1523.59,-1501.07,-6.8512
GV-03895,2723.23,1511.92,-1496.4,-6.8185
GV-03896,2759.86,1544.43,-1501.25,-6.629
GV-03897,2833.42,1522.2,-1552.97,-6.589
GV-03898,2871.41,1507.65,-1549.92,-6.5082
GV-03899,2928.13,1534.51,-1554.98,-6.3784
GV-03900,2984.15,1531.24,-1546.93,-6.4841
GV-03901,3044.18,1512.53,-1548.0,-6.3749
GV-03902,3058.12,1508.88,-1546.74,-6.1408
GV-03903,3139.78,1510.91,-1552.32,-6.1183
GV-03904,3193.26,1531.05,-1549.16,-6.1663
GV-03905,3218.18,1506.36,-1549.96,-5.9339
GV-03906,3283.47,1517.33,-1553.04,-5.9988
GV-03907,3339.69,1519.65,-1549.64,-5.8589
GV-03908,3369.24,1506.95,-1550.21,-5.6794
GV-03909,3436.69,1515.42,-1549.72,-5.6963
GV-03910,3457.08,1526.52,-1500.32,-5.8266
GV-03911,3517.69,1516.77,-1502.49,-5.715
GV-03912,3588.58,1521.93,-1502.68,-5.5611
GV-03913,3641.94,1519.65,-1502.51,-5.5437
GV-03914,3668.4,1525.37,-1498.11,-5.4475
GV-03915,3715.26,1529.32,-1504.23,-5.4039
GV-03916,3774.82,1524.64,-1496.09,-5.3427
GV-03917,3809.33,1528.66,-1503.06,-5.4276
GV-03918,3884.29,1528.19,-1503.7,-5.1667
GV-03919,3927.54,1507.4,-1449.66,-5.4448
GV-03920,3971.54,1537.43,-1446.99,-5.1303
GV-03921,4040.36,1515.47,-1453.95,-5.2569
GV-03922,4065.04,1516.26,-1446.8,-5.0281
GV-03923,4130.19,1515.35,-1448.43,-4.9323
GV-03924,4156.38,1541.16,-1498.86,-4.9149
GV-03925,4208.68,1521.22,-1499.55,-5.0249
GV-03926,4293.67,1516.42,-1497.05,-4.9084
GV-03927,4313.21,1512.38,-1498.89,-4.9642
GV-03928,4368.52,1518.18,-1504.41,-4.8563
GV-03929,4425.1,1518.08,-1496.51,-4.9717
GV-03930,4465.48,1537.71,-1450.62,-4.6376
GV-03931,4507.46,1537.14,-1451.82,-4.7403
GV-03932,4565.4,1511.03,-1450.1,-4.8097
GV-03933,4620.78,1533.75,-1452.13,-4.7211
GV-03934,4668.66,1526.75,-1450.0,-4.6082
GV-03935,4741.43,1540.44,-1447.66,-4.5193
GV-03936,4793.9,1519.32,-1453.1,-4.5525
GV-03937,4812.88,1526.25,-1400.67,-4.5435
GV-03938,4889.92,1538.43,-1395.23,-4.4232
GV-03939,4935.06,1511.76,-1401.52,-4.499
GV-03940,4976.48,1516.96,-1398.18,-4.3645
GV-03941,5021.41,1519.9,-1397.79,-4.2858
GV-03942,5076.68,1536.38,-1348.14,-4.3305
GV-03943,5113.85,1528.67,-1348.1,-4.2826
GV-03944,5163.01,1525.94,-1350.66,-4.2907
GV-03945,5228.41,1523.62,-1299.06,-4.1526
GV-03946,5294.73,1520.84,-1303.22,-4.0115
GV-03947,5321.4,1540.53,-1298.38,-3.9728
GV-03948,5384.17,1506.8,-1246.92,-3.9524
GV-03949,5438.38,1508.24,-1254.6,-3.8003
GV-03950,5489.59,1514.0,-1245.47,-3.9574
GV-03951,5506.0,1514.08,-1203.97,-3.8616
GV-03952,5581.28,1529.53,-1145.66,-3.5618
GV-03953,5627.1,1534.84,-1153.5,-3.6351
GV-03954,5690.49,1534.74,-1101.5,-3.669
GV-03955,5714.55,1511.4,-1103.58,-3.4318
GV-03956,5770.66,1539.54,-1052.1,-3.4947
GV-03957,5830.98,1519.45,-1003.43,-3.4321
GV-03958,5858.26,1530.1,-954.13,-3.3913
GV-03959,5936.74,1519.24,-945.79,-3.1128
GV-03960,5976.22,1530.29,-903.37,-3.1592
GV-03961,6037.52,1506.54,-848.91,-3.2181
GV-03962,6072.02,1516.42,-853.06,-3.0625
GV-03963,6137.41,1526.14,-800.51,-3.0462
GV-03964,6179.37,1543.29,-746.79,-2.703
GV-03965,6229.65,1512.4,-746.77,-2.4587
GV-03966,6285.13,1533.03,-696.28,-2.3898
GV-03967,6331.37,1544.72,-695.99,-2.1818
GV-03968,6379.33,1531.29,-654.83,-2.2103
GV-03969,28.72,1559.77,-401.12,-9.0194
GV-03970,85.18,1570.91,-404.55,-9.2645
GV-03971,138.42,1573.8,-449.87,-9.5974
GV-03972,192.06,1591.07,-449.13,-9.6041
GV-03973,238.29,1593.92,-449.32,-9.7295
GV-03974,290.83,1582.61,-446.7,-9.9409
GV-03975,324.7,1555.56,-502.3,-9.9141
GV-03976,393.05,1593.75,-495.37,-9.9847
GV-03977,413.69,1555.1,-496.2,-10.0268
GV-03978,474.58,1590.76,-552.81,-10.0863
GV-03979,519.33,1555.12,-548.77,-10.0679
GV-03980,558.97,1559.49,-553.67,-10.2916
GV-03981,606.1,1578.48,-601.91,-9.9659
GV-03982,694.75,1580.17,-603.47,-10.1585
GV-03983,709.04,1559.42,-596.19,-10.1553
GV-03984,770.23,1565.76,-595.91,-10.0188
GV-03985,821.19,1555.18,-646.22,-10.0951
GV-03986,861.86,1587.09,-649.42,-10.0406
GV-03987,939.57,1592.65,-654.33,-10.1171
GV-03988,987.12,1582.43,-702.59,-9.8105
GV-03989,1011.06,1570.66,-696.06,-9.7799
GV-03990,1074.5,1557.31,-703.61,-9.8104
GV-03991,1107.21,1589.48,-754.57,-9.8168
GV-03992,1160.24,1590.51,-754.11,-9.7231
GV-03993,1217.0,1584.46,-754.79,-9.5458
GV-03994,1278.63,1580.18,-750.43,-9.538
GV-03995,1318.57,1580.15,-800.93,-9.6227
GV-03996,1368.27,1591.21,-803.33,-9.4048
GV-03997,1414.52,1571.24,-800.34,-9.1501
GV-03998,1491.21,1558.59,-849.49,-9.0876
GV-03999,1536.56,1570.17,-853.79,-9.1558
GV-04000,1567.33,1572.24,-903.51,-8.9406
GV-04001,1609.88,1555.75,-900.07,-8.8164
GV-04002,1664.47,1582.37,-954.68,-8.8662
GV-04003,1743.93,1567.61,-952.37,-8.6478
GV-04004,1772.5,1588.21,-998.07,-8.5005
GV-04005,1839.38,1592.95,-999.0,-8.5442
GV-04006,1872.65,1583.04,-1050.66,-8.5672
GV-04007,1912.29,1585.27,-1054.06,-8.2459
GV-04008,1961.6,1555.43,-1095.74,-8.1128
GV-04009,2009.98,1592.16,-1098.12,-8.0162
GV-04010,2093.19,1581.02,-1152.05,-8.0348
GV-04011,2107.28,1571.58,-1147.14,-7.872
GV-04012,2193.83,1564.56,-1201.59,-7.9524
GV-04013,2239.95,1560.55,-1246.4,-7.7066
GV-04014,2275.05,1578.54,-1248.26,-7.6316
GV-04015,2340.16,1582.14,-1301.31,-7.6132
GV-04016,2376.11,1568.6,-1298.52,-7.5303
GV-04017,2406.19,1555.54,-1353.73,-7.389
GV-04018,2483.2,1560.97,-1347.39,-7.2258
GV-04019,2538.5,1589.34,-1403.73,-7.2043
GV-04020,2579.46,1583.07,-1402.32,-7.1662
GV-04021,2608.67,1592.98,-1453.41,-6.9067
GV-04022,2656.3,1586.26,-1453.22,-6.9152
GV-04023,2734.37,1567.77,-1501.42,-6.7558
GV-04024,2755.82,1591.77,-1495.14,-6.6387
GV-04025,2844.44,1592.73,-1502.47,-6.7254
GV-04026,2886.61,1582.21,-1546.65,-6.6461
GV-04027,2928.04,1557.89,-1545.5,-6.437
GV-04028,2972.18,1593.55,-1545.62,-6.4702
GV-04029,3022.56,1558.11,-1550.1,-6.3902
GV-04030,3086.97,1555.72,-1545.09,-6.2794
GV-04031,3139.8,1583.82,-1552.33,-6.4976
GV-04032,3187.08,1577.09,-1547.88,-6.152
GV-04033,3213.11,1562.25,-1548.67,-6.0519
GV-04034,3290.06,1559.39,-1545.02,-6.0736
GV-04035,3328.08,1584.55,-1550.63,-6.047
GV-04036,3385.17,1559.08,-1545.09,-5.692
GV-04037,3414.84,1572.65,-1550.9,-5.8678
GV-04038,3489.64,1574.34,-1499.38,-5.6986
GV-04039,3509.2,1581.89,-1501.63,-5.727
GV-04040,3557.53,1575.77,-1496.59,-5.7974
GV-04041,3627.15,1580.03,-1504.35,-5.6281
GV-04042,3682.19,1585.47,-1502.6,-5.5835
GV-04043,3726.49,1565.97,-1502.21,-5.3739
GV-04044,3758.58,1583.8,-1498.28,-5.4111
GV-04045,3843.44,1556.88,-1499.64,-5.3497
GV-04046,3886.12,1585.78,-1501.16,-5.3835
GV-04047,3931.54,1563.65,-1495.05,-5.3372
GV-04048,3972.52,1585.75,-1503.01,-5.2289
GV-04049,4038.3,1573.28,-1499.88,-5.3123
GV-04050,4073.3,1574.9,-1499.89,-5.1883
GV-04051,4115.2,1561.73,-1502.11,-5.02
GV-04052,4188.5,1566.22,-1504.06,-5.0325
GV-04053,4213.74,1578.17,-1501.49,-4.7947
GV-04054,4275.1,1583.6,-1500.07,-4.9218
GV-04055,4322.11,1593.97,-1497.53,-4.948
GV-04056,4394.71,1561.83,-1495.2,-4.903
GV-04057,4409.26,1586.8,-1499.92,-4.7375
GV-04058,4477.57,1572.84,-1496.74,-4.7611
GV-04059,4536.02,1577.25,-1500.31,-4.8524
GV-04060,4571.12,1565.2,-1451.72,-4.6868
GV-04061,4616.44,1569.13,-1447.59,-4.7536
GV-04062,4680.17,1564.14,-1450.59,-4.8168
GV-04063,4715.49,1585.45,-1448.01,-4.6725
GV-04064,4772.18,1589.79,-1445.1,-4.6085
GV-04065,4836.41,1557.9,-1447.25,-4.6007
GV-04066,4889.37,1573.04,-1401.34,-4.614
GV-04067,4927.52,1587.73,-1400.7,-4.3399
GV-04068,4987.91,1570.52,-1398.67,-4.3361
GV-04069,5022.55,1560.62,-1398.46,-4.2684
GV-04070,5094.65,1571.76,-1404.84,-4.345
GV-04071,5125.46,1556.9,-1346.67,-4.13
GV-04072,5163.87,1569.88,-1345.03,-4.1733
GV-04073,5215.25,1574.8,-1350.79,-4.2908
GV-04074,5265.16,1570.54,-1353.59,-4.0114
GV-04075,5328.36,1564.31,-1302.6,-3.9575
GV-04076,5382.38,1578.53,-1299.19,-3.9777
GV-04077,5415.52,1585.19,-1249.67,-4.0728
GV-04078,5494.19,1577.37,-1253.24,-3.8971
GV-04079,5515.84,1572.96,-1200.14,-3.8889
GV-04080,5587.41,1562.99,-1196.46,-3.6494
GV-04081,5614.55,1556.88,-1151.39,-3.7233
GV-04082,5681.43,1579.5,-1151.73,-3.6116
GV-04083,5728.87,1570.4,-1095.23,-3.4108
GV-04084,5788.68,1590.5,-1048.18,-3.414
GV-04085,5825.23,1578.9,-1051.18,-3.4056
GV-04086,5877.98,1558.94,-999.58,-3.4411
GV-04087,5944.09,1591.65,-949.99,-3.2789
GV-04088,5970.58,1557.9,-901.92,-3.0403
GV-04089,6023.75,1585.51,-901.99,-2.997
GV-04090,6089.04,1592.3,-852.95,-2.8914
GV-04091,6134.14,1568.89,-804.22,-3.0013
GV-04092,6194.37,1555.66,-800.33,-2.6319
GV-04093,6239.56,1578.65,-747.0,-2.556
GV-04094,6283.31,1582.45,-746.52,-2.4943
GV-04095,6335.36,1578.04,-699.28,-2.365
GV-04096,6359.69,1556.71,-702.38,-1.9313
GV-04097,19.73,1623.65,-403.52,-9.1279
GV-04098,78.01,1634.9,-395.04,-9.4264
GV-04099,137.14,1630.01,-451.9,-9.579
GV-04100,158.2,1606.35,-453.46,-9.8249
GV-04101,237.76,1633.21,-453.72,-9.9315
GV-04102,282.48,1624.57,-447.98,-10.0429
GV-04103,307.88,1638.72,-495.38,-10.0199
GV-04104,374.4,1644.07,-503.93,-10.0809
GV-04105,408.93,1609.4,-497.42,-10.2043
GV-04106,468.76,1626.04,-551.55,-10.2233
GV-04107,538.59,1627.01,-547.21,-10.2672
GV-04108,564.8,1629.71,-545.84,-9.9861
GV-04109,636.67,1630.51,-551.6,-10.3371
GV-04110,658.15,1614.44,-599.58,-10.2316
GV-04111,726.09,1639.98,-596.23,-10.0956
GV-04112,788.06,1606.04,-597.09,-10.3933
GV-04113,835.28,1627.96,-654.78,-10.1453
GV-04114,858.0,1639.55,-653.35,-9.9826
GV-04115,917.78,1628.97,-648.71,-10.1383
GV-04116,978.46,1634.34,-697.2,-9.9837
GV-04117,1018.28,1616.78,-703.44,-9.933
GV-04118,1078.83,1643.91,-695.42,-9.8519
GV-04119,1124.56,1608.56,-695.75,-9.9023
GV-04120,1159.22,1633.46,-750.47,-9.7828
GV-04121,1219.97,1610.94,-746.48,-9.7555
GV-04122,1274.39,1613.29,-747.34,-9.5307
GV-04123,1322.57,1637.38,-804.15,-9.517
GV-04124,1356.01,1613.91,-795.22,-9.4955
GV-04125,1422.36,1630.21,-804.06,-9.4413
GV-04126,1489.21,1619.16,-846.83,-9.3639
GV-04127,1518.31,1629.05,-846.07,-9.1887
GV-04128,1571.7,1617.04,-849.18,-9.1451
GV-04129,1636.43,1631.67,-902.97,-8.9887
GV-04130,1662.51,1607.39,-900.87,-9.0126
GV-04131,1742.44,1610.74,-948.4,-8.8149
GV-04132,1787.61,1606.47,-950.5,-8.5815
GV-04133,1831.31,1607.05,-995.69,-8.6293
GV-04134,1876.27,1623.38,-1004.27,-8.6205
GV-04135,1922.83,1641.96,-1054.98,-8.5019
GV-04136,1980.47,1640.4,-1048.3,-8.3407
GV-04137,2039.28,1619.72,-1096.68,-8.3115
GV-04138,2091.22,1634.89,-1098.8,-8.0495
GV-04139,2110.06,1624.77,-1146.07,-7.9762
GV-04140,2180.23,1639.85,-1195.41,-7.8005
GV-04141,2239.77,1617.85,-1201.84,-7.7676
GV-04142,2285.98,1615.15,-1246.4,-7.6758
GV-04143,2335.93,1621.96,-1252.14,-7.5961
GV-04144,2366.22,1634.7,-1299.57,-7.6202
GV-04145,2415.2,1630.73,-1300.0,-7.2341
GV-04146,2460.21,1628.51,-1354.17,-7.3586
GV-04147,2513.74,1611.07,-1401.93,-7.3161
GV-04148,2590.85,1624.95,-1398.76,-7.2657
GV-04149,2634.34,1623.87,-1452.33,-7.0487
GV-04150,2659.05,1616.71,-1452.42,-7.1868
GV-04151,2736.42,1610.39,-1446.76,-6.9829
GV-04152,2762.97,1622.07,-1504.66,-6.7753
GV-04153,2814.07,1628.69,-1496.49,-6.5942
GV-04154,2873.92,1610.2,-1502.06,-6.5305
GV-04155,2910.4,1622.77,-1549.76,-6.7055
GV-04156,2963.74,1631.22,-1553.02,-6.543
GV-04157,3034.19,1626.23,-1547.61,-6.3946
GV-04158,3069.72,1631.52,-1545.07,-6.3217
GV-04159,3115.26,1637.01,-1554.01,-6.4412
GV-04160,3170.18,1609.7,-1545.23,-6.2504
GV-04161,3238.11,1639.42,-1552.39,-6.2269
GV-04162,3294.53,1615.18,-1551.48,-6.06
GV-04163,3333.51,1619.7,-1549.48,-6.1034
GV-04164,3384.66,1627.82,-1550.79,-6.0804
GV-04165,3436.54,1611.06,-1548.49,-5.892
GV-04166,3476.86,1605.55,-1501.59,-5.883
GV-04167,3536.31,1608.51,-1504.21,-5.7889
GV-04168,3592.32,1614.51,-1495.07,-5.7805
GV-04169,3629.52,1634.89,-1504.82,-5.7523
GV-04170,3681.76,1635.87,-1497.01,-5.7681
GV-04171,3716.02,1643.62,-1499.22,-5.4493
GV-04172,3779.65,1636.64,-1495.6,-5.5603
GV-04173,3832.57,1630.77,-1495.12,-5.6307
GV-04174,3877.26,1625.96,-1503.55,-5.6698
GV-04175,3935.54,1631.64,-1501.8,-5.3255
GV-04176,3991.49,1623.64,-1501.0,-5.3168
GV-04177,4016.28,1626.41,-1499.67,-5.2807
GV-04178,4068.55,1637.59,-1498.51,-5.1878
GV-04179,4129.0,1638.59,-1502.11,-5.2169
GV-04180,4155.97,1611.56,-1501.19,-5.095
GV-04181,4220.84,1617.57,-1496.57,-5.2418
GV-04182,4290.24,1642.27,-1500.78,-5.1967
GV-04183,4332.1,1621.66,-1504.07,-5.1003
GV-04184,4388.89,1635.19,-1503.24,-5.0223
GV-04185,4411.69,1634.13,-1498.68,-4.9124
GV-04186,4491.45,1640.94,-1498.45,-4.9279
GV-04187,4524.59,1617.1,-1501.18,-4.7874
GV-04188,4581.58,1638.93,-1504.62,-4.7767
GV-04189,4619.91,1611.28,-1454.73,-4.8471
GV-04190,4675.93,1631.02,-1447.53,-4.6639
GV-04191,4724.23,1618.21,-1451.23,-4.672
GV-04192,4778.27,1644.65,-1445.41,-4.5085
GV-04193,4841.67,1613.26,-1449.27,-4.5246
GV-04194,4871.01,1626.15,-1454.41,-4.2841
GV-04195,4932.75,1636.51,-1403.88,-4.5339
GV-04196,4960.23,1619.07,-1404.84,-4.5335
GV-04197,5035.86,1624.76,-1401.48,-4.3721
GV-04198,5076.08,1640.75,-1403.95,-4.4763
GV-04199,5135.4,1629.48,-1402.5,-4.0693
GV-04200,5179.71,1638.77,-1354.01,-4.244
GV-04201,5222.06,1635.16,-1347.58,-4.2289
GV-04202,5290.08,1620.22,-1347.14,-4.0729
GV-04203,5315.81,1643.56,-1345.94,-3.9198
GV-04204,5393.03,1613.3,-1298.45,-4.0156
GV-04205,5431.99,1624.35,-1301.05,-3.8717
GV-04206,5461.53,1636.53,-1252.19,-3.6186
GV-04207,5528.49,1631.39,-1252.91,-3.879
GV-04208,5577.35,1619.68,-1200.7,-3.8479
GV-04209,5621.64,1620.14,-1200.71,-3.7375
GV-04210,5685.97,1621.55,-1151.21,-3.5594
GV-04211,5710.69,1632.77,-1102.09,-3.4124
GV-04212,5764.51,1632.89,-1101.27,-3.4088
GV-04213,5820.0,1616.81,-1053.94,-3.5488
GV-04214,5868.12,1644.23,-1002.98,-3.1989
GV-04215,5913.01,1625.61,-996.0,-3.3334
GV-04216,5972.62,1627.64,-951.15,-3.2574
GV-04217,6022.97,1627.21,-904.31,-3.0667
GV-04218,6077.87,1643.17,-904.23,-2.7858
GV-04219,6133.41,1629.25,-853.19,-2.9631
GV-04220,6159.01,1606.36,-796.82,-2.7309
GV-04221,6236.68,1619.91,-804.92,-2.564
GV-04222,6279.24,1642.32,-754.69,-2.596
GV-04223,6332.06,1609.73,-754.7,-2.2778
GV-04224,6372.89,1613.93,-702.21,-2.1084
GV-04225,41.66,1658.54,-403.92,-9.2271
GV-04226,61.11,1676.82,-397.81,-9.4491
GV-04227,136.4,1658.05,-447.06,-9.5628
GV-04228,164.9,1688.06,-448.65,-9.8586
GV-04229,221.44,1694.83,-454.85,-9.7504
GV-04230,255.81,1683.36,-453.46,-9.8908
GV-04231,319.14,1675.79,-498.45,-10.166
GV-04232,363.73,1692.4,-500.03,-10.1885
GV-04233,425.86,1676.44,-504.21,-10.253
GV-04234,493.71,1669.22,-496.2,-10.2994
GV-04235,535.13,1657.07,-550.89,-10.3093
GV-04236,572.21,1685.21,-551.84,-10.3793
GV-04237,644.91,1668.81,-553.12,-10.2324
GV-04238,657.39,1681.67,-603.8,-10.4239
GV-04239,735.51,1660.3,-597.37,-10.2784
GV-04240,767.6,1670.12,-595.37,-10.317
GV-04241,823.08,1691.68,-652.13,-10.2012
GV-04242,882.4,1655.64,-653.65,-10.1298
GV-04243,921.6,1687.78,-652.28,-10.3032
GV-04244,981.19,1683.3,-647.9,-10.2446
GV-04245,1005.89,1683.05,-701.05,-10.0934
GV-04246,1072.45,1660.57,-699.37,-9.8895
GV-04247,1133.33,1673.99,-704.25,-10.0913
GV-04248,1169.34,1662.57,-703.78,-9.9493
GV-04249,1220.84,1681.56,-748.14,-9.8863
GV-04250,1286.99,1688.8,-746.5,-9.8063
GV-04251,1338.25,1663.69,-746.91,-9.6638
GV-04252,1355.5,1684.03,-804.42,-9.5503
GV-04253,1425.64,1676.93,-795.05,-9.4953
GV-04254,1485.98,1686.34,-797.52,-9.5044
GV-04255,1524.21,1687.55,-853.19,-9.2917
GV-04256,1557.06,1661.11,-847.97,-9.2229
GV-04257,1614.1,1680.35,-850.26,-9.1449
GV-04258,1655.57,1688.94,-901.29,-8.9639
GV-04259,1742.58,1662.25,-899.34,-9.0066
GV-04260,1778.65,1694.48,-948.04,-8.8961
GV-04261,1832.24,1662.77,-951.11,-8.8777
GV-04262,1856.34,1681.42,-1002.96,-8.7007
GV-04263,1937.1,1693.35,-998.57,-8.5563
GV-04264,1968.81,1667.14,-1053.25,-8.5013
GV-04265,2023.5,1679.95,-1050.7,-8.4371
GV-04266,2067.7,1669.07,-1101.42,-8.1992
GV-04267,2120.81,1658.57,-1147.42,-8.186
GV-04268,2171.63,1693.67,-1152.88,-8.0609
GV-04269,2242.56,1661.58,-1201.99,-7.8192
GV-04270,2290.63,1657.59,-1196.02,-7.7548
GV-04271,2325.8,1656.79,-1250.53,-7.7713
GV-04272,2371.57,1661.29,-1303.01,-7.6032
GV-04273,2408.24,1672.75,-1303.9,-7.5995
GV-04274,2471.72,1688.3,-1345.16,-7.4802
GV-04275,2526.75,1679.56,-1350.34,-7.4679
GV-04276,2567.37,1672.86,-1397.84,-7.1977
GV-04277,2608.8,1681.58,-1403.12,-7.2336
GV-04278,2669.9,1689.69,-1446.6,-7.1675
GV-04279,2733.09,1664.09,-1446.95,-6.9578
GV-04280,2781.49,1685.31,-1448.94,-6.9479
GV-04281,2811.68,1665.44,-1502.14,-6.7622
GV-04282,2866.14,1669.7,-1497.1,-6.5062
GV-04283,2936.72,1694.09,-1497.95,-6.6901
GV-04284,2956.56,1662.04,-1502.17,-6.5471
GV-04285,3008.71,1680.14,-1545.65,-6.5085
GV-04286,3087.29,1684.49,-1548.54,-6.5534
GV-04287,3111.54,1661.96,-1549.81,-6.5424
GV-04288,3180.83,1683.07,-1545.79,-6.2948
GV-04289,3226.04,1673.34,-1553.85,-6.1321
GV-04290,3272.42,1662.99,-1547.84,-6.1467
GV-04291,3329.15,1670.44,-1551.89,-6.1939
GV-04292,3356.33,1672.03,-1547.1,-6.1254
GV-04293,3422.43,1691.27,-1548.92,-5.9193
GV-04294,3477.58,1682.18,-1497.06,-6.1175
GV-04295,3507.8,1665.51,-1497.83,-5.8937
GV-04296,3585.44,1683.14,-1496.76,-5.8669
GV-04297,3615.15,1693.93,-1495.97,-5.688
GV-04298,3677.33,1676.19,-1500.59,-5.6433
GV-04299,3734.62,1687.33,-1502.85,-5.8292
GV-04300,3793.06,1692.76,-1499.89,-5.5569
GV-04301,3819.71,1687.0,-1504.79,-5.4396
GV-04302,3858.73,1692.49,-1495.56,-5.4547
GV-04303,3930.97,1692.22,-1504.33,-5.2617
GV-04304,3992.45,1668.59,-1498.38,-5.356
GV-04305,4005.82,1685.47,-1498.91,-5.1945
GV-04306,4084.17,1686.92,-1501.09,-5.3056
GV-04307,4117.75,1690.58,-1497.86,-5.2831
GV-04308,4173.42,1666.86,-1501.16,-5.1429
GV-04309,4240.83,1657.62,-1500.31,-5.1271
GV-04310,4288.39,1677.69,-1498.07,-4.9389
GV-04311,4344.3,1692.81,-1495.54,-5.1424
GV-04312,4374.85,1687.59,-1496.97,-5.0491
GV-04313,4430.7,1684.96,-1502.27,-4.9938
GV-04314,4483.56,1682.5,-1503.38,-4.8851
GV-04315,4533.64,1676.39,-1499.59,-4.6842
GV-04316,4555.44,1665.09,-1495.59,-4.7846
GV-04317,4631.98,1688.49,-1504.93,-4.7272
GV-04318,4677.44,1694.18,-1450.68,-4.9014
GV-04319,4713.94,1661.82,-1445.84,-4.5182
GV-04320,4779.25,1655.24,-1450.0,-4.5888
GV-04321,4827.23,1657.74,-1452.25,-4.5194
GV-04322,4866.91,1679.21,-1454.81,-4.5274
GV-04323,4919.66,1674.62,-1454.26,-4.4405
GV-04324,4988.23,1681.46,-1450.27,-4.398
GV-04325,5010.54,1669.41,-1400.79,-4.2521
GV-04326,5087.06,1689.6,-1398.3,-4.235
GV-04327,5109.3,1675.74,-1402.82,-4.2261
GV-04328,5161.41,1665.93,-1402.41,-3.9904
GV-04329,5238.72,1671.98,-1403.94,-4.3268
GV-04330,5277.66,1687.3,-1348.27,-4.1984
GV-04331,5332.27,1690.54,-1348.34,-4.0056
GV-04332,5374.75,1687.2,-1354.01,-3.9892
GV-04333,5409.81,1663.83,-1298.07,-3.8694
GV-04334,5455.23,1681.86,-1303.91,-3.8543
GV-04335,5531.82,1694.22,-1246.97,-3.7271
GV-04336,5559.05,1660.06,-1246.33,-3.7284
GV-04337,5632.14,1662.19,-1197.24,-3.7282
GV-04338,5657.68,1668.64,-1200.9,-3.5387
GV-04339,5716.97,1662.28,-1145.45,-3.4614
GV-04340,5788.18,1674.07,-1101.18,-3.4867
GV-04341,5828.39,1694.55,-1049.28,-3.3498
GV-04342,5884.61,1666.87,-1052.41,-3.1427
GV-04343,5938.51,1688.24,-1004.75,-3.104
GV-04344,5964.41,1679.71,-951.58,-3.1686
GV-04345,6028.75,1657.83,-954.63,-3.0914
GV-04346,6078.96,1678.05,-895.49,-2.8851
GV-04347,6133.84,1671.85,-850.07,-2.5994
GV-04348,6180.99,1663.25,-847.97,-2.696
GV-04349,6229.13,1655.26,-803.38,-2.4871
GV-04350,6270.41,1692.73,-803.63,-2.3277
GV-04351,6317.88,1655.02,-746.59,-2.2784
GV-04352,6372.87,1655.16,-704.69,-2.0117
GV-04353,38.82,1739.68,-395.39,-9.2881
GV-04354,58.69,1717.14,-399.83,-9.6235
GV-04355,111.37,1705.04,-396.81,-9.9814
GV-04356,162.95,1709.39,-446.78,-9.9223
GV-04357,230.14,1728.17,-449.7,-10.0493
GV-04358,255.1,1732.97,-448.75,-9.8971
GV-04359,308.45,1736.39,-451.16,-10.1932
GV-04360,379.53,1731.16,-497.65,-10.3239
GV-04361,410.44,1727.23,-495.45,-10.4
GV-04362,457.44,1718.14,-498.66,-10.4749
GV-04363,510.12,1711.22,-545.42,-10.3714
GV-04364,556.98,1711.12,-553.81,-10.4694
GV-04365,605.76,1722.06,-545.91,-10.474
GV-04366,693.6,1735.31,-601.64,-10.3834
GV-04367,725.97,1719.58,-604.44,-10.4476
GV-04368,784.44,1741.93,-601.95,-10.3213
GV-04369,842.19,1731.57,-653.17,-10.4669
GV-04370,869.61,1742.36,-649.41,-10.1644
GV-04371,935.6,1718.28,-651.48,-10.1453
GV-04372,959.05,1705.31,-653.46,-10.2572
GV-04373,1025.17,1737.98,-695.08,-10.1429
GV-04374,1067.25,1725.12,-698.2,-9.9682
GV-04375,1143.58,1729.76,-697.71,-10.1258
GV-04376,1181.8,1708.16,-695.22,-9.8866
GV-04377,1231.98,1733.86,-747.83,-10.0683
GV-04378,1265.07,1715.04,-752.97,-9.7497
GV-04379,1309.23,1711.02,-745.11,-9.7507
GV-04380,1355.52,1741.91,-754.49,-9.5806
GV-04381,1440.04,1705.66,-800.26,-9.6259
GV-04382,1459.24,1728.41,-796.35,-9.5386
GV-04383,1527.07,1706.18,-803.9,-9.4098
GV-04384,1557.48,1737.22,-847.9,-9.3585
GV-04385,1631.75,1710.6,-851.08,-9.4112
GV-04386,1660.4,1731.16,-853.83,-9.2219
GV-04387,1718.27,1706.32,-901.84,-9.0958
GV-04388,1761.75,1733.56,-895.01,-8.9305
GV-04389,1842.11,1709.88,-951.18,-8.745
GV-04390,1890.65,1735.32,-946.78,-8.679
GV-04391,1921.16,1736.22,-1001.99,-8.6036
GV-04392,1974.0,1719.78,-1000.02,-8.526
GV-04393,2013.58,1709.63,-1048.19,-8.4293
GV-04394,2072.92,1733.86,-1099.89,-8.5002
GV-04395,2139.54,1739.92,-1096.77,-8.2373
GV-04396,2192.54,1717.54,-1152.68,-8.0827
GV-04397,2237.32,1727.7,-1154.37,-8.0414
GV-04398,2284.21,1710.95,-1201.4,-7.9825
GV-04399,2323.13,1720.6,-1249.0,-7.7413
GV-04400,2388.94,1740.04,-1253.86,-7.6664
GV-04401,2416.88,1720.73,-1296.26,-7.7089
GV-04402,2468.79,1711.59,-1304.62,-7.597
GV-04403,2534.0,1722.18,-1350.31,-7.3916
GV-04404,2568.61,1731.46,-1350.94,-7.3746
GV-04405,2639.29,1708.73,-1395.51,-7.0973
GV-04406,2694.16,1710.87,-1398.37,-7.1268
GV-04407,2743.17,1721.59,-1445.27,-7.0034
GV-04408,2756.51,1709.97,-1447.96,-7.1038
GV-04409,2817.1,1743.07,-1445.88,-6.9892
GV-04410,2893.28,1733.04,-1499.48,-6.8109
GV-04411,2935.55,1739.41,-1496.68,-6.8795
GV-04412,2957.15,1727.86,-1502.18,-6.7523
GV-04413,3021.28,1705.08,-1500.06,-6.6865
GV-04414,3057.38,1744.34,-1545.48,-6.766
GV-04415,3118.55,1708.7,-1549.73,-6.4274
GV-04416,3166.2,1737.84,-1554.62,-6.3337
GV-04417,3213.28,1738.63,-1549.74,-6.383
GV-04418,3283.05,1708.5,-1554.93,-6.2618
GV-04419,3327.22,1709.64,-1554.77,-6.0634
GV-04420,3378.68,1735.43,-1545.87,-6.1062
GV-04421,3423.78,1744.8,-1500.26,-6.04
GV-04422,3478.83,1724.39,-1496.17,-6.0456
GV-04423,3508.93,1705.26,-1497.97,-5.8465
GV-04424,3559.34,1710.49,-1503.18,-6.0012
GV-04425,3630.56,1715.31,-1500.2,-5.8287
GV-04426,3669.63,1735.76,-1502.71,-5.7763
GV-04427,3723.5,1735.72,-1499.72,-5.8128
GV-04428,3788.14,1732.62,-1501.3,-5.5846
GV-04429,3841.21,1742.7,-1496.22,-5.4804
GV-04430,3879.67,1740.81,-1497.1,-5.5197
GV-04431,3909.75,1736.1,-1499.48,-5.4291
GV-04432,3955.29,1741.28,-1499.98,-5.3943
GV-04433,4028.9,1715.64,-1502.91,-5.3671
GV-04434,4058.55,1706.43,-1500.7,-5.2052
GV-04435,4109.44,1705.27,-1499.07,-5.1327
GV-04436,4157.82,1728.18,-1504.35,-5.1559
GV-04437,4225.99,1723.29,-1498.84,-5.2523
GV-04438,4272.44,1738.71,-1499.51,-5.1643
GV-04439,4311.63,1707.41,-1498.96,-5.1295
GV-04440,4390.65,1716.66,-1499.72,-5.0006
GV-04441,4420.55,1708.8,-1498.37,-4.8751
GV-04442,4455.84,1708.23,-1495.58,-4.8836
GV-04443,4543.6,1721.38,-1503.48,-4.9768
GV-04444,4572.99,1714.86,-1504.26,-4.7256
GV-04445,4610.31,1738.2,-1495.27,-5.0053
GV-04446,4687.2,1725.86,-1497.09,-4.5983
GV-04447,4740.98,1735.51,-1504.91,-4.6193
GV-04448,4761.14,1705.68,-1452.47,-4.4536
GV-04449,4811.41,1726.77,-1449.32,-4.6756
GV-04450,4880.36,1737.22,-1449.39,-4.4698
GV-04451,4923.02,1740.51,-1453.35,-4.5111
GV-04452,4994.15,1718.57,-1448.03,-4.3895
GV-04453,5028.34,1736.41,-1447.45,-4.2069
GV-04454,5064.95,1711.0,-1446.1,-4.2158
GV-04455,5115.06,1726.7,-1398.35,-4.2306
GV-04456,5170.33,1723.18,-1401.97,-4.2719
GV-04457,5220.37,1740.35,-1396.1,-4.1426
GV-04458,5274.74,1715.98,-1402.29,-4.1595
GV-04459,5323.85,1718.97,-1348.65,-3.9578
GV-04460,5390.55,1705.5,-1349.57,-3.7633
GV-04461,5436.68,1709.02,-1351.54,-3.8372
GV-04462,5475.02,1728.32,-1300.1,-3.8867
GV-04463,5519.48,1728.08,-1299.68,-3.873
GV-04464,5587.45,1744.05,-1254.77,-3.8656
GV-04465,5633.25,1705.04,-1250.95,-3.6379
GV-04466,5680.54,1718.21,-1204.29,-3.5441
GV-04467,5728.14,1716.65,-1154.3,-3.5451
GV-04468,5756.89,1711.56,-1145.55,-3.4485
GV-04469,5839.74,1710.24,-1104.11,-3.3063
GV-04470,5861.01,1741.33,-1050.33,-3.253
GV-04471,5914.97,1741.02,-1048.37,-3.3267
GV-04472,5971.87,1735.1,-1001.7,-3.0929
GV-04473,6010.66,1712.21,-951.58,-2.9109
GV-04474,6089.56,1736.43,-899.33,-2.7603
GV-04475,6121.28,1724.07,-897.38,-2.7406
GV-04476,6191.87,1742.28,-848.06,-2.687
GV-04477,6234.72,1713.02,-847.6,-2.4714
GV-04478,6274.5,1736.93,-798.75,-2.1947
GV-04479,6333.17,1730.08,-745.06,-2.1799
GV-04480,6392.86,1733.72,-746.77,-1.8317
GV-04481,22.02,1757.29,-404.64,-9.1882
GV-04482,56.55,1794.47,-398.99,-9.8024
GV-04483,124.37,1780.25,-400.3,-9.9033
GV-04484,174.97,1766.59,-451.55,-10.0051
GV-04485,232.85,1785.54,-451.06,-10.2719
GV-04486,289.39,1766.47,-450.31,-10.3117
GV-04487,314.53,1768.09,-447.94,-10.3045
GV-04488,387.43,1779.34,-497.94,-10.3742
GV-04489,433.22,1758.77,-504.6,-10.357
GV-04490,472.2,1775.43,-502.86,-10.3689
GV-04491,513.56,1761.63,-552.86,-10.6098
GV-04492,582.09,1790.42,-549.95,-10.6561
GV-04493,629.3,1793.27,-551.43,-10.4547
GV-04494,692.99,1768.76,-596.88,-10.1287
GV-04495,722.56,1762.5,-603.95,-10.4712
GV-04496,775.34,1775.16,-598.0,-10.3383
GV-04497,818.07,1766.16,-650.25,-10.4597
GV-04498,863.48,1770.57,-651.34,-10.1162
GV-04499,924.38,1783.95,-652.3,-10.2512
GV-04500,962.85,1760.42,-650.71,-10.2605
GV-04501,1024.98,1761.11,-650.82,-10.2749
GV-04502,1088.2,1781.7,-695.34,-10.2551
GV-04503,1135.23,1778.69,-702.92,-10.2506
GV-04504,1177.71,1788.26,-697.82,-10.1564
GV-04505,1242.4,1791.5,-703.94,-10.0415
GV-04506,1283.78,1769.65,-753.9,-9.9887
GV-04507,1329.29,1780.48,-753.05,-9.9836
GV-04508,1378.27,1759.58,-747.19,-9.8114
GV-04509,1408.23,1758.56,-750.88,-9.5922
GV-04510,1481.7,1778.57,-795.66,-9.6331
GV-04511,1513.87,1777.76,-801.5,-9.7016
GV-04512,1583.07,1764.89,-803.72,-9.5956
GV-04513,1612.05,1778.86,-851.98,-9.5447
GV-04514,1675.4,1779.84,-854.07,-9.4785
GV-04515,1738.82,1784.78,-848.37,-9.3128
GV-04516,1760.46,1777.26,-895.66,-9.1941
GV-04517,1808.61,1783.04,-896.97,-9.1589
GV-04518,1892.55,1789.55,-952.81,-8.8808
GV-04519,1913.32,1761.87,-950.59,-8.789
GV-04520,1974.26,1776.11,-995.37,-8.4598
GV-04521,2042.96,1773.52,-1053.83,-8.5143
GV-04522,2073.21,1763.68,-1047.8,-8.3365
GV-04523,2120.34,1761.04,-1098.72,-8.2701
GV-04524,2189.6,1776.55,-1099.02,-8.264
GV-04525,2218.89,1759.95,-1146.36,-8.0466
GV-04526,2277.09,1776.24,-1204.3,-8.1085
GV-04527,2317.28,1781.75,-1196.32,-7.9942
GV-04528,2361.35,1776.26,-1251.84,-7.9286
GV-04529,2429.9,1789.12,-1251.3,-7.7908
GV-04530,2485.06,1765.36,-1299.4,-7.7573
GV-04531,2538.8,1767.48,-1304.82,-7.4806
GV-04532,2560.2,1789.85,-1351.76,-7.5301
GV-04533,2624.31,1761.58,-1398.31,-7.3224
GV-04534,2656.17,1770.86,-1401.04,-7.3029
GV-04535,2712.22,1781.58,-1403.39,-7.2552
GV-04536,2759.3,1765.61,-1449.79,-6.963
GV-04537,2811.46,1792.28,-1445.85,-6.9761
GV-04538,2856.19,1755.97,-1453.79,-6.9666
GV-04539,2913.46,1793.47,-1498.58,-6.8962
GV-04540,2986.78,1774.53,-1503.01,-6.7601
GV-04541,3006.07,1759.6,-1502.52,-6.8328
GV-04542,3093.74,1757.53,-1498.51,-6.6709
GV-04543,3114.61,1765.3,-1496.94,-6.5548
GV-04544,3193.76,1767.64,-1551.11,-6.3232
GV-04545,3230.17,1760.09,-1552.06,-6.3234
GV-04546,3264.47,1790.79,-1548.67,-6.5137
GV-04547,3311.69,1787.97,-1547.35,-6.1195
GV-04548,3385.33,1781.35,-1504.59,-6.4182
GV-04549,3417.1,1782.06,-1504.26,-6.021
GV-04550,3481.7,1788.12,-1496.97,-6.0263
GV-04551,3532.85,1778.17,-1502.08,-5.9048
GV-04552,3588.04,1773.85,-1498.69,-5.929
GV-04553,3623.12,1765.8,-1496.8,-5.918
GV-04554,3667.12,1787.4,-1497.87,-5.7176
GV-04555,3734.26,1756.34,-1498.01,-5.8519
GV-04556,3787.62,1789.96,-1497.55,-5.7954
GV-04557,3833.84,1762.08,-1499.35,-5.5834
GV-04558,3893.02,1793.42,-1495.95,-5.7081
GV-04559,3906.44,1761.59,-1503.74,-5.554
GV-04560,3962.07,1770.46,-1503.36,-5.4953
GV-04561,4023.08,1790.84,-1498.81,-5.3841
GV-04562,4059.16,1773.2,-1498.58,-5.2844
GV-04563,4132.1,1756.97,-1504.86,-5.2707
GV-04564,4168.8,1760.99,-1502.95,-5.3125
GV-04565,4217.39,1782.02,-1498.98,-5.211
GV-04566,4264.34,1791.54,-1495.69,-5.318
GV-04567,4322.91,1761.97,-1498.96,-5.1139
GV-04568,4359.12,1792.35,-1502.98,-5.058
GV-04569,4436.36,1792.65,-1503.63,-4.9114
GV-04570,4492.62,1764.52,-1495.51,-4.9859
GV-04571,4540.89,1780.38,-1500.66,-4.8151
GV-04572,4590.41,1771.13,-1495.58,-4.7337
GV-04573,4635.12,1791.07,-1504.49,-4.8732
GV-04574,4681.19,1787.0,-1504.43,-4.7371
GV-04575,4716.28,1791.22,-1504.09,-4.6182
GV-04576,4771.51,1774.42,-1499.41,-4.5629
GV-04577,4829.76,1782.41,-1448.5,-4.5357
GV-04578,4858.49,1779.34,-1452.72,-4.4185
GV-04579,4933.27,1791.82,-1450.49,-4.4251
GV-04580,4993.76,1766.9,-1446.34,-4.1944
GV-04581,5030.87,1766.9,-1448.7,-4.5063
GV-04582,5081.17,1771.17,-1448.02,-4.2566
GV-04583,5128.57,1793.73,-1448.89,-4.2218
GV-04584,5164.82,1756.54,-1395.37,-4.1058
GV-04585,5222.63,1757.93,-1395.28,-4.199
GV-04586,5259.02,1755.6,-1397.17,-4.1902
GV-04587,5321.16,1759.1,-1397.77,-4.0622
GV-04588,5362.44,1779.07,-1353.3,-4.0412
GV-04589,5420.85,1761.2,-1354.78,-3.8696
GV-04590,5455.06,1790.1,-1352.43,-3.7753
GV-04591,5538.62,1778.93,-1295.23,-3.7491
GV-04592,5562.99,1755.05,-1298.65,-3.5386
GV-04593,5644.24,1790.64,-1247.38,-3.5363
GV-04594,5664.97,1756.36,-1203.34,-3.3433
GV-04595,5706.67,1779.89,-1195.74,-3.4461
GV-04596,5777.75,1792.91,-1150.17,-3.2742
GV-04597,5823.01,1767.82,-1096.7,-3.2715
GV-04598,5862.99,1785.38,-1100.33,-3.0778
GV-04599,5909.58,1760.18,-1054.06,-3.054
GV-04600,5987.3,1786.67,-995.21,-3.2284
GV-04601,6037.03,1778.21,-998.58,-2.9559
GV-04602,6089.84,1777.67,-953.39,-2.5071
GV-04603,6141.53,1779.26,-904.19,-2.6821
GV-04604,6177.55,1766.99,-897.05,-2.4832
GV-04605,6214.08,1792.32,-845.82,-2.4091
GV-04606,6283.28,1779.48,-796.7,-2.1727
GV-04607,6309.5,1794.81,-799.15,-2.2466
GV-04608,6387.14,1787.02,-749.59,-1.9057
GV-04609,16.44,1807.57,-403.28,-9.3439
GV-04610,87.14,1835.49,-401.2,-9.6149
GV-04611,131.91,1828.46,-396.49,-9.7475
GV-04612,180.0,1805.99,-446.99,-9.9556
GV-04613,226.11,1838.16,-451.01,-10.2776
GV-04614,260.1,1810.95,-447.69,-10.1797
GV-04615,332.69,1817.48,-450.81,-10.329
GV-04616,376.21,1842.53,-504.01,-10.3371
GV-04617,440.23,1822.97,-503.11,-10.5229
GV-04618,489.4,1816.9,-497.15,-10.4353
GV-04619,531.71,1817.97,-549.26,-10.6353
GV-04620,571.98,1823.19,-547.23,-10.2834
GV-04621,631.12,1807.4,-554.63,-10.6345
GV-04622,689.61,1843.31,-602.59,-10.5076
GV-04623,741.13,1821.67,-600.82,-10.4463
GV-04624,760.08,1809.16,-596.76,-10.4691
GV-04625,832.25,1816.35,-603.04,-10.4893
GV-04626,873.59,1836.28,-648.01,-10.4647
GV-04627,915.14,1806.86,-649.35,-10.358
GV-04628,993.73,1831.75,-647.15,-10.3216
GV-04629,1017.59,1815.37,-650.5,-10.4432
GV-04630,1061.74,1825.9,-702.2,-10.1645
GV-04631,1109.32,1835.53,-700.77,-10.2467
GV-04632,1188.25,1807.46,-697.98,-10.2336
GV-04633,1232.65,1806.42,-696.63,-10.091
GV-04634,1286.0,1826.11,-699.17,-10.004
GV-04635,1330.15,1842.19,-749.35,-9.9428
GV-04636,1367.58,1821.01,-751.49,-10.0051
GV-04637,1422.27,1820.46,-750.65,-10.0103
GV-04638,1495.0,1805.33,-748.56,-9.7361
GV-04639,1540.02,1807.43,-799.24,-9.5754
GV-04640,1593.14,1835.13,-802.93,-9.5609
GV-04641,1629.23,1840.02,-797.68,-9.5332
GV-04642,1694.49,1844.99,-853.92,-9.3688
GV-04643,1739.35,1840.15,-851.72,-9.3379
GV-04644,1788.43,1807.89,-898.22,-9.1955
GV-04645,1838.12,1810.04,-902.91,-8.9833
GV-04646,1855.73,1824.95,-947.02,-9.114
GV-04647,1908.69,1820.83,-945.56,-8.9572
GV-04648,1992.93,1825.12,-998.46,-8.8301
GV-04649,2013.17,1831.74,-1001.76,-8.695
GV-04650,2067.06,1814.72,-1046.43,-8.5244
GV-04651,2134.01,1839.25,-1052.32,-8.688
GV-04652,2163.45,1813.74,-1104.98,-8.3526
GV-04653,2210.1,1823.36,-1154.87,-8.1947
GV-04654,2290.24,1821.58,-1151.59,-8.1988
GV-04655,2330.02,1830.59,-1199.55,-7.9738
GV-04656,2355.14,1835.25,-1204.14,-7.9065
GV-04657,2414.04,1812.88,-1251.17,-7.7697
GV-04658,2473.03,1835.86,-1303.17,-7.9613
GV-04659,2543.43,1832.08,-1297.51,-7.6661
GV-04660,2560.13,1841.23,-1352.03,-7.5413
GV-04661,2606.96,1814.72,-1348.36,-7.4578
GV-04662,2694.77,1837.78,-1402.72,-7.256
GV-04663,2725.59,1842.1,-1399.3,-7.1791
GV-04664,2767.94,1819.3,-1397.9,-7.0813
GV-04665,2830.4,1807.95,-1449.44,-7.2302
GV-04666,2888.67,1833.92,-1446.92,-6.9482
GV-04667,2916.36,1826.93,-1453.38,-6.7314
GV-04668,2984.38,1834.24,-1504.53,-6.8504
GV-04669,3029.5,1813.69,-1500.6,-6.7594
GV-04670,3072.01,1841.9,-1500.75,-6.7709
GV-04671,3106.38,1818.97,-1498.22,-6.7424
GV-04672,3169.75,1823.01,-1498.77,-6.6631
GV-04673,3243.71,1840.86,-1497.96,-6.5795
GV-04674,3273.95,1827.44,-1496.02,-6.5026
GV-04675,3319.81,1824.27,-1504.48,-6.2845
GV-04676,3363.33,1818.37,-1504.41,-6.2402
GV-04677,3435.65,1813.07,-1495.7,-6.2016
GV-04678,3465.34,1812.31,-1503.56,-6.047
GV-04679,3526.44,1816.53,-1500.69,-6.1602
GV-04680,3585.44,1840.26,-1501.64,-5.9714
GV-04681,3626.13,1836.43,-1502.75,-5.9102
GV-04682,3660.92,1833.52,-1496.2,-5.6833
GV-04683,3709.01,1844.7,-1496.03,-5.937
GV-04684,3787.43,1812.92,-1498.1,-5.701
GV-04685,3829.38,1832.76,-1498.94,-5.6241
GV-04686,3894.28,1821.59,-1502.48,-5.5004
GV-04687,3942.59,1838.85,-1495.92,-5.5256
GV-04688,3982.6,1824.83,-1502.63,-5.4478
GV-04689,4017.78,1813.86,-1503.2,-5.4941
GV-04690,4067.17,1841.45,-1495.3,-5.3621
GV-04691,4108.63,1839.84,-1501.9,-5.3594
GV-04692,4186.42,1843.54,-1502.61,-5.3643
GV-04693,4233.08,1829.93,-1504.02,-5.1405
GV-04694,4260.5,1831.82,-1500.36,-5.2005
GV-04695,4332.75,1836.55,-1495.63,-5.1011
GV-04696,4392.56,1818.16,-1499.64,-5.0539
GV-04697,4427.78,1832.24,-1504.64,-5.0723
GV-04698,4490.24,1812.57,-1501.8,-4.7805
GV-04699,4505.21,1831.93,-1504.37,-4.792
GV-04700,4584.35,1808.63,-1498.54,-5.0095
GV-04701,4641.83,1805.36,-1503.38,-4.8576
GV-04702,4656.35,1835.66,-1500.89,-4.7674
GV-04703,4722.48,1811.37,-1498.78,-4.5609
GV-04704,4769.02,1821.96,-1496.44,-4.5106
GV-04705,4827.82,1826.09,-1497.18,-4.3731
GV-04706,4866.28,1830.43,-1496.85,-4.4631
GV-04707,4907.06,1838.67,-1453.71,-4.4921
GV-04708,4973.55,1829.92,-1454.8,-4.5617
GV-04709,5042.95,1811.92,-1452.11,-4.3066
GV-04710,5085.8,1838.75,-1454.03,-4.4496
GV-04711,5110.33,1835.07,-1450.72,-4.2094
GV-04712,5165.51,1814.57,-1449.12,-3.9338
GV-04713,5228.76,1811.38,-1448.31,-4.0327
GV-04714,5280.18,1832.17,-1398.17,-4.2384
GV-04715,5309.84,1809.43,-1401.16,-3.997
GV-04716,5373.91,1821.83,-1400.74,-3.827
GV-04717,5408.91,1816.35,-1354.22,-3.8669
GV-04718,5471.82,1824.22,-1347.9,-3.8123
GV-04719,5526.54,1819.07,-1304.37,-3.7144
GV-04720,5559.16,1807.96,-1295.79,-3.7663
GV-04721,5609.95,1839.73,-1248.46,-3.5761
GV-04722,5674.08,1834.74,-1250.3,-3.4738
GV-04723,5715.51,1831.16,-1204.14,-3.5305
GV-04724,5785.69,1814.99,-1145.74,-3.4635
GV-04725,5833.31,1816.05,-1153.13,-3.3284
GV-04726,5857.84,1833.3,-1095.05,-3.164
GV-04727,5933.48,1826.88,-1054.71,-2.911
GV-04728,5974.73,1821.83,-1052.59,-3.1483
GV-04729,6035.85,1826.48,-997.03,-3.0004
GV-04730,6069.5,1837.11,-946.35,-2.6908
GV-04731,6126.49,1829.05,-954.89,-2.7897
GV-04732,6176.83,1810.67,-895.21,-2.6467
GV-04733,6219.87,1837.33,-848.52,-2.3559
GV-04734,6288.03,1844.65,-846.26,-2.2634
GV-04735,6319.44,1806.52,-800.93,-2.2029
GV-04736,6384.6,1829.59,-803.03,-1.9464
GV-04737,42.23,1883.9,-398.71,-9.2727
GV-04738,61.57,1869.41,-395.5,-9.6792
GV-04739,136.35,1893.88,-398.76,-9.8695
GV-04740,170.52,1857.68,-398.88,-10.0318
GV-04741,226.57,1858.65,-449.52,-10.3229
GV-04742,266.14,1881.46,-450.8,-10.4208
GV-04743,313.46,1888.53,-446.48,-10.5466
GV-04744,390.66,1894.93,-503.54,-10.5754
GV-04745,434.06,1883.75,-502.8,-10.5261
GV-04746,455.83,1882.14,-497.91,-10.5279
GV-04747,540.43,1886.98,-548.02,-10.4562
GV-04748,592.94,1877.27,-548.33,-10.5427
GV-04749,610.51,1867.84,-546.35,-10.5876
GV-04750,657.74,1883.73,-545.28,-10.8135
GV-04751,739.54,1871.19,-595.67,-10.6973
GV-04752,793.79,1882.12,-595.19,-10.7124
GV-04753,844.03,1879.69,-600.79,-10.636
GV-04754,868.88,1889.0,-647.46,-10.4622
GV-04755,910.83,1865.41,-653.08,-10.4451
GV-04756,964.18,1855.76,-648.56,-10.5818
GV-04757,1021.54,1863.67,-649.05,-10.4552
GV-04758,1071.17,1865.9,-652.32,-10.354
GV-04759,1129.55,1869.35,-700.08,-10.2871
GV-04760,1188.31,1873.3,-696.64,-10.1845
GV-04761,1244.22,1872.67,-695.1,-10.2222
GV-04762,1285.83,1893.19,-698.28,-10.1363
GV-04763,1337.89,1881.68,-697.71,-10.1181
GV-04764,1387.73,1883.62,-745.05,-9.8641
GV-04765,1416.4,1872.79,-749.19,-10.2119
GV-04766,1475.45,1882.88,-751.61,-9.9713
GV-04767,1525.11,1889.71,-751.48,-9.8204
GV-04768,1559.32,1862.12,-796.36,-9.6787
GV-04769,1609.48,1878.14,-797.2,-9.7053
GV-04770,1669.57,1877.58,-798.71,-9.565
GV-04771,1720.49,1888.34,-853.55,-9.3857
GV-04772,1773.18,1864.17,-847.31,-9.3701
GV-04773,1844.91,1894.85,-900.49,-9.1249
GV-04774,1882.47,1868.51,-898.85,-9.2218
GV-04775,1912.55,1886.23,-946.2,-8.9923
GV-04776,1961.83,1879.82,-952.01,-9.0128
GV-04777,2030.11,1871.4,-998.05,-8.7607
GV-04778,2056.91,1863.41,-999.79,-8.7
GV-04779,2135.41,1864.36,-1048.49,-8.5624
GV-04780,2175.68,1861.86,-1103.16,-8.6402
GV-04781,2226.79,1855.98,-1096.55,-8.3441
GV-04782,2259.91,1859.19,-1152.08,-8.1582
GV-04783,2321.9,1890.57,-1145.56,-8.0976
GV-04784,2383.32,1893.19,-1195.31,-8.1377
GV-04785,2422.95,1870.69,-1249.08,-7.9235
GV-04786,2487.97,1875.62,-1247.2,-7.8273
GV-04787,2512.74,1862.77,-1301.21,-7.6073
GV-04788,2582.35,1858.05,-1296.62,-7.6128
GV-04789,2635.6,1885.53,-1353.67,-7.6867
GV-04790,2678.73,1860.01,-1352.88,-7.5333
GV-04791,2737.26,1878.14,-1398.46,-7.4811
GV-04792,2791.38,1880.46,-1401.77,-7.2149
GV-04793,2833.44,1861.87,-1451.37,-7.1241
GV-04794,2876.99,1872.53,-1450.48,-7.1955
GV-04795,2919.0,1893.71,-1448.53,-6.9141
GV-04796,2977.96,1883.43,-1453.0,-7.1473
GV-04797,3022.37,1874.93,-1497.39,-6.9511
GV-04798,3064.86,1881.44,-1499.67,-6.7331
GV-04799,3141.5,1866.45,-1497.31,-6.6767
GV-04800,3190.86,1860.19,-1498.9,-6.7298
GV-04801,3244.67,1882.79,-1497.57,-6.5115
GV-04802,3266.96,1865.99,-1503.73,-6.5173
GV-04803,3327.84,1883.46,-1495.28,-6.311
GV-04804,3372.67,1882.15,-1500.05,-6.328
GV-04805,3429.29,1893.8,-1502.22,-6.2551
GV-04806,3477.43,1857.28,-1496.6,-6.2133
GV-04807,3518.78,1882.04,-1499.4,-6.0616
GV-04808,3584.63,1893.96,-1496.57,-5.9969
GV-04809,3630.09,1890.9,-1499.13,-5.9832
GV-04810,3688.84,1893.58,-1495.82,-5.8386
GV-04811,3743.92,1860.36,-1497.37,-5.8044
GV-04812,3775.3,1859.34,-1496.53,-5.7242
GV-04813,3826.42,1877.32,-1499.21,-5.7362
GV-04814,3890.71,1857.16,-1501.88,-5.6377
GV-04815,3918.67,1870.86,-1503.29,-5.7223
GV-04816,3973.51,1883.77,-1504.92,-5.5328
GV-04817,4019.86,1882.01,-1497.38,-5.4511
GV-04818,4055.16,1873.77,-1497.32,-5.3854
GV-04819,4117.09,1870.2,-1501.64,-5.3194
GV-04820,4190.33,1858.86,-1498.73,-5.2667
GV-04821,4205.9,1888.26,-1502.8,-5.426
GV-04822,4282.84,1858.09,-1499.58,-5.084
GV-04823,4324.65,1861.2,-1497.61,-5.1665
GV-04824,4368.33,1871.78,-1504.34,-5.158
GV-04825,4438.04,1886.13,-1501.94,-4.9887
GV-04826,4460.94,1862.61,-1502.06,-4.9913
GV-04827,4527.39,1858.61,-1501.22,-4.971
GV-04828,4592.43,1886.88,-1495.27,-5.0147
GV-04829,4629.93,1857.07,-1502.62,-4.9487
GV-04830,4684.47,1881.1,-1502.66,-4.8438
GV-04831,4723.46,1870.0,-1495.03,-4.6966
GV-04832,4763.25,1860.54,-1496.35,-4.6155
GV-04833,4825.96,1874.22,-1502.09,-4.5757
GV-04834,4871.61,1881.99,-1504.75,-4.3273
GV-04835,4911.64,1856.94,-1503.23,-4.5179
GV-04836,4974.31,1892.91,-1498.02,-4.3972
GV-04837,5039.01,1885.13,-1447.34,-4.3454
GV-04838,5075.82,1858.16,-1448.44,-4.1363
GV-04839,5115.48,1886.67,-1447.31,-4.3092
GV-04840,5173.32,1890.69,-1446.44,-4.2182
GV-04841,5229.89,1861.64,-1451.51,-4.1277
GV-04842,5272.11,1861.04,-1449.52,-3.9748
GV-04843,5336.5,1884.13,-1401.99,-3.9801
GV-04844,5381.61,1882.86,-1401.35,-3.781
GV-04845,5412.71,1882.83,-1395.44,-3.871
GV-04846,5462.44,1871.01,-1347.37,-3.9896
GV-04847,5532.79,1891.11,-1347.94,-3.5788
GV-04848,5564.28,1884.89,-1297.91,-3.7103
GV-04849,5622.01,1858.29,-1304.87,-3.3631
GV-04850,5655.82,1856.68,-1247.93,-3.4345
GV-04851,5718.49,1859.87,-1201.16,-3.5201
GV-04852,5767.5,1870.3,-1203.77,-3.374
GV-04853,5843.12,1870.37,-1152.15,-3.2264
GV-04854,5876.43,1868.93,-1152.22,-3.3746
GV-04855,5913.64,1893.94,-1098.1,-3.0076
GV-04856,5972.42,1873.98,-1054.84,-2.9562
GV-04857,6043.25,1894.39,-1047.09,-2.9759
GV-04858,6084.18,1867.4,-996.68,-2.5963
GV-04859,6128.98,1867.92,-951.83,-2.7863
GV-04860,6164.9,1876.32,-951.81,-2.5312
GV-04861,6213.49,1857.18,-897.23,-2.2869
GV-04862,6282.36,1858.34,-852.98,-2.2221
GV-04863,6327.35,1877.34,-846.17,-2.2166
GV-04864,6394.36,1860.95,-797.91,-1.99
GV-04865,37.2,1915.97,-399.44,-9.4816
GV-04866,55.98,1940.3,-398.58,-9.6998
GV-04867,110.44,1908.43,-404.6,-9.97
GV-04868,179.66,1924.92,-403.94,-10.406
GV-04869,228.16,1918.84,-447.43,-10.4126
GV-04870,290.52,1909.9,-447.18,-10.6936
GV-04871,320.02,1909.26,-452.04,-10.5642
GV-04872,384.67,1930.55,-498.16,-10.4171
GV-04873,412.03,1942.26,-498.54,-10.5963
GV-04874,476.84,1924.35,-498.01,-10.6639
GV-04875,507.59,1935.16,-503.26,-10.7533
GV-04876,557.08,1909.7,-552.3,-10.6452
GV-04877,623.98,1912.82,-554.45,-10.715
GV-04878,655.07,1911.05,-552.17,-10.641
GV-04879,708.96,1937.74,-602.82,-10.6525
GV-04880,778.07,1927.17,-599.11,-10.8273
GV-04881,830.72,1925.93,-604.04,-10.6453
GV-04882,878.52,1917.13,-596.64,-10.5473
GV-04883,929.74,1908.18,-653.74,-10.4934
GV-04884,963.1,1944.08,-648.69,-10.5722
GV-04885,1027.59,1927.05,-645.81,-10.6372
GV-04886,1076.86,1939.5,-645.71,-10.4115
GV-04887,1138.6,1912.6,-647.32,-10.4928
GV-04888,1185.8,1906.73,-695.21,-10.3365
GV-04889,1211.91,1933.03,-701.82,-10.4286
GV-04890,1276.16,1923.12,-696.96,-10.2389
GV-04891,1343.24,1944.31,-703.22,-10.2477
GV-04892,1375.18,1943.8,-702.69,-10.2024
GV-04893,1406.77,1929.6,-754.79,-10.0635
GV-04894,1485.31,1932.75,-751.0,-9.9314
GV-04895,1529.61,1937.94,-745.04,-9.7763
GV-04896,1580.62,1939.63,-745.02,-9.7226
GV-04897,1619.29,1907.66,-802.23,-9.7413
GV-04898,1691.26,1931.32,-795.04,-9.6146
GV-04899,1730.28,1919.31,-803.28,-9.5262
GV-04900,1780.93,1924.03,-852.5,-9.3703
GV-04901,1826.9,1935.1,-847.76,-9.1965
GV-04902,1859.68,1916.25,-903.55,-9.1742
GV-04903,1908.73,1938.28,-902.09,-9.0145
GV-04904,1961.57,1944.15,-950.1,-9.0995
GV-04905,2044.1,1927.5,-947.14,-8.8824
GV-04906,2092.83,1938.74,-1003.59,-8.7919
GV-04907,2127.66,1935.06,-1048.63,-8.6465
GV-04908,2162.39,1936.04,-1048.37,-8.5914
GV-04909,2236.84,1921.2,-1096.3,-8.5435
GV-04910,2271.18,1930.03,-1103.93,-8.3304
GV-04911,2324.92,1906.27,-1148.44,-8.3442
GV-04912,2393.32,1915.3,-1200.77,-8.2885
GV-04913,2436.27,1910.65,-1204.83,-7.975
GV-04914,2463.82,1913.4,-1252.54,-8.0051
GV-04915,2535.68,1909.45,-1247.78,-7.7886
GV-04916,2562.8,1923.67,-1299.32,-7.6907
GV-04917,2637.14,1942.61,-1299.68,-7.6525
GV-04918,2692.37,1911.06,-1346.67,-7.5888
GV-04919,2707.68,1912.17,-1353.3,-7.6386
GV-04920,2778.4,1924.52,-1402.92,-7.363
GV-04921,2814.99,1933.73,-1404.54,-7.013
GV-04922,2866.15,1930.2,-1453.68,-7.1252
GV-04923,2940.36,1916.21,-1454.56,-7.0755
GV-04924,2970.68,1912.18,-1453.75,-7.1158
GV-04925,3021.48,1940.2,-1453.26,-7.0946
GV-04926,3079.33,1905.78,-1497.56,-6.8207
GV-04927,3116.89,1931.51,-1501.98,-6.7449
GV-04928,3175.38,1942.15,-1502.35,-6.6906
GV-04929,3239.26,1934.87,-1503.97,-6.3877
GV-04930,3291.85,1906.27,-1504.58,-6.5187
GV-04931,3344.56,1922.86,-1499.39,-6.4921
GV-04932,3368.78,1910.26,-1496.17,-6.2836
GV-04933,3411.26,1932.82,-1495.04,-6.3385
GV-04934,3480.67,1939.61,-1500.28,-6.2564
GV-04935,3532.43,1929.8,-1499.83,-6.2844
GV-04936,3591.29,1905.73,-1503.25,-6.0737
GV-04937,3618.9,1922.32,-1502.9,-6.0272
GV-04938,3683.97,1924.26,-1499.93,-6.0572
GV-04939,3710.26,1922.82,-1498.73,-5.9029
GV-04940,3756.91,1925.08,-1500.55,-5.8718
GV-04941,3839.87,1925.08,-1502.6,-5.7602
GV-04942,3894.25,1907.64,-1498.22,-5.7652
GV-04943,3940.09,1914.32,-1503.01,-5.6702
GV-04944,3981.72,1918.18,-1501.59,-5.3949
GV-04945,4025.96,1942.66,-1502.0,-5.402
GV-04946,4077.42,1905.09,-1496.42,-5.5993
GV-04947,4109.68,1937.8,-1499.69,-5.4223
GV-04948,4187.86,1914.83,-1502.78,-5.1545
GV-04949,4242.97,1915.08,-1499.85,-5.3315
GV-04950,4293.79,1912.0,-1497.72,-5.3183
GV-04951,4327.76,1936.99,-1501.96,-5.1177
GV-04952,4394.1,1940.22,-1497.8,-5.1186
GV-04953,4412.86,1912.78,-1495.95,-5.1021
GV-04954,4455.5,1931.48,-1503.15,-4.9742
GV-04955,4509.96,1924.55,-1500.15,-4.9913
GV-04956,4568.58,1909.9,-1495.25,-4.7836
GV-04957,4640.41,1908.37,-1495.17,-4.9142
GV-04958,4689.66,1914.51,-1496.2,-4.8108
GV-04959,4744.6,1937.77,-1496.62,-4.6766
GV-04960,4771.48,1943.96,-1501.48,-4.4703
GV-04961,4839.28,1939.42,-1496.45,-4.5844
GV-04962,4880.56,1908.19,-1502.24,-4.6853
GV-04963,4930.33,1922.62,-1498.17,-4.4152
GV-04964,4982.43,1907.33,-1500.21,-4.2719
GV-04965,5038.8,1934.33,-1496.99,-4.1738
GV-04966,5093.29,1922.69,-1499.4,-4.1532
GV-04967,5121.51,1907.24,-1450.86,-4.1743
GV-04968,5194.39,1908.41,-1453.58,-4.116
GV-04969,5242.33,1930.85,-1454.52,-3.96
GV-04970,5276.66,1923.19,-1450.04,-3.9923
GV-04971,5334.83,1925.17,-1451.53,-3.9248
GV-04972,5377.63,1918.7,-1397.75,-3.8856
GV-04973,5436.77,1924.82,-1396.86,-3.8312
GV-04974,5476.79,1922.67,-1400.85,-3.8462
GV-04975,5543.33,1909.94,-1351.33,-3.7117
GV-04976,5586.33,1917.93,-1349.92,-3.5509
GV-04977,5616.88,1937.51,-1304.41,-3.492
GV-04978,5687.32,1934.14,-1245.42,-3.5319
GV-04979,5743.44,1920.18,-1252.91,-3.359
GV-04980,5780.85,1922.44,-1197.57,-3.3
GV-04981,5817.94,1913.57,-1199.34,-3.1376
GV-04982,5872.73,1943.04,-1152.3,-3.1274
GV-04983,5909.56,1933.97,-1095.49,-3.0231
GV-04984,5968.17,1944.29,-1096.95,-2.9628
GV-04985,6040.32,1931.01,-1050.06,-2.9785
GV-04986,6072.37,1941.78,-1001.19,-2.8621
GV-04987,6133.44,1937.6,-998.53,-2.5881
GV-04988,6166.12,1928.83,-948.65,-2.6735
GV-04989,6217.36,1939.64,-902.3,-2.235
GV-04990,6264.53,1938.56,-900.36,-2.1648
GV-04991,6331.64,1940.34,-845.72,-2.1962
GV-04992,6368.31,1907.31,-851.41,-1.8792
GV-04993,18.92,1974.97,-400.26,-9.3846
GV-04994,91.79,1958.01,-403.92,-9.6495
GV-04995,135.57,1993.39,-395.65,-10.0263
GV-04996,168.11,1984.25,-402.01,-10.2289
GV-04997,224.83,1968.1,-446.66,-10.4832
GV-04998,263.05,1983.03,-446.35,-10.4788
GV-04999,317.58,1994.44,-453.68,-10.5417
GV-05000,374.21,1956.25,-446.15,-10.4532
GV-05001,437.95,1987.47,-501.49,-10.5677
GV-05002,489.64,1971.27,-495.32,-10.8868
GV-05003,511.2,1992.2,-502.99,-10.6633
GV-05004,591.06,1971.09,-546.96,-10.7489
GV-05005,642.97,1965.97,-546.65,-10.6224
GV-05006,664.38,1982.41,-545.85,-10.7263
GV-05007,742.59,1990.98,-597.08,-10.7869
GV-05008,780.14,1969.78,-603.97,-10.9467
GV-05009,811.41,1976.32,-598.67,-10.6869
GV-05010,886.83,1983.83,-602.57,-10.8518
GV-05011,935.47,1980.77,-649.74,-10.7395
GV-05012,958.55,1966.46,-651.84,-10.7495
GV-05013,1040.23,1975.21,-652.61,-10.662
GV-05014,1085.87,1980.8,-653.32,-10.6177
GV-05015,1122.51,1969.8,-653.63,-10.5736
GV-05016,1192.07,1960.48,-650.37,-10.4127
GV-05017,1244.22,1982.7,-702.87,-10.2919
GV-05018,1287.59,1959.79,-700.13,-10.43
GV-05019,1327.28,1980.67,-703.54,-10.1573
GV-05020,1387.87,1961.47,-696.44,-10.301
GV-05021,1421.31,1962.95,-700.0,-10.1299
GV-05022,1490.82,1976.68,-752.13,-10.1186
GV-05023,1527.66,1980.31,-754.67,-10.1051
GV-05024,1585.05,1974.91,-753.15,-9.9656
GV-05025,1617.25,1994.07,-754.77,-9.6868
GV-05026,1689.46,1957.74,-802.01,-9.8403
GV-05027,1714.3,1969.47,-804.89,-9.6402
GV-05028,1791.72,1986.73,-845.42,-9.6016
GV-05029,1805.72,1965.41,-846.16,-9.3565
GV-05030,1862.52,1994.23,-848.36,-9.2903
GV-05031,1912.33,1979.78,-898.87,-9.3089
GV-05032,1972.94,1990.94,-948.42,-9.0554
GV-05033,2015.67,1985.23,-949.55,-9.1452
GV-05034,2071.98,1969.2,-1002.34,-8.8288
GV-05035,2127.28,1967.75,-1000.86,-8.8507
GV-05036,2169.57,1991.99,-1049.33,-8.6943
GV-05037,2213.99,1968.13,-1052.95,-8.4882
GV-05038,2271.26,1990.97,-1098.89,-8.5385
GV-05039,2316.71,1969.62,-1146.13,-8.2921
GV-05040,2382.27,1979.99,-1151.4,-8.2423
GV-05041,2413.95,1988.77,-1195.53,-8.369
GV-05042,2475.98,1970.67,-1198.66,-8.0706
GV-05043,2508.88,1960.0,-1246.77,-7.855
GV-05044,2566.93,1993.17,-1251.72,-7.9086
GV-05045,2606.63,1977.16,-1297.62,-7.8953
GV-05046,2691.75,1990.91,-1301.25,-7.6367
GV-05047,2731.74,1956.9,-1351.4,-7.587
GV-05048,2768.0,1964.2,-1347.39,-7.7349
GV-05049,2827.65,1988.72,-1395.45,-7.287
GV-05050,2872.89,1957.32,-1396.75,-7.2002
GV-05051,2922.16,1965.89,-1445.52,-7.2139
GV-05052,2967.77,1955.97,-1450.3,-7.1519
GV-05053,3031.41,1989.89,-1449.67,-6.9488
GV-05054,3080.51,1962.88,-1452.11,-6.8839
GV-05055,3110.5,1966.14,-1499.38,-6.8978
GV-05056,3174.21,1957.63,-1501.83,-6.6858
GV-05057,3233.58,1982.11,-1497.04,-6.477
GV-05058,3286.78,1977.15,-1499.2,-6.4005
GV-05059,3307.21,1960.85,-1503.0,-6.4732
GV-05060,3377.73,1989.72,-1498.09,-6.3808
GV-05061,3431.4,1959.25,-1504.78,-6.4968
GV-05062,3456.48,1975.53,-1496.82,-6.1675
GV-05063,3506.32,1955.83,-1496.26,-6.2461
GV-05064,3572.0,1977.34,-1501.51,-6.4963
GV-05065,3627.24,1989.58,-1500.29,-5.9417
GV-05066,3659.83,1982.82,-1497.81,-6.087
GV-05067,3705.75,1983.76,-1502.64,-5.814
GV-05068,3788.71,1981.1,-1504.47,-5.9861
GV-05069,3814.41,1964.64,-1500.46,-5.8335
GV-05070,3889.98,1971.3,-1500.49,-5.6322
GV-05071,3944.77,1963.89,-1497.37,-5.7075
GV-05072,3961.5,1963.74,-1497.71,-5.5938
GV-05073,4017.29,1973.42,-1500.85,-5.5836
GV-05074,4087.92,1961.65,-1497.31,-5.4384
GV-05075,4109.78,1969.39,-1503.11,-5.6088
GV-05076,4188.91,1957.8,-1502.1,-5.3235
GV-05077,4228.77,1961.62,-1498.92,-5.3376
GV-05078,4290.62,1993.3,-1496.25,-5.3254
GV-05079,4307.94,1987.19,-1497.94,-5.4003
GV-05080,4370.97,1976.05,-1501.11,-4.9804
GV-05081,4429.74,1984.87,-1500.13,-5.1475
GV-05082,4478.48,1959.82,-1498.93,-5.0071
GV-05083,4544.68,1994.48,-1498.77,-4.9177
GV-05084,4587.06,1983.83,-1496.8,-4.8981
GV-05085,4619.18,1973.44,-1496.51,-4.9707
GV-05086,4692.98,1984.0,-1503.96,-4.7661
GV-05087,4738.49,1975.39,-1500.11,-4.7282
GV-05088,4763.42,1979.86,-1501.94,-4.8322
GV-05089,4813.46,1959.54,-1504.43,-4.6537
GV-05090,4863.06,1959.53,-1504.33,-4.5592
GV-05091,4944.56,1989.16,-1504.9,-4.455
GV-05092,4989.5,1968.83,-1500.73,-4.5989
GV-05093,5038.25,1991.02,-1503.55,-4.4286
GV-05094,5091.12,1956.58,-1495.75,-4.174
GV-05095,5106.3,1959.5,-1503.34,-4.1409
GV-05096,5165.85,1962.12,-1501.38,-4.1618
GV-05097,5215.6,1980.36,-1451.26,-4.1589
GV-05098,5260.45,1965.83,-1446.22,-4.2533
GV-05099,5327.46,1955.0,-1453.26,-4.0438
GV-05100,5359.19,1956.58,-1451.51,-3.8769
GV-05101,5416.61,1968.87,-1403.34,-3.8386
GV-05102,5462.3,1956.6,-1398.02,-3.7095
GV-05103,5514.65,1955.66,-1347.88,-3.9192
GV-05104,5561.01,1973.29,-1354.88,-3.6066
GV-05105,5643.27,1993.45,-1303.78,-3.5114
GV-05106,5677.73,1994.4,-1299.83,-3.5859
GV-05107,5713.02,1967.35,-1252.3,-3.4107
GV-05108,5758.49,1964.86,-1248.12,-3.3411
GV-05109,5814.06,1969.1,-1195.75,-3.2392
GV-05110,5872.79,1968.38,-1148.22,-2.9597
GV-05111,5916.89,1962.7,-1150.0,-2.894
GV-05112,5984.34,1989.66,-1098.31,-2.8598
GV-05113,6041.04,1979.09,-1050.16,-2.8384
GV-05114,6077.61,1962.61,-1051.76,-2.7782
GV-05115,6141.51,1993.56,-1004.27,-2.6455
GV-05116,6187.97,1957.21,-995.92,-2.3984
GV-05117,6230.86,1964.02,-954.97,-2.2459
GV-05118,6291.69,1992.37,-900.48,-2.2039
GV-05119,6342.08,1971.49,-900.52,-1.9374
GV-05120,6375.71,1965.41,-849.74,-1.8804
GV-05121,25.44,2019.19,-400.09,-9.5052
GV-05122,59.62,2011.05,-400.64,-9.8716
GV-05123,140.36,2005.87,-399.16,-10.2485
GV-05124,175.63,2040.18,-402.27,-10.0778
GV-05125,242.92,2037.58,-454.49,-10.322
GV-05126,294.61,2035.8,-447.0,-10.6882
GV-05127,344.99,2010.94,-452.38,-10.5727
GV-05128,372.74,2028.03,-447.2,-10.7813
GV-05129,442.91,2039.38,-500.16,-10.6968
GV-05130,464.59,2018.18,-499.71,-10.7867
GV-05131,536.31,2025.86,-499.35,-10.7788
GV-05132,556.01,2018.51,-548.73,-10.6734
GV-05133,615.15,2038.63,-547.55,-10.7877
GV-05134,671.5,2041.31,-554.0,-10.9543
GV-05135,726.49,2031.15,-598.31,-10.8833
GV-05136,776.3,2024.36,-602.15,-10.8239
GV-05137,823.3,2023.27,-602.98,-11.0272
GV-05138,886.54,2042.45,-597.47,-10.7017
GV-05139,942.84,2019.78,-600.68,-10.949
GV-05140,970.23,2014.93,-648.75,-10.7595
GV-05141,1026.42,2043.08,-653.13,-10.6845
GV-05142,1088.15,2016.54,-648.77,-10.7534
GV-05143,1133.71,2020.29,-651.73,-10.6843
GV-05144,1166.1,2040.18,-653.8,-10.7018
GV-05145,1219.03,2016.89,-647.35,-10.4654
GV-05146,1261.33,2012.75,-695.16,-10.6458
GV-05147,1320.39,2020.72,-701.7,-10.4591
GV-05148,1366.07,2030.61,-698.4,-10.4483
GV-05149,1429.34,2007.29,-697.99,-10.392
GV-05150,1466.59,2009.9,-699.26,-10.3831
GV-05151,1515.55,2011.65,-751.3,-9.9764
GV-05152,1562.09,2009.03,-750.07,-10.1002
GV-05153,1634.76,2010.52,-746.84,-9.9723
GV-05154,1665.86,2017.93,-751.58,-9.8379
GV-05155,1717.75,2034.12,-800.02,-9.5855
GV-05156,1783.17,2041.28,-798.95,-9.6443
GV-05157,1839.69,2029.42,-846.67,-9.6912
GV-05158,1889.46,2040.97,-852.03,-9.4411
GV-05159,1914.37,2026.61,-901.62,-9.4255
GV-05160,1960.34,2036.91,-904.84,-9.2425
GV-05161,2005.6,2018.76,-946.52,-9.0301
GV-05162,2085.02,2022.9,-950.07,-9.1577
GV-05163,2122.18,2009.88,-1003.8,-9.0891
GV-05164,2164.1,2006.98,-1000.15,-8.7323
GV-05165,2228.43,2026.87,-1050.83,-8.6479
GV-05166,2269.11,2037.37,-1101.92,-8.4713
GV-05167,2329.0,2034.16,-1099.27,-8.4619
GV-05168,2384.31,2018.45,-1154.66,-8.3455
GV-05169,2423.27,2041.02,-1153.41,-8.2181
GV-05170,2469.36,2015.71,-1201.63,-8.0782
GV-05171,2530.61,2010.84,-1249.26,-8.2678
GV-05172,2567.75,2032.74,-1247.34,-8.089
GV-05173,2611.8,2014.82,-1300.33,-7.9359
GV-05174,2661.11,2019.71,-1300.15,-7.6427
GV-05175,2706.35,2036.28,-1351.87,-7.7678
GV-05176,2760.69,2025.68,-1345.94,-7.4291
GV-05177,2833.86,2026.49,-1346.09,-7.4874
GV-05178,2879.09,2005.28,-1397.4,-7.4387
GV-05179,2908.03,2033.99,-1402.93,-7.7735
GV-05180,2977.84,2032.62,-1448.34,-7.2505
GV-05181,3020.01,2023.16,-1450.51,-7.0082
GV-05182,3081.13,2033.41,-1451.97,-6.9446
GV-05183,3136.84,2043.59,-1453.04,-6.8051
GV-05184,3166.25,2043.34,-1500.9,-6.656
GV-05185,3224.9,2015.11,-1495.03,-6.7778
GV-05186,3284.55,2023.1,-1502.04,-6.7677
GV-05187,3318.6,2036.68,-1497.21,-6.6777
GV-05188,3386.92,2023.48,-1501.81,-6.6084
GV-05189,3431.06,2010.38,-1496.11,-6.4988
GV-05190,3479.13,2018.51,-1501.65,-6.3553
GV-05191,3536.56,2039.58,-1502.19,-5.9465
GV-05192,3578.1,2036.31,-1498.16,-6.2466
GV-05193,3630.18,2007.25,-1495.19,-6.0662
GV-05194,3682.07,2018.91,-1504.81,-6.2244
GV-05195,3725.89,2017.48,-1498.96,-5.9942
GV-05196,3761.89,2021.65,-1500.11,-5.8651
GV-05197,3841.76,2035.72,-1504.89,-5.8979
GV-05198,3862.9,2044.75,-1497.23,-5.8299
GV-05199,3934.36,2033.33,-1501.87,-5.622
GV-05200,3956.32,2027.66,-1497.68,-5.7849
GV-05201,4007.7,2006.34,-1500.34,-5.5079
GV-05202,4072.57,2011.41,-1500.49,-5.5473
GV-05203,4136.19,2011.65,-1501.08,-5.6431
GV-05204,4191.3,2029.87,-1497.15,-5.3764
GV-05205,4244.81,2026.37,-1497.23,-5.287
GV-05206,4291.88,2021.31,-1501.38,-5.3224
GV-05207,4341.33,2008.91,-1498.42,-5.2762
GV-05208,4370.33,2015.06,-1503.63,-5.0844
GV-05209,4439.89,2014.23,-1498.16,-5.1065
GV-05210,4455.51,2036.59,-1500.02,-5.2261
GV-05211,4516.88,2021.08,-1503.97,-4.9309
GV-05212,4592.4,2034.02,-1499.28,-4.8599
GV-05213,4619.72,2025.71,-1503.78,-4.8911
GV-05214,4669.67,2023.03,-1500.49,-4.7434
GV-05215,4712.41,2016.94,-1503.32,-4.8821
GV-05216,4791.54,2018.17,-1500.64,-4.7178
GV-05217,4816.75,2020.15,-1496.95,-4.5212
GV-05218,4855.47,2038.88,-1495.02,-4.5927
GV-05219,4927.31,2039.63,-1502.32,-4.6993
GV-05220,4961.1,2013.17,-1502.09,-4.3556
GV-05221,5014.59,2032.61,-1499.0,-4.2646
GV-05222,5084.67,2027.84,-1502.09,-4.413
GV-05223,5121.45,2023.65,-1499.22,-4.0407
GV-05224,5191.62,2019.27,-1498.11,-4.2541
GV-05225,5223.23,2030.14,-1497.84,-4.1834
GV-05226,5271.13,2035.4,-1449.05,-3.9109
GV-05227,5328.0,2007.36,-1451.22,-3.9029
GV-05228,5385.75,2042.22,-1451.4,-3.9376
GV-05229,5413.52,2042.72,-1445.92,-3.7621
GV-05230,5471.54,2038.37,-1401.49,-3.7749
GV-05231,5520.34,2024.24,-1403.66,-3.9072
GV-05232,5592.26,2032.16,-1354.22,-3.6673
GV-05233,5623.67,2009.52,-1351.74,-3.561
GV-05234,5692.14,2036.81,-1302.04,-3.6355
GV-05235,5743.43,2006.83,-1299.77,-3.4845
GV-05236,5755.12,2007.08,-1248.06,-3.1355
GV-05237,5824.51,2005.45,-1201.72,-3.2299
GV-05238,5876.29,2026.03,-1196.92,-3.165
GV-05239,5905.04,2025.23,-1153.48,-2.9154
GV-05240,5964.03,2035.84,-1146.38,-2.8829
GV-05241,6016.97,2007.14,-1097.93,-2.6621
GV-05242,6076.51,2016.56,-1049.92,-2.51
GV-05243,6134.49,2041.9,-1054.77,-2.5756
GV-05244,6164.76,2020.01,-1001.43,-2.3824
GV-05245,6230.45,2015.83,-951.03,-2.3505
GV-05246,6284.04,2014.57,-946.74,-2.2088
GV-05247,6324.14,2023.54,-902.05,-1.9592
GV-05248,6390.97,2031.94,-852.68,-1.6728
GV-05249,22.7,2057.31,-404.67,-9.6336
GV-05250,73.86,2077.93,-398.06,-9.8766
GV-05251,129.71,2095.0,-401.52,-10.0312
GV-05252,162.87,2056.39,-401.3,-10.4659
GV-05253,219.73,2065.74,-447.19,-10.3869
GV-05254,291.87,2057.87,-454.18,-10.5977
GV-05255,332.9,2067.0,-450.09,-10.5028
GV-05256,386.87,2061.71,-448.93,-10.8957
GV-05257,429.54,2092.81,-496.84,-10.7787
GV-05258,466.78,2065.98,-501.58,-10.8526
GV-05259,512.76,2084.82,-497.28,-10.7963
GV-05260,565.67,2056.08,-553.45,-11.0302
GV-05261,620.45,2079.44,-547.32,-10.9499
GV-05262,666.82,2062.36,-550.35,-10.9767
GV-05263,716.13,2065.41,-546.45,-10.9888
GV-05264,776.98,2087.92,-603.51,-10.8332
GV-05265,834.15,2065.38,-597.55,-10.9644
GV-05266,858.69,2060.06,-595.84,-10.9021
GV-05267,917.08,2066.01,-601.83,-11.002
GV-05268,983.68,2057.82,-596.55,-11.0401
GV-05269,1025.05,2073.54,-647.62,-10.745
GV-05270,1090.9,2056.22,-647.75,-10.8001
GV-05271,1135.04,2067.09,-653.09,-10.7473
GV-05272,1173.34,2073.03,-651.85,-10.6853
GV-05273,1237.12,2080.62,-651.84,-10.5633
GV-05274,1291.79,2065.25,-650.57,-10.5748
GV-05275,1309.36,2063.31,-652.11,-10.6576
GV-05276,1387.46,2071.72,-701.39,-10.4844
GV-05277,1422.73,2069.64,-702.63,-10.4655
GV-05278,1462.56,2064.0,-703.3,-10.4043
GV-05279,1543.68,2082.0,-695.82,-10.2144
GV-05280,1556.26,2055.77,-750.24,-10.2867
GV-05281,1632.73,2094.11,-746.49,-10.0643
GV-05282,1677.13,2068.58,-745.97,-10.009
GV-05283,1709.21,2091.35,-797.16,-9.962
GV-05284,1771.69,2084.7,-796.07,-9.8074
GV-05285,1829.21,2076.27,-798.7,-9.7578
GV-05286,1890.24,2080.63,-847.74,-9.6766
GV-05287,1933.8,2082.8,-852.63,-9.5227
GV-05288,1979.82,2064.45,-902.87,-9.3355
GV-05289,2021.19,2078.49,-902.99,-9.0904
GV-05290,2089.52,2073.42,-949.6,-9.0323
GV-05291,2109.31,2074.38,-948.1,-8.9341
GV-05292,2193.9,2067.43,-997.62,-8.8548
GV-05293,2207.6,2093.37,-1049.87,-8.9754
GV-05294,2255.59,2056.09,-1048.15,-8.7585
GV-05295,2318.24,2070.62,-1104.5,-8.6347
GV-05296,2381.5,2058.57,-1101.92,-8.6354
GV-05297,2413.33,2091.4,-1153.23,-8.376
GV-05298,2479.22,2086.33,-1203.49,-8.2429
GV-05299,2514.23,2078.39,-1204.23,-8.1841
GV-05300,2572.06,2066.9,-1252.23,-8.0907
GV-05301,2626.87,2061.88,-1245.0,-7.8518
GV-05302,2692.2,2073.03,-1304.38,-7.7685
GV-05303,2712.76,2066.42,-1297.77,-7.7389
GV-05304,2783.74,2060.81,-1349.52,-7.6715
GV-05305,2823.38,2075.11,-1350.3,-7.606
GV-05306,2859.36,2086.28,-1348.58,-7.4467
GV-05307,2934.78,2092.79,-1399.38,-7.5942
GV-05308,2957.58,2065.26,-1402.2,-7.3077
GV-05309,3035.91,2087.1,-1446.21,-7.1839
GV-05310,3079.89,2067.32,-1448.01,-7.1112
GV-05311,3105.61,2087.44,-1448.18,-6.9173
GV-05312,3157.5,2055.32,-1447.21,-6.8037
GV-05313,3206.38,2091.94,-1501.82,-6.6522
GV-05314,3278.25,2079.99,-1496.32,-6.7359
GV-05315,3307.36,2082.89,-1502.33,-6.6213
GV-05316,3377.95,2094.01,-1502.99,-6.666
GV-05317,3435.13,2068.98,-1504.22,-6.5059
GV-05318,3455.95,2072.33,-1502.14,-6.5372
GV-05319,3521.19,2083.71,-1501.55,-6.3187
GV-05320,3570.34,2058.41,-1501.14,-6.3729
GV-05321,3636.34,2073.38,-1504.28,-6.1007
GV-05322,3661.57,2074.22,-1499.67,-6.0764
GV-05323,3731.17,2085.63,-1495.99,-5.9222
GV-05324,3793.28,2070.8,-1503.38,-5.9368
GV-05325,3823.42,2082.54,-1500.01,-5.8749
GV-05326,3869.4,2072.73,-1501.68,-5.7303
GV-05327,3913.47,2087.62,-1502.43,-5.8762
GV-05328,3987.5,2070.42,-1496.46,-5.679
GV-05329,4022.44,2094.26,-1504.68,-5.7737
GV-05330,4055.41,2082.07,-1503.37,-5.5219
GV-05331,4118.44,2093.66,-1496.79,-5.4603
GV-05332,4169.97,2062.23,-1548.9,-5.3022
GV-05333,4240.59,2065.33,-1548.57,-5.4304
GV-05334,4285.83,2085.07,-1554.98,-5.2378
GV-05335,4342.61,2065.32,-1551.58,-5.3284
GV-05336,4379.13,2092.65,-1547.73,-5.2832
GV-05337,4442.63,2094.97,-1552.63,-5.1891
GV-05338,4459.09,2066.92,-1546.14,-5.0359
GV-05339,4535.91,2080.8,-1547.11,-5.0411
GV-05340,4594.59,2085.48,-1496.76,-5.1468
GV-05341,4607.59,2087.98,-1503.94,-4.8109
GV-05342,4672.19,2091.22,-1504.84,-5.0879
GV-05343,4743.91,2090.44,-1501.46,-4.6811
GV-05344,4777.31,2094.76,-1502.76,-4.6917
GV-05345,4805.74,2055.63,-1504.1,-4.6621
GV-05346,4882.98,2075.42,-1503.21,-4.61
GV-05347,4927.78,2091.38,-1496.01,-4.4773
GV-05348,4964.37,2075.82,-1497.79,-4.5913
GV-05349,5027.83,2069.75,-1501.73,-4.3404
GV-05350,5071.18,2057.13,-1497.5,-4.3553
GV-05351,5111.72,2068.4,-1500.64,-4.2303
GV-05352,5167.76,2086.04,-1499.84,-4.1909
GV-05353,5207.37,2082.53,-1502.13,-4.0545
GV-05354,5294.75,2091.75,-1498.5,-4.1866
GV-05355,5307.06,2058.23,-1499.38,-3.8842
GV-05356,5377.35,2064.39,-1449.4,-4.0394
GV-05357,5435.78,2083.15,-1447.7,-3.6881
GV-05358,5463.36,2056.87,-1396.78,-3.651
GV-05359,5521.99,2088.54,-1398.83,-3.864
GV-05360,5584.91,2077.82,-1401.37,-3.6213
GV-05361,5637.44,2083.42,-1346.98,-3.5801
GV-05362,5659.77,2058.04,-1353.21,-3.5609
GV-05363,5738.54,2080.2,-1301.55,-3.3546
GV-05364,5785.1,2068.94,-1251.8,-3.2635
GV-05365,5837.48,2067.13,-1251.61,-3.1195
GV-05366,5861.14,2077.71,-1195.79,-3.0623
GV-05367,5935.86,2056.12,-1197.34,-3.0617
GV-05368,5986.05,2065.86,-1146.66,-2.8001
GV-05369,6031.19,2067.84,-1102.13,-2.6216
GV-05370,6075.27,2076.29,-1097.64,-2.6546
GV-05371,6129.8,2068.94,-1045.13,-2.5125
GV-05372,6176.07,2076.11,-997.82,-2.3795
GV-05373,6238.7,2066.32,-996.14,-2.2754
GV-05374,6275.32,2088.12,-945.46,-2.1722
GV-05375,6324.38,2077.33,-903.2,-1.8924
GV-05376,6367.03,2060.32,-897.24,-1.8662
GV-05377,15.02,2126.54,-403.86,-9.4924
GV-05378,75.55,2111.49,-397.48,-9.9676
GV-05379,137.64,2132.71,-400.18,-10.3087
GV-05380,184.55,2141.94,-399.68,-10.275
GV-05381,211.54,2120.22,-454.63,-10.5344
GV-05382,257.52,2132.01,-447.84,-10.6302
GV-05383,319.35,2138.79,-447.04,-10.8428
GV-05384,362.16,2117.02,-453.46,-10.7877
GV-05385,441.73,2124.83,-496.95,-10.6256
GV-05386,459.95,2119.45,-503.4,-10.8166
GV-05387,528.03,2105.58,-498.45,-10.8807
GV-05388,555.73,2111.43,-548.91,-10.7449
GV-05389,614.76,2107.44,-550.95,-11.1515
GV-05390,693.42,2122.25,-553.25,-10.8532
GV-05391,727.95,2141.57,-546.48,-10.863
GV-05392,785.91,2109.34,-598.56,-10.9356
GV-05393,833.46,2128.01,-596.0,-11.0713
GV-05394,868.17,2141.11,-602.78,-10.9451
GV-05395,930.53,2129.01,-601.96,-10.955
GV-05396,970.22,2123.69,-597.8,-10.726
GV-05397,1028.62,2114.01,-598.92,-10.8414
GV-05398,1088.75,2138.41,-652.59,-10.775
GV-05399,1123.91,2127.95,-649.96,-10.8194
GV-05400,1173.57,2107.16,-651.1,-10.8282
GV-05401,1237.88,2106.55,-646.28,-10.9362
GV-05402,1276.81,2123.7,-654.88,-10.5536
GV-05403,1321.82,2123.87,-654.45,-10.637
GV-05404,1357.1,2105.29,-654.49,-10.5575
GV-05405,1416.5,2136.16,-702.79,-10.4216
GV-05406,1492.17,2141.66,-697.58,-10.2472
GV-05407,1509.73,2138.78,-699.58,-10.3369
GV-05408,1592.13,2108.05,-701.6,-10.2269
GV-05409,1610.78,2135.66,-748.22,-10.2247
GV-05410,1682.37,2128.61,-751.86,-10.0815
GV-05411,1721.14,2105.11,-754.15,-9.9828
GV-05412,1766.39,2122.08,-799.77,-9.9922
GV-05413,1805.14,2125.72,-796.61,-9.8101
GV-05414,1892.72,2121.76,-849.15,-9.6511
GV-05415,1909.31,2123.96,-853.71,-9.5267
GV-05416,1983.62,2112.45,-845.56,-9.7403
GV-05417,2031.89,2139.24,-903.38,-9.4657
GV-05418,2082.17,2107.61,-948.74,-9.2811
GV-05419,2112.88,2137.23,-950.55,-9.1445
GV-05420,2185.66,2144.35,-1004.86,-9.0924
GV-05421,2236.99,2107.36,-995.4,-8.96
GV-05422,2292.03,2126.98,-1045.67,-8.7839
GV-05423,2325.22,2117.44,-1048.69,-8.6768
GV-05424,2360.15,2109.61,-1103.88,-8.7521
GV-05425,2422.16,2105.69,-1146.27,-8.5768
GV-05426,2470.02,2140.65,-1154.53,-8.4386
GV-05427,2518.13,2130.62,-1204.12,-8.2792
GV-05428,2564.53,2123.56,-1196.43,-8.0945
GV-05429,2616.07,2137.85,-1250.78,-8.0266
GV-05430,2692.81,2138.52,-1253.56,-8.0502
GV-05431,2718.14,2126.1,-1299.43,-7.9017
GV-05432,2785.23,2117.97,-1301.73,-7.5478
GV-05433,2813.03,2125.22,-1351.45,-7.5838
GV-05434,2857.39,2105.34,-1353.18,-7.5564
GV-05435,2913.85,2134.47,-1346.43,-7.5587
GV-05436,2991.3,2118.24,-1404.9,-7.3483
GV-05437,3041.61,2111.85,-1396.16,-7.4147
GV-05438,3068.73,2132.99,-1451.85,-7.3485
GV-05439,3130.35,2126.71,-1454.59,-7.1312
GV-05440,3170.88,2111.88,-1451.39,-6.9916
GV-05441,3219.82,2144.69,-1445.15,-6.9055
GV-05442,3259.25,2112.17,-1497.29,-6.7617
GV-05443,3310.08,2120.75,-1498.51,-6.7714
GV-05444,3372.17,2121.71,-1501.92,-6.535
GV-05445,3416.57,2121.77,-1496.19,-6.5758
GV-05446,3483.01,2112.11,-1498.06,-6.3895
GV-05447,3523.8,2114.95,-1502.9,-6.6177
GV-05448,3555.33,2117.14,-1504.57,-6.3544
GV-05449,3608.75,2117.4,-1502.28,-6.1151
GV-05450,3671.33,2138.14,-1504.38,-6.2237
GV-05451,3727.43,2120.12,-1504.57,-5.8539
GV-05452,3770.62,2138.86,-1496.84,-6.0509
GV-05453,3815.65,2129.6,-1504.59,-6.0862
GV-05454,3883.01,2133.73,-1499.55,-5.974
GV-05455,3905.8,2128.53,-1501.56,-5.8044
GV-05456,3985.16,2138.38,-1502.39,-5.74
GV-05457,4018.71,2144.69,-1546.73,-5.652
GV-05458,4071.39,2118.06,-1548.0,-5.6438
GV-05459,4123.29,2129.05,-1547.29,-5.6217
GV-05460,4168.69,2117.22,-1546.67,-5.5499
GV-05461,4242.69,2109.64,-1553.99,-5.4733
GV-05462,4265.34,2118.68,-1548.35,-5.4068
GV-05463,4331.27,2134.88,-1547.64,-5.2004
GV-05464,4383.5,2128.55,-1549.48,-5.0256
GV-05465,4426.49,2113.87,-1550.1,-5.1554
GV-05466,4493.0,2128.63,-1553.86,-5.2388
GV-05467,4511.3,2136.86,-1545.81,-5.0257
GV-05468,4561.46,2133.36,-1550.17,-4.9703
GV-05469,4629.08,2110.78,-1549.98,-4.9316
GV-05470,4665.53,2131.9,-1546.48,-4.8712
GV-05471,4733.35,2141.46,-1547.67,-4.8351
GV-05472,4780.02,2140.21,-1547.44,-4.6101
GV-05473,4809.91,2135.93,-1553.27,-4.4669
GV-05474,4864.96,2107.95,-1553.21,-4.3715
GV-05475,4941.58,2138.52,-1550.63,-4.4392
GV-05476,4971.2,2117.27,-1548.03,-4.5154
GV-05477,5037.79,2124.6,-1550.72,-4.3574
GV-05478,5078.08,2105.79,-1546.6,-4.4153
GV-05479,5131.55,2113.42,-1496.82,-4.2813
GV-05480,5165.02,2140.62,-1498.22,-4.1991
GV-05481,5224.06,2110.9,-1495.99,-4.1494
GV-05482,5278.16,2117.84,-1496.38,-4.0208
GV-05483,5308.29,2121.79,-1498.09,-4.0041
GV-05484,5364.53,2128.21,-1447.54,-3.8754
GV-05485,5410.77,2105.95,-1449.93,-3.9694
GV-05486,5474.21,2138.16,-1451.56,-3.6911
GV-05487,5519.71,2121.69,-1398.34,-3.7394
GV-05488,5592.05,2107.42,-1395.17,-3.4119
GV-05489,5617.34,2130.48,-1350.87,-3.4744
GV-05490,5660.3,2123.37,-1346.8,-3.4591
GV-05491,5739.18,2126.96,-1300.17,-3.256
GV-05492,5759.16,2138.09,-1298.83,-3.3731
GV-05493,5821.18,2122.64,-1249.47,-3.1581
GV-05494,5881.78,2131.82,-1249.81,-3.1278
GV-05495,5937.25,2111.28,-1203.94,-3.0459
GV-05496,5956.81,2130.46,-1148.86,-2.8843
GV-05497,6038.46,2125.73,-1148.19,-2.8084
GV-05498,6076.48,2114.76,-1098.03,-2.608
GV-05499,6116.02,2142.54,-1096.23,-2.5662
GV-05500,6167.87,2137.24,-1050.91,-2.2293
GV-05501,6231.49,2129.74,-1004.23,-2.4417
GV-05502,6292.51,2117.19,-1000.17,-2.1629
GV-05503,6307.7,2136.62,-949.35,-1.9744
GV-05504,6381.8,2125.64,-899.55,-1.7415
GV-05505,28.98,2185.22,-400.56,-9.5168
GV-05506,72.46,2181.18,-403.78,-9.8312
GV-05507,140.99,2163.21,-396.97,-10.2218
GV-05508,191.78,2160.45,-395.39,-10.5137
GV-05509,208.73,2164.43,-447.12,-10.6392
GV-05510,282.51,2162.58,-452.68,-10.6085
GV-05511,323.0,2190.62,-451.49,-10.722
GV-05512,367.71,2157.29,-449.0,-10.8769
GV-05513,430.42,2162.98,-504.29,-10.834
GV-05514,488.8,2166.0,-496.3,-10.9087
GV-05515,534.0,2172.64,-503.91,-11.0015
GV-05516,559.94,2161.36,-503.82,-11.01
GV-05517,641.26,2163.58,-546.01,-11.014
GV-05518,658.06,2174.18,-554.0,-11.0843
GV-05519,744.22,2182.12,-547.38,-11.0743
GV-05520,779.28,2171.41,-554.29,-11.0037
GV-05521,809.01,2180.74,-601.22,-11.2048
GV-05522,884.86,2167.94,-603.9,-11.0914
GV-05523,919.7,2186.95,-595.94,-11.1797
GV-05524,985.77,2180.55,-599.97,-11.0264
GV-05525,1042.95,2166.14,-598.78,-11.0592
GV-05526,1086.87,2191.96,-596.93,-11.1113
GV-05527,1120.03,2179.86,-647.45,-10.9713
GV-05528,1181.45,2163.0,-649.65,-10.8906
GV-05529,1228.79,2174.71,-652.65,-10.8613
GV-05530,1260.17,2184.5,-647.05,-11.0413
GV-05531,1322.09,2160.07,-649.02,-10.7421
GV-05532,1363.52,2159.06,-645.71,-10.6175
GV-05533,1444.5,2155.2,-646.6,-10.5444
GV-05534,1475.24,2168.47,-697.42,-10.5963
GV-05535,1531.59,2185.14,-703.42,-10.5861
GV-05536,1594.9,2169.77,-700.53,-10.2459
GV-05537,1614.34,2190.45,-701.1,-10.3857
GV-05538,1686.74,2168.07,-748.9,-10.3083
GV-05539,1741.92,2170.47,-747.01,-10.0582
GV-05540,1779.38,2163.16,-748.53,-10.0812
GV-05541,1811.51,2155.07,-797.53,-9.9605
GV-05542,1886.52,2193.11,-796.79,-9.7799
GV-05543,1935.51,2183.44,-853.23,-9.6794
GV-05544,1956.11,2162.91,-851.93,-9.5074
GV-05545,2008.84,2182.99,-901.05,-9.6123
GV-05546,2062.9,2170.94,-900.13,-9.3936
GV-05547,2136.01,2156.75,-950.52,-9.1592
GV-05548,2181.72,2163.16,-950.21,-9.1351
GV-05549,2229.79,2178.24,-998.98,-9.1266
GV-05550,2266.6,2173.2,-998.91,-8.9834
GV-05551,2309.59,2174.44,-1046.46,-8.7168
GV-05552,2376.73,2155.25,-1096.08,-8.4719
GV-05553,2408.35,2189.23,-1104.26,-8.4594
GV-05554,2469.25,2188.36,-1150.42,-8.5819
GV-05555,2521.89,2166.47,-1154.51,-8.4001
GV-05556,2582.92,2166.92,-1198.44,-8.2416
GV-05557,2621.59,2177.28,-1202.58,-8.0158
GV-05558,2680.72,2166.1,-1253.51,-7.9408
GV-05559,2716.12,2184.76,-1248.71,-7.8472
GV-05560,2756.87,2168.58,-1304.99,-7.7446
GV-05561,2843.5,2185.3,-1296.42,-7.7957
GV-05562,2868.81,2187.28,-1348.22,-7.6653
GV-05563,2918.77,2194.67,-1345.3,-7.4645
GV-05564,2975.79,2183.01,-1396.96,-7.3782
GV-05565,3022.98,2165.87,-1403.84,-7.269
GV-05566,3064.9,2178.0,-1398.31,-7.1725
GV-05567,3125.2,2172.8,-1446.01,-7.2056
GV-05568,3160.63,2175.39,-1446.92,-7.2065
GV-05569,3210.32,2185.51,-1450.37,-6.8568
GV-05570,3270.6,2161.44,-1446.07,-7.0825
GV-05571,3315.5,2163.12,-1503.26,-6.9515
GV-05572,3386.81,2166.32,-1499.69,-6.8481
GV-05573,3405.13,2165.68,-1497.99,-6.5601
GV-05574,3491.07,2166.55,-1501.34,-6.6574
GV-05575,3543.82,2162.56,-1495.15,-6.5703
GV-05576,3561.57,2162.02,-1496.41,-6.4402
GV-05577,3637.92,2182.72,-1495.59,-6.3287
GV-05578,3662.37,2168.46,-1501.64,-6.0906
GV-05579,3744.76,2171.62,-1501.98,-6.1631
GV-05580,3758.48,2190.07,-1503.1,-6.0307
GV-05581,3835.98,2181.4,-1552.7,-6.0716
GV-05582,3872.78,2173.37,-1548.07,-5.7763
GV-05583,3908.04,2169.58,-1546.67,-5.6689
GV-05584,3989.38,2164.87,-1553.11,-5.9063
GV-05585,4038.45,2182.73,-1553.92,-5.5889
GV-05586,4093.26,2190.75,-1549.49,-5.5948
GV-05587,4137.13,2180.09,-1553.51,-5.5298
GV-05588,4188.39,2170.08,-1552.96,-5.3704
GV-05589,4228.76,2193.49,-1549.59,-5.4959
GV-05590,4260.74,2161.49,-1548.03,-5.405
GV-05591,4318.22,2176.66,-1547.51,-5.3873
GV-05592,4386.53,2193.06,-1554.56,-5.2
GV-05593,4421.39,2158.84,-1554.75,-5.2208
GV-05594,4459.57,2156.86,-1546.76,-5.0772
GV-05595,4513.99,2178.81,-1553.71,-4.9462
GV-05596,4563.31,2182.76,-1547.26,-4.8847
GV-05597,4641.86,2159.72,-1551.8,-4.8229
GV-05598,4665.45,2163.15,-1550.23,-4.8684
GV-05599,4720.52,2165.64,-1552.97,-4.8887
GV-05600,4785.31,2156.46,-1548.76,-4.7631
GV-05601,4835.38,2194.27,-1546.46,-4.7429
GV-05602,4878.13,2160.85,-1551.03,-4.6846
GV-05603,4909.2,2162.5,-1548.96,-4.4802
GV-05604,4979.17,2175.28,-1552.69,-4.5013
GV-05605,5018.77,2187.38,-1548.78,-4.3283
GV-05606,5057.79,2191.84,-1548.17,-4.4463
GV-05607,5138.51,2162.31,-1554.23,-4.2269
GV-05608,5161.69,2183.6,-1546.91,-4.1932
GV-05609,5225.33,2180.13,-1499.31,-4.2436
GV-05610,5271.92,2170.01,-1502.91,-4.18
GV-05611,5309.93,2169.22,-1501.21,-3.9993
GV-05612,5385.29,2170.98,-1502.1,-3.789
GV-05613,5426.25,2180.34,-1454.79,-3.813
GV-05614,5480.05,2164.88,-1451.33,-3.7407
GV-05615,5523.86,2184.27,-1450.57,-3.6454
GV-05616,5582.45,2157.02,-1404.56,-3.5502
GV-05617,5639.86,2176.93,-1395.96,-3.6088
GV-05618,5657.73,2166.98,-1350.05,-3.4981
GV-05619,5711.93,2175.84,-1347.59,-3.214
GV-05620,5767.14,2190.49,-1301.13,-3.1688
GV-05621,5843.43,2192.53,-1300.75,-2.937
GV-05622,5890.49,2166.22,-1245.48,-2.9105
GV-05623,5937.37,2172.27,-1200.42,-2.9525
GV-05624,5974.23,2194.24,-1195.3,-2.8288
GV-05625,6042.37,2192.31,-1145.1,-2.8059
GV-05626,6060.52,2157.73,-1151.78,-2.6642
GV-05627,6107.76,2165.82,-1097.9,-2.4362
GV-05628,6159.31,2178.01,-1054.39,-2.4354
GV-05629,6232.4,2166.58,-1053.59,-2.4316
GV-05630,6285.94,2180.4,-998.92,-1.9516
GV-05631,6341.21,2179.03,-953.85,-1.9697
GV-05632,6376.34,2184.74,-948.3,-1.7999
GV-05633,8.97,2211.85,-401.5,-9.479
GV-05634,72.1,2219.81,-402.63,-10.0676
GV-05635,116.7,2208.03,-396.31,-10.3323
GV-05636,161.35,2206.88,-400.04,-10.5445
GV-05637,241.53,2221.45,-454.66,-10.5085
GV-05638,291.34,2239.37,-448.26,-10.6026
GV-05639,309.97,2215.45,-448.6,-10.8515
GV-05640,385.2,2218.28,-453.25,-10.7428
GV-05641,437.17,2223.52,-497.55,-10.8328
GV-05642,493.93,2224.9,-496.01,-11.0193
GV-05643,515.27,2231.1,-500.37,-11.0724
GV-05644,586.21,2232.28,-504.46,-11.0773
GV-05645,616.46,2221.74,-553.45,-10.9396
GV-05646,655.27,2219.29,-553.48,-11.0324
GV-05647,736.81,2242.05,-546.24,-11.0485
GV-05648,781.13,2242.4,-554.49,-11.1953
GV-05649,824.32,2243.73,-548.6,-11.249
GV-05650,873.3,2225.21,-603.37,-11.215
GV-05651,926.5,2205.96,-595.66,-11.2517
GV-05652,959.1,2239.63,-600.24,-11.074
GV-05653,1031.84,2235.77,-602.83,-11.2288
GV-05654,1091.65,2241.22,-601.64,-10.9844
GV-05655,1136.78,2243.66,-598.05,-11.0926
GV-05656,1176.83,2233.08,-654.87,-11.0829
GV-05657,1244.51,2232.97,-648.2,-10.9096
GV-05658,1261.63,2212.96,-650.29,-10.7956
GV-05659,1334.26,2239.96,-654.62,-10.7516
GV-05660,1367.16,2224.93,-654.89,-10.7949
GV-05661,1414.5,2214.85,-651.72,-10.6166
GV-05662,1476.8,2206.13,-652.38,-10.6936
GV-05663,1512.1,2236.83,-702.0,-10.578
GV-05664,1583.28,2205.72,-697.66,-10.5788
GV-05665,1608.96,2209.77,-698.62,-10.4189
GV-05666,1670.21,2233.05,-702.02,-10.04
GV-05667,1719.15,2211.99,-751.77,-10.3419
GV-05668,1793.44,2239.34,-754.4,-10.1389
GV-05669,1809.97,2240.29,-795.6,-9.9736
GV-05670,1892.55,2232.19,-796.79,-9.8498
GV-05671,1910.84,2237.54,-803.17,-9.8368
GV-05672,1979.72,2233.96,-854.34,-9.8173
GV-05673,2030.91,2224.31,-854.39,-9.7181
GV-05674,2080.5,2231.53,-899.14,-9.4529
GV-05675,2112.97,2243.86,-895.55,-9.3748
GV-05676,2159.17,2229.91,-945.03,-9.21
GV-05677,2206.28,2223.61,-953.84,-9.2861
GV-05678,2269.0,2228.03,-1004.27,-9.2129
GV-05679,2334.55,2241.09,-1051.73,-8.8132
GV-05680,2388.34,2214.17,-1052.55,-8.732
GV-05681,2428.16,2236.47,-1098.81,-8.6409
GV-05682,2474.91,2236.04,-1104.69,-8.5719
GV-05683,2542.47,2215.92,-1145.88,-8.3324
GV-05684,2592.08,2213.34,-1148.82,-8.4112
GV-05685,2631.16,2244.75,-1197.1,-8.2503
GV-05686,2655.66,2222.04,-1195.32,-8.1693
GV-05687,2734.0,2216.67,-1253.22,-8.0372
GV-05688,2769.91,2230.44,-1248.05,-7.9544
GV-05689,2841.58,2224.33,-1299.14,-7.708
GV-05690,2856.79,2218.31,-1298.2,-7.6802
GV-05691,2927.0,2242.83,-1352.71,-7.744
GV-05692,2968.9,2221.5,-1351.73,-7.7004
GV-05693,3023.44,2240.07,-1403.83,-7.2929
GV-05694,3067.71,2222.56,-1401.97,-7.2671
GV-05695,3144.83,2220.25,-1396.0,-7.2912
GV-05696,3159.72,2226.69,-1454.68,-7.3026
GV-05697,3213.51,2241.56,-1445.9,-7.0499
GV-05698,3291.18,2223.27,-1446.71,-7.0569
GV-05699,3305.98,2229.49,-1445.5,-6.8539
GV-05700,3384.97,2219.9,-1495.2,-6.8345
GV-05701,3441.04,2233.35,-1499.67,-6.7251
GV-05702,3457.37,2217.67,-1503.44,-6.656
GV-05703,3529.65,2219.66,-1500.67,-6.58
GV-05704,3571.93,2239.58,-1503.29,-6.3722
GV-05705,3618.41,2229.4,-1499.04,-6.3154
GV-05706,3659.33,2225.75,-1502.87,-6.126
GV-05707,3730.17,2221.72,-1550.8,-6.121
GV-05708,3762.57,2227.11,-1552.37,-6.1615
GV-05709,3829.29,2237.32,-1550.93,-5.8415
GV-05710,3878.86,2224.63,-1545.94,-5.976
GV-05711,3916.02,2240.82,-1549.62,-5.8501
GV-05712,3973.61,2205.9,-1546.31,-5.8507
GV-05713,4031.51,2224.32,-1551.36,-5.6356
GV-05714,4086.83,2239.43,-1547.14,-5.5355
GV-05715,4113.04,2226.61,-1545.35,-5.6692
GV-05716,4178.2,2232.81,-1553.11,-5.5683
GV-05717,4218.68,2233.65,-1553.2,-5.6392
GV-05718,4281.7,2237.87,-1554.27,-5.3647
GV-05719,4316.73,2241.93,-1553.88,-5.3656
GV-05720,4388.82,2243.63,-1548.77,-5.2999
GV-05721,4416.68,2226.06,-1548.62,-5.184
GV-05722,4465.43,2232.03,-1545.41,-5.1813
GV-05723,4530.31,2236.33,-1550.71,-5.0309
GV-05724,4569.69,2210.01,-1550.1,-5.0802
GV-05725,4605.61,2229.9,-1551.73,-4.9078
GV-05726,4681.95,2219.68,-1550.89,-4.8122
GV-05727,4734.65,2221.14,-1552.4,-4.8228
GV-05728,4791.53,2224.33,-1554.86,-4.7128
GV-05729,4812.32,2238.45,-1551.1,-4.7417
GV-05730,4864.95,2219.2,-1548.22,-4.5233
GV-05731,4931.45,2232.95,-1552.79,-4.6447
GV-05732,4974.75,2232.79,-1545.27,-4.5622
GV-05733,5015.1,2223.37,-1546.1,-4.3331
GV-05734,5056.68,2219.65,-1553.41,-4.4414
GV-05735,5105.29,2220.82,-1550.39,-4.259
GV-05736,5184.34,2215.64,-1554.19,-4.2324
GV-05737,5239.52,2237.65,-1554.98,-4.1928
GV-05738,5258.84,2227.6,-1496.58,-4.0472
GV-05739,5308.98,2216.66,-1502.11,-3.781
GV-05740,5367.73,2219.66,-1504.17,-3.8751
GV-05741,5405.27,2239.05,-1500.42,-3.8839
GV-05742,5469.34,2215.48,-1449.9,-3.5538
GV-05743,5519.13,2213.92,-1447.57,-3.698
GV-05744,5570.08,2207.68,-1398.76,-3.6965
GV-05745,5606.98,2215.47,-1400.54,-3.3588
GV-05746,5662.47,2230.12,-1345.35,-3.233
GV-05747,5715.29,2230.5,-1354.66,-3.442
GV-05748,5760.25,2244.46,-1298.5,-3.1409
GV-05749,5831.58,2233.88,-1304.03,-3.2268
GV-05750,5883.78,2213.82,-1246.88,-2.8856
GV-05751,5917.48,2233.42,-1252.95,-2.9131
GV-05752,5963.81,2240.7,-1204.54,-2.8733
GV-05753,6038.08,2228.32,-1197.31,-2.6047
GV-05754,6060.69,2210.16,-1153.04,-2.5118
GV-05755,6126.76,2224.14,-1102.42,-2.3228
GV-05756,6187.01,2208.67,-1101.51,-2.456
GV-05757,6234.25,2210.28,-1046.04,-2.0594
GV-05758,6256.92,2241.85,-1053.82,-2.1569
GV-05759,6342.73,2205.51,-1001.6,-2.0946
GV-05760,6383.94,2242.76,-953.3,-1.9083
GV-05761,43.59,2265.31,-395.19,-9.6729
GV-05762,79.39,2291.97,-399.33,-10.078
GV-05763,112.57,2284.73,-398.93,-10.3077
GV-05764,183.66,2276.79,-395.87,-10.4504
GV-05765,228.26,2264.97,-449.54,-10.6704
GV-05766,289.57,2258.91,-446.57,-10.709
GV-05767,308.35,2291.49,-447.06,-10.7978
GV-05768,383.13,2283.01,-445.77,-10.9366
GV-05769,428.18,2271.71,-500.17,-11.0138
GV-05770,489.12,2291.25,-502.87,-11.3357
GV-05771,541.99,2273.03,-497.78,-11.201
GV-05772,576.86,2289.58,-501.54,-11.1123
GV-05773,636.94,2262.83,-546.0,-11.1741
GV-05774,682.6,2262.29,-548.41,-11.234
GV-05775,739.77,2273.01,-551.91,-11.189
GV-05776,781.28,2256.59,-549.42,-11.2878
GV-05777,839.59,2290.06,-552.64,-11.2158
GV-05778,870.6,2264.07,-598.82,-11.1736
GV-05779,918.13,2284.04,-602.46,-11.241
GV-05780,989.49,2269.84,-597.7,-11.2439
GV-05781,1039.77,2278.79,-596.41,-11.3828
GV-05782,1084.59,2291.63,-601.1,-11.1265
GV-05783,1112.93,2258.22,-601.62,-11.093
GV-05784,1188.99,2255.02,-599.98,-11.1709
GV-05785,1239.24,2282.54,-595.79,-10.9269
GV-05786,1285.09,2284.66,-647.13,-11.0503
GV-05787,1320.61,2259.28,-649.46,-10.99
GV-05788,1358.4,2293.62,-653.14,-10.775
GV-05789,1443.47,2263.68,-650.68,-10.9578
GV-05790,1462.76,2255.22,-648.49,-10.857
GV-05791,1521.13,2286.91,-647.53,-10.7057
GV-05792,1574.46,2278.62,-703.18,-10.5253
GV-05793,1630.08,2255.75,-703.28,-10.3935
GV-05794,1665.28,2280.21,-704.88,-10.4913
GV-05795,1740.38,2280.09,-753.5,-10.3075
GV-05796,1757.77,2281.43,-748.64,-10.2762
GV-05797,1821.69,2258.43,-749.88,-10.1529
GV-05798,1887.42,2260.57,-802.05,-10.0455
GV-05799,1910.7,2256.72,-796.32,-9.99
GV-05800,1987.24,2282.2,-851.39,-9.735
GV-05801,2017.19,2268.38,-853.18,-9.7512
GV-05802,2086.53,2284.91,-854.34,-9.4332
GV-05803,2117.21,2281.35,-902.87,-9.61
GV-05804,2173.98,2286.84,-947.49,-9.2867
GV-05805,2221.57,2258.08,-952.9,-9.3118
GV-05806,2257.65,2266.02,-1003.78,-9.1989
GV-05807,2330.87,2281.38,-1003.75,-8.9545
GV-05808,2378.35,2284.73,-1048.67,-8.8939
GV-05809,2420.5,2272.57,-1046.87,-8.8434
GV-05810,2478.12,2292.39,-1095.76,-8.6122
GV-05811,2542.16,2280.75,-1101.09,-8.7062
GV-05812,2593.56,2260.33,-1152.26,-8.4051
GV-05813,2629.31,2282.32,-1147.95,-8.4344
GV-05814,2681.1,2291.34,-1201.82,-8.3971
GV-05815,2711.89,2258.13,-1195.8,-8.0711
GV-05816,2758.77,2286.5,-1254.26,-7.9204
GV-05817,2808.79,2261.7,-1252.5,-7.9233
GV-05818,2887.67,2260.38,-1295.31,-7.9393
GV-05819,2944.93,2289.32,-1297.55,-7.7122
GV-05820,2980.44,2277.66,-1349.68,-7.6254
GV-05821,3023.34,2285.29,-1348.94,-7.44
GV-05822,3083.63,2270.34,-1399.17,-7.4425
GV-05823,3119.35,2290.65,-1398.65,-7.2538
GV-05824,3191.38,2259.18,-1402.8,-7.307
GV-05825,3232.08,2260.35,-1450.06,-6.9531
GV-05826,3293.96,2268.22,-1445.43,-7.0575
GV-05827,3318.08,2269.75,-1449.91,-7.0134
GV-05828,3364.59,2290.42,-1495.06,-6.7818
GV-05829,3417.24,2256.71,-1498.08,-6.6091
GV-05830,3456.17,2275.84,-1496.18,-6.5985
GV-05831,3543.19,2278.81,-1502.75,-6.6696
GV-05832,3566.73,2281.98,-1504.84,-6.4141
GV-05833,3608.52,2258.47,-1495.7,-6.4782
GV-05834,3661.28,2275.11,-1496.6,-6.4791
GV-05835,3720.25,2287.41,-1553.79,-6.2852
GV-05836,3758.74,2266.5,-1545.14,-6.1218
GV-05837,3821.9,2288.04,-1549.39,-6.1126
GV-05838,3877.38,2273.75,-1552.75,-5.9941
GV-05839,3926.52,2287.0,-1545.21,-5.9565
GV-05840,3966.47,2289.48,-1548.04,-5.7992
GV-05841,4009.03,2267.62,-1553.56,-5.8592
GV-05842,4080.55,2274.71,-1554.88,-5.6683
GV-05843,4125.87,2282.11,-1549.83,-5.5546
GV-05844,4160.85,2278.21,-1548.12,-5.6887
GV-05845,4222.86,2269.68,-1551.77,-5.6623
GV-05846,4294.77,2281.48,-1548.5,-5.5461
GV-05847,4339.42,2279.85,-1545.38,-5.3837
GV-05848,4377.98,2259.02,-1554.18,-5.4385
GV-05849,4441.31,2291.99,-1554.33,-5.3529
GV-05850,4479.42,2284.43,-1548.02,-5.309
GV-05851,4526.57,2268.44,-1548.16,-5.0582
GV-05852,4580.33,2282.59,-1546.39,-4.8985
GV-05853,4606.0,2293.29,-1548.4,-5.0865
GV-05854,4668.96,2281.23,-1546.43,-4.7401
GV-05855,4734.43,2290.52,-1554.86,-4.8623
GV-05856,4765.39,2264.03,-1549.18,-4.604
GV-05857,4837.68,2290.16,-1554.98,-4.4884
GV-05858,4873.7,2288.42,-1552.64,-4.7499
GV-05859,4918.71,2285.58,-1547.6,-4.3282
GV-05860,4982.41,2278.83,-1548.36,-4.5701
GV-05861,5014.27,2259.65,-1550.8,-4.3212
GV-05862,5092.02,2274.95,-1546.05,-4.3557
GV-05863,5133.36,2272.9,-1552.29,-4.3868
GV-05864,5166.0,2262.36,-1545.02,-4.1241
GV-05865,5243.85,2265.12,-1554.06,-4.2048
GV-05866,5259.61,2286.24,-1553.58,-4.1907
GV-05867,5327.22,2277.27,-1503.3,-3.8882
GV-05868,5368.91,2279.35,-1498.76,-3.9814
GV-05869,5421.96,2270.19,-1502.71,-3.8784
GV-05870,5461.21,2275.13,-1498.47,-3.8029
GV-05871,5542.67,2281.24,-1454.14,-3.7352
GV-05872,5581.31,2263.24,-1452.92,-3.5528
GV-05873,5614.01,2260.0,-1398.13,-3.463
GV-05874,5692.61,2291.69,-1404.39,-3.1594
GV-05875,5709.82,2278.93,-1347.52,-3.2879
GV-05876,5785.49,2287.73,-1353.98,-3.1139
GV-05877,5833.45,2263.01,-1295.85,-3.1212
GV-05878,5883.14,2272.63,-1299.32,-3.0607
GV-05879,5910.6,2294.69,-1245.71,-2.8575
GV-05880,5975.94,2276.42,-1253.16,-2.7
GV-05881,6006.52,2283.45,-1204.29,-2.5476
GV-05882,6088.18,2277.91,-1201.82,-2.6608
GV-05883,6133.7,2293.06,-1151.25,-2.4584
GV-05884,6190.1,2274.23,-1095.48,-2.3238
GV-05885,6228.45,2272.83,-1099.97,-2.074
GV-05886,6291.81,2264.34,-1047.61,-1.9602
GV-05887,6337.38,2276.21,-998.08,-1.8917
GV-05888,6366.17,2265.8,-999.16,-1.7394
GV-05889,42.46,2336.85,-400.39,-9.6489
GV-05890,66.16,2305.04,-401.7,-10.0207
GV-05891,129.05,2314.94,-400.1,-10.3474
GV-05892,166.67,2342.54,-400.78,-10.64
GV-05893,239.69,2322.91,-450.46,-10.6081
GV-05894,264.95,2331.23,-447.23,-10.8159
GV-05895,311.52,2305.34,-449.69,-10.9203
GV-05896,391.1,2328.79,-447.98,-11.0163
GV-05897,417.52,2327.09,-500.09,-10.9228
GV-05898,486.55,2319.73,-502.63,-11.2909
GV-05899,534.81,2323.38,-502.98,-11.2863
GV-05900,559.6,2309.47,-498.63,-11.0874
GV-05901,641.05,2336.87,-498.71,-11.128
GV-05902,658.43,2339.67,-552.19,-11.192
GV-05903,716.81,2329.58,-548.46,-11.3796
GV-05904,755.53,2330.48,-550.58,-11.2465
GV-05905,842.82,2331.45,-553.29,-11.3857
GV-05906,857.69,2318.04,-549.12,-11.385
GV-05907,941.98,2343.39,-599.61,-11.3183
GV-05908,960.89,2314.52,-597.07,-11.2432
GV-05909,1018.65,2328.16,-602.64,-11.3354
GV-05910,1079.25,2305.53,-602.57,-11.3387
GV-05911,1138.75,2341.02,-601.83,-11.0928
GV-05912,1194.94,2327.89,-596.72,-11.098
GV-05913,1212.7,2328.98,-597.25,-11.4051
GV-05914,1279.41,2324.57,-599.21,-11.1045
GV-05915,1341.22,2335.02,-646.34,-11.2188
GV-05916,1379.82,2308.38,-654.34,-11.2121
GV-05917,1410.63,2343.01,-645.18,-10.8723
GV-05918,1477.78,2330.66,-645.19,-10.9154
GV-05919,1508.86,2314.68,-648.3,-10.847
GV-05920,1578.64,2329.47,-651.77,-10.6603
GV-05921,1621.6,2323.03,-701.5,-10.5663
GV-05922,1686.26,2341.91,-704.03,-10.3874
GV-05923,1723.94,2313.94,-697.5,-10.5015
GV-05924,1773.48,2336.19,-751.16,-10.2986
GV-05925,1828.62,2310.5,-745.07,-10.0567
GV-05926,1892.25,2314.06,-749.59,-10.1687
GV-05927,1929.27,2306.81,-799.03,-10.128
GV-05928,1978.02,2319.01,-803.78,-9.8623
GV-05929,2043.17,2333.41,-845.51,-9.7561
GV-05930,2094.21,2331.6,-851.54,-9.8456
GV-05931,2139.47,2313.69,-898.61,-9.6377
GV-05932,2181.21,2306.21,-898.1,-9.2398
GV-05933,2237.46,2310.55,-950.17,-9.318
GV-05934,2270.69,2311.01,-950.72,-9.1896
GV-05935,2310.27,2315.25,-998.25,-9.1383
GV-05936,2363.4,2340.26,-997.88,-8.8428
GV-05937,2418.64,2341.76,-1046.56,-8.944
GV-05938,2467.62,2322.32,-1053.01,-8.7581
GV-05939,2518.63,2337.73,-1101.55,-8.5948
GV-05940,2591.93,2321.4,-1097.26,-8.4938
GV-05941,2606.68,2333.08,-1149.87,-8.4094
GV-05942,2693.38,2307.76,-1154.47,-8.1492
GV-05943,2717.42,2340.16,-1200.3,-8.2649
GV-05944,2775.5,2335.53,-1249.17,-8.1491
GV-05945,2816.4,2328.28,-1252.78,-7.8781
GV-05946,2870.56,2344.05,-1295.02,-7.907
GV-05947,2936.71,2321.72,-1295.09,-7.6735
GV-05948,2980.49,2331.61,-1301.84,-7.9447
GV-05949,3036.82,2310.9,-1353.17,-7.4533
GV-05950,3070.41,2338.63,-1348.56,-7.6639
GV-05951,3126.71,2336.71,-1400.73,-7.4091
GV-05952,3158.17,2343.25,-1404.85,-7.2711
GV-05953,3206.18,2318.26,-1446.73,-7.1436
GV-05954,3271.97,2319.65,-1449.06,-7.0221
GV-05955,3312.59,2310.68,-1445.43,-6.9065
GV-05956,3373.52,2337.82,-1449.97,-6.8192
GV-05957,3417.32,2309.39,-1503.09,-6.8958
GV-05958,3491.11,2306.24,-1499.06,-6.636
GV-05959,3518.37,2321.92,-1504.89,-6.7041
GV-05960,3589.23,2312.98,-1499.25,-6.6433
GV-05961,3637.93,2332.61,-1504.34,-6.5647
GV-05962,3668.79,2306.42,-1553.95,-6.4706
GV-05963,3719.0,2305.88,-1554.58,-6.3833
GV-05964,3789.83,2316.41,-1550.94,-6.1013
GV-05965,3817.95,2321.58,-1550.69,-6.1829
GV-05966,3868.17,2342.48,-1549.8,-6.1378
GV-05967,3907.08,2325.13,-1548.98,-5.8864
GV-05968,3979.76,2324.54,-1550.63,-6.0136
GV-05969,4016.34,2310.04,-1549.47,-6.0017
GV-05970,4080.66,2326.31,-1549.14,-5.7061
GV-05971,4109.6,2335.74,-1554.78,-5.5793
GV-05972,4164.78,2310.97,-1554.84,-5.6347
GV-05973,4213.24,2344.89,-1551.75,-5.6726
GV-05974,4274.84,2330.78,-1545.8,-5.368
GV-05975,4331.03,2324.48,-1548.83,-5.4916
GV-05976,4382.08,2341.39,-1554.96,-5.2262
GV-05977,4425.77,2319.93,-1548.73,-5.3343
GV-05978,4474.92,2307.6,-1553.54,-5.0816
GV-05979,4522.6,2344.05,-1545.7,-4.9571
GV-05980,4557.63,2311.53,-1546.04,-5.032
GV-05981,4613.57,2327.17,-1545.3,-4.8375
GV-05982,4686.98,2330.31,-1545.23,-5.0349
GV-05983,4708.46,2340.67,-1554.5,-4.9114
GV-05984,4793.28,2313.86,-1549.79,-4.6042
GV-05985,4829.97,2339.97,-1546.26,-4.6025
GV-05986,4878.22,2327.66,-1553.75,-4.4594
GV-05987,4917.44,2337.89,-1546.08,-4.505
GV-05988,4990.24,2331.8,-1553.97,-4.5248
GV-05989,5014.35,2313.06,-1552.52,-4.2617
GV-05990,5082.12,2311.03,-1551.8,-4.3359
GV-05991,5137.97,2325.99,-1550.12,-4.237
GV-05992,5193.95,2330.44,-1550.85,-4.1079
GV-05993,5215.56,2328.16,-1554.7,-4.0782
GV-05994,5261.26,2313.13,-1554.2,-3.9993
GV-05995,5340.13,2317.86,-1546.39,-3.8891
GV-05996,5366.04,2337.14,-1498.85,-3.778
GV-05997,5416.29,2312.68,-1500.3,-3.6662
GV-05998,5472.9,2329.64,-1504.62,-3.7382
GV-05999,5520.74,2327.94,-1449.91,-3.6856
GV-06000,5592.58,2335.96,-1451.83,-3.4416
GV-06001,5615.65,2336.25,-1450.42,-3.2556
GV-06002,5670.23,2310.12,-1402.59,-3.22
GV-06003,5728.98,2341.52,-1397.66,-3.2307
GV-06004,5757.03,2323.81,-1346.22,-3.1745
GV-06005,5830.34,2325.91,-1352.87,-2.9516
GV-06006,5857.83,2332.29,-1298.11,-3.0015
GV-06007,5937.4,2319.96,-1303.71,-2.8432
GV-06008,5960.95,2329.53,-1248.02,-2.7812
GV-06009,6018.24,2337.98,-1249.92,-2.6816
GV-06010,6069.09,2308.57,-1200.68,-2.4953
GV-06011,6124.9,2319.42,-1146.99,-2.4043
GV-06012,6161.96,2315.43,-1146.86,-2.2735
GV-06013,6244.94,2332.49,-1103.69,-2.0986
GV-06014,6258.64,2317.06,-1053.64,-2.2197
GV-06015,6315.32,2336.87,-1054.77,-2.0394
GV-06016,6376.54,2317.17,-995.29,-1.9448
GV-06017,28.19,2384.48,-396.83,-9.6981
GV-06018,66.25,2379.17,-400.23,-10.1718
GV-06019,111.48,2356.25,-404.82,-10.3822
GV-06020,182.78,2380.17,-396.85,-10.3169
GV-06021,216.99,2394.89,-448.87,-10.5692
GV-06022,265.53,2391.16,-452.3,-10.8311
GV-06023,343.37,2355.47,-454.45,-10.826
GV-06024,387.15,2370.99,-445.7,-11.005
GV-06025,433.7,2372.55,-498.12,-11.0713
GV-06026,461.55,2374.12,-501.84,-11.2123
GV-06027,537.72,2371.84,-502.46,-11.1767
GV-06028,585.6,2380.45,-501.87,-11.1357
GV-06029,632.33,2393.93,-497.53,-11.1324
GV-06030,680.39,2394.4,-551.71,-11.3381
GV-06031,731.06,2383.11,-546.52,-11.4517
GV-06032,794.59,2377.68,-553.57,-11.466
GV-06033,827.06,2374.48,-545.61,-11.6604
GV-06034,866.92,2382.87,-549.54,-11.5069
GV-06035,939.03,2388.11,-545.62,-11.2741
GV-06036,990.4,2364.75,-598.24,-11.3659
GV-06037,1005.27,2388.28,-599.69,-11.3647
GV-06038,1089.57,2359.73,-601.95,-11.3985
GV-06039,1121.87,2361.51,-598.62,-11.191
GV-06040,1159.97,2379.89,-599.35,-11.1786
GV-06041,1212.22,2379.04,-601.09,-11.2153
GV-06042,1286.25,2358.51,-601.13,-11.1864
GV-06043,1341.02,2377.95,-599.19,-11.1748
GV-06044,1377.86,2391.34,-647.79,-11.0163
GV-06045,1411.46,2372.24,-648.65,-10.9289
GV-06046,1487.6,2391.74,-650.67,-10.8037
GV-06047,1541.69,2381.68,-648.55,-10.9891
GV-06048,1582.34,2377.24,-648.31,-10.845
GV-06049,1625.15,2394.84,-702.44,-10.6497
GV-06050,1680.07,2374.81,-701.42,-10.5654
GV-06051,1707.36,2359.69,-702.13,-10.558
GV-06052,1781.49,2371.78,-703.75,-10.48
GV-06053,1822.82,2394.45,-750.11,-10.3224
GV-06054,1860.86,2379.21,-751.18,-10.2976
GV-06055,1927.16,2367.65,-798.18,-10.0946
GV-06056,1989.19,2358.35,-801.97,-10.2612
GV-06057,2014.03,2364.38,-804.18,-9.997
GV-06058,2089.23,2393.15,-849.63,-9.8595
GV-06059,2107.45,2357.15,-851.64,-9.8124
GV-06060,2189.96,2379.74,-898.91,-9.6206
GV-06061,2218.89,2360.5,-897.68,-9.5598
GV-06062,2272.9,2376.84,-945.87,-9.3411
GV-06063,2336.4,2364.42,-949.51,-9.1478
GV-06064,2377.5,2372.63,-1001.68,-8.9944
GV-06065,2414.12,2381.61,-999.68,-8.8836
GV-06066,2460.41,2363.11,-1054.04,-8.8862
GV-06067,2530.78,2390.77,-1051.08,-8.6407
GV-06068,2579.2,2380.37,-1104.06,-8.6157
GV-06069,2606.39,2379.17,-1104.36,-8.5887
GV-06070,2656.96,2368.44,-1151.48,-8.4213
GV-06071,2736.74,2372.73,-1196.91,-8.3306
GV-06072,2787.03,2358.06,-1197.0,-8.1823
GV-06073,2832.59,2374.8,-1250.48,-8.1378
GV-06074,2890.37,2370.23,-1252.33,-7.9793
GV-06075,2926.5,2364.33,-1301.02,-7.9939
GV-06076,2979.89,2374.17,-1302.7,-7.8552
GV-06077,3023.29,2377.82,-1347.3,-7.5727
GV-06078,3059.85,2357.56,-1351.27,-7.4737
GV-06079,3113.45,2394.33,-1352.69,-7.5578
GV-06080,3169.86,2366.93,-1398.44,-7.3896
GV-06081,3236.55,2385.46,-1398.96,-7.0821
GV-06082,3293.6,2355.06,-1452.84,-7.0338
GV-06083,3332.24,2389.04,-1450.25,-7.1076
GV-06084,3374.43,2375.29,-1451.15,-6.9652
GV-06085,3420.32,2381.01,-1502.01,-6.9303
GV-06086,3473.74,2381.55,-1497.78,-6.7084
GV-06087,3541.55,2393.28,-1497.57,-6.6959
GV-06088,3592.31,2376.1,-1495.61,-6.7972
GV-06089,3618.73,2392.21,-1502.81,-6.474
GV-06090,3668.42,2385.37,-1550.99,-6.3918
GV-06091,3734.49,2386.96,-1546.32,-6.3545
GV-06092,3769.17,2358.5,-1553.27,-6.3004
GV-06093,3812.03,2363.8,-1547.4,-6.2775
GV-06094,3858.66,2380.02,-1552.43,-6.1078
GV-06095,3909.36,2362.1,-1552.9,-6.1723
GV-06096,3991.75,2375.96,-1551.2,-5.8978
GV-06097,4009.63,2359.46,-1553.11,-5.7768
GV-06098,4077.71,2374.23,-1550.16,-5.7123
GV-06099,4109.72,2376.88,-1551.94,-5.7838
GV-06100,4164.05,2384.01,-1546.55,-5.4162
GV-06101,4242.44,2361.87,-1554.25,-5.6316
GV-06102,4268.09,2355.43,-1550.22,-5.4797
GV-06103,4312.93,2372.27,-1545.52,-5.397
GV-06104,4360.64,2387.0,-1546.45,-5.2097
GV-06105,4417.24,2382.11,-1550.6,-5.2895
GV-06106,4473.05,2381.44,-1550.46,-5.0973
GV-06107,4540.63,2356.4,-1549.25,-5.1414
GV-06108,4588.08,2358.05,-1548.65,-5.1764
GV-06109,4605.9,2360.16,-1554.22,-5.1188
GV-06110,4683.74,2381.84,-1554.01,-5.0214
GV-06111,4713.98,2381.21,-1551.25,-4.8211
GV-06112,4770.99,2379.48,-1553.13,-4.6775
GV-06113,4820.3,2387.87,-1546.71,-4.6465
GV-06114,4873.06,2368.51,-1549.81,-4.6911
GV-06115,4944.52,2388.07,-1548.19,-4.6222
GV-06116,4956.22,2394.65,-1552.75,-4.4895
GV-06117,5026.54,2369.17,-1547.55,-4.2806
GV-06118,5094.86,2381.49,-1548.96,-4.3575
GV-06119,5116.25,2387.12,-1553.66,-4.4162
GV-06120,5184.16,2393.78,-1545.64,-4.1387
GV-06121,5226.56,2394.17,-1554.86,-4.0901
GV-06122,5258.21,2389.64,-1550.64,-4.1826
GV-06123,5310.67,2360.8,-1547.34,-3.9929
GV-06124,5389.33,2360.07,-1552.6,-3.8595
GV-06125,5433.68,2394.79,-1498.53,-3.6851
GV-06126,5488.95,2385.71,-1498.7,-3.7555
GV-06127,5527.54,2360.06,-1503.16,-3.6555
GV-06128,5556.59,2383.18,-1453.11,-3.5868
GV-06129,5625.11,2379.39,-1451.29,-3.3788
GV-06130,5674.57,2391.32,-1398.88,-3.2415
GV-06131,5739.64,2365.98,-1402.13,-3.2819
GV-06132,5766.73,2385.82,-1346.48,-3.0811
GV-06133,5810.25,2356.18,-1352.49,-3.0902
GV-06134,5884.96,2394.45,-1349.41,-2.9354
GV-06135,5940.47,2379.78,-1302.49,-2.8425
GV-06136,5978.06,2385.54,-1251.8,-2.6442
GV-06137,6026.73,2375.61,-1252.24,-2.6052
GV-06138,6074.01,2362.89,-1201.27,-2.6821
GV-06139,6125.47,2381.05,-1201.89,-2.5331
GV-06140,6187.21,2390.92,-1154.45,-2.2182
GV-06141,6231.32,2361.39,-1153.74,-2.254
GV-06142,6280.4,2358.88,-1099.85,-2.0446
GV-06143,6342.32,2391.63,-1049.71,-1.9487
GV-06144,6383.54,2359.68,-996.24,-1.732
GV-06145,44.55,2418.63,-398.59,-9.7645
GV-06146,87.18,2431.2,-403.18,-10.1233
GV-06147,129.99,2443.97,-399.2,-10.3674
GV-06148,176.52,2444.49,-397.64,-10.4897
GV-06149,234.92,2437.55,-446.07,-10.7826
GV-06150,256.3,2405.78,-453.12,-10.7896
GV-06151,340.83,2406.75,-446.61,-11.058
GV-06152,357.74,2418.05,-448.05,-11.005
GV-06153,425.91,2414.91,-497.57,-11.3112
GV-06154,476.88,2427.12,-497.24,-11.1307
GV-06155,506.59,2420.67,-500.43,-11.1718
GV-06156,562.09,2425.54,-497.01,-11.3383
GV-06157,620.51,2438.97,-502.69,-11.1199
GV-06158,687.1,2423.74,-545.72,-11.2501
GV-06159,733.37,2418.5,-552.71,-11.335
GV-06160,764.47,2444.02,-547.52,-11.4801
GV-06161,828.29,2439.42,-545.84,-11.4725
GV-06162,865.46,2424.65,-547.7,-11.4907
GV-06163,944.7,2429.4,-550.52,-11.5414
GV-06164,968.54,2408.37,-550.35,-11.2921
GV-06165,1017.79,2429.63,-601.31,-11.2626
GV-06166,1082.98,2407.93,-602.13,-11.4105
GV-06167,1134.42,2427.04,-602.91,-11.4048
GV-06168,1180.09,2435.87,-599.55,-11.4424
GV-06169,1225.32,2434.01,-600.42,-11.1886
GV-06170,1266.17,2441.5,-595.17,-11.1454
GV-06171,1330.64,2426.6,-599.26,-11.3873
GV-06172,1379.83,2405.8,-603.04,-11.2812
GV-06173,1429.29,2423.69,-650.16,-11.0459
GV-06174,1483.91,2406.52,-653.86,-10.9777
GV-06175,1522.1,2410.18,-651.43,-11.0266
GV-06176,1593.36,2405.25,-647.42,-10.8655
GV-06177,1643.42,2422.96,-649.81,-10.9869
GV-06178,1680.23,2420.6,-698.2,-10.7202
GV-06179,1706.05,2425.28,-699.46,-10.7816
GV-06180,1790.73,2422.15,-697.59,-10.4916
GV-06181,1841.79,2437.71,-748.53,-10.5186
GV-06182,1858.04,2434.27,-746.38,-10.406
GV-06183,1937.72,2425.19,-752.58,-10.1319
GV-06184,1978.79,2430.43,-798.63,-10.1394
GV-06185,2030.95,2406.23,-801.86,-10.0168
GV-06186,2081.64,2431.12,-797.66,-9.9234
GV-06187,2144.36,2429.72,-853.54,-9.8583
GV-06188,2179.67,2433.54,-847.03,-9.7639
GV-06189,2237.94,2442.33,-895.62,-9.5116
GV-06190,2273.12,2442.17,-895.3,-9.3631
GV-06191,2339.3,2424.62,-950.63,-9.3124
GV-06192,2376.63,2428.66,-952.64,-9.196
GV-06193,2428.94,2407.27,-1002.36,-9.1082
GV-06194,2483.96,2406.11,-1004.37,-8.9262
GV-06195,2539.19,2417.5,-1045.88,-8.8022
GV-06196,2589.95,2415.14,-1102.99,-8.758
GV-06197,2639.53,2422.51,-1104.72,-8.5855
GV-06198,2691.36,2415.47,-1149.98,-8.492
GV-06199,2740.31,2444.8,-1147.01,-8.36
GV-06200,2778.36,2407.22,-1198.69,-8.2696
GV-06201,2841.04,2407.88,-1200.34,-8.0641
GV-06202,2876.61,2405.31,-1254.59,-7.9592
GV-06203,2923.14,2435.11,-1254.15,-7.9114
GV-06204,2978.24,2413.73,-1297.96,-7.7088
GV-06205,3041.86,2420.3,-1303.88,-7.6209
GV-06206,3068.39,2417.19,-1348.2,-7.6484
GV-06207,3133.16,2419.99,-1347.32,-7.4262
GV-06208,3175.5,2431.34,-1398.12,-7.2476
GV-06209,3234.32,2425.47,-1400.36,-7.3824
GV-06210,3284.11,2432.5,-1397.97,-7.1536
GV-06211,3329.09,2422.47,-1452.71,-7.302
GV-06212,3373.8,2436.95,-1447.12,-6.9155
GV-06213,3409.13,2435.72,-1503.07,-7.0188
GV-06214,3472.08,2442.03,-1499.75,-6.7888
GV-06215,3505.59,2432.88,-1499.51,-6.5968
GV-06216,3566.64,2442.85,-1497.98,-6.669
GV-06217,3641.84,2432.29,-1498.92,-6.5789
GV-06218,3665.05,2428.16,-1548.13,-6.3907
GV-06219,3705.76,2416.56,-1545.29,-6.3889
GV-06220,3756.11,2405.91,-1551.17,-6.24
GV-06221,3822.73,2437.85,-1547.14,-6.2818
GV-06222,3860.99,2430.18,-1551.14,-6.138
GV-06223,3925.52,2411.01,-1548.44,-6.0842
GV-06224,3988.61,2440.35,-1553.98,-5.9815
GV-06225,4018.49,2429.11,-1550.54,-6.0347
GV-06226,4071.96,2418.27,-1548.29,-5.8409
GV-06227,4143.79,2436.94,-1551.7,-5.9084
GV-06228,4175.07,2421.67,-1548.61,-5.6802
GV-06229,4213.51,2412.77,-1550.42,-5.678
GV-06230,4275.93,2410.88,-1546.21,-5.5172
GV-06231,4311.13,2432.82,-1550.91,-5.4971
GV-06232,4362.84,2411.81,-1551.86,-5.3256
GV-06233,4437.07,2405.25,-1547.01,-5.2871
GV-06234,4480.42,2418.97,-1549.72,-5.1921
GV-06235,4515.95,2434.59,-1552.06,-5.2012
GV-06236,4566.68,2434.74,-1552.78,-5.2448
GV-06237,4628.33,2412.38,-1550.75,-5.2504
GV-06238,4683.92,2425.33,-1548.49,-5.018
GV-06239,4730.75,2426.74,-1545.58,-4.9434
GV-06240,4760.84,2414.71,-1549.48,-4.68
GV-06241,4833.17,2418.92,-1554.28,-4.6081
GV-06242,4861.52,2432.36,-1545.57,-4.6581
GV-06243,4924.2,2409.72,-1552.67,-4.559
GV-06244,4964.72,2429.79,-1596.38,-4.6053
GV-06245,5027.73,2432.25,-1600.76,-4.4102
GV-06246,5058.8,2433.9,-1601.33,-4.205
GV-06247,5139.66,2413.89,-1599.74,-4.2528
GV-06248,5176.75,2405.05,-1546.24,-4.1135
GV-06249,5207.68,2407.69,-1552.38,-3.9699
GV-06250,5289.43,2418.2,-1551.98,-4.1038
GV-06251,5338.33,2427.73,-1546.44,-3.9773
GV-06252,5375.39,2409.15,-1548.58,-3.907
GV-06253,5424.46,2432.61,-1504.59,-3.7734
GV-06254,5477.82,2412.49,-1502.09,-3.7873
GV-06255,5532.4,2425.29,-1496.83,-3.4513
GV-06256,5577.49,2444.43,-1447.29,-3.4524
GV-06257,5625.91,2433.96,-1452.57,-3.4706
GV-06258,5683.32,2415.07,-1451.06,-3.3079
GV-06259,5728.31,2412.53,-1395.3,-3.173
GV-06260,5783.91,2436.44,-1404.5,-3.052
GV-06261,5809.08,2409.99,-1354.96,-3.1923
GV-06262,5894.44,2430.47,-1353.67,-3.1196
GV-06263,5942.16,2424.19,-1304.44,-2.8108
GV-06264,5980.33,2416.12,-1300.55,-2.9508
GV-06265,6011.74,2443.61,-1248.78,-2.6276
GV-06266,6080.62,2438.61,-1253.97,-2.6225
GV-06267,6130.83,2408.62,-1199.13,-2.3097
GV-06268,6159.17,2409.55,-1195.72,-2.1704
GV-06269,6227.65,2421.09,-1146.25,-1.8462
GV-06270,6256.77,2408.99,-1096.23,-1.9861
GV-06271,6311.66,2417.59,-1095.68,-1.9159
GV-06272,6368.1,2433.08,-1049.18,-1.8338
GV-06273,27.86,2490.95,-404.96,-9.7416
GV-06274,68.33,2456.64,-398.06,-10.2957
GV-06275,137.32,2456.61,-403.05,-10.261
GV-06276,174.19,2484.5,-449.79,-10.6017
GV-06277,237.33,2473.83,-450.0,-10.6653
GV-06278,279.95,2479.62,-452.96,-10.7062
GV-06279,318.01,2474.88,-453.1,-11.1847
GV-06280,394.19,2494.03,-446.05,-11.0885
GV-06281,410.87,2476.1,-502.06,-11.2346
GV-06282,466.19,2455.51,-498.64,-11.3136
GV-06283,521.09,2478.2,-498.91,-11.2971
GV-06284,561.58,2468.47,-502.57,-11.3623
GV-06285,617.17,2470.76,-498.11,-11.5027
GV-06286,663.29,2458.6,-497.74,-11.5443
GV-06287,719.48,2479.97,-545.18,-11.6547
GV-06288,784.89,2474.25,-551.79,-11.4569
GV-06289,806.54,2486.38,-554.07,-11.5551
GV-06290,862.19,2489.61,-550.25,-11.5646
GV-06291,918.86,2491.97,-546.18,-11.5935
GV-06292,965.73,2474.03,-550.67,-11.5658
GV-06293,1026.12,2465.77,-552.38,-11.467
GV-06294,1085.48,2489.9,-548.99,-11.6145
GV-06295,1108.45,2481.08,-602.76,-11.3969
GV-06296,1191.49,2489.27,-598.7,-11.6598
GV-06297,1222.49,2477.86,-603.98,-11.3265
GV-06298,1292.81,2459.63,-595.59,-11.2611
GV-06299,1330.87,2485.36,-597.15,-11.1288
GV-06300,1366.57,2459.19,-596.58,-11.2764
GV-06301,1434.13,2494.55,-601.79,-11.1092
GV-06302,1485.06,2464.6,-647.9,-11.1504
GV-06303,1537.73,2473.52,-652.76,-10.9284
GV-06304,1557.21,2456.34,-651.29,-11.0192
GV-06305,1643.13,2469.65,-653.79,-11.0182
GV-06306,1670.98,2491.99,-646.15,-10.818
GV-06307,1737.09,2493.31,-700.92,-10.8719
GV-06308,1772.15,2476.96,-702.15,-10.5527
GV-06309,1812.19,2486.52,-699.6,-10.5628
GV-06310,1886.28,2461.19,-754.88,-10.6146
GV-06311,1930.83,2467.92,-754.02,-10.3493
GV-06312,1984.71,2467.68,-752.75,-10.4422
GV-06313,2016.4,2473.3,-795.7,-10.0724
GV-06314,2058.31,2483.62,-801.98,-9.9634
GV-06315,2134.42,2488.99,-853.16,-9.8149
GV-06316,2155.58,2469.95,-854.36,-9.7068
GV-06317,2233.68,2471.15,-845.31,-9.7973
GV-06318,2258.23,2488.43,-901.1,-9.5803
GV-06319,2332.58,2475.31,-898.12,-9.3754
GV-06320,2363.26,2474.77,-950.0,-9.3798
GV-06321,2422.04,2468.16,-950.54,-9.2014
GV-06322,2467.6,2486.04,-995.07,-8.8527
GV-06323,2515.66,2476.32,-1053.9,-9.0437
GV-06324,2572.47,2461.1,-1047.84,-8.9322
GV-06325,2640.01,2478.08,-1097.0,-8.6432
GV-06326,2674.6,2456.38,-1100.7,-8.5837
GV-06327,2721.99,2459.79,-1150.75,-8.5085
GV-06328,2789.67,2466.29,-1145.44,-8.257
GV-06329,2813.21,2473.01,-1199.67,-8.3238
GV-06330,2862.75,2489.79,-1200.18,-8.2126
GV-06331,2931.27,2491.37,-1254.18,-8.0057
GV-06332,2964.14,2465.41,-1254.54,-7.7609
GV-06333,3037.11,2479.66,-1296.53,-7.6943
GV-06334,3085.43,2490.17,-1299.75,-7.6072
GV-06335,3116.46,2493.9,-1349.26,-7.5466
GV-06336,3156.94,2465.2,-1354.0,-7.5345
GV-06337,3205.1,2462.47,-1401.0,-7.1912
GV-06338,3291.1,2479.59,-1403.32,-7.1359
GV-06339,3305.26,2478.02,-1454.52,-7.3611
GV-06340,3363.81,2476.48,-1450.76,-7.0934
GV-06341,3407.08,2489.4,-1450.89,-6.9766
GV-06342,3477.29,2473.51,-1500.73,-6.8119
GV-06343,3513.53,2478.03,-1498.25,-6.6964
GV-06344,3573.36,2465.47,-1503.9,-6.5388
GV-06345,3644.08,2489.9,-1501.23,-6.9009
GV-06346,3668.14,2461.72,-1551.43,-6.5469
GV-06347,3712.67,2471.42,-1551.02,-6.5144
GV-06348,3766.79,2477.8,-1547.28,-6.4377
GV-06349,3825.71,2493.51,-1548.35,-6.2627
GV-06350,3857.14,2492.02,-1554.57,-6.2888
GV-06351,3916.62,2473.91,-1546.28,-6.1194
GV-06352,3986.48,2470.79,-1550.39,-5.9447
GV-06353,4032.33,2474.52,-1545.95,-5.7644
GV-06354,4061.92,2460.4,-1551.5,-5.8149
GV-06355,4143.27,2482.25,-1549.17,-5.7892
GV-06356,4180.31,2492.14,-1548.48,-5.713
GV-06357,4215.78,2487.84,-1553.85,-5.6597
GV-06358,4281.9,2470.15,-1550.51,-5.5079
GV-06359,4326.76,2480.5,-1551.9,-5.3911
GV-06360,4376.82,2487.09,-1549.26,-5.3603
GV-06361,4411.93,2468.07,-1551.12,-5.2374
GV-06362,4479.52,2478.19,-1551.82,-5.0711
GV-06363,4535.14,2456.19,-1546.82,-5.2323
GV-06364,4561.25,2478.26,-1554.09,-5.0529
GV-06365,4642.21,2469.88,-1554.73,-4.9192
GV-06366,4678.24,2464.53,-1549.37,-4.9869
GV-06367,4739.36,2491.02,-1550.67,-4.7759
GV-06368,4772.6,2483.61,-1545.87,-4.736
GV-06369,4836.29,2462.61,-1546.64,-4.6926
GV-06370,4877.08,2465.48,-1551.18,-4.7713
GV-06371,4938.11,2473.73,-1602.33,-4.4821
GV-06372,4962.3,2471.32,-1596.23,-4.4979
GV-06373,5025.21,2477.69,-1603.24,-4.307
GV-06374,5094.83,2465.4,-1596.35,-4.3291
GV-06375,5137.11,2484.71,-1599.22,-4.146
GV-06376,5170.48,2458.26,-1601.97,-4.1143
GV-06377,5232.59,2459.57,-1549.0,-4.0649
GV-06378,5280.98,2464.4,-1553.04,-3.9496
GV-06379,5329.88,2478.15,-1553.7,-3.8555
GV-06380,5356.59,2462.37,-1545.03,-3.8441
GV-06381,5420.99,2457.14,-1554.89,-3.7831
GV-06382,5461.79,2462.03,-1498.44,-3.6396
GV-06383,5514.01,2482.21,-1502.5,-3.6164
GV-06384,5555.36,2489.66,-1499.96,-3.5321
GV-06385,5623.83,2467.26,-1447.17,-3.4346
GV-06386,5665.32,2464.13,-1447.38,-3.4395
GV-06387,5739.48,2466.19,-1446.54,-3.024
GV-06388,5791.25,2485.26,-1396.22,-3.109
GV-06389,5841.13,2458.33,-1401.83,-3.0566
GV-06390,5865.11,2474.39,-1345.24,-2.9128
GV-06391,5913.62,2468.99,-1347.75,-3.09
GV-06392,5973.36,2456.64,-1304.54,-2.6896
GV-06393,6014.86,2461.27,-1295.44,-2.6577
GV-06394,6060.59,2488.86,-1251.07,-2.3884
GV-06395,6144.63,2486.69,-1252.86,-2.3857
GV-06396,6183.3,2479.34,-1197.94,-2.1712
GV-06397,6229.57,2455.88,-1150.43,-2.0786
GV-06398,6281.9,2478.27,-1145.25,-1.9834
GV-06399,6310.57,2484.97,-1101.85,-1.9104
GV-06400,6371.35,2468.44,-1051.18,-1.8151
GV-06401,31.28,2513.36,-403.13,-9.823
GV-06402,55.91,2506.62,-404.97,-9.9729
GV-06403,129.6,2524.19,-399.81,-10.3565
GV-06404,184.66,2536.98,-454.26,-10.614
GV-06405,211.13,2524.43,-452.74,-10.6464
GV-06406,276.99,2538.15,-447.58,-10.8012
GV-06407,343.54,2514.27,-453.92,-11.1154
GV-06408,367.41,2516.78,-453.94,-11.2344
GV-06409,414.52,2534.15,-499.74,-11.1879
GV-06410,472.2,2505.43,-503.75,-11.5061
GV-06411,519.19,2543.63,-495.91,-11.2263
GV-06412,585.38,2542.55,-498.42,-11.4325
GV-06413,630.63,2524.38,-500.99,-11.4528
GV-06414,656.59,2525.9,-498.49,-11.462
GV-06415,730.42,2520.98,-496.42,-11.6927
GV-06416,770.36,2520.42,-554.34,-11.6187
GV-06417,834.59,2544.29,-549.83,-11.571
GV-06418,868.36,2522.32,-552.33,-11.5964
GV-06419,930.68,2520.56,-545.27,-11.6577
GV-06420,970.96,2521.6,-554.15,-11.4648
GV-06421,1015.5,2535.5,-549.17,-11.7467
GV-06422,1068.41,2520.7,-553.11,-11.6227
GV-06423,1128.45,2511.49,-551.4,-11.6463
GV-06424,1174.01,2531.46,-602.4,-11.5449
GV-06425,1231.5,2521.41,-595.39,-11.5654
GV-06426,1271.48,2534.1,-602.54,-11.4766
GV-06427,1324.76,2530.85,-598.44,-11.4072
GV-06428,1371.57,2528.22,-597.66,-11.3685
GV-06429,1415.49,2506.66,-603.08,-11.3314
GV-06430,1457.69,2508.35,-648.56,-11.3798
GV-06431,1509.67,2543.85,-645.3,-11.1803
GV-06432,1592.3,2532.25,-653.3,-11.107
GV-06433,1620.41,2518.54,-648.28,-10.8612
GV-06434,1670.12,2533.06,-645.31,-10.8986
GV-06435,1730.42,2535.37,-701.99,-10.8532
GV-06436,1756.61,2515.43,-701.4,-10.7439
GV-06437,1832.03,2526.88,-700.74,-10.7227
GV-06438,1871.56,2519.63,-702.08,-10.4349
GV-06439,1932.08,2518.76,-752.0,-10.357
GV-06440,1994.28,2518.28,-749.28,-10.2026
GV-06441,2012.7,2534.03,-754.87,-10.2191
GV-06442,2062.18,2534.15,-801.88,-10.1625
GV-06443,2116.05,2510.08,-803.97,-10.137
GV-06444,2170.1,2543.77,-846.34,-9.8762
GV-06445,2244.73,2538.41,-846.4,-9.7731
GV-06446,2260.0,2537.99,-897.79,-9.5851
GV-06447,2313.83,2538.84,-898.56,-9.5818
GV-06448,2356.15,2519.37,-951.1,-9.2964
GV-06449,2439.01,2532.02,-951.94,-9.318
GV-06450,2464.47,2527.14,-1002.46,-9.2768
GV-06451,2516.0,2536.65,-1001.32,-9.0489
GV-06452,2572.16,2528.76,-1053.63,-8.9184
GV-06453,2607.4,2538.1,-1050.31,-8.6028
GV-06454,2666.26,2520.48,-1095.83,-8.4928
GV-06455,2731.07,2514.11,-1099.33,-8.3819
GV-06456,2767.62,2516.31,-1146.54,-8.5178
GV-06457,2821.17,2508.92,-1148.15,-8.2503
GV-06458,2861.1,2532.04,-1199.7,-8.1701
GV-06459,2918.1,2514.21,-1202.26,-8.1021
GV-06460,2988.83,2519.45,-1253.65,-7.9217
GV-06461,3019.91,2523.88,-1301.4,-8.0414
GV-06462,3059.55,2534.22,-1297.87,-7.6837
GV-06463,3113.03,2510.6,-1350.89,-7.6228
GV-06464,3172.97,2543.3,-1349.4,-7.5539
GV-06465,3207.88,2539.21,-1397.81,-7.5125
GV-06466,3294.32,2522.51,-1402.56,-7.2996
GV-06467,3321.25,2513.39,-1398.09,-7.2118
GV-06468,3390.71,2514.21,-1453.03,-7.223
GV-06469,3408.37,2524.59,-1452.77,-7.1486
GV-06470,3462.09,2536.3,-1504.6,-6.777
GV-06471,3536.42,2529.53,-1501.36,-6.9007
GV-06472,3586.98,2543.04,-1504.13,-6.8352
GV-06473,3621.8,2520.2,-1497.26,-6.6945
GV-06474,3672.41,2517.35,-1547.47,-6.5806
GV-06475,3739.38,2526.14,-1545.61,-6.5377
GV-06476,3760.55,2524.24,-1545.03,-6.5043
GV-06477,3813.85,2522.84,-1553.2,-6.522
GV-06478,3858.67,2512.09,-1554.78,-6.1462
GV-06479,3905.73,2531.22,-1549.22,-6.1682
GV-06480,3970.44,2514.46,-1553.73,-6.1915
GV-06481,4009.59,2537.76,-1547.37,-5.9411
GV-06482,4079.94,2507.17,-1551.71,-5.952
GV-06483,4120.85,2535.37,-1549.76,-5.7419
GV-06484,4156.27,2543.81,-1553.77,-5.7049
GV-06485,4225.43,2524.24,-1546.68,-5.6003
GV-06486,4257.22,2542.95,-1548.32,-5.7195
GV-06487,4327.68,2543.72,-1546.13,-5.5942
GV-06488,4387.6,2536.09,-1553.09,-5.4639
GV-06489,4432.24,2519.02,-1552.32,-5.2915
GV-06490,4463.42,2520.74,-1546.81,-5.1816
GV-06491,4527.02,2524.79,-1552.48,-5.1543
GV-06492,4564.68,2512.3,-1546.38,-5.1027
GV-06493,4642.04,2507.45,-1546.53,-5.2283
GV-06494,4672.29,2505.8,-1548.88,-5.0073
GV-06495,4716.82,2529.31,-1548.14,-4.7831
GV-06496,4761.99,2514.59,-1546.37,-4.9599
GV-06497,4834.62,2518.39,-1601.03,-4.6581
GV-06498,4893.49,2519.42,-1599.06,-4.7978
GV-06499,4933.0,2523.12,-1595.81,-4.6856
GV-06500,4992.6,2512.9,-1597.85,-4.4202
GV-06501,5019.56,2526.42,-1602.25,-4.5742
GV-06502,5079.05,2543.36,-1599.32,-4.2753
GV-06503,5144.44,2520.91,-1603.57,-4.4392
GV-06504,5174.46,2532.71,-1596.02,-4.3438
GV-06505,5239.76,2512.13,-1603.37,-4.2131
GV-06506,5265.17,2508.34,-1547.29,-4.0775
GV-06507,5308.86,2517.39,-1545.58,-3.8009
GV-06508,5376.18,2528.43,-1551.44,-3.8685
GV-06509,5433.05,2514.82,-1552.18,-3.9636
GV-06510,5460.9,2514.95,-1547.87,-3.6142
GV-06511,5511.15,2513.89,-1499.93,-3.4493
GV-06512,5564.66,2516.72,-1496.84,-3.4684
GV-06513,5609.89,2507.6,-1497.54,-3.342
GV-06514,5676.21,2536.96,-1451.49,-3.2332
GV-06515,5741.89,2526.9,-1450.01,-3.2273
GV-06516,5769.64,2537.96,-1402.36,-3.1285
GV-06517,5823.47,2532.28,-1398.93,-2.958
GV-06518,5891.32,2520.26,-1395.71,-2.9432
GV-06519,5925.33,2532.65,-1346.97,-2.8118
GV-06520,5973.53,2540.74,-1346.63,-2.7903
GV-06521,6024.08,2519.42,-1301.27,-2.662
GV-06522,6071.57,2540.84,-1301.8,-2.4714
GV-06523,6110.57,2537.74,-1251.8,-2.3409
GV-06524,6178.79,2508.21,-1195.95,-2.2184
GV-06525,6212.93,2505.03,-1198.72,-1.8915
GV-06526,6290.05,2520.86,-1146.5,-1.8275
GV-06527,6335.8,2522.62,-1104.6,-1.9737
GV-06528,6366.59,2530.48,-1104.39,-1.7403
GV-06529,42.79,2575.64,-395.8,-9.5368
GV-06530,72.71,2563.41,-399.59,-10.158
GV-06531,107.26,2581.19,-446.1,-10.2034
GV-06532,171.31,2584.22,-448.44,-10.5106
GV-06533,234.51,2574.63,-453.09,-10.7231
GV-06534,275.27,2580.05,-450.82,-11.0511
GV-06535,314.23,2563.41,-446.53,-11.0473
GV-06536,382.58,2593.56,-452.58,-11.198
GV-06537,435.65,2561.98,-504.82,-11.2406
GV-06538,458.19,2588.89,-504.2,-11.3498
GV-06539,510.81,2556.5,-501.6,-11.4179
GV-06540,577.45,2593.24,-500.18,-11.4239
GV-06541,626.24,2558.24,-503.78,-11.6025
GV-06542,673.39,2586.15,-499.6,-11.5153
GV-06543,714.2,2579.76,-503.37,-11.6659
GV-06544,792.44,2583.64,-500.99,-11.8404
GV-06545,820.06,2576.89,-549.17,-11.594
GV-06546,870.76,2578.87,-548.3,-11.6451
GV-06547,921.2,2567.24,-552.31,-11.7671
GV-06548,957.7,2586.55,-552.49,-11.7389
GV-06549,1016.28,2572.3,-549.65,-11.6862
GV-06550,1056.41,2583.7,-546.61,-11.892
GV-06551,1107.07,2578.66,-546.02,-11.6542
GV-06552,1162.26,2582.72,-549.35,-11.6137
GV-06553,1234.67,2572.27,-599.28,-11.5316
GV-06554,1257.94,2563.91,-597.42,-11.5902
GV-06555,1337.13,2565.48,-598.22,-11.4513
GV-06556,1357.69,2592.91,-597.67,-11.4704
GV-06557,1410.2,2580.19,-601.58,-11.4032
GV-06558,1472.93,2592.43,-604.37,-11.2814
GV-06559,1518.52,2563.24,-650.87,-11.322
GV-06560,1590.22,2577.95,-645.48,-11.3263
GV-06561,1642.37,2576.87,-653.15,-11.0992
GV-06562,1669.61,2589.46,-649.44,-11.0879
GV-06563,1736.84,2588.09,-650.89,-10.9484
GV-06564,1771.89,2556.48,-697.32,-10.6426
GV-06565,1816.68,2590.72,-702.38,-10.7232
GV-06566,1858.58,2572.35,-701.38,-10.6612
GV-06567,1921.71,2588.39,-704.94,-10.5701
GV-06568,1958.82,2580.15,-746.1,-10.4931
GV-06569,2026.3,2592.88,-746.04,-10.567
GV-06570,2070.02,2578.98,-746.28,-10.3307
GV-06571,2118.15,2559.39,-797.42,-10.2067
GV-06572,2193.02,2573.24,-797.51,-9.9876
GV-06573,2237.85,2569.07,-851.47,-10.0138
GV-06574,2266.74,2569.93,-854.35,-9.8161
GV-06575,2326.13,2581.54,-899.28,-9.5627
GV-06576,2387.8,2584.91,-896.14,-9.4714
GV-06577,2418.78,2574.7,-946.42,-9.4723
GV-06578,2475.8,2581.22,-946.02,-9.177
GV-06579,2531.58,2561.24,-1003.79,-9.188
GV-06580,2576.07,2587.03,-1004.33,-9.1558
GV-06581,2634.06,2579.89,-1046.0,-8.8436
GV-06582,2688.91,2575.77,-1047.86,-8.8554
GV-06583,2727.85,2590.06,-1098.77,-8.6585
GV-06584,2772.96,2585.12,-1097.92,-8.5127
GV-06585,2820.6,2569.47,-1153.61,-8.5274
GV-06586,2878.39,2574.51,-1196.19,-8.3152
GV-06587,2921.6,2568.45,-1196.83,-8.0574
GV-06588,2990.03,2572.04,-1252.79,-8.0223
GV-06589,3042.46,2572.56,-1247.18,-7.894
GV-06590,3056.51,2579.48,-1300.83,-7.8963
GV-06591,3112.29,2579.47,-1304.37,-7.6615
GV-06592,3165.95,2571.45,-1347.54,-7.6616
GV-06593,3241.69,2585.22,-1345.72,-7.6388
GV-06594,3255.48,2574.04,-1396.51,-7.2298
GV-06595,3339.73,2576.33,-1404.42,-7.347
GV-06596,3356.8,2583.81,-1448.0,-7.3331
GV-06597,3424.75,2564.11,-1454.19,-7.1524
GV-06598,3494.48,2578.61,-1451.37,-6.9379
GV-06599,3523.75,2586.27,-1498.42,-6.7859
GV-06600,3594.48,2587.76,-1495.05,-6.9508
GV-06601,3631.92,2593.0,-1503.8,-6.7457
GV-06602,3688.38,2577.77,-1546.51,-6.5736
GV-06603,3733.8,2581.07,-1552.48,-6.6226
GV-06604,3765.24,2588.59,-1554.09,-6.3014
GV-06605,3827.55,2576.42,-1546.27,-6.2335
GV-06606,3886.45,2593.96,-1549.03,-6.2327
GV-06607,3938.77,2572.25,-1552.76,-6.0936
GV-06608,3964.02,2570.6,-1549.34,-6.1086
GV-06609,4043.57,2583.76,-1551.84,-6.0751
GV-06610,4090.18,2567.58,-1547.12,-6.0269
GV-06611,4128.28,2590.54,-1547.98,-5.9553
GV-06612,4165.61,2578.16,-1551.59,-5.6482
GV-06613,4239.33,2574.61,-1552.48,-5.6966
GV-06614,4257.66,2594.46,-1550.03,-5.6207
GV-06615,4316.53,2591.29,-1547.1,-5.4966
GV-06616,4358.25,2576.71,-1554.12,-5.2479
GV-06617,4410.52,2575.12,-1552.54,-5.5755
GV-06618,4480.99,2558.65,-1546.53,-5.2756
GV-06619,4530.41,2555.43,-1548.12,-5.2366
GV-06620,4588.44,2569.44,-1550.15,-5.2718
GV-06621,4641.78,2588.02,-1545.54,-5.0092
GV-06622,4673.82,2565.63,-1549.34,-5.0646
GV-06623,4737.98,2590.5,-1551.82,-4.7631
GV-06624,4780.79,2586.39,-1549.88,-4.6565
GV-06625,4838.53,2577.13,-1598.27,-4.6134
GV-06626,4881.11,2555.43,-1597.32,-4.5873
GV-06627,4931.1,2566.83,-1603.16,-4.6042
GV-06628,4981.35,2584.36,-1596.77,-4.4406
GV-06629,5007.41,2590.04,-1603.81,-4.5502
GV-06630,5085.78,2581.51,-1598.76,-4.2424
GV-06631,5114.45,2594.85,-1604.52,-4.3063
GV-06632,5163.45,2567.11,-1598.69,-4.1351
GV-06633,5217.17,2587.05,-1603.4,-4.1068
GV-06634,5289.3,2593.98,-1598.01,-3.9447
GV-06635,5339.22,2578.05,-1547.83,-3.9252
GV-06636,5376.03,2564.05,-1551.76,-3.9
GV-06637,5431.51,2586.78,-1551.01,-3.6968
GV-06638,5458.97,2584.3,-1552.49,-3.6238
GV-06639,5539.32,2572.32,-1496.83,-3.6026
GV-06640,5559.81,2567.63,-1504.53,-3.5954
GV-06641,5623.69,2588.22,-1500.74,-3.3446
GV-06642,5670.74,2572.78,-1452.29,-3.242
GV-06643,5725.16,2589.15,-1449.89,-3.3409
GV-06644,5762.38,2577.86,-1446.09,-3.1135
GV-06645,5809.98,2564.12,-1395.54,-2.975
GV-06646,5864.14,2584.11,-1397.3,-2.981
GV-06647,5943.03,2587.33,-1346.63,-2.6131
GV-06648,5962.46,2589.04,-1346.92,-2.609
GV-06649,6020.86,2589.06,-1347.64,-2.5583
GV-06650,6080.85,2584.26,-1297.85,-2.4977
GV-06651,6114.82,2574.58,-1249.38,-2.1659
GV-06652,6178.79,2559.61,-1249.88,-2.0088
GV-06653,6220.5,2565.3,-1203.53,-2.1895
GV-06654,6272.47,2573.33,-1196.84,-1.793
GV-06655,6321.88,2578.47,-1152.66,-1.7819
GV-06656,6358.59,2579.33,-1102.32,-1.8205
GV-06657,22.7,2642.4,-454.75,-9.8108
GV-06658,63.58,2620.22,-454.44,-10.0078
GV-06659,127.85,2613.72,-449.56,-10.4617
GV-06660,176.88,2624.34,-450.23,-10.7059
GV-06661,225.56,2621.79,-451.61,-10.7277
GV-06662,261.84,2637.78,-452.92,-11.0899
GV-06663,337.76,2612.68,-453.35,-11.0316
GV-06664,366.34,2630.54,-449.93,-11.2063
GV-06665,436.46,2642.52,-500.22,-11.3094
GV-06666,457.94,2642.15,-502.44,-11.3356
GV-06667,507.82,2633.03,-501.17,-11.4649
GV-06668,578.43,2642.92,-499.56,-11.525
GV-06669,609.3,2641.8,-500.74,-11.5543
GV-06670,687.5,2636.3,-498.0,-11.7331
GV-06671,727.5,2613.92,-498.79,-11.8352
GV-06672,764.24,2642.67,-504.95,-11.6087
GV-06673,811.54,2616.78,-501.58,-11.704
GV-06674,860.2,2621.78,-551.49,-11.917
GV-06675,917.49,2628.69,-551.07,-11.7946
GV-06676,971.15,2643.05,-551.37,-11.6142
GV-06677,1022.99,2631.75,-553.36,-11.9184
GV-06678,1091.13,2640.31,-548.5,-11.7382
GV-06679,1126.11,2622.89,-549.89,-11.6836
GV-06680,1157.45,2636.32,-552.55,-11.8857
GV-06681,1218.91,2624.8,-604.32,-11.5467
GV-06682,1263.01,2610.88,-595.18,-11.8056
GV-06683,1343.58,2619.68,-600.38,-11.6379
GV-06684,1369.61,2606.6,-604.91,-11.4718
GV-06685,1418.31,2611.16,-595.65,-11.4117
GV-06686,1485.75,2638.66,-603.56,-11.4139
GV-06687,1520.77,2619.66,-599.77,-11.2605
GV-06688,1585.77,2617.4,-647.17,-11.228
GV-06689,1636.98,2634.67,-649.9,-11.1361
GV-06690,1683.97,2619.26,-654.35,-11.2068
GV-06691,1714.12,2630.49,-646.76,-11.092
GV-06692,1767.98,2640.33,-654.35,-10.8775
GV-06693,1810.79,2629.78,-697.84,-10.9251
GV-06694,1886.96,2618.66,-696.49,-10.6269
GV-06695,1913.18,2614.09,-695.23,-10.6485
GV-06696,1968.0,2611.77,-695.35,-10.4234
GV-06697,2033.18,2628.06,-754.84,-10.3607
GV-06698,2072.0,2618.41,-751.06,-10.3149
GV-06699,2120.93,2624.62,-799.63,-10.2711
GV-06700,2172.22,2625.82,-798.18,-10.1532
GV-06701,2215.83,2605.54,-795.96,-9.8813
GV-06702,2276.08,2643.53,-846.66,-9.9032
GV-06703,2338.93,2640.84,-854.53,-9.8224
GV-06704,2366.54,2611.41,-904.16,-9.5673
GV-06705,2407.46,2640.75,-901.71,-9.593
GV-06706,2477.87,2640.67,-954.53,-9.3077
GV-06707,2535.29,2620.95,-945.75,-9.1863
GV-06708,2558.68,2644.97,-996.14,-8.9672
GV-06709,2637.94,2644.94,-997.49,-8.9718
GV-06710,2681.9,2628.09,-1051.84,-8.8118
GV-06711,2742.54,2613.78,-1052.73,-9.0003
GV-06712,2776.48,2637.8,-1095.71,-8.6731
GV-06713,2825.91,2611.52,-1152.36,-8.7162
GV-06714,2876.13,2612.9,-1148.46,-8.4389
GV-06715,2915.99,2634.41,-1198.1,-8.2323
GV-06716,2989.43,2613.07,-1201.66,-8.052
GV-06717,3024.63,2614.77,-1252.64,-8.225
GV-06718,3059.61,2613.21,-1254.9,-7.9965
GV-06719,3109.27,2626.12,-1300.89,-7.8097
GV-06720,3190.62,2625.94,-1346.59,-7.5857
GV-06721,3240.24,2637.77,-1351.01,-7.5748
GV-06722,3257.12,2612.7,-1402.18,-7.2944
GV-06723,3344.36,2619.47,-1396.95,-7.3889
GV-06724,3391.62,2620.83,-1454.47,-7.255
GV-06725,3427.31,2644.09,-1450.76,-7.0322
GV-06726,3470.97,2628.63,-1449.76,-7.0437
GV-06727,3532.11,2612.3,-1502.53,-6.9702
GV-06728,3574.35,2625.37,-1499.38,-7.0125
GV-06729,3609.5,2624.41,-1498.29,-6.8496
GV-06730,3660.1,2644.73,-1495.7,-6.7732
GV-06731,3708.3,2606.13,-1554.63,-6.6475
GV-06732,3759.35,2630.05,-1546.52,-6.5173
GV-06733,3840.55,2618.4,-1545.25,-6.452
GV-06734,3875.1,2617.5,-1547.16,-6.25
GV-06735,3943.74,2636.43,-1545.36,-6.2253
GV-06736,3990.55,2637.25,-1551.1,-5.9847
GV-06737,4005.43,2606.81,-1550.26,-6.0127
GV-06738,4068.77,2631.03,-1553.13,-5.9522
GV-06739,4140.09,2627.58,-1551.4,-5.9933
GV-06740,4160.31,2644.09,-1554.21,-5.6796
GV-06741,4211.24,2628.21,-1549.44,-5.6662
GV-06742,4267.9,2614.59,-1551.58,-5.5839
GV-06743,4333.87,2624.83,-1548.2,-5.5299
GV-06744,4381.23,2616.29,-1547.82,-5.5256
GV-06745,4431.97,2631.46,-1545.52,-5.4285
GV-06746,4469.91,2624.02,-1549.36,-5.3081
GV-06747,4532.9,2631.53,-1551.88,-5.2507
GV-06748,4587.94,2633.59,-1549.23,-5.0678
GV-06749,4622.78,2609.87,-1552.49,-4.9955
GV-06750,4666.82,2607.12,-1546.98,-4.9029
GV-06751,4729.05,2622.02,-1547.05,-4.9666
GV-06752,4793.09,2634.47,-1602.14,-4.8085
GV-06753,4832.05,2626.95,-1597.58,-4.7241
GV-06754,4859.15,2630.87,-1598.74,-4.6867
GV-06755,4938.45,2609.6,-1599.98,-4.6062
GV-06756,4961.41,2606.04,-1595.83,-4.6962
GV-06757,5005.97,2619.25,-1599.42,-4.4049
GV-06758,5058.08,2633.13,-1603.22,-4.0628
GV-06759,5105.02,2606.49,-1597.01,-4.1972
GV-06760,5183.75,2613.48,-1603.72,-4.3972
GV-06761,5218.3,2622.54,-1597.2,-4.1476
GV-06762,5256.65,2642.46,-1595.26,-4.0739
GV-06763,5318.7,2612.12,-1602.92,-4.0281
GV-06764,5356.78,2618.61,-1551.78,-3.9593
GV-06765,5422.61,2633.22,-1550.79,-3.8636
GV-06766,5463.75,2644.54,-1547.76,-3.7552
GV-06767,5539.27,2634.81,-1550.31,-3.5262
GV-06768,5592.09,2618.57,-1499.6,-3.558
GV-06769,5624.09,2615.37,-1495.1,-3.3419
GV-06770,5691.75,2623.74,-1499.81,-3.3093
GV-06771,5731.89,2605.74,-1452.55,-3.2447
GV-06772,5755.98,2617.46,-1451.16,-3.0209
GV-06773,5815.93,2627.96,-1452.23,-3.0467
GV-06774,5877.6,2644.54,-1403.23,-2.7684
GV-06775,5923.09,2605.31,-1397.27,-2.8579
GV-06776,5984.95,2630.56,-1345.65,-2.6616
GV-06777,6010.27,2636.42,-1350.05,-2.6
GV-06778,6071.3,2608.99,-1297.07,-2.4747
GV-06779,6125.12,2644.44,-1300.15,-2.4599
GV-06780,6157.94,2641.83,-1249.74,-1.9853
GV-06781,6228.78,2629.27,-1245.12,-2.1602
GV-06782,6288.04,2630.13,-1195.01,-1.8823
GV-06783,6338.34,2622.98,-1147.49,-1.9059
GV-06784,6380.84,2605.5,-1145.96,-1.71
GV-06785,10.1,2685.93,-453.78,-9.6342
GV-06786,86.18,2681.26,-454.77,-10.2289
GV-06787,127.51,2664.82,-448.22,-10.2707
GV-06788,183.56,2677.97,-450.84,-10.5769
GV-06789,209.02,2662.81,-446.94,-10.6475
GV-06790,266.45,2667.54,-449.18,-10.9589
GV-06791,330.18,2682.2,-453.93,-11.1722
GV-06792,381.08,2663.01,-452.91,-11.222
GV-06793,409.69,2686.56,-496.14,-11.3866
GV-06794,485.27,2681.03,-501.92,-11.5863
GV-06795,523.44,2664.48,-499.97,-11.5901
GV-06796,558.6,2692.68,-497.15,-11.3926
GV-06797,614.7,2682.24,-499.65,-11.7433
GV-06798,678.16,2665.88,-498.31,-11.6753
GV-06799,713.27,2685.26,-499.97,-11.76
GV-06800,770.08,2660.57,-502.77,-11.8706
GV-06801,806.92,2680.78,-504.59,-11.7662
GV-06802,886.15,2675.45,-495.17,-11.9369
GV-06803,943.19,2678.81,-552.26,-11.8889
GV-06804,969.29,2665.18,-550.97,-11.8276
GV-06805,1028.7,2689.21,-549.69,-11.7825
GV-06806,1094.23,2670.56,-545.54,-11.9219
GV-06807,1118.31,2658.26,-550.51,-11.8385
GV-06808,1194.74,2687.05,-554.08,-12.0077
GV-06809,1236.11,2675.42,-550.92,-11.6868
GV-06810,1282.8,2691.54,-599.26,-11.758
GV-06811,1306.25,2680.0,-600.24,-11.8624
GV-06812,1357.97,2670.7,-601.36,-11.4825
GV-06813,1415.57,2694.92,-601.07,-11.5019
GV-06814,1486.89,2694.75,-600.86,-11.7242
GV-06815,1513.77,2669.45,-601.45,-11.4552
GV-06816,1575.7,2658.68,-651.22,-11.306
GV-06817,1638.33,2681.86,-653.78,-11.3609
GV-06818,1659.77,2694.73,-652.29,-11.1913
GV-06819,1717.9,2679.72,-645.68,-11.1298
GV-06820,1775.41,2692.46,-647.36,-11.1388
GV-06821,1828.37,2671.19,-645.02,-11.009
GV-06822,1859.35,2675.35,-701.36,-10.804
GV-06823,1926.47,2680.98,-700.06,-10.8341
GV-06824,1980.16,2667.68,-696.79,-10.7616
GV-06825,2016.97,2679.51,-750.98,-10.5606
GV-06826,2092.08,2667.73,-748.66,-10.427
GV-06827,2133.78,2694.92,-747.26,-10.2739
GV-06828,2161.93,2666.78,-802.35,-10.3494
GV-06829,2215.21,2684.39,-801.35,-10.0513
GV-06830,2283.75,2655.65,-803.16,-10.0228
GV-06831,2323.65,2690.58,-847.13,-9.8509
GV-06832,2394.62,2681.18,-849.03,-9.6695
GV-06833,2425.87,2690.2,-902.24,-9.5007
GV-06834,2466.68,2656.48,-899.41,-9.5958
GV-06835,2511.89,2677.95,-953.49,-9.3893
GV-06836,2591.73,2666.87,-952.94,-9.1957
GV-06837,2637.44,2694.28,-997.28,-9.3209
GV-06838,2658.29,2687.38,-999.21,-9.1364
GV-06839,2741.22,2667.58,-1050.27,-8.9023
GV-06840,2766.88,2686.08,-1103.0,-8.6668
GV-06841,2825.94,2674.08,-1096.1,-8.6233
GV-06842,2876.72,2673.66,-1149.84,-8.5561
GV-06843,2931.58,2671.03,-1145.39,-8.2812
GV-06844,2973.97,2677.78,-1202.29,-8.3271
GV-06845,3007.77,2679.64,-1251.18,-8.2193
GV-06846,3064.22,2692.77,-1249.41,-8.0457
GV-06847,3143.7,2691.45,-1301.04,-7.7706
GV-06848,3171.18,2688.33,-1300.41,-7.8238
GV-06849,3218.59,2659.63,-1345.24,-7.6527
GV-06850,3290.55,2680.94,-1347.37,-7.5786
GV-06851,3342.44,2686.21,-1398.3,-7.4389
GV-06852,3365.29,2694.39,-1395.42,-7.4467
GV-06853,3434.76,2661.41,-1453.32,-6.979
GV-06854,3455.54,2681.74,-1452.54,-7.1026
GV-06855,3529.81,2659.51,-1496.75,-7.036
GV-06856,3581.79,2660.64,-1502.06,-6.9886
GV-06857,3606.28,2670.86,-1500.25,-6.7641
GV-06858,3658.76,2684.06,-1495.65,-6.9222
GV-06859,3708.82,2671.51,-1551.25,-6.6708
GV-06860,3790.86,2682.89,-1552.52,-6.5546
GV-06861,3808.18,2677.82,-1553.69,-6.4387
GV-06862,3877.72,2683.94,-1552.43,-6.2771
GV-06863,3933.6,2656.77,-1551.92,-6.3264
GV-06864,3962.9,2655.53,-1547.09,-6.3511
GV-06865,4015.15,2674.21,-1552.63,-5.9578
GV-06866,4081.11,2677.93,-1547.13,-5.9624
GV-06867,4121.92,2682.72,-1550.0,-5.89
GV-06868,4183.06,2685.72,-1546.76,-5.8119
GV-06869,4230.18,2668.14,-1553.95,-5.7144
GV-06870,4256.55,2658.76,-1545.34,-5.6049
GV-06871,4316.93,2692.47,-1551.19,-5.607
GV-06872,4358.26,2675.14,-1545.31,-5.4878
GV-06873,4443.4,2674.15,-1554.79,-5.4325
GV-06874,4461.47,2671.49,-1547.54,-5.4508
GV-06875,4516.9,2663.53,-1552.47,-5.1673
GV-06876,4580.17,2676.01,-1547.31,-5.3412
GV-06877,4642.48,2674.1,-1552.06,-4.9837
GV-06878,4688.88,2662.79,-1551.89,-5.1604
GV-06879,4716.81,2685.83,-1595.51,-5.0618
GV-06880,4787.89,2655.89,-1599.96,-4.8938
GV-06881,4816.1,2691.17,-1600.48,-4.7455
GV-06882,4879.35,2667.99,-1598.96,-4.5756
GV-06883,4908.17,2687.78,-1599.93,-4.8022
GV-06884,4980.0,2691.06,-1596.95,-4.5041
GV-06885,5037.2,2685.2,-1600.14,-4.4774
GV-06886,5076.17,2687.23,-1599.88,-4.3349
GV-06887,5111.14,2661.77,-1597.9,-4.3494
GV-06888,5166.29,2689.94,-1595.62,-4.0723
GV-06889,5237.72,2662.83,-1601.28,-4.2278
GV-06890,5284.49,2660.39,-1599.91,-3.9144
GV-06891,5306.94,2661.03,-1603.79,-4.0044
GV-06892,5360.47,2661.89,-1554.25,-3.8476
GV-06893,5435.52,2655.59,-1549.39,-3.7389
GV-06894,5473.59,2676.86,-1551.48,-3.6321
GV-06895,5522.5,2659.03,-1547.54,-3.4923
GV-06896,5574.46,2656.72,-1495.09,-3.5249
GV-06897,5616.66,2690.83,-1504.41,-3.3881
GV-06898,5657.26,2668.8,-1502.75,-3.2644
GV-06899,5744.14,2683.29,-1495.16,-3.4304
GV-06900,5784.68,2692.13,-1454.15,-3.0716
GV-06901,5824.51,2659.99,-1454.89,-3.0264
GV-06902,5889.83,2691.01,-1450.58,-2.963
GV-06903,5917.47,2664.1,-1404.06,-2.8623
GV-06904,5985.14,2678.35,-1397.07,-2.6726
GV-06905,6043.24,2680.2,-1347.19,-2.5378
GV-06906,6067.03,2657.81,-1353.42,-2.3179
GV-06907,6110.05,2690.66,-1298.79,-2.438
GV-06908,6184.32,2675.09,-1296.97,-2.266
GV-06909,6244.52,2688.11,-1253.97,-1.8642
GV-06910,6268.8,2693.56,-1196.77,-1.8182
GV-06911,6340.55,2691.81,-1204.36,-1.7622
GV-06912,6380.19,2688.85,-1148.22,-1.4089
GV-06913,9.33,2738.95,-445.0,-9.7483
GV-06914,77.21,2743.44,-445.99,-10.0434
GV-06915,107.27,2740.57,-452.76,-10.3084
GV-06916,181.62,2711.19,-446.93,-10.622
GV-06917,205.39,2739.99,-446.12,-10.7703
GV-06918,263.57,2740.92,-446.97,-10.9834
GV-06919,337.18,2713.68,-452.59,-11.0755
GV-06920,388.06,2720.97,-450.89,-11.1693
GV-06921,424.06,2739.89,-499.15,-11.3679
GV-06922,485.32,2730.35,-502.86,-11.5392
GV-06923,527.94,2738.32,-501.51,-11.563
GV-06924,588.63,2722.79,-503.67,-11.6318
GV-06925,638.26,2743.05,-499.86,-11.6409
GV-06926,694.58,2731.81,-502.99,-11.7219
GV-06927,736.11,2737.03,-496.84,-11.9075
GV-06928,769.77,2724.23,-498.87,-12.0543
GV-06929,840.09,2707.37,-498.25,-11.7128
GV-06930,888.71,2716.6,-500.48,-11.9636
GV-06931,912.89,2729.51,-500.53,-11.8309
GV-06932,965.18,2708.39,-553.31,-11.8375
GV-06933,1009.07,2717.66,-546.34,-11.7206
GV-06934,1075.52,2731.65,-545.06,-11.9662
GV-06935,1105.11,2730.58,-551.68,-11.858
GV-06936,1169.2,2733.32,-550.13,-11.9043
GV-06937,1243.45,2718.7,-545.93,-11.6521
GV-06938,1274.38,2709.24,-549.42,-11.6255
GV-06939,1313.9,2729.6,-603.86,-11.7073
GV-06940,1390.73,2712.67,-603.19,-11.7515
GV-06941,1420.68,2708.73,-603.0,-11.7135
GV-06942,1470.25,2741.61,-600.65,-11.5565
GV-06943,1536.92,2744.23,-603.79,-11.6064
GV-06944,1589.36,2710.28,-598.44,-11.527
GV-06945,1626.46,2710.77,-645.69,-11.35
GV-06946,1693.2,2721.8,-648.12,-11.2692
GV-06947,1723.57,2723.72,-650.49,-11.311
GV-06948,1766.95,2708.17,-649.63,-11.2532
GV-06949,1831.74,2711.62,-647.61,-10.9904
GV-06950,1872.56,2743.45,-652.98,-10.9375
GV-06951,1918.4,2709.09,-695.27,-10.7051
GV-06952,1981.39,2726.0,-697.11,-10.7282
GV-06953,2010.31,2731.44,-702.03,-10.7218
GV-06954,2079.89,2712.32,-754.7,-10.6707
GV-06955,2135.47,2719.04,-754.46,-10.3352
GV-06956,2164.99,2740.77,-754.96,-10.4554
GV-06957,2233.55,2724.21,-802.35,-10.1373
GV-06958,2290.81,2735.56,-804.81,-10.2462
GV-06959,2305.62,2716.85,-795.57,-9.9995
GV-06960,2356.8,2725.36,-851.78,-9.8573
GV-06961,2425.42,2739.51,-852.64,-9.7087
GV-06962,2471.18,2722.93,-896.67,-9.5551
GV-06963,2535.73,2706.92,-895.55,-9.4485
GV-06964,2570.13,2705.8,-945.15,-9.369
GV-06965,2611.04,2718.56,-953.57,-9.147
GV-06966,2675.95,2722.62,-999.77,-8.9159
GV-06967,2720.47,2740.9,-1053.62,-8.926
GV-06968,2774.41,2738.47,-1052.89,-8.645
GV-06969,2823.55,2733.05,-1102.29,-8.6846
GV-06970,2859.96,2720.3,-1098.46,-8.5773
GV-06971,2937.74,2718.14,-1147.01,-8.5829
GV-06972,2958.59,2730.38,-1196.5,-8.1874
GV-06973,3019.57,2730.91,-1195.26,-8.2361
GV-06974,3091.28,2707.91,-1250.1,-8.0879
GV-06975,3118.58,2714.12,-1251.89,-7.9189
GV-06976,3184.53,2743.57,-1300.27,-7.7964
GV-06977,3219.95,2709.79,-1347.62,-7.7419
GV-06978,3256.27,2743.46,-1348.15,-7.6875
GV-06979,3317.61,2718.57,-1404.59,-7.5292
GV-06980,3384.01,2732.35,-1395.36,-7.4749
GV-06981,3428.07,2736.18,-1451.54,-7.324
GV-06982,3464.53,2710.01,-1446.38,-7.226
GV-06983,3542.76,2738.63,-1451.74,-7.0927
GV-06984,3580.0,2729.17,-1498.92,-7.0339
GV-06985,3613.43,2709.39,-1501.97,-6.8735
GV-06986,3675.59,2733.05,-1497.04,-6.7636
GV-06987,3709.55,2720.42,-1504.9,-6.5977
GV-06988,3766.06,2730.39,-1545.09,-6.6151
GV-06989,3811.62,2743.51,-1554.84,-6.3878
GV-06990,3882.3,2706.57,-1548.42,-6.4374
GV-06991,3931.33,2743.69,-1548.38,-6.3002
GV-06992,3989.58,2733.51,-1547.89,-6.1209
GV-06993,4043.62,2707.28,-1546.16,-6.1829
GV-06994,4060.64,2734.8,-1550.58,-5.9562
GV-06995,4106.3,2733.57,-1554.84,-5.8472
GV-06996,4179.76,2705.46,-1548.96,-5.9712
GV-06997,4213.61,2721.8,-1549.85,-5.7865
GV-06998,4285.32,2743.0,-1545.68,-5.494
GV-06999,4335.55,2719.23,-1553.2,-5.5477
GV-07000,4372.81,2723.46,-1551.36,-5.6802
GV-07001,4426.53,2715.5,-1545.25,-5.5928
GV-07002,4474.56,2723.76,-1550.53,-5.3562
GV-07003,4524.79,2723.53,-1551.24,-5.3831
GV-07004,4593.72,2736.3,-1550.05,-5.1446
GV-07005,4611.59,2743.91,-1554.36,-5.001
GV-07006,4671.35,2709.66,-1598.43,-5.1645
GV-07007,4720.48,2721.01,-1603.56,-5.0839
GV-07008,4790.09,2718.91,-1597.15,-4.9977
GV-07009,4815.93,2734.27,-1597.02,-4.704
GV-07010,4858.62,2732.41,-1603.16,-4.6464
GV-07011,4913.24,2716.86,-1603.86,-4.6477
GV-07012,4982.33,2730.87,-1596.1,-4.3255
GV-07013,5025.89,2715.1,-1602.28,-4.6166
GV-07014,5066.29,2713.84,-1600.92,-4.4292
GV-07015,5144.68,2708.73,-1596.25,-4.1493
GV-07016,5170.31,2714.1,-1595.68,-4.1771
GV-07017,5235.04,2739.84,-1603.97,-4.143
GV-07018,5282.02,2733.39,-1596.97,-3.863
GV-07019,5335.74,2744.84,-1595.7,-3.9724
GV-07020,5377.32,2734.6,-1597.0,-3.8814
GV-07021,5409.96,2708.93,-1549.13,-3.6762
GV-07022,5467.01,2733.94,-1550.37,-3.7748
GV-07023,5519.29,2713.02,-1546.97,-3.6225
GV-07024,5584.62,2705.16,-1550.54,-3.5171
GV-07025,5609.1,2733.78,-1501.13,-3.4185
GV-07026,5687.94,2741.44,-1501.47,-3.2249
GV-07027,5714.65,2742.17,-1499.23,-3.106
GV-07028,5755.55,2711.13,-1454.54,-2.9713
GV-07029,5819.69,2741.78,-1451.2,-2.9068
GV-07030,5855.09,2733.21,-1452.76,-2.8097
GV-07031,5910.33,2723.95,-1399.22,-2.747
GV-07032,5971.06,2709.35,-1396.19,-2.5321
GV-07033,6007.04,2724.63,-1402.45,-2.4984
GV-07034,6063.66,2741.44,-1346.95,-2.3219
GV-07035,6125.41,2727.67,-1351.88,-2.3287
GV-07036,6180.2,2721.45,-1301.93,-2.2879
GV-07037,6243.9,2741.09,-1246.61,-1.9298
GV-07038,6288.54,2717.79,-1251.7,-1.8953
GV-07039,6327.33,2711.9,-1203.96,-1.9076
GV-07040,6391.37,2718.53,-1154.63,-1.5649
GV-07041,21.54,2762.57,-449.82,-9.7233
GV-07042,60.9,2755.98,-445.96,-10.0244
GV-07043,122.89,2793.31,-454.17,-10.3841
GV-07044,186.25,2770.51,-446.66,-10.5044
GV-07045,242.45,2783.83,-446.05,-10.9068
GV-07046,267.47,2791.66,-448.64,-10.8857
GV-07047,316.08,2762.43,-454.0,-11.1641
GV-07048,367.75,2768.31,-453.21,-11.3321
GV-07049,431.18,2789.16,-498.85,-11.3391
GV-07050,486.04,2786.01,-503.7,-11.2856
GV-07051,531.28,2766.32,-503.09,-11.4964
GV-07052,589.64,2764.06,-500.38,-11.8425
GV-07053,644.31,2789.24,-500.29,-11.6198
GV-07054,676.76,2755.79,-496.63,-11.7196
GV-07055,715.86,2774.0,-497.1,-11.8296
GV-07056,790.41,2777.41,-500.7,-11.9444
GV-07057,843.11,2779.59,-501.09,-12.0954
GV-07058,863.91,2765.94,-502.19,-11.88
GV-07059,907.99,2782.34,-495.47,-11.8751
GV-07060,977.77,2757.27,-501.42,-11.8924
GV-07061,1014.92,2779.51,-549.99,-11.8934
GV-07062,1081.73,2793.57,-551.45,-11.9466
GV-07063,1117.38,2774.79,-551.25,-11.7873
GV-07064,1164.93,2773.97,-554.6,-11.787
GV-07065,1239.81,2760.34,-553.5,-11.7461
GV-07066,1281.79,2770.13,-551.03,-11.9746
GV-07067,1317.32,2765.68,-603.38,-11.9044
GV-07068,1388.03,2761.83,-598.42,-11.7327
GV-07069,1441.82,2779.89,-596.87,-11.6451
GV-07070,1486.27,2764.94,-597.46,-11.4625
GV-07071,1534.06,2770.65,-600.95,-11.5574
GV-07072,1580.21,2772.28,-599.8,-11.9154
GV-07073,1640.36,2774.39,-604.44,-11.437
GV-07074,1684.4,2768.51,-653.74,-11.4986
GV-07075,1724.6,2782.76,-651.1,-11.3412
GV-07076,1756.18,2757.49,-646.21,-11.207
GV-07077,1813.41,2764.84,-645.64,-11.0741
GV-07078,1861.92,2770.09,-654.55,-11.0514
GV-07079,1930.54,2780.03,-650.13,-10.8473
GV-07080,1977.08,2793.18,-700.59,-10.7893
GV-07081,2026.86,2766.91,-695.01,-10.8103
GV-07082,2070.77,2781.06,-701.93,-10.7005
GV-07083,2117.05,2765.76,-749.44,-10.4833
GV-07084,2184.56,2759.99,-745.63,-10.3936
GV-07085,2225.3,2763.67,-749.49,-10.3519
GV-07086,2275.13,2773.62,-795.7,-10.2317
GV-07087,2333.82,2766.71,-803.31,-9.9976
GV-07088,2381.85,2755.63,-799.49,-9.9199
GV-07089,2410.23,2756.1,-845.03,-9.7537
GV-07090,2475.33,2761.13,-849.75,-9.8365
GV-07091,2537.43,2784.83,-895.83,-9.5742
GV-07092,2577.44,2787.28,-895.14,-9.5362
GV-07093,2605.88,2785.18,-952.41,-9.2103
GV-07094,2682.93,2782.46,-997.89,-9.0343
GV-07095,2737.24,2783.77,-995.82,-8.8514
GV-07096,2776.89,2769.79,-1045.88,-8.8387
GV-07097,2839.18,2794.05,-1052.33,-8.7927
GV-07098,2880.09,2758.37,-1100.72,-8.6141
GV-07099,2928.41,2786.08,-1152.44,-8.633
GV-07100,2978.4,2783.82,-1148.08,-8.4543
GV-07101,3005.56,2768.85,-1204.66,-8.1323
GV-07102,3059.85,2771.73,-1204.05,-8.2196
GV-07103,3120.68,2789.31,-1249.23,-8.147
GV-07104,3162.61,2764.36,-1304.72,-7.9193
GV-07105,3230.34,2788.62,-1297.26,-7.7498
GV-07106,3265.06,2756.69,-1353.63,-7.6077
GV-07107,3344.19,2793.63,-1352.47,-7.659
GV-07108,3384.26,2779.2,-1397.83,-7.3237
GV-07109,3426.92,2769.98,-1401.78,-7.2048
GV-07110,3458.79,2782.78,-1449.44,-7.2206
GV-07111,3537.76,2779.09,-1453.48,-7.1372
GV-07112,3589.05,2793.6,-1503.13,-7.0158
GV-07113,3631.3,2777.15,-1496.24,-6.729
GV-07114,3666.87,2785.83,-1496.25,-6.7595
GV-07115,3741.0,2793.87,-1500.0,-6.7717
GV-07116,3785.35,2784.56,-1554.71,-6.6677
GV-07117,3817.84,2780.22,-1546.6,-6.6713
GV-07118,3861.35,2766.78,-1546.09,-6.4275
GV-07119,3908.99,2779.62,-1548.68,-6.4034
GV-07120,3973.39,2778.81,-1550.56,-6.1197
GV-07121,4030.97,2779.73,-1554.69,-6.0598
GV-07122,4078.86,2756.17,-1545.12,-6.0821
GV-07123,4117.48,2785.91,-1553.68,-5.9101
GV-07124,4179.01,2783.88,-1549.82,-5.7536
GV-07125,4234.71,2792.35,-1554.55,-5.948
GV-07126,4274.36,2780.72,-1547.14,-5.6641
GV-07127,4321.19,2755.96,-1551.53,-5.6186
GV-07128,4392.4,2783.45,-1552.98,-5.4334
GV-07129,4434.96,2756.79,-1545.08,-5.5651
GV-07130,4476.65,2760.44,-1547.82,-5.3976
GV-07131,4521.62,2784.37,-1547.39,-5.3732
GV-07132,4584.42,2756.92,-1548.48,-5.167
GV-07133,4631.24,2774.36,-1546.25,-5.0672
GV-07134,4662.99,2769.28,-1604.87,-4.9644
GV-07135,4710.38,2757.6,-1600.52,-4.8047
GV-07136,4778.47,2774.75,-1601.44,-4.7736
GV-07137,4823.93,2775.75,-1604.6,-4.7479
GV-07138,4890.29,2774.01,-1603.64,-4.7325
GV-07139,4918.3,2780.33,-1604.65,-4.6358
GV-07140,4956.65,2788.25,-1595.76,-4.3982
GV-07141,5011.88,2791.37,-1601.39,-4.5138
GV-07142,5076.09,2761.2,-1599.02,-4.2199
GV-07143,5114.28,2782.23,-1601.01,-4.2101
GV-07144,5161.55,2789.91,-1604.52,-4.1427
GV-07145,5233.81,2775.1,-1600.11,-4.1784
GV-07146,5283.69,2791.13,-1602.99,-4.0254
GV-07147,5318.63,2792.99,-1601.19,-3.8525
GV-07148,5394.77,2779.26,-1596.4,-3.938
GV-07149,5414.85,2758.48,-1596.41,-3.696
GV-07150,5481.64,2777.52,-1552.13,-3.6606
GV-07151,5540.39,2764.55,-1550.05,-3.5439
GV-07152,5577.8,2766.81,-1551.88,-3.5368
GV-07153,5605.11,2791.76,-1553.21,-3.3718
GV-07154,5690.27,2792.17,-1499.73,-3.1974
GV-07155,5725.19,2772.14,-1496.65,-3.2149
GV-07156,5765.95,2769.0,-1497.34,-2.9397
GV-07157,5830.46,2775.83,-1452.44,-3.0373
GV-07158,5884.66,2779.47,-1453.24,-2.8545
GV-07159,5942.61,2782.17,-1450.16,-2.7489
GV-07160,5963.78,2789.52,-1398.4,-2.6647
GV-07161,6022.51,2787.06,-1400.48,-2.5496
GV-07162,6076.26,2791.94,-1351.01,-2.4243
GV-07163,6120.68,2755.92,-1350.02,-2.2387
GV-07164,6188.2,2771.31,-1302.86,-2.1071
GV-07165,6219.62,2777.21,-1298.42,-2.1877
GV-07166,6259.41,2763.13,-1251.77,-2.1279
GV-07167,6336.4,2774.63,-1199.38,-1.7558
GV-07168,6372.69,2772.83,-1198.62,-1.4628
GV-07169,15.33,2842.69,-452.85,-9.9136
GV-07170,76.09,2837.21,-453.06,-9.9747
GV-07171,120.08,2818.47,-447.98,-10.3561
GV-07172,194.2,2808.91,-446.46,-10.7345
GV-07173,206.15,2831.5,-452.93,-10.7754
GV-07174,278.53,2842.61,-453.29,-11.0156
GV-07175,317.0,2818.89,-454.4,-11.0832
GV-07176,360.7,2842.71,-501.85,-11.1135
GV-07177,419.36,2820.18,-502.3,-11.3102
GV-07178,479.57,2816.51,-499.78,-11.5258
GV-07179,534.97,2833.26,-503.12,-11.4411
GV-07180,582.7,2814.0,-495.03,-11.8339
GV-07181,619.26,2805.5,-498.1,-11.7624
GV-07182,677.79,2843.33,-500.71,-11.7379
GV-07183,743.39,2828.7,-497.85,-11.8947
GV-07184,794.82,2822.34,-504.03,-11.9715
GV-07185,812.87,2822.74,-497.37,-12.1956
GV-07186,870.25,2806.39,-497.01,-11.9687
GV-07187,926.45,2810.39,-504.69,-11.9745
GV-07188,977.91,2832.66,-495.69,-11.9006
GV-07189,1009.57,2811.67,-553.78,-12.0911
GV-07190,1093.58,2819.49,-547.93,-12.1547
GV-07191,1129.96,2818.11,-548.49,-12.0554
GV-07192,1168.94,2828.89,-553.2,-12.0145
GV-07193,1209.99,2824.45,-545.86,-12.1069
GV-07194,1263.75,2807.03,-554.33,-11.9609
GV-07195,1323.88,2829.55,-549.59,-11.8241
GV-07196,1362.71,2837.05,-595.73,-11.7585
GV-07197,1412.11,2835.81,-603.54,-11.9027
GV-07198,1487.51,2818.39,-601.32,-11.744
GV-07199,1511.97,2813.65,-595.61,-11.599
GV-07200,1584.99,2812.8,-598.94,-11.7022
GV-07201,1629.24,2829.9,-595.98,-11.627
GV-07202,1673.78,2807.1,-599.84,-11.5008
GV-07203,1725.31,2831.42,-648.83,-11.4612
GV-07204,1761.89,2819.41,-652.8,-11.3669
GV-07205,1815.58,2815.23,-648.82,-11.2495
GV-07206,1887.31,2825.18,-647.36,-11.034
GV-07207,1910.1,2811.93,-654.42,-10.9297
GV-07208,1971.03,2819.15,-646.71,-10.9895
GV-07209,2013.59,2843.77,-699.1,-10.9146
GV-07210,2072.34,2841.55,-704.38,-10.7492
GV-07211,2120.07,2812.58,-695.33,-10.5644
GV-07212,2158.41,2807.12,-703.79,-10.4599
GV-07213,2213.05,2824.57,-749.65,-10.4455
GV-07214,2270.81,2808.84,-751.44,-10.3225
GV-07215,2340.03,2809.21,-803.59,-10.1872
GV-07216,2366.42,2812.04,-798.4,-10.0919
GV-07217,2444.39,2842.83,-798.54,-9.9501
GV-07218,2464.81,2812.45,-851.88,-9.9395
GV-07219,2543.79,2844.76,-854.24,-9.6034
GV-07220,2592.43,2815.06,-895.63,-9.5508
GV-07221,2640.14,2830.23,-945.08,-9.3037
GV-07222,2682.21,2835.56,-950.34,-9.1578
GV-07223,2725.26,2823.93,-997.89,-9.2003
GV-07224,2765.67,2813.83,-1003.3,-8.9111
GV-07225,2811.39,2827.75,-1047.05,-8.7516
GV-07226,2870.92,2834.61,-1096.43,-8.6689
GV-07227,2906.34,2821.09,-1095.36,-8.6571
GV-07228,2976.26,2807.06,-1147.03,-8.3939
GV-07229,3023.58,2817.08,-1196.06,-8.3846
GV-07230,3066.85,2838.43,-1198.37,-8.1266
GV-07231,3125.5,2842.65,-1251.93,-7.9575
GV-07232,3194.01,2805.93,-1249.68,-8.1129
GV-07233,3210.38,2839.46,-1299.65,-7.8979
GV-07234,3294.65,2825.46,-1348.01,-7.8202
GV-07235,3316.29,2843.69,-1345.11,-7.6164
GV-07236,3390.19,2809.32,-1398.2,-7.3788
GV-07237,3416.74,2812.91,-1404.92,-7.3506
GV-07238,3487.49,2822.52,-1450.51,-7.1544
GV-07239,3531.59,2834.9,-1446.09,-7.1435
GV-07240,3579.84,2835.47,-1451.25,-7.1894
GV-07241,3616.58,2841.28,-1502.95,-6.8604
GV-07242,3675.12,2834.29,-1501.65,-6.8777
GV-07243,3732.73,2827.02,-1502.46,-6.6914
GV-07244,3780.77,2814.14,-1496.3,-6.7124
GV-07245,3821.38,2808.48,-1553.0,-6.4745
GV-07246,3891.28,2822.68,-1546.05,-6.4501
GV-07247,3923.9,2807.99,-1548.34,-6.4214
GV-07248,3967.11,2818.73,-1554.3,-6.2224
GV-07249,4034.08,2833.56,-1552.76,-6.1833
GV-07250,4071.74,2815.25,-1553.34,-6.1854
GV-07251,4139.27,2844.28,-1545.31,-6.0678
GV-07252,4191.44,2833.26,-1547.97,-5.8605
GV-07253,4233.6,2837.32,-1549.43,-5.8967
GV-07254,4269.25,2821.12,-1553.93,-5.4973
GV-07255,4320.59,2835.73,-1550.59,-5.6735
GV-07256,4366.69,2828.63,-1546.86,-5.6723
GV-07257,4438.89,2818.28,-1551.53,-5.4934
GV-07258,4460.18,2832.66,-1551.44,-5.3151
GV-07259,4541.19,2805.1,-1545.77,-5.2487
GV-07260,4568.65,2843.05,-1552.31,-5.1325
GV-07261,4631.91,2843.99,-1603.5,-5.1332
GV-07262,4690.52,2842.84,-1599.47,-5.1686
GV-07263,4735.87,2838.76,-1600.87,-5.1596
GV-07264,4792.8,2820.82,-1596.84,-4.9145
GV-07265,4826.97,2816.49,-1604.7,-4.8552
GV-07266,4860.04,2809.44,-1598.85,-4.7644
GV-07267,4925.04,2810.91,-1602.18,-4.6994
GV-07268,4977.36,2831.1,-1599.96,-4.4461
GV-07269,5025.4,2820.06,-1604.72,-4.3877
GV-07270,5063.03,2839.58,-1597.18,-4.5221
GV-07271,5113.1,2828.84,-1602.83,-4.3453
GV-07272,5171.36,2822.64,-1602.61,-4.2169
GV-07273,5232.5,2811.38,-1602.36,-4.1887
GV-07274,5284.17,2841.57,-1603.19,-3.7956
GV-07275,5344.37,2825.61,-1595.75,-3.7619
GV-07276,5365.84,2817.18,-1596.32,-3.785
GV-07277,5418.42,2825.0,-1595.58,-3.9214
GV-07278,5483.3,2844.87,-1547.93,-3.728
GV-07279,5517.01,2808.33,-1554.29,-3.4855
GV-07280,5556.73,2822.39,-1552.84,-3.4376
GV-07281,5610.62,2841.29,-1550.7,-3.4712
GV-07282,5656.59,2819.69,-1552.48,-3.1919
GV-07283,5736.18,2827.46,-1503.75,-3.1834
GV-07284,5781.71,2819.02,-1501.23,-2.9087
GV-07285,5826.75,2838.49,-1499.66,-3.0188
GV-07286,5869.1,2837.41,-1452.35,-2.894
GV-07287,5931.7,2812.41,-1453.94,-2.7194
GV-07288,5956.71,2825.9,-1446.35,-2.5193
GV-07289,6032.64,2820.39,-1400.31,-2.5162
GV-07290,6058.6,2825.7,-1402.96,-2.4272
GV-07291,6125.71,2816.43,-1351.19,-2.3866
GV-07292,6175.0,2817.62,-1350.55,-2.1383
GV-07293,6232.26,2822.22,-1297.61,-2.0428
GV-07294,6270.31,2839.65,-1297.35,-2.0933
GV-07295,6306.58,2815.05,-1252.51,-1.6808
GV-07296,6368.59,2825.92,-1203.06,-1.7024
GV-07297,37.06,2860.15,-446.06,-9.7798
GV-07298,81.1,2887.62,-451.21,-9.9763
GV-07299,126.77,2878.36,-454.86,-10.3361
GV-07300,176.64,2873.99,-446.25,-10.6846
GV-07301,221.25,2864.53,-447.74,-10.7167
GV-07302,259.33,2881.88,-450.89,-11.0032
GV-07303,331.35,2867.15,-504.97,-11.0093
GV-07304,393.67,2884.09,-495.77,-11.2863
GV-07305,439.03,2880.92,-499.01,-11.4188
GV-07306,493.46,2877.48,-495.61,-11.5276
GV-07307,537.44,2882.51,-495.11,-11.5253
GV-07308,565.99,2885.68,-495.35,-11.5789
GV-07309,622.35,2892.74,-500.68,-11.7739
GV-07310,681.57,2866.51,-500.06,-11.8869
GV-07311,734.04,2870.85,-496.79,-11.8173
GV-07312,775.57,2874.35,-496.63,-12.0412
GV-07313,807.18,2872.72,-503.19,-11.931
GV-07314,862.48,2869.88,-497.39,-12.0227
GV-07315,941.86,2873.13,-496.44,-11.9784
GV-07316,982.08,2877.86,-500.23,-12.1793
GV-07317,1024.58,2872.35,-503.11,-12.1511
GV-07318,1055.9,2869.85,-554.3,-12.0653
GV-07319,1109.42,2866.13,-552.03,-11.9829
GV-07320,1174.79,2888.61,-553.82,-11.9753
GV-07321,1205.02,2873.22,-552.35,-12.2039
GV-07322,1264.75,2862.71,-553.25,-12.0092
GV-07323,1323.74,2864.36,-551.67,-11.8792
GV-07324,1388.98,2885.74,-550.14,-11.9769
GV-07325,1423.91,2885.97,-602.04,-11.7651
GV-07326,1478.09,2880.2,-600.51,-11.671
GV-07327,1541.54,2890.15,-603.22,-11.8975
GV-07328,1586.36,2885.83,-596.65,-11.6637
GV-07329,1610.99,2893.73,-603.09,-11.5181
GV-07330,1693.75,2890.83,-599.99,-11.5817
GV-07331,1721.39,2883.5,-603.26,-11.5058
GV-07332,1759.68,2888.11,-651.56,-11.3725
GV-07333,1834.74,2878.44,-651.02,-11.4803
GV-07334,1861.96,2872.63,-648.46,-11.1463
GV-07335,1928.7,2884.33,-645.54,-11.1668
GV-07336,1988.79,2872.04,-650.09,-11.0228
GV-07337,2024.06,2882.04,-646.99,-10.959
GV-07338,2066.84,2871.49,-702.74,-10.8899
GV-07339,2144.52,2870.36,-702.85,-10.7078
GV-07340,2185.78,2867.57,-699.49,-10.6679
GV-07341,2216.23,2878.32,-703.59,-10.6332
GV-07342,2283.34,2866.36,-748.26,-10.4831
GV-07343,2323.83,2866.09,-746.74,-10.2051
GV-07344,2394.17,2859.8,-797.96,-10.0179
GV-07345,2417.88,2862.82,-799.16,-10.0182
GV-07346,2474.88,2870.14,-851.7,-9.7079
GV-07347,2520.6,2867.21,-854.41,-9.7824
GV-07348,2590.23,2877.19,-897.6,-9.6883
GV-07349,2632.89,2884.05,-903.72,-9.4195
GV-07350,2670.07,2883.21,-953.35,-9.3854
GV-07351,2729.17,2880.64,-954.48,-9.2153
GV-07352,2778.42,2857.07,-998.72,-8.9613
GV-07353,2815.2,2857.0,-1052.83,-8.9522
GV-07354,2868.58,2870.34,-1048.4,-8.7835
GV-07355,2923.07,2882.32,-1101.43,-8.6207
GV-07356,2974.99,2885.08,-1152.87,-8.6497
GV-07357,3014.61,2871.74,-1147.21,-8.4374
GV-07358,3065.99,2882.24,-1200.4,-8.3465
GV-07359,3144.28,2881.17,-1203.75,-8.0232
GV-07360,3192.64,2857.41,-1245.4,-8.0662
GV-07361,3209.94,2894.94,-1295.48,-7.7853
GV-07362,3290.02,2860.62,-1298.03,-7.877
GV-07363,3331.91,2881.94,-1351.39,-7.6552
GV-07364,3359.72,2894.57,-1348.71,-7.6808
GV-07365,3411.87,2861.26,-1403.28,-7.4539
GV-07366,3473.34,2877.32,-1402.35,-7.3351
GV-07367,3531.64,2885.6,-1446.49,-7.3677
GV-07368,3562.97,2887.54,-1454.43,-7.0301
GV-07369,3615.68,2881.16,-1501.02,-7.1347
GV-07370,3664.43,2892.65,-1502.08,-7.0924
GV-07371,3716.76,2889.35,-1498.5,-6.8021
GV-07372,3759.72,2893.2,-1496.64,-6.7596
GV-07373,3806.1,2887.77,-1499.79,-6.4625
GV-07374,3874.17,2891.51,-1551.3,-6.4821
GV-07375,3939.38,2863.06,-1551.22,-6.5398
GV-07376,3989.37,2869.28,-1548.41,-6.4692
GV-07377,4033.18,2860.73,-1548.48,-6.224
GV-07378,4076.21,2870.78,-1550.37,-6.1297
GV-07379,4128.2,2869.09,-1550.2,-5.9796
GV-07380,4165.95,2875.39,-1548.88,-6.0262
GV-07381,4228.9,2889.04,-1551.1,-5.8641
GV-07382,4265.29,2894.8,-1545.33,-5.9956
GV-07383,4320.71,2863.18,-1549.64,-5.7635
GV-07384,4394.41,2873.15,-1551.67,-5.5071
GV-07385,4412.78,2894.26,-1549.2,-5.4814
GV-07386,4459.29,2892.31,-1549.19,-5.4242
GV-07387,4533.73,2871.09,-1554.68,-5.1521
GV-07388,4561.38,2880.47,-1599.32,-5.1714
GV-07389,4605.33,2868.05,-1595.97,-5.3674
GV-07390,4687.41,2878.56,-1599.73,-5.1598
GV-07391,4735.28,2884.06,-1601.16,-5.0087
GV-07392,4782.95,2856.02,-1597.71,-4.9393
GV-07393,4829.13,2864.23,-1596.02,-4.8478
GV-07394,4868.08,2864.35,-1604.19,-4.7325
GV-07395,4944.11,2866.9,-1604.82,-4.6414
GV-07396,4976.33,2873.54,-1604.15,-4.5301
GV-07397,5038.85,2874.29,-1595.35,-4.3774
GV-07398,5067.01,2893.4,-1599.02,-4.3121
GV-07399,5122.95,2886.14,-1601.82,-4.3922
GV-07400,5167.21,2873.55,-1601.98,-4.2254
GV-07401,5211.1,2858.95,-1603.37,-4.0989
GV-07402,5291.31,2858.91,-1596.82,-3.9615
GV-07403,5313.61,2869.68,-1602.26,-3.9599
GV-07404,5365.45,2869.26,-1599.75,-3.7341
GV-07405,5414.07,2869.07,-1598.73,-3.7178
GV-07406,5494.92,2872.16,-1598.3,-3.6612
GV-07407,5523.38,2885.73,-1552.32,-3.6496
GV-07408,5580.15,2890.45,-1546.63,-3.5499
GV-07409,5644.12,2874.79,-1546.69,-3.4346
GV-07410,5685.2,2894.38,-1550.76,-3.1683
GV-07411,5726.51,2855.95,-1501.54,-3.119
GV-07412,5763.11,2878.28,-1504.33,-2.9153
GV-07413,5827.79,2872.14,-1502.85,-3.0183
GV-07414,5859.4,2875.02,-1495.07,-2.9667
GV-07415,5924.82,2859.88,-1452.42,-2.7262
GV-07416,5989.81,2893.69,-1454.58,-2.4958
GV-07417,6014.83,2861.55,-1449.96,-2.5436
GV-07418,6087.14,2892.87,-1396.91,-2.6489
GV-07419,6133.41,2868.8,-1401.05,-2.3796
GV-07420,6157.13,2862.68,-1347.46,-2.2159
GV-07421,6216.13,2864.91,-1345.42,-2.021
GV-07422,6288.11,2872.34,-1302.79,-1.8339
GV-07423,6305.41,2878.34,-1248.24,-1.7846
GV-07424,6356.67,2865.88,-1253.89,-1.5454
GV-07425,27.67,2916.05,-495.14,-9.8215
GV-07426,75.77,2919.86,-495.54,-10.0528
GV-07427,108.31,2930.34,-501.4,-10.4236
GV-07428,193.59,2917.59,-501.65,-10.5342
GV-07429,227.06,2913.04,-502.36,-10.912
GV-07430,291.43,2908.78,-500.37,-10.8254
GV-07431,305.16,2909.91,-500.57,-11.2387
GV-07432,386.61,2922.24,-503.48,-11.1812
GV-07433,423.0,2932.11,-495.2,-11.1794
GV-07434,457.87,2940.58,-503.1,-11.585
GV-07435,509.21,2923.08,-501.92,-11.6329
GV-07436,580.44,2906.68,-498.1,-11.681
GV-07437,621.4,2931.59,-503.3,-11.7438
GV-07438,671.16,2926.14,-495.91,-11.7121
GV-07439,718.48,2907.46,-497.34,-12.0474
GV-07440,790.23,2921.05,-497.71,-12.168
GV-07441,836.63,2943.0,-502.1,-12.1588
GV-07442,884.38,2931.89,-501.42,-12.1416
GV-07443,934.55,2934.39,-497.77,-12.1818
GV-07444,993.43,2914.51,-501.1,-12.2508
GV-07445,1038.1,2924.81,-501.52,-12.1477
GV-07446,1084.86,2936.69,-501.39,-12.0535
GV-07447,1110.39,2923.9,-545.31,-12.0879
GV-07448,1186.63,2922.57,-550.95,-12.2216
GV-07449,1229.05,2927.61,-548.68,-12.0118
GV-07450,1287.0,2914.94,-551.8,-11.9828
GV-07451,1335.98,2944.35,-546.34,-11.9735
GV-07452,1356.61,2907.37,-553.6,-12.2313
GV-07453,1437.17,2929.26,-598.08,-11.7433
GV-07454,1482.12,2944.24,-598.42,-11.7658
GV-07455,1535.98,2922.28,-595.94,-11.7542
GV-07456,1563.66,2914.03,-599.16,-11.6802
GV-07457,1609.38,2908.3,-597.86,-11.8503
GV-07458,1666.0,2934.72,-600.37,-11.7796
GV-07459,1736.66,2932.91,-598.42,-11.5037
GV-07460,1755.0,2912.87,-595.62,-11.5219
GV-07461,1832.02,2925.52,-601.75,-11.417
GV-07462,1876.46,2932.98,-645.77,-11.2657
GV-07463,1932.11,2943.29,-650.28,-11.2364
GV-07464,1972.65,2914.06,-645.07,-11.2328
GV-07465,2009.78,2907.12,-649.45,-11.1594
GV-07466,2075.71,2916.53,-653.04,-11.0418
GV-07467,2131.64,2936.42,-700.76,-10.7976
GV-07468,2158.25,2911.05,-699.23,-10.6826
GV-07469,2209.15,2912.61,-699.39,-10.6327
GV-07470,2276.53,2919.67,-704.2,-10.4849
GV-07471,2315.75,2905.46,-745.1,-10.4899
GV-07472,2385.05,2909.6,-753.21,-10.2777
GV-07473,2408.38,2936.58,-798.84,-10.1915
GV-07474,2478.59,2937.48,-803.05,-9.8477
GV-07475,2510.75,2938.55,-852.9,-9.8681
GV-07476,2586.68,2920.35,-853.25,-9.6289
GV-07477,2630.04,2914.9,-899.46,-9.4739
GV-07478,2687.28,2939.28,-904.12,-9.4932
GV-07479,2744.37,2935.95,-947.73,-9.3566
GV-07480,2788.64,2941.1,-999.78,-9.1286
GV-07481,2812.41,2943.54,-998.64,-9.0051
GV-07482,2863.95,2917.44,-1052.04,-8.8084
GV-07483,2927.28,2932.52,-1103.76,-8.8097
GV-07484,2986.49,2935.16,-1100.92,-8.7286
GV-07485,3006.1,2906.86,-1153.71,-8.4844
GV-07486,3094.53,2929.9,-1201.2,-8.4363
GV-07487,3125.18,2923.31,-1197.42,-8.4019
GV-07488,3163.04,2911.29,-1252.34,-8.0714
GV-07489,3215.36,2914.71,-1253.45,-8.0279
GV-07490,3278.71,2920.27,-1303.06,-7.8877
GV-07491,3322.56,2936.44,-1349.89,-7.6583
GV-07492,3392.87,2925.61,-1347.29,-7.6133
GV-07493,3425.42,2908.12,-1404.86,-7.4889
GV-07494,3470.93,2923.42,-1402.17,-7.4156
GV-07495,3513.88,2942.83,-1448.2,-7.5791
GV-07496,3558.04,2939.93,-1446.19,-7.1522
GV-07497,3618.65,2929.96,-1445.42,-7.0488
GV-07498,3694.54,2938.56,-1501.27,-7.129
GV-07499,3710.17,2908.43,-1504.77,-7.0292
GV-07500,3791.42,2930.86,-1504.45,-6.8106
GV-07501,3828.63,2917.5,-1500.83,-6.8025
GV-07502,3855.42,2918.84,-1554.8,-6.468
GV-07503,3931.88,2939.99,-1552.66,-6.5258
GV-07504,3964.11,2935.45,-1552.43,-6.4188
GV-07505,4028.88,2921.01,-1550.06,-6.2342
GV-07506,4071.24,2924.9,-1553.94,-6.3688
GV-07507,4129.16,2922.02,-1549.55,-6.0954
GV-07508,4160.42,2934.24,-1550.43,-5.9748
GV-07509,4230.65,2916.22,-1552.42,-5.6724
GV-07510,4267.75,2940.11,-1545.48,-5.5627
GV-07511,4321.16,2941.87,-1549.0,-5.6248
GV-07512,4363.39,2935.5,-1553.49,-5.5984
GV-07513,4418.77,2919.16,-1547.75,-5.4656
GV-07514,4464.0,2919.92,-1551.18,-5.5439
GV-07515,4526.51,2944.92,-1551.41,-5.445
GV-07516,4589.72,2917.88,-1595.43,-5.265
GV-07517,4643.79,2910.16,-1596.84,-5.1496
GV-07518,4669.9,2913.04,-1602.8,-5.0519
GV-07519,4729.76,2937.64,-1595.96,-4.9722
GV-07520,4793.42,2941.27,-1598.0,-4.858
GV-07521,4810.74,2943.84,-1604.95,-4.9251
GV-07522,4884.54,2924.56,-1601.33,-4.7701
GV-07523,4930.21,2923.84,-1597.96,-4.5542
GV-07524,4981.72,2930.58,-1602.26,-4.481
GV-07525,5021.57,2922.99,-1596.97,-4.5935
GV-07526,5087.07,2920.94,-1602.27,-4.3219
GV-07527,5138.33,2908.08,-1601.38,-4.3391
GV-07528,5191.84,2933.84,-1600.83,-4.1904
GV-07529,5207.14,2928.03,-1602.19,-4.1246
GV-07530,5257.02,2913.73,-1602.39,-3.9953
GV-07531,5326.75,2915.9,-1597.98,-3.8889
GV-07532,5370.32,2943.9,-1600.33,-3.9403
GV-07533,5444.17,2908.16,-1604.98,-3.9422
GV-07534,5471.49,2916.58,-1595.63,-3.6487
GV-07535,5534.61,2942.39,-1547.84,-3.6365
GV-07536,5586.66,2939.72,-1554.34,-3.319
GV-07537,5623.78,2929.84,-1550.3,-3.3189
GV-07538,5680.07,2939.22,-1553.78,-3.3242
GV-07539,5739.87,2944.68,-1550.76,-3.2662
GV-07540,5788.45,2929.62,-1504.73,-3.0727
GV-07541,5815.47,2927.07,-1498.64,-3.0813
GV-07542,5880.82,2932.69,-1503.42,-2.779
GV-07543,5935.14,2938.84,-1496.28,-2.782
GV-07544,5988.85,2937.27,-1451.52,-2.7427
GV-07545,6030.77,2939.66,-1453.3,-2.5989
GV-07546,6071.47,2933.57,-1397.83,-2.4346
GV-07547,6115.52,2909.76,-1403.32,-2.2741
GV-07548,6183.57,2915.61,-1354.53,-2.204
GV-07549,6212.3,2924.72,-1353.66,-2.0114
GV-07550,6258.4,2909.97,-1302.31,-1.8158
GV-07551,6308.1,2934.54,-1302.96,-1.7922
GV-07552,6384.17,2923.72,-1246.15,-1.5885
GV-07553,9.82,2993.2,-500.48,-9.7084
GV-07554,88.36,2979.49,-497.81,-10.0527
GV-07555,128.38,2958.16,-499.11,-10.3136
GV-07556,163.19,2964.25,-498.03,-10.3613
GV-07557,225.21,2984.66,-502.17,-10.8876
GV-07558,272.32,2962.6,-504.04,-11.0096
GV-07559,336.87,2976.92,-498.17,-11.0759
GV-07560,357.06,2979.64,-495.83,-11.352
GV-07561,423.59,2967.18,-501.51,-11.4215
GV-07562,493.08,2972.63,-499.64,-11.4397
GV-07563,512.56,2988.92,-498.07,-11.8318
GV-07564,563.27,2988.51,-502.45,-11.5238
GV-07565,608.34,2977.83,-503.41,-11.8621
GV-07566,681.26,2993.86,-500.9,-11.8714
GV-07567,706.42,2978.97,-496.98,-12.1282
GV-07568,787.14,2965.79,-499.73,-11.957
GV-07569,805.25,2986.55,-496.11,-12.0928
GV-07570,886.06,2980.31,-495.99,-12.241
GV-07571,926.59,2955.08,-503.89,-12.1508
GV-07572,957.13,2963.65,-495.5,-12.2609
GV-07573,1007.35,2968.48,-501.37,-12.0847
GV-07574,1087.71,2961.38,-501.73,-12.2502
GV-07575,1138.69,2984.07,-546.85,-12.1849
GV-07576,1170.45,2955.94,-547.85,-12.1162
GV-07577,1232.83,2976.22,-547.75,-12.111
GV-07578,1278.64,2975.9,-551.93,-12.0481
GV-07579,1340.82,2971.91,-545.7,-11.9498
GV-07580,1358.5,2955.33,-545.88,-12.0998
GV-07581,1433.75,2961.04,-549.52,-12.0135
GV-07582,1475.03,2989.82,-604.57,-11.8717
GV-07583,1517.59,2983.72,-598.85,-11.9461
GV-07584,1575.07,2988.17,-605.0,-11.9378
GV-07585,1613.27,2966.21,-602.06,-11.8427
GV-07586,1657.72,2979.12,-600.45,-11.7172
GV-07587,1736.06,2958.27,-599.81,-11.7574
GV-07588,1790.87,2984.53,-599.93,-11.616
GV-07589,1823.48,2969.41,-604.59,-11.5369
GV-07590,1872.34,2990.76,-601.07,-11.352
GV-07591,1931.07,2978.61,-652.95,-11.5239
GV-07592,1962.84,2979.66,-650.2,-11.1454
GV-07593,2033.86,2987.0,-649.89,-11.238
GV-07594,2063.72,2966.97,-654.24,-10.9851
GV-07595,2106.08,2968.31,-649.85,-10.942
GV-07596,2185.2,2961.29,-701.18,-10.8349
GV-07597,2221.88,2988.82,-697.68,-10.5419
GV-07598,2267.61,2993.62,-700.98,-10.6449
GV-07599,2333.81,2973.48,-698.95,-10.551
GV-07600,2377.55,2981.14,-749.91,-10.2764
GV-07601,2421.77,2976.94,-749.2,-10.1926
GV-07602,2464.7,2961.99,-796.08,-10.0717
GV-07603,2513.4,2962.95,-800.16,-9.8725
GV-07604,2578.3,2980.71,-845.75,-9.7693
GV-07605,2610.38,2969.47,-852.71,-9.5213
GV-07606,2681.51,2955.65,-898.39,-9.6288
GV-07607,2709.11,2981.33,-954.56,-9.2999
GV-07608,2782.72,2972.09,-951.72,-9.2409
GV-07609,2810.1,2967.45,-1004.16,-8.9979
GV-07610,2867.04,2973.45,-996.15,-9.0466
GV-07611,2941.18,2989.4,-1047.83,-8.8933
GV-07612,2962.02,2977.66,-1095.05,-8.7303
GV-07613,3030.96,2988.88,-1149.49,-8.4395
GV-07614,3088.79,2966.16,-1148.08,-8.6124
GV-07615,3107.5,2967.3,-1201.44,-8.3954
GV-07616,3184.26,2963.13,-1204.62,-8.0775
GV-07617,3212.2,2956.5,-1246.07,-8.062
GV-07618,3257.76,2962.88,-1298.63,-8.0244
GV-07619,3314.45,2986.07,-1296.0,-7.6676
GV-07620,3366.08,2976.65,-1349.74,-7.8475
GV-07621,3410.81,2980.26,-1352.44,-7.5758
GV-07622,3489.37,2957.25,-1395.66,-7.3657
GV-07623,3524.89,2961.58,-1396.47,-7.4543
GV-07624,3592.57,2984.11,-1454.36,-7.2151
GV-07625,3612.34,2985.67,-1449.53,-7.2588
GV-07626,3676.08,2992.3,-1452.07,-7.1422
GV-07627,3710.63,2985.55,-1498.1,-6.9908
GV-07628,3768.33,2959.92,-1498.07,-6.7881
GV-07629,3835.6,2966.13,-1500.65,-6.717
GV-07630,3874.92,2965.37,-1499.94,-6.5772
GV-07631,3937.14,2956.16,-1549.84,-6.5633
GV-07632,3984.83,2989.0,-1549.24,-6.5553
GV-07633,4037.26,2970.3,-1553.45,-6.3456
GV-07634,4065.69,2975.19,-1547.76,-6.2679
GV-07635,4109.23,2988.71,-1550.42,-6.0153
GV-07636,4162.46,2985.79,-1550.58,-5.9115
GV-07637,4232.15,2958.78,-1551.52,-5.8994
GV-07638,4267.0,2975.4,-1545.39,-6.1388
GV-07639,4324.48,2955.11,-1545.38,-5.6567
GV-07640,4367.4,2955.81,-1546.36,-5.6613
GV-07641,4429.81,2975.9,-1548.94,-5.5099
GV-07642,4494.07,2965.11,-1546.9,-5.3511
GV-07643,4527.35,2967.92,-1602.97,-5.2214
GV-07644,4564.3,2955.65,-1597.17,-5.3679
GV-07645,4636.5,2966.09,-1601.47,-5.1063
GV-07646,4677.37,2992.94,-1604.64,-5.0987
GV-07647,4715.07,2978.74,-1599.63,-4.9663
GV-07648,4763.71,2977.52,-1600.76,-5.0013
GV-07649,4823.38,2970.77,-1598.69,-4.6323
GV-07650,4860.86,2973.03,-1597.95,-4.9091
GV-07651,4941.58,2978.19,-1603.7,-4.7774
GV-07652,4974.58,2974.43,-1596.42,-4.6171
GV-07653,5040.23,2976.6,-1595.54,-4.568
GV-07654,5056.06,2963.43,-1597.5,-4.2824
GV-07655,5116.05,2968.51,-1595.53,-4.258
GV-07656,5157.17,2991.12,-1598.13,-4.1926
GV-07657,5236.25,2988.67,-1599.48,-4.3072
GV-07658,5294.45,2993.5,-1595.11,-3.9253
GV-07659,5344.34,2982.55,-1600.04,-3.9853
GV-07660,5366.55,2963.39,-1599.11,-3.7227
GV-07661,5435.7,2986.59,-1596.95,-3.7571
GV-07662,5467.94,2961.36,-1602.34,-3.524
GV-07663,5518.95,2974.43,-1599.1,-3.4798
GV-07664,5563.35,2974.03,-1549.66,-3.6337
GV-07665,5624.8,2968.92,-1554.85,-3.2897
GV-07666,5689.01,2962.56,-1552.15,-3.2691
GV-07667,5734.58,2972.77,-1552.04,-3.1803
GV-07668,5772.77,2986.37,-1554.5,-3.0418
GV-07669,5834.81,2971.25,-1501.75,-2.7999
GV-07670,5869.08,2973.86,-1504.71,-2.805
GV-07671,5924.85,2981.8,-1500.94,-2.7273
GV-07672,5979.69,2970.37,-1451.64,-2.5377
GV-07673,6029.63,2963.11,-1453.73,-2.4739
GV-07674,6057.82,2989.37,-1454.09,-2.5242
GV-07675,6138.62,2959.28,-1398.74,-2.0586
GV-07676,6185.94,2983.88,-1397.8,-2.2317
GV-07677,6236.04,2982.47,-1347.29,-2.1362
GV-07678,6288.8,2991.79,-1345.11,-1.8326
GV-07679,6340.84,2989.69,-1302.68,-1.8571
GV-07680,6369.94,2983.14,-1254.51,-1.6305
GV-07681,31.87,3023.91,-497.4,-9.8639
GV-07682,88.26,3009.67,-497.46,-9.8632
GV-07683,105.77,3018.74,-503.71,-10.2245
GV-07684,193.04,3006.01,-501.95,-10.4013
GV-07685,218.98,3020.43,-500.73,-10.7333
GV-07686,285.15,3025.83,-496.75,-10.9411
GV-07687,336.38,3023.51,-501.04,-10.8898
GV-07688,385.58,3032.09,-502.26,-11.2271
GV-07689,442.09,3044.13,-503.82,-11.3663
GV-07690,458.08,3007.97,-496.56,-11.5812
GV-07691,537.04,3022.25,-503.79,-11.4686
GV-07692,564.58,3029.12,-497.84,-11.7081
GV-07693,631.47,3027.43,-496.7,-11.8547
GV-07694,665.76,3013.99,-500.63,-11.9445
GV-07695,719.24,3013.44,-500.87,-11.8185
GV-07696,793.14,3008.8,-501.13,-12.0285
GV-07697,844.11,3016.96,-498.91,-12.227
GV-07698,869.37,3041.93,-502.9,-12.3326
GV-07699,933.09,3012.75,-497.82,-12.1807
GV-07700,969.86,3040.1,-496.55,-12.2747
GV-07701,1042.29,3006.01,-498.67,-12.2922
GV-07702,1056.58,3039.84,-498.63,-12.3603
GV-07703,1117.07,3011.42,-496.71,-12.4202
GV-07704,1188.8,3025.05,-546.71,-12.3236
GV-07705,1225.78,3007.82,-546.25,-12.0469
GV-07706,1256.74,3017.32,-552.03,-12.1868
GV-07707,1320.02,3020.62,-550.04,-12.181
GV-07708,1369.04,3038.79,-551.25,-11.9854
GV-07709,1413.15,3014.96,-547.6,-12.1302
GV-07710,1464.05,3005.18,-550.45,-11.9266
GV-07711,1540.71,3024.94,-602.58,-11.944
GV-07712,1593.56,3007.47,-597.07,-11.8511
GV-07713,1633.26,3019.52,-599.46,-12.0954
GV-07714,1683.11,3044.79,-599.54,-11.7782
GV-07715,1723.99,3026.89,-600.58,-12.0171
GV-07716,1791.75,3006.37,-600.11,-11.6219
GV-07717,1828.94,3025.4,-603.94,-11.4879
GV-07718,1893.63,3013.72,-599.69,-11.5415
GV-07719,1927.78,3015.54,-597.77,-11.4079
GV-07720,1988.58,3031.12,-597.83,-11.1614
GV-07721,2015.98,3029.88,-649.91,-11.3396
GV-07722,2057.56,3036.11,-649.03,-11.1305
GV-07723,2119.37,3044.58,-646.91,-11.1471
GV-07724,2179.73,3005.5,-653.77,-11.0635
GV-07725,2213.14,3024.55,-701.61,-10.8664
GV-07726,2266.36,3021.86,-699.84,-10.5667
GV-07727,2322.54,3044.33,-699.12,-10.6604
GV-07728,2393.38,3015.58,-749.96,-10.572
GV-07729,2424.52,3044.76,-746.22,-10.2336
GV-07730,2463.93,3009.32,-751.0,-10.1833
GV-07731,2524.35,3031.52,-798.93,-9.9462
GV-07732,2589.67,3026.38,-798.59,-9.8167
GV-07733,2608.52,3036.31,-848.8,-9.7499
GV-07734,2693.66,3008.08,-902.23,-9.7304
GV-07735,2731.03,3012.09,-903.86,-9.4852
GV-07736,2757.88,3028.62,-950.76,-9.3868
GV-07737,2832.59,3020.87,-952.77,-9.1059
GV-07738,2858.98,3024.8,-998.19,-8.9327
GV-07739,2907.36,3011.52,-1047.98,-8.8661
GV-07740,2985.21,3005.38,-1048.52,-8.7992
GV-07741,3034.7,3015.97,-1098.46,-8.8793
GV-07742,3089.06,3030.76,-1146.92,-8.5168
GV-07743,3134.12,3015.74,-1147.66,-8.4816
GV-07744,3155.09,3036.8,-1197.07,-8.2256
GV-07745,3221.83,3025.76,-1253.31,-8.1297
GV-07746,3266.83,3029.6,-1253.59,-7.915
GV-07747,3326.95,3044.53,-1300.75,-7.832
GV-07748,3392.15,3026.16,-1353.68,-7.7483
GV-07749,3408.99,3042.18,-1345.79,-7.634
GV-07750,3483.91,3040.6,-1401.63,-7.5642
GV-07751,3538.37,3037.46,-1397.2,-7.4018
GV-07752,3557.25,3024.37,-1404.36,-7.4782
GV-07753,3627.4,3033.89,-1453.7,-7.1611
GV-07754,3668.14,3035.62,-1452.77,-6.9695
GV-07755,3739.49,3028.68,-1500.23,-6.8642
GV-07756,3786.98,3005.23,-1504.94,-6.9294
GV-07757,3823.54,3041.99,-1498.05,-6.8453
GV-07758,3863.06,3012.85,-1497.48,-6.7817
GV-07759,3944.14,3017.8,-1501.83,-6.4873
GV-07760,3980.63,3019.55,-1546.56,-6.5611
GV-07761,4014.15,3014.98,-1553.04,-6.4181
GV-07762,4086.32,3041.96,-1549.89,-6.133
GV-07763,4115.27,3026.75,-1547.57,-5.9991
GV-07764,4191.57,3019.93,-1554.99,-6.0014
GV-07765,4208.26,3007.75,-1548.33,-6.0611
GV-07766,4273.88,3013.09,-1554.64,-5.9485
GV-07767,4322.34,3031.91,-1545.78,-5.838
GV-07768,4367.07,3019.28,-1546.39,-5.7165
GV-07769,4427.32,3027.56,-1549.86,-5.5627
GV-07770,4463.58,3043.28,-1601.16,-5.4356
GV-07771,4520.9,3026.44,-1597.03,-5.6393
GV-07772,4572.59,3018.08,-1604.26,-5.1592
GV-07773,4628.31,3040.02,-1601.23,-5.1605
GV-07774,4690.4,3036.78,-1601.2,-5.093
GV-07775,4705.62,3011.55,-1602.05,-5.1646
GV-07776,4779.72,3012.72,-1604.32,-4.857
GV-07777,4831.74,3013.3,-1597.9,-4.8414
GV-07778,4888.9,3026.08,-1600.63,-4.6734
GV-07779,4913.99,3026.16,-1598.13,-4.7774
GV-07780,4983.58,3010.93,-1596.22,-4.6222
GV-07781,5026.51,3044.89,-1603.46,-4.3883
GV-07782,5087.3,3017.28,-1599.45,-4.2989
GV-07783,5129.14,3005.97,-1599.95,-4.3474
GV-07784,5191.75,3039.08,-1604.56,-4.2427
GV-07785,5230.59,3036.84,-1599.09,-4.2384
GV-07786,5279.6,3029.9,-1597.48,-4.041
GV-07787,5307.81,3008.92,-1602.44,-3.9364
GV-07788,5371.18,3031.68,-1604.44,-3.9338
GV-07789,5435.76,3035.31,-1601.18,-3.84
GV-07790,5469.89,3043.82,-1596.13,-3.5525
GV-07791,5526.62,3014.26,-1597.47,-3.6735
GV-07792,5576.73,3029.82,-1601.28,-3.5335
GV-07793,5606.58,3035.05,-1551.54,-3.3518
GV-07794,5683.19,3010.81,-1554.41,-3.2006
GV-07795,5711.81,3041.74,-1545.13,-3.1325
GV-07796,5793.73,3037.85,-1554.88,-3.0306
GV-07797,5815.21,3038.21,-1546.69,-2.8585
GV-07798,5870.07,3033.91,-1499.24,-2.816
GV-07799,5912.72,3041.95,-1503.62,-2.7608
GV-07800,5958.81,3042.73,-1499.03,-2.5518
GV-07801,6026.51,3038.7,-1454.97,-2.427
GV-07802,6059.76,3011.25,-1447.68,-2.2841
GV-07803,6122.54,3019.51,-1453.56,-2.2213
GV-07804,6184.18,3034.27,-1399.88,-2.1568
GV-07805,6213.39,3021.0,-1348.46,-2.002
GV-07806,6260.23,3010.85,-1352.94,-1.9689
GV-07807,6312.99,3017.19,-1300.8,-1.947
GV-07808,6363.85,3023.5,-1299.27,-1.5582
GV-07809,27.36,3075.32,-500.4,-9.7816
GV-07810,61.78,3064.35,-500.62,-9.9446
GV-07811,121.52,3086.98,-501.44,-10.2096
GV-07812,188.53,3078.18,-503.42,-10.4548
GV-07813,235.58,3057.22,-503.23,-10.4871
GV-07814,271.28,3071.4,-495.5,-10.9454
GV-07815,318.29,3059.03,-495.58,-10.989
GV-07816,387.48,3079.32,-500.01,-11.2835
GV-07817,417.14,3067.02,-502.14,-11.4102
GV-07818,491.43,3085.94,-500.41,-11.5194
GV-07819,522.97,3064.95,-497.19,-11.7081
GV-07820,557.12,3057.6,-497.03,-11.6224
GV-07821,607.69,3060.6,-497.12,-11.985
GV-07822,657.83,3087.34,-503.6,-11.9225
GV-07823,731.43,3070.45,-499.42,-11.9246
GV-07824,763.78,3090.57,-504.59,-12.0707
GV-07825,826.49,3082.74,-495.27,-12.1677
GV-07826,866.56,3057.32,-498.43,-12.1302
GV-07827,924.81,3055.56,-497.55,-12.3367
GV-07828,955.92,3056.32,-499.29,-12.3194
GV-07829,1033.14,3064.55,-497.54,-12.192
GV-07830,1082.39,3091.71,-504.32,-12.1292
GV-07831,1110.11,3055.04,-498.46,-12.3845
GV-07832,1187.44,3069.8,-551.88,-12.3373
GV-07833,1231.48,3063.84,-549.04,-12.2778
GV-07834,1289.54,3075.63,-549.05,-12.1512
GV-07835,1322.81,3070.31,-546.78,-12.1826
GV-07836,1356.31,3057.16,-554.6,-11.9852
GV-07837,1433.06,3091.07,-547.23,-12.1906
GV-07838,1459.48,3064.47,-552.64,-12.1333
GV-07839,1532.95,3071.63,-549.02,-12.0714
GV-07840,1560.62,3082.27,-596.33,-11.9373
GV-07841,1611.58,3055.02,-599.38,-12.0832
GV-07842,1688.93,3056.04,-598.37,-11.886
GV-07843,1735.7,3063.67,-604.75,-11.8219
GV-07844,1785.6,3093.99,-604.74,-11.735
GV-07845,1842.73,3069.3,-602.92,-11.7733
GV-07846,1858.75,3075.75,-602.8,-11.5126
GV-07847,1927.73,3071.26,-599.03,-11.5703
GV-07848,1970.9,3094.3,-597.52,-11.4385
GV-07849,2034.0,3073.31,-604.11,-11.1972
GV-07850,2065.41,3059.19,-645.47,-11.4126
GV-07851,2134.26,3079.8,-651.83,-11.0732
GV-07852,2182.5,3068.02,-652.66,-10.9309
GV-07853,2236.54,3059.3,-653.92,-10.78
GV-07854,2267.73,3081.18,-702.46,-10.7175
GV-07855,2335.85,3073.5,-702.88,-10.6083
GV-07856,2377.74,3073.45,-701.63,-10.4607
GV-07857,2439.81,3066.14,-746.02,-10.4653
GV-07858,2481.78,3078.8,-753.3,-10.2354
GV-07859,2532.87,3058.08,-795.09,-10.2308
GV-07860,2573.37,3064.23,-801.17,-10.1227
GV-07861,2625.75,3076.32,-846.96,-9.7694
GV-07862,2692.14,3083.94,-847.41,-9.7395
GV-07863,2715.17,3075.36,-895.2,-9.5739
GV-07864,2772.21,3068.3,-904.92,-9.464
GV-07865,2831.09,3092.5,-954.17,-9.2756
GV-07866,2882.74,3073.04,-995.98,-9.1876
GV-07867,2935.46,3059.54,-1001.28,-8.98
GV-07868,2956.54,3087.58,-1050.83,-8.8447
GV-07869,3043.98,3063.79,-1101.02,-8.6998
GV-07870,3081.28,3068.68,-1095.99,-8.631
GV-07871,3127.77,3087.65,-1149.36,-8.4901
GV-07872,3159.66,3058.37,-1199.02,-8.4191
GV-07873,3228.98,3094.78,-1198.96,-8.2401
GV-07874,3272.1,3063.58,-1254.11,-8.0102
GV-07875,3311.16,3082.53,-1300.97,-8.029
GV-07876,3394.77,3082.95,-1299.89,-7.8537
GV-07877,3410.18,3059.36,-1345.37,-7.5742
GV-07878,3483.65,3089.67,-1355.0,-7.6842
GV-07879,3527.04,3081.11,-1404.37,-7.5529
GV-07880,3563.56,3074.74,-1402.72,-7.3916
GV-07881,3626.76,3087.86,-1452.97,-7.2795
GV-07882,3660.39,3087.16,-1452.15,-7.1137
GV-07883,3726.82,3089.25,-1450.53,-7.0712
GV-07884,3766.6,3087.87,-1498.03,-6.9419
GV-07885,3807.36,3070.18,-1496.86,-6.7814
GV-07886,3866.26,3080.39,-1496.98,-6.7026
GV-07887,3930.78,3081.99,-1504.01,-6.4432
GV-07888,3993.77,3086.96,-1548.64,-6.5258
GV-07889,4034.55,3086.33,-1550.95,-6.4607
GV-07890,4080.67,3087.3,-1553.02,-6.4398
GV-07891,4123.76,3092.85,-1547.47,-6.0393
GV-07892,4162.57,3055.24,-1550.62,-6.0958
GV-07893,4207.83,3067.3,-1545.28,-5.958
GV-07894,4281.37,3063.06,-1552.33,-5.9467
GV-07895,4342.9,3056.08,-1548.91,-5.8389
GV-07896,4391.87,3085.17,-1546.62,-5.7461
GV-07897,4417.57,3079.85,-1603.46,-5.5775
GV-07898,4470.55,3067.23,-1595.83,-5.6339
GV-07899,4511.07,3081.97,-1599.08,-5.4315
GV-07900,4590.76,3058.96,-1602.58,-5.233
GV-07901,4628.1,3073.0,-1595.92,-5.215
GV-07902,4684.23,3084.05,-1603.67,-5.2353
GV-07903,4739.71,3060.94,-1602.32,-4.9852
GV-07904,4772.29,3072.75,-1602.14,-4.8782
GV-07905,4816.71,3086.52,-1598.79,-4.9115
GV-07906,4856.8,3077.04,-1597.31,-4.8179
GV-07907,4932.5,3094.45,-1598.68,-4.6571
GV-07908,4978.54,3087.87,-1601.96,-4.6503
GV-07909,5041.93,3059.02,-1602.38,-4.4605
GV-07910,5071.9,3085.38,-1597.46,-4.5722
GV-07911,5142.46,3086.94,-1598.6,-4.4023
GV-07912,5161.32,3090.33,-1597.02,-4.2176
GV-07913,5235.01,3091.39,-1598.12,-4.147
GV-07914,5276.45,3091.39,-1603.78,-4.0
GV-07915,5339.36,3085.11,-1597.88,-4.0611
GV-07916,5375.66,3094.11,-1600.94,-3.8413
GV-07917,5435.92,3063.2,-1598.13,-3.6925
GV-07918,5472.92,3078.21,-1597.27,-3.5421
GV-07919,5527.11,3079.99,-1597.29,-3.7473
GV-07920,5564.21,3062.26,-1600.52,-3.4811
GV-07921,5633.38,3069.66,-1546.26,-3.2042
GV-07922,5657.62,3072.35,-1550.16,-3.3065
GV-07923,5721.25,3070.7,-1547.66,-3.1545
GV-07924,5756.99,3061.8,-1554.63,-2.8898
GV-07925,5834.09,3084.89,-1552.83,-3.0343
GV-07926,5884.19,3088.6,-1552.04,-2.8285
GV-07927,5906.82,3055.95,-1504.26,-2.7006
GV-07928,5964.77,3091.11,-1498.97,-2.4303
GV-07929,6018.08,3072.24,-1500.04,-2.4749
GV-07930,6080.52,3060.69,-1453.16,-2.3329
GV-07931,6123.21,3082.2,-1446.99,-2.127
GV-07932,6183.6,3067.36,-1400.34,-2.1091
GV-07933,6205.69,3061.93,-1400.26,-2.1422
GV-07934,6290.07,3086.16,-1347.31,-1.8964
GV-07935,6311.24,3062.41,-1353.66,-1.8218
GV-07936,6361.31,3076.49,-1295.0,-1.7137
GV-07937,9.07,3125.09,-549.63,-9.7494
GV-07938,85.84,3119.72,-499.38,-9.9899
GV-07939,118.69,3116.12,-503.05,-10.1098
GV-07940,164.27,3122.22,-496.5,-10.5177
GV-07941,231.4,3125.23,-501.87,-10.6452
GV-07942,268.52,3118.97,-496.56,-11.0204
GV-07943,315.66,3113.96,-499.38,-10.9187
GV-07944,362.78,3126.7,-504.77,-11.3443
GV-07945,427.36,3118.12,-504.39,-11.5036
GV-07946,481.27,3116.58,-504.94,-11.2487
GV-07947,516.49,3140.47,-503.56,-11.5333
GV-07948,590.82,3139.26,-502.39,-11.8117
GV-07949,629.1,3141.29,-497.9,-11.9124
GV-07950,687.87,3107.94,-498.99,-11.8876
GV-07951,719.6,3131.83,-504.17,-12.067
GV-07952,787.76,3127.01,-499.01,-12.0709
GV-07953,814.58,3135.32,-502.25,-12.1179
GV-07954,886.27,3134.09,-495.11,-12.2364
GV-07955,936.59,3125.72,-501.49,-12.3871
GV-07956,965.29,3112.7,-502.2,-12.4651
GV-07957,1006.84,3122.23,-504.5,-12.3318
GV-07958,1072.87,3108.41,-502.85,-12.2425
GV-07959,1131.11,3132.75,-495.92,-12.3269
GV-07960,1191.3,3121.22,-552.45,-12.2762
GV-07961,1224.02,3120.1,-545.85,-12.1251
GV-07962,1260.22,3108.75,-548.14,-12.3733
GV-07963,1335.07,3144.13,-550.7,-12.3999
GV-07964,1393.39,3110.3,-547.84,-12.159
GV-07965,1411.37,3122.28,-552.55,-12.1559
GV-07966,1477.47,3109.12,-548.29,-12.124
GV-07967,1525.93,3138.83,-546.95,-12.0682
GV-07968,1581.92,3122.58,-549.44,-12.2069
GV-07969,1611.53,3140.25,-549.66,-11.9787
GV-07970,1657.85,3133.31,-604.22,-11.8968
GV-07971,1715.98,3134.57,-599.92,-11.7654
GV-07972,1783.41,3111.93,-600.96,-11.9186
GV-07973,1844.91,3122.99,-602.92,-11.7656
GV-07974,1892.15,3121.2,-600.7,-11.7149
GV-07975,1923.64,3136.26,-603.2,-11.5779
GV-07976,1978.38,3119.77,-604.26,-11.5905
GV-07977,2020.89,3109.88,-600.98,-11.3583
GV-07978,2063.82,3113.78,-599.15,-11.4149
GV-07979,2134.36,3114.26,-603.75,-11.0532
GV-07980,2182.83,3132.09,-650.11,-11.0474
GV-07981,2212.19,3129.58,-647.84,-10.9837
GV-07982,2264.02,3133.58,-645.82,-10.8208
GV-07983,2319.1,3133.45,-698.67,-10.7564
GV-07984,2374.13,3142.79,-695.93,-10.7265
GV-07985,2416.29,3125.56,-700.27,-10.419
GV-07986,2467.84,3133.51,-754.72,-10.1348
GV-07987,2523.04,3109.9,-751.51,-10.2316
GV-07988,2555.31,3137.54,-804.35,-10.0986
GV-07989,2634.26,3111.42,-801.09,-9.9665
GV-07990,2671.75,3142.13,-849.15,-9.9131
GV-07991,2735.42,3117.08,-897.15,-9.6984
GV-07992,2778.0,3116.87,-901.81,-9.4555
GV-07993,2807.18,3136.1,-949.0,-9.2537
GV-07994,2860.73,3131.24,-953.1,-9.454
GV-07995,2923.48,3107.39,-1001.4,-8.955
GV-07996,2967.47,3121.48,-1048.59,-8.8061
GV-07997,3022.24,3137.94,-1053.64,-8.8351
GV-07998,3069.24,3105.81,-1101.87,-8.4867
GV-07999,3130.35,3117.13,-1145.57,-8.5399
GV-08000,3172.63,3129.93,-1152.18,-8.3525
GV-08001,3219.49,3131.76,-1203.41,-8.3923
GV-08002,3265.42,3120.14,-1254.62,-8.1571
GV-08003,3342.55,3115.08,-1246.94,-8.0078
GV-08004,3381.7,3118.29,-1304.83,-7.812
GV-08005,3407.25,3139.26,-1297.82,-7.708
GV-08006,3457.04,3133.54,-1347.05,-7.7407
GV-08007,3536.08,3133.43,-1345.41,-7.4099
GV-08008,3580.54,3143.46,-1400.66,-7.3812
GV-08009,3641.98,3130.59,-1402.38,-7.2893
GV-08010,3682.33,3142.44,-1445.37,-7.2041
GV-08011,3735.3,3106.0,-1453.31,-7.1121
GV-08012,3772.63,3133.99,-1454.42,-6.8143
GV-08013,3816.2,3116.29,-1501.18,-6.9549
GV-08014,3864.46,3114.5,-1498.26,-6.9543
GV-08015,3922.68,3130.37,-1497.43,-6.6835
GV-08016,3957.95,3137.98,-1503.26,-6.4848
GV-08017,4010.4,3139.84,-1549.64,-6.4625
GV-08018,4078.24,3129.75,-1553.26,-6.2693
GV-08019,4120.93,3137.65,-1546.6,-6.2376
GV-08020,4193.38,3121.34,-1545.37,-6.051
GV-08021,4206.54,3140.27,-1551.6,-6.035
GV-08022,4293.39,3126.4,-1552.2,-5.9063
GV-08023,4331.28,3105.23,-1553.16,-5.8861
GV-08024,4363.68,3119.22,-1601.09,-5.7953
GV-08025,4415.03,3138.16,-1596.48,-5.8236
GV-08026,4487.02,3107.68,-1598.52,-5.592
GV-08027,4515.91,3129.9,-1599.09,-5.6281
GV-08028,4589.92,3143.28,-1597.79,-5.43
GV-08029,4626.91,3134.8,-1600.42,-5.0807
GV-08030,4677.73,3138.52,-1601.04,-5.1151
GV-08031,4722.2,3143.27,-1604.31,-5.0647
GV-08032,4761.12,3120.99,-1595.93,-4.9372
GV-08033,4822.26,3116.98,-1604.72,-4.8711
GV-08034,4870.0,3116.3,-1599.52,-4.6868
GV-08035,4923.84,3133.9,-1604.12,-4.6214
GV-08036,4958.66,3136.32,-1597.04,-4.5403
GV-08037,5006.45,3126.41,-1598.4,-4.5057
GV-08038,5089.5,3130.66,-1595.92,-4.4273
GV-08039,5117.93,3125.86,-1599.25,-4.2244
GV-08040,5168.38,3126.45,-1604.34,-4.2659
GV-08041,5207.19,3144.84,-1600.66,-4.1134
GV-08042,5265.67,3117.51,-1602.54,-4.0432
GV-08043,5319.01,3127.43,-1595.53,-3.9857
GV-08044,5356.41,3130.96,-1601.58,-3.7681
GV-08045,5427.72,3120.04,-1603.96,-3.617
GV-08046,5488.05,3125.55,-1603.82,-3.7785
GV-08047,5538.78,3126.53,-1604.83,-3.639
GV-08048,5585.09,3127.73,-1600.76,-3.6556
GV-08049,5613.79,3106.44,-1597.89,-3.4578
GV-08050,5660.4,3143.39,-1546.84,-3.2545
GV-08051,5711.19,3109.48,-1553.9,-3.1422
GV-08052,5780.31,3141.22,-1551.5,-2.8362
GV-08053,5837.07,3124.15,-1547.32,-2.9356
GV-08054,5885.51,3135.54,-1550.86,-2.8099
GV-08055,5933.47,3124.41,-1554.59,-2.5468
GV-08056,5979.78,3117.04,-1503.99,-2.5346
GV-08057,6005.17,3119.06,-1501.22,-2.3495
GV-08058,6073.59,3143.3,-1503.97,-2.2994
GV-08059,6133.59,3128.43,-1453.61,-2.0734
GV-08060,6156.27,3140.46,-1448.85,-2.0952
GV-08061,6242.01,3130.99,-1404.17,-2.1031
GV-08062,6281.81,3123.42,-1401.05,-1.6641
GV-08063,6311.97,3131.21,-1351.5,-1.9493
GV-08064,6383.52,3141.79,-1296.1,-1.7265
GV-08065,18.44,3187.67,-552.8,-9.6417
GV-08066,55.36,3172.52,-554.43,-10.1252
GV-08067,133.88,3172.34,-551.9,-10.107
GV-08068,183.34,3183.67,-551.8,-10.6389
GV-08069,240.61,3175.81,-500.24,-10.7528
GV-08070,262.44,3194.58,-502.55,-10.9289
GV-08071,334.9,3164.78,-499.07,-11.0648
GV-08072,392.38,3172.56,-498.88,-11.2366
GV-08073,434.44,3158.3,-495.27,-11.4264
GV-08074,470.99,3180.47,-503.78,-11.5818
GV-08075,531.76,3170.87,-503.97,-11.6888
GV-08076,563.0,3170.22,-501.63,-11.5956
GV-08077,606.4,3183.91,-502.36,-11.8499
GV-08078,660.24,3158.31,-502.07,-11.9579
GV-08079,722.9,3176.66,-499.61,-11.8748
GV-08080,773.05,3169.25,-498.25,-12.0077
GV-08081,819.39,3164.5,-502.72,-12.176
GV-08082,887.9,3161.5,-502.4,-12.194
GV-08083,942.91,3190.3,-497.9,-12.3578
GV-08084,981.52,3163.1,-499.27,-12.4102
GV-08085,1042.55,3168.41,-497.57,-12.3382
GV-08086,1057.5,3176.51,-504.49,-12.4603
GV-08087,1119.07,3160.83,-496.23,-12.3621
GV-08088,1181.56,3176.19,-504.38,-12.3426
GV-08089,1208.61,3179.53,-552.06,-12.4962
GV-08090,1272.73,3187.97,-547.69,-12.4232
GV-08091,1314.35,3185.39,-554.01,-12.2075
GV-08092,1366.28,3185.46,-547.29,-12.2125
GV-08093,1419.55,3166.2,-552.3,-12.1545
GV-08094,1476.65,3155.13,-550.77,-12.2801
GV-08095,1535.3,3170.52,-547.16,-12.2836
GV-08096,1588.21,3188.74,-554.17,-11.9524
GV-08097,1616.72,3184.06,-550.21,-12.0296
GV-08098,1661.0,3169.28,-545.38,-11.9286
GV-08099,1740.84,3191.57,-545.51,-12.0555
GV-08100,1770.13,3168.49,-602.84,-12.0711
GV-08101,1821.01,3161.11,-597.56,-11.8411
GV-08102,1866.03,3165.89,-602.26,-11.7588
GV-08103,1922.18,3176.45,-603.16,-11.554
GV-08104,1988.89,3177.3,-596.87,-11.617
GV-08105,2008.06,3177.49,-602.17,-11.6305
GV-08106,2062.74,3159.73,-597.17,-11.438
GV-08107,2120.19,3158.66,-602.73,-11.2355
GV-08108,2193.53,3168.69,-597.93,-11.2141
GV-08109,2223.72,3159.8,-648.22,-10.9809
GV-08110,2283.9,3164.34,-646.91,-10.8398
GV-08111,2341.15,3164.14,-653.95,-10.808
GV-08112,2364.19,3169.14,-700.91,-10.6691
GV-08113,2440.8,3178.76,-703.74,-10.4892
GV-08114,2468.5,3169.08,-698.22,-10.3226
GV-08115,2516.25,3157.19,-754.17,-10.1967
GV-08116,2555.86,3184.2,-752.9,-10.1046
GV-08117,2613.18,3177.59,-797.22,-10.0707
GV-08118,2677.93,3178.91,-845.76,-9.7591
GV-08119,2726.57,3158.4,-849.88,-9.6458
GV-08120,2792.59,3165.32,-900.62,-9.534
GV-08121,2839.34,3169.57,-898.87,-9.3227
GV-08122,2892.56,3163.46,-947.68,-9.3278
GV-08123,2942.75,3156.71,-996.07,-9.2832
GV-08124,2971.79,3193.22,-998.35,-8.9509
GV-08125,3019.2,3167.66,-1051.18,-8.9567
GV-08126,3084.85,3159.9,-1096.71,-8.7256
GV-08127,3107.52,3157.91,-1101.06,-8.6773
GV-08128,3192.96,3161.74,-1147.03,-8.6032
GV-08129,3233.26,3173.25,-1203.07,-8.497
GV-08130,3261.89,3176.18,-1202.38,-8.2798
GV-08131,3319.66,3162.17,-1252.6,-8.234
GV-08132,3392.56,3160.21,-1300.84,-7.9757
GV-08133,3437.46,3168.16,-1299.35,-7.8284
GV-08134,3471.09,3176.51,-1348.74,-7.6925
GV-08135,3530.29,3175.12,-1346.86,-7.5794
GV-08136,3567.61,3177.94,-1398.3,-7.565
GV-08137,3641.45,3173.63,-1404.54,-7.071
GV-08138,3671.28,3179.5,-1397.91,-7.2103
GV-08139,3736.11,3160.75,-1448.28,-7.1856
GV-08140,3778.24,3157.95,-1448.33,-6.9403
GV-08141,3835.16,3169.45,-1497.93,-6.9982
GV-08142,3876.47,3163.77,-1502.31,-6.6627
GV-08143,3918.19,3185.87,-1500.97,-6.6081
GV-08144,3982.01,3180.52,-1497.6,-6.6947
GV-08145,4044.17,3180.94,-1546.92,-6.4544
GV-08146,4093.69,3170.86,-1546.4,-6.5158
GV-08147,4134.39,3193.23,-1545.26,-6.0577
GV-08148,4169.33,3183.07,-1553.05,-6.2495
GV-08149,4222.32,3183.66,-1550.04,-5.9839
GV-08150,4272.12,3166.28,-1548.17,-6.1091
GV-08151,4323.05,3169.89,-1545.93,-5.9249
GV-08152,4364.4,3179.41,-1601.32,-5.7246
GV-08153,4406.12,3184.89,-1603.32,-5.6441
GV-08154,4459.17,3170.97,-1602.64,-5.4766
GV-08155,4505.69,3174.83,-1597.68,-5.464
GV-08156,4583.13,3161.48,-1597.19,-5.2958
GV-08157,4642.31,3162.15,-1597.94,-5.2596
GV-08158,4678.3,3190.79,-1604.07,-5.1102
GV-08159,4705.91,3185.16,-1597.94,-5.0838
GV-08160,4777.04,3163.57,-1604.43,-4.8187
GV-08161,4839.74,3161.94,-1603.53,-4.7779
GV-08162,4866.23,3179.82,-1597.14,-4.6984
GV-08163,4941.29,3164.58,-1598.14,-4.6683
GV-08164,4985.68,3180.53,-1603.8,-4.5557
GV-08165,5033.34,3160.32,-1600.45,-4.3846
GV-08166,5057.19,3161.93,-1597.79,-4.3785
GV-08167,5137.22,3187.34,-1604.57,-4.4241
GV-08168,5155.52,3176.86,-1597.5,-4.2605
GV-08169,5218.45,3191.4,-1604.57,-4.2416
GV-08170,5293.65,3163.29,-1595.92,-4.154
GV-08171,5315.91,3187.88,-1598.54,-3.7995
GV-08172,5393.65,3184.47,-1600.51,-3.9582
GV-08173,5437.58,3175.55,-1602.08,-3.6083
GV-08174,5456.52,3177.17,-1598.2,-3.6622
GV-08175,5543.71,3180.42,-1595.92,-3.6283
GV-08176,5564.54,3162.73,-1596.41,-3.5764
GV-08177,5625.28,3190.03,-1601.49,-3.3209
GV-08178,5672.34,3169.88,-1595.36,-3.257
GV-08179,5707.14,3156.54,-1548.62,-3.2314
GV-08180,5761.63,3162.71,-1547.06,-2.9303
GV-08181,5828.27,3194.58,-1553.64,-3.0476
GV-08182,5881.25,3155.45,-1546.8,-2.9793
GV-08183,5925.67,3167.04,-1549.98,-2.7251
GV-08184,5992.45,3161.67,-1498.42,-2.4182
GV-08185,6021.29,3184.48,-1496.62,-2.6019
GV-08186,6055.46,3160.79,-1499.71,-2.4022
GV-08187,6126.05,3162.19,-1448.18,-2.3593
GV-08188,6172.03,3168.37,-1446.17,-2.138
GV-08189,6221.88,3159.11,-1398.36,-1.9005
GV-08190,6270.38,3172.38,-1402.69,-1.8751
GV-08191,6307.69,3189.03,-1345.63,-1.8558
GV-08192,6376.31,3178.36,-1349.55,-1.7927
GV-08193,10.85,3244.75,-551.59,-9.7321
GV-08194,67.37,3208.51,-547.18,-9.9445
GV-08195,121.4,3230.23,-549.54,-10.1323
GV-08196,175.53,3209.34,-545.23,-10.3869
GV-08197,209.13,3229.38,-548.13,-10.6246
GV-08198,282.51,3208.99,-499.07,-10.9217
GV-08199,332.3,3211.55,-500.79,-11.311
GV-08200,391.44,3219.68,-504.95,-11.163
GV-08201,410.11,3205.05,-500.73,-11.4288
GV-08202,462.96,3243.47,-499.09,-11.6186
GV-08203,519.63,3227.92,-501.23,-11.6831
GV-08204,563.92,3238.71,-501.33,-11.9337
GV-08205,635.51,3212.36,-501.18,-12.1144
GV-08206,678.84,3222.19,-501.65,-12.0359
GV-08207,705.4,3233.99,-498.4,-12.062
GV-08208,765.97,3222.66,-504.89,-12.1906
GV-08209,810.41,3208.16,-504.81,-12.2895
GV-08210,879.6,3222.45,-500.99,-12.2302
GV-08211,916.61,3226.39,-498.69,-12.4415
GV-08212,975.71,3214.4,-502.92,-12.5117
GV-08213,1033.36,3205.6,-496.66,-12.4072
GV-08214,1059.53,3211.4,-502.5,-12.3711
GV-08215,1136.76,3229.95,-497.72,-12.5017
GV-08216,1190.21,3225.41,-499.64,-12.5976
GV-08217,1242.62,3205.36,-552.52,-12.4282
GV-08218,1267.35,3207.22,-552.49,-12.1591
GV-08219,1326.37,3212.71,-548.69,-12.5373
GV-08220,1370.49,3219.04,-549.74,-12.3348
GV-08221,1405.67,3221.37,-548.76,-12.2288
GV-08222,1470.76,3236.49,-546.36,-12.1363
GV-08223,1543.32,3210.94,-545.39,-12.332
GV-08224,1582.05,3240.89,-552.61,-12.2094
GV-08225,1642.56,3207.49,-550.74,-12.0225
GV-08226,1662.03,3232.52,-546.19,-12.0665
GV-08227,1738.43,3234.11,-547.71,-12.075
GV-08228,1787.43,3232.5,-554.68,-12.1783
GV-08229,1805.91,3233.78,-550.41,-11.9073
GV-08230,1864.47,3240.36,-550.08,-11.9143
GV-08231,1939.8,3207.0,-601.89,-11.7844
GV-08232,1981.12,3237.9,-600.79,-11.6281
GV-08233,2027.99,3240.08,-596.89,-11.4381
GV-08234,2062.13,3213.67,-601.87,-11.7122
GV-08235,2134.45,3240.89,-595.31,-11.5321
GV-08236,2177.94,3222.42,-603.94,-11.4411
GV-08237,2241.67,3225.51,-604.22,-10.999
GV-08238,2294.11,3233.62,-653.08,-10.9539
GV-08239,2322.82,3224.85,-651.57,-11.0072
GV-08240,2369.53,3217.98,-647.29,-10.8148
GV-08241,2433.78,3206.22,-704.76,-10.5683
GV-08242,2487.77,3207.19,-700.87,-10.678
GV-08243,2522.62,3229.38,-754.44,-10.2541
GV-08244,2557.71,3235.83,-754.9,-10.3821
GV-08245,2635.49,3238.79,-801.32,-10.0583
GV-08246,2655.51,3242.78,-796.0,-9.881
GV-08247,2708.8,3229.3,-854.12,-9.8537
GV-08248,2769.25,3228.52,-853.03,-9.5929
GV-08249,2821.27,3239.43,-898.53,-9.4932
GV-08250,2877.86,3240.27,-949.0,-9.3067
GV-08251,2913.23,3215.66,-946.09,-9.1553
GV-08252,2973.66,3222.46,-997.8,-9.1669
GV-08253,3013.32,3212.58,-1053.74,-8.885
GV-08254,3062.05,3223.24,-1046.42,-8.8543
GV-08255,3105.23,3227.36,-1104.65,-8.7981
GV-08256,3160.13,3208.53,-1151.99,-8.4691
GV-08257,3237.62,3242.5,-1153.02,-8.2943
GV-08258,3287.48,3235.54,-1202.14,-8.3446
GV-08259,3309.1,3226.21,-1245.81,-8.1026
GV-08260,3385.49,3242.18,-1249.41,-8.017
GV-08261,3412.63,3242.41,-1300.81,-7.7884
GV-08262,3458.66,3230.98,-1295.03,-7.8671
GV-08263,3514.7,3219.35,-1349.82,-7.4333
GV-08264,3579.13,3221.55,-1345.76,-7.4316
GV-08265,3633.21,3207.07,-1397.3,-7.5474
GV-08266,3663.82,3221.94,-1401.57,-7.1055
GV-08267,3737.75,3226.15,-1450.26,-7.0954
GV-08268,3778.6,3236.95,-1450.71,-7.2068
GV-08269,3821.18,3217.72,-1453.43,-6.9032
GV-08270,3858.99,3215.29,-1495.28,-6.8545
GV-08271,3932.32,3223.6,-1500.68,-6.7804
GV-08272,3972.38,3244.17,-1503.29,-6.5771
GV-08273,4042.65,3234.52,-1554.35,-6.318
GV-08274,4083.15,3232.55,-1549.08,-6.1992
GV-08275,4137.94,3237.81,-1546.51,-6.3677
GV-08276,4176.89,3207.93,-1554.38,-6.1839
GV-08277,4223.68,3215.25,-1547.78,-6.0741
GV-08278,4262.72,3219.1,-1553.19,-6.0658
GV-08279,4330.31,3242.31,-1602.42,-5.9147
GV-08280,4389.72,3242.51,-1596.7,-5.8604
GV-08281,4423.61,3218.65,-1602.83,-5.7332
GV-08282,4466.21,3222.39,-1595.6,-5.5792
GV-08283,4533.49,3218.45,-1600.94,-5.5561
GV-08284,4577.41,3228.94,-1603.43,-5.4491
GV-08285,4625.83,3237.19,-1604.13,-5.4375
GV-08286,4688.27,3226.57,-1598.78,-5.0338
GV-08287,4713.62,3237.41,-1596.42,-5.0766
GV-08288,4764.4,3221.64,-1597.45,-5.0148
GV-08289,4817.06,3230.35,-1603.58,-5.0535
GV-08290,4887.0,3236.32,-1598.94,-4.7091
GV-08291,4905.66,3243.67,-1604.5,-4.7113
GV-08292,4978.45,3221.78,-1595.63,-4.6921
GV-08293,5020.18,3218.57,-1602.88,-4.6192
GV-08294,5085.09,3237.9,-1603.76,-4.4309
GV-08295,5119.68,3232.25,-1603.51,-4.4135
GV-08296,5192.75,3229.99,-1596.42,-4.376
GV-08297,5205.68,3227.2,-1602.19,-4.1106
GV-08298,5257.2,3225.45,-1604.47,-4.0153
GV-08299,5340.95,3217.71,-1602.42,-3.9276
GV-08300,5372.44,3208.03,-1603.48,-3.7281
GV-08301,5428.83,3224.33,-1599.76,-3.6582
GV-08302,5489.72,3233.2,-1597.71,-3.7668
GV-08303,5510.44,3205.49,-1598.44,-3.573
GV-08304,5583.11,3207.0,-1597.29,-3.4429
GV-08305,5638.21,3222.44,-1597.5,-3.21
GV-08306,5661.1,3219.11,-1599.74,-3.1933
GV-08307,5707.07,3220.71,-1595.62,-3.1253
GV-08308,5760.21,3225.67,-1548.13,-3.1427
GV-08309,5824.69,3241.7,-1553.98,-2.7347
GV-08310,5877.27,3221.04,-1547.09,-2.9542
GV-08311,5920.36,3212.03,-1548.86,-2.5906
GV-08312,5981.17,3230.99,-1545.67,-2.5526
GV-08313,6028.12,3230.89,-1503.07,-2.3591
GV-08314,6058.43,3244.37,-1497.71,-2.512
GV-08315,6140.84,3229.14,-1496.2,-2.2107
GV-08316,6170.51,3225.77,-1454.89,-2.1316
GV-08317,6207.92,3214.53,-1452.0,-2.0146
GV-08318,6293.28,3242.84,-1403.53,-1.9697
GV-08319,6338.23,3213.31,-1396.04,-1.8637
GV-08320,6375.21,3227.25,-1350.21,-1.7238
GV-08321,35.82,3294.52,-551.46,-9.7948
GV-08322,63.72,3260.75,-550.25,-10.0038
GV-08323,126.29,3285.71,-547.49,-10.1888
GV-08324,167.56,3293.09,-552.03,-10.4663
GV-08325,233.3,3267.48,-554.5,-10.7091
GV-08326,259.41,3263.1,-552.63,-10.7439
GV-08327,331.38,3274.6,-498.66,-11.0438
GV-08328,371.67,3260.48,-501.12,-11.2182
GV-08329,406.09,3269.45,-501.69,-11.5205
GV-08330,455.78,3289.04,-495.55,-11.6013
GV-08331,517.18,3279.9,-495.18,-11.6403
GV-08332,569.61,3258.75,-503.22,-11.8946
GV-08333,612.15,3267.47,-499.99,-11.8333
GV-08334,659.71,3274.61,-501.06,-11.956
GV-08335,705.13,3260.84,-497.76,-12.0406
GV-08336,792.33,3278.73,-502.7,-12.1232
GV-08337,827.1,3257.96,-499.38,-12.1147
GV-08338,878.84,3255.81,-498.58,-12.2255
GV-08339,937.77,3284.65,-496.99,-12.4883
GV-08340,955.54,3284.19,-504.6,-12.4289
GV-08341,1033.53,3284.38,-502.5,-12.4417
GV-08342,1086.09,3280.39,-502.84,-12.4434
GV-08343,1133.23,3275.82,-501.61,-12.4687
GV-08344,1185.01,3294.56,-495.01,-12.449
GV-08345,1234.65,3273.84,-496.07,-12.5249
GV-08346,1266.72,3256.1,-554.04,-12.3669
GV-08347,1305.5,3281.83,-552.8,-12.4493
GV-08348,1376.42,3261.24,-548.89,-12.3766
GV-08349,1434.03,3264.59,-551.68,-12.5823
GV-08350,1462.17,3290.29,-545.19,-12.1316
GV-08351,1505.89,3261.98,-547.12,-12.2231
GV-08352,1582.04,3280.68,-550.38,-12.1837
GV-08353,1625.83,3260.51,-554.85,-12.28
GV-08354,1678.49,3264.04,-551.02,-12.2301
GV-08355,1716.15,3292.48,-547.33,-12.0798
GV-08356,1764.17,3281.08,-548.04,-11.9968
GV-08357,1816.53,3288.7,-545.26,-12.0841
GV-08358,1858.87,3255.58,-554.55,-11.91
GV-08359,1931.06,3258.08,-554.07,-12.146
GV-08360,1987.18,3272.15,-554.42,-11.906
GV-08361,2026.82,3264.72,-599.37,-11.7669
GV-08362,2074.28,3286.74,-596.43,-11.5696
GV-08363,2129.54,3276.98,-596.67,-11.5784
GV-08364,2157.67,3292.0,-602.34,-11.3845
GV-08365,2243.25,3266.64,-599.71,-11.3589
GV-08366,2269.47,3287.22,-597.14,-11.2462
GV-08367,2327.0,3292.08,-647.44,-11.1739
GV-08368,2374.15,3259.69,-645.62,-11.0028
GV-08369,2415.01,3258.05,-652.73,-10.7216
GV-08370,2481.86,3285.27,-703.67,-10.7898
GV-08371,2531.67,3287.38,-696.83,-10.5564
GV-08372,2566.93,3277.33,-750.17,-10.3207
GV-08373,2639.39,3284.62,-745.14,-10.287
GV-08374,2676.07,3258.59,-802.32,-9.8392
GV-08375,2718.82,3281.59,-848.01,-9.9099
GV-08376,2792.03,3266.08,-850.03,-9.655
GV-08377,2818.4,3262.44,-898.44,-9.7658
GV-08378,2862.33,3266.33,-901.73,-9.4324
GV-08379,2921.46,3281.11,-953.41,-9.312
GV-08380,2982.08,3255.68,-997.43,-9.0236
GV-08381,3006.3,3283.69,-995.87,-9.0665
GV-08382,3091.06,3258.07,-1046.48,-8.9525
GV-08383,3123.1,3264.37,-1102.96,-8.7616
GV-08384,3161.2,3258.95,-1099.91,-8.5488
GV-08385,3225.78,3290.88,-1152.53,-8.5703
GV-08386,3270.5,3288.19,-1204.09,-8.2542
GV-08387,3310.7,3260.0,-1202.78,-8.2057
GV-08388,3392.98,3255.14,-1248.15,-8.1414
GV-08389,3433.41,3261.31,-1252.9,-7.9862
GV-08390,3458.65,3286.42,-1302.73,-7.7222
GV-08391,3512.98,3256.86,-1297.44,-7.5982
GV-08392,3573.81,3294.7,-1345.83,-7.5969
GV-08393,3612.73,3294.32,-1352.8,-7.3624
GV-08394,3682.95,3262.77,-1402.79,-7.194
GV-08395,3721.08,3286.99,-1404.94,-7.4851
GV-08396,3789.7,3278.11,-1454.8,-6.8898
GV-08397,3831.88,3292.58,-1449.45,-6.8561
GV-08398,3855.19,3288.49,-1499.94,-6.8503
GV-08399,3929.9,3276.22,-1498.14,-6.8195
GV-08400,3966.68,3261.64,-1499.31,-6.7171
GV-08401,4040.32,3279.39,-1498.69,-6.5429
GV-08402,4079.87,3256.5,-1548.45,-6.3944
GV-08403,4114.82,3277.34,-1554.54,-6.2131
GV-08404,4172.55,3261.22,-1548.27,-6.2597
GV-08405,4213.91,3263.61,-1546.22,-5.9461
GV-08406,4266.46,3274.35,-1549.87,-5.933
GV-08407,4319.34,3268.15,-1599.67,-5.9333
GV-08408,4378.47,3293.01,-1604.97,-5.7417
GV-08409,4432.88,3265.28,-1595.2,-5.653
GV-08410,4460.48,3292.7,-1604.2,-5.596
GV-08411,4516.73,3285.53,-1602.61,-5.576
GV-08412,4555.63,3265.5,-1601.64,-5.4249
GV-08413,4608.44,3267.72,-1600.09,-5.3625
GV-08414,4657.87,3261.62,-1599.38,-5.1713
GV-08415,4716.55,3255.56,-1603.46,-5.3881
GV-08416,4776.41,3258.19,-1595.97,-5.0166
GV-08417,4843.85,3265.23,-1602.18,-4.9932
GV-08418,4892.74,3269.16,-1596.19,-4.8724
GV-08419,4939.49,3290.47,-1595.5,-4.7636
GV-08420,4961.41,3279.22,-1600.01,-4.708
GV-08421,5018.28,3272.42,-1595.22,-4.6983
GV-08422,5087.24,3261.02,-1599.68,-4.4375
GV-08423,5137.52,3261.57,-1601.45,-4.4302
GV-08424,5164.1,3290.16,-1600.18,-4.24
GV-08425,5210.23,3268.45,-1599.63,-4.1473
GV-08426,5260.09,3286.4,-1601.85,-4.0656
GV-08427,5317.33,3267.03,-1601.38,-3.9956
GV-08428,5375.82,3256.28,-1600.29,-3.7048
GV-08429,5434.05,3267.41,-1604.34,-3.8648
GV-08430,5476.91,3285.37,-1603.97,-3.8457
GV-08431,5535.55,3264.31,-1598.04,-3.6584
GV-08432,5589.87,3255.83,-1602.44,-3.367
GV-08433,5611.71,3277.2,-1602.87,-3.3395
GV-08434,5664.86,3283.04,-1599.1,-3.3884
GV-08435,5725.13,3288.37,-1602.46,-3.2235
GV-08436,5760.19,3273.63,-1601.6,-3.0914
GV-08437,5830.1,3264.47,-1546.9,-3.0762
GV-08438,5867.06,3282.59,-1553.26,-2.7466
GV-08439,5912.3,3291.14,-1552.53,-2.7886
GV-08440,5976.36,3258.57,-1554.84,-2.6528
GV-08441,6026.58,3279.32,-1551.81,-2.5474
GV-08442,6082.54,3286.17,-1497.89,-2.2801
GV-08443,6124.49,3259.29,-1502.76,-2.1712
GV-08444,6182.32,3277.91,-1452.94,-2.0857
GV-08445,6240.06,3271.61,-1450.96,-1.9391
GV-08446,6277.81,3275.91,-1403.9,-2.0802
GV-08447,6326.55,3291.5,-1400.13,-1.8895
GV-08448,6359.51,3255.92,-1353.07,-1.7933
GV-08449,13.17,3306.22,-598.4,-9.7755
GV-08450,55.12,3317.11,-604.71,-9.8098
GV-08451,144.58,3327.58,-548.74,-10.2363
GV-08452,170.85,3305.02,-553.82,-10.3748
GV-08453,206.14,3316.92,-553.95,-10.6238
GV-08454,276.5,3339.28,-547.78,-10.9238
GV-08455,315.26,3306.93,-548.91,-10.9386
GV-08456,390.92,3320.0,-497.3,-11.1492
GV-08457,443.97,3305.01,-498.72,-11.2592
GV-08458,488.49,3309.46,-495.18,-11.4195
GV-08459,522.03,3310.8,-497.35,-11.5854
GV-08460,593.43,3335.95,-501.28,-11.7247
GV-08461,640.82,3314.96,-498.04,-11.9169
GV-08462,673.36,3322.86,-501.19,-11.8742
GV-08463,714.16,3311.06,-499.06,-12.1908
GV-08464,793.43,3334.66,-500.54,-12.3114
GV-08465,822.84,3320.28,-495.91,-12.2564
GV-08466,888.69,3341.3,-498.31,-12.445
GV-08467,942.83,3326.45,-501.8,-12.3356
GV-08468,985.77,3324.65,-500.68,-12.4453
GV-08469,1018.89,3312.22,-501.83,-12.3242
GV-08470,1072.67,3341.49,-497.57,-12.4781
GV-08471,1115.55,3330.33,-498.07,-12.5304
GV-08472,1169.12,3330.9,-498.29,-12.2908
GV-08473,1209.58,3315.58,-501.83,-12.5517
GV-08474,1293.16,3343.04,-501.51,-12.4116
GV-08475,1314.36,3337.01,-547.66,-12.3969
GV-08476,1369.1,3332.17,-546.14,-12.4928
GV-08477,1420.79,3331.76,-552.98,-12.4628
GV-08478,1464.73,3308.3,-549.94,-12.411
GV-08479,1532.6,3313.41,-546.74,-12.1954
GV-08480,1570.46,3317.77,-552.94,-12.3815
GV-08481,1618.14,3314.17,-547.45,-12.2211
GV-08482,1663.16,3306.65,-554.36,-12.4214
GV-08483,1734.32,3329.31,-551.35,-12.2218
GV-08484,1765.71,3325.5,-553.48,-12.1342
GV-08485,1807.91,3308.68,-547.19,-12.0275
GV-08486,1856.9,3311.65,-548.64,-12.0163
GV-08487,1916.5,3329.14,-547.35,-11.808
GV-08488,1969.33,3323.38,-551.15,-11.8785
GV-08489,2009.84,3323.64,-545.01,-11.7077
GV-08490,2089.86,3331.64,-549.09,-11.6457
GV-08491,2109.18,3326.67,-596.78,-11.6394
GV-08492,2182.11,3306.05,-603.01,-11.3617
GV-08493,2229.85,3343.98,-601.04,-11.4102
GV-08494,2288.37,3318.1,-603.26,-11.3618
GV-08495,2314.88,3316.14,-653.91,-11.2073
GV-08496,2357.03,3307.55,-650.06,-11.0103
GV-08497,2435.23,3322.97,-651.32,-10.7605
GV-08498,2459.87,3335.83,-699.87,-10.8028
GV-08499,2536.98,3344.05,-703.03,-10.4938
GV-08500,2556.79,3316.0,-751.04,-10.3671
GV-08501,2628.91,3321.58,-752.06,-10.2818
GV-08502,2670.64,3332.53,-801.04,-10.1936
GV-08503,2707.91,3311.94,-797.07,-10.0344
GV-08504,2766.51,3342.49,-851.44,-9.8996
GV-08505,2834.35,3339.41,-848.15,-9.5049
GV-08506,2862.45,3313.89,-895.13,-9.4765
GV-08507,2938.86,3308.23,-952.36,-9.3334
GV-08508,2970.76,3335.13,-946.64,-9.13
GV-08509,3006.4,3328.95,-998.43,-9.1222
GV-08510,3069.31,3330.38,-1054.72,-9.0241
GV-08511,3144.95,3328.25,-1050.43,-8.6674
GV-08512,3172.37,3330.18,-1095.77,-8.5745
GV-08513,3217.88,3312.86,-1146.47,-8.5461
GV-08514,3291.99,3317.19,-1153.0,-8.3938
GV-08515,3309.75,3317.04,-1196.85,-8.1479
GV-08516,3382.53,3342.75,-1196.97,-8.2238
GV-08517,3419.53,3307.5,-1247.85,-8.0571
GV-08518,3456.69,3336.66,-1297.34,-8.0326
GV-08519,3516.75,3328.2,-1300.36,-7.7063
GV-08520,3565.44,3307.9,-1354.74,-7.8332
GV-08521,3644.73,3310.2,-1347.39,-7.576
GV-08522,3655.03,3330.16,-1400.51,-7.3297
GV-08523,3735.38,3325.6,-1398.58,-7.3335
GV-08524,3760.5,3326.27,-1448.98,-7.1837
GV-08525,3842.87,3338.17,-1447.16,-7.0885
GV-08526,3871.17,3339.36,-1447.71,-6.9773
GV-08527,3944.61,3341.37,-1495.48,-6.7174
GV-08528,3955.9,3313.05,-1501.86,-6.4856
GV-08529,4023.82,3327.31,-1497.54,-6.5587
GV-08530,4064.41,3337.89,-1547.47,-6.3852
GV-08531,4132.66,3309.25,-1547.3,-6.5279
GV-08532,4158.98,3337.93,-1545.27,-6.1818
GV-08533,4225.6,3325.24,-1549.03,-6.1534
GV-08534,4255.25,3334.92,-1601.49,-6.0168
GV-08535,4330.43,3327.93,-1595.64,-5.741
GV-08536,4369.96,3332.83,-1598.18,-6.001
GV-08537,4438.17,3316.88,-1596.25,-6.0203
GV-08538,4491.03,3340.92,-1596.17,-5.5688
GV-08539,4525.5,3308.6,-1599.64,-5.6009
GV-08540,4567.77,3325.02,-1595.58,-5.4581
GV-08541,4638.81,3323.39,-1603.99,-5.2783
GV-08542,4676.42,3336.34,-1598.12,-5.2839
GV-08543,4718.05,3307.7,-1596.35,-5.0946
GV-08544,4780.88,3326.92,-1604.84,-5.1607
GV-08545,4822.94,3325.58,-1600.09,-4.859
GV-08546,4886.97,3323.91,-1600.87,-4.8396
GV-08547,4915.71,3316.41,-1603.45,-4.8607
GV-08548,4985.83,3311.9,-1604.1,-4.7989
GV-08549,5017.42,3328.55,-1595.24,-4.6006
GV-08550,5085.22,3305.26,-1597.02,-4.5696
GV-08551,5123.96,3337.74,-1597.18,-4.5896
GV-08552,5193.68,3341.46,-1598.55,-4.3042
GV-08553,5212.28,3311.22,-1604.38,-4.2222
GV-08554,5282.9,3343.73,-1604.13,-3.9925
GV-08555,5313.68,3314.88,-1600.54,-4.3211
GV-08556,5391.7,3310.09,-1599.92,-3.8174
GV-08557,5444.24,3323.14,-1601.07,-3.7046
GV-08558,5477.35,3316.4,-1602.57,-3.7485
GV-08559,5528.14,3339.98,-1597.54,-3.6124
GV-08560,5585.61,3338.18,-1595.71,-3.4196
GV-08561,5643.58,3337.45,-1600.25,-3.365
GV-08562,5688.43,3331.89,-1600.76,-3.3179
GV-08563,5726.22,3334.74,-1598.58,-3.108
GV-08564,5770.12,3329.22,-1603.43,-3.1217
GV-08565,5827.15,3333.65,-1600.31,-2.8939
GV-08566,5860.35,3310.72,-1551.13,-2.8835
GV-08567,5941.61,3316.29,-1549.07,-2.685
GV-08568,5968.11,3326.8,-1551.07,-2.6245
GV-08569,6005.33,3322.03,-1549.77,-2.6317
GV-08570,6068.83,3311.22,-1503.07,-2.4306
GV-08571,6140.91,3316.32,-1503.65,-2.1824
GV-08572,6158.03,3340.13,-1503.05,-2.2293
GV-08573,6224.15,3342.6,-1447.81,-1.9135
GV-08574,6291.44,3331.92,-1446.97,-2.0057
GV-08575,6328.13,3319.8,-1402.43,-1.7482
GV-08576,6366.77,3340.33,-1398.46,-1.5133
GV-08577,42.75,3394.24,-596.35,-9.8212
GV-08578,72.58,3358.89,-603.29,-9.9912
GV-08579,142.96,3357.82,-601.47,-10.1025
GV-08580,166.76,3380.4,-550.72,-10.356
GV-08581,215.98,3375.91,-551.29,-10.6535
GV-08582,290.77,3389.87,-549.23,-10.8554
GV-08583,332.59,3363.41,-553.98,-11.2827
GV-08584,370.49,3374.29,-549.84,-11.3427
GV-08585,431.58,3357.36,-497.45,-11.2035
GV-08586,466.64,3379.18,-502.85,-11.5531
GV-08587,532.02,3372.48,-503.66,-11.6481
GV-08588,586.98,3381.69,-504.32,-11.7988
GV-08589,620.53,3382.37,-495.01,-11.9902
GV-08590,689.48,3358.44,-497.44,-12.0838
GV-08591,738.99,3360.03,-496.4,-12.0182
GV-08592,768.23,3361.25,-500.87,-12.1841
GV-08593,805.63,3375.96,-497.17,-12.236
GV-08594,871.89,3381.51,-504.31,-12.2419
GV-08595,944.98,3392.88,-504.29,-12.3562
GV-08596,976.85,3358.59,-504.52,-12.4991
GV-08597,1030.01,3377.86,-504.88,-12.4264
GV-08598,1094.64,3376.73,-499.59,-12.6609
GV-08599,1129.96,3377.77,-495.48,-12.5492
GV-08600,1169.18,3359.11,-495.07,-12.5814
GV-08601,1233.18,3373.0,-498.52,-12.6528
GV-08602,1278.31,3390.58,-496.45,-12.5159
GV-08603,1323.43,3357.16,-546.99,-12.541
GV-08604,1384.17,3385.18,-549.88,-12.5014
GV-08605,1409.03,3384.4,-551.12,-12.6406
GV-08606,1471.82,3375.55,-553.48,-12.4301
GV-08607,1521.69,3361.27,-547.65,-12.3891
GV-08608,1571.88,3358.57,-547.55,-12.2904
GV-08609,1617.21,3393.32,-546.13,-12.2671
GV-08610,1655.29,3369.84,-551.36,-12.2454
GV-08611,1719.25,3384.03,-552.3,-12.1797
GV-08612,1793.54,3358.81,-552.3,-12.3228
GV-08613,1805.43,3355.11,-549.86,-12.2391
GV-08614,1893.46,3375.82,-553.41,-12.0733
GV-08615,1935.22,3368.55,-553.43,-11.8556
GV-08616,1978.7,3367.62,-552.1,-11.9437
GV-08617,2008.02,3357.54,-553.52,-11.8607
GV-08618,2063.0,3373.18,-546.43,-11.6654
GV-08619,2112.49,3375.03,-554.84,-11.7359
GV-08620,2170.77,3369.96,-600.76,-11.5992
GV-08621,2208.12,3367.6,-601.28,-11.4659
GV-08622,2275.5,3362.56,-601.58,-11.3478
GV-08623,2320.65,3386.96,-596.25,-11.1243
GV-08624,2381.87,3366.32,-652.04,-11.0793
GV-08625,2406.69,3359.07,-654.08,-11.0703
GV-08626,2470.94,3392.95,-652.93,-10.8682
GV-08627,2522.81,3375.26,-698.57,-10.8045
GV-08628,2558.71,3372.94,-700.46,-10.657
GV-08629,2623.95,3383.53,-752.3,-10.3873
GV-08630,2660.94,3384.77,-745.55,-10.0632
GV-08631,2715.96,3356.88,-799.04,-9.9191
GV-08632,2789.98,3389.71,-847.72,-9.9396
GV-08633,2813.2,3363.89,-854.29,-9.7626
GV-08634,2864.7,3357.97,-904.29,-9.5597
GV-08635,2917.34,3371.81,-895.74,-9.4308
GV-08636,2966.44,3383.86,-954.42,-9.3591
GV-08637,3021.87,3385.74,-1000.8,-9.2231
GV-08638,3066.52,3365.24,-998.87,-9.1012
GV-08639,3112.37,3366.44,-1052.45,-8.846
GV-08640,3173.96,3383.93,-1102.81,-8.545
GV-08641,3241.21,3385.47,-1103.79,-8.6332
GV-08642,3272.15,3364.49,-1149.21,-8.3716
GV-08643,3334.41,3374.01,-1153.87,-8.3751
GV-08644,3394.56,3387.94,-1195.77,-8.1646
GV-08645,3412.68,3355.43,-1254.55,-8.1031
GV-08646,3485.29,3367.0,-1249.35,-7.8394
GV-08647,3512.56,3384.38,-1296.47,-8.002
GV-08648,3556.23,3368.46,-1303.76,-7.6223
GV-08649,3626.96,3373.74,-1348.46,-7.6087
GV-08650,3684.72,3361.56,-1349.32,-7.4475
GV-08651,3711.07,3376.92,-1402.53,-7.3436
GV-08652,3779.01,3389.33,-1395.67,-7.1744
GV-08653,3824.0,3380.55,-1454.91,-7.0069
GV-08654,3867.68,3361.59,-1450.76,-7.0077
GV-08655,3929.79,3363.44,-1503.62,-6.7911
GV-08656,3975.22,3357.28,-1501.99,-6.6528
GV-08657,4042.09,3379.9,-1495.41,-6.8088
GV-08658,4060.28,3360.4,-1547.8,-6.4055
GV-08659,4113.63,3391.78,-1549.54,-6.2922
GV-08660,4160.61,3363.38,-1545.09,-6.3334
GV-08661,4225.43,3358.77,-1551.79,-6.2173
GV-08662,4256.32,3387.35,-1601.21,-6.0917
GV-08663,4315.6,3375.02,-1602.01,-5.8591
GV-08664,4363.37,3362.58,-1598.29,-5.7571
GV-08665,4408.25,3364.03,-1600.48,-5.7235
GV-08666,4465.94,3393.03,-1597.85,-5.5973
GV-08667,4534.99,3384.18,-1595.05,-5.6645
GV-08668,4592.52,3373.54,-1601.05,-5.4478
GV-08669,4608.16,3388.24,-1597.17,-5.2211
GV-08670,4694.3,3386.26,-1604.4,-5.4504
GV-08671,4715.15,3383.54,-1597.63,-5.1098
GV-08672,4758.33,3382.22,-1603.2,-5.154
GV-08673,4807.32,3381.31,-1603.73,-5.0223
GV-08674,4877.0,3385.02,-1604.84,-4.8573
GV-08675,4905.38,3393.87,-1595.87,-4.7804
GV-08676,4960.99,3381.68,-1601.49,-4.6677
GV-08677,5019.06,3394.88,-1602.75,-4.6292
GV-08678,5073.42,3379.58,-1601.17,-4.3016
GV-08679,5137.56,3368.51,-1595.22,-4.2962
GV-08680,5160.44,3362.56,-1596.77,-4.4538
GV-08681,5225.47,3369.19,-1596.1,-4.1188
GV-08682,5289.42,3362.51,-1596.86,-4.221
GV-08683,5332.26,3361.8,-1604.66,-3.8509
GV-08684,5360.72,3370.65,-1604.98,-3.9556
GV-08685,5424.44,3384.2,-1604.51,-3.8542
GV-08686,5460.79,3369.31,-1601.43,-3.7633
GV-08687,5510.15,3364.3,-1603.18,-3.4411
GV-08688,5573.08,3384.07,-1598.9,-3.6101
GV-08689,5634.87,3392.59,-1599.44,-3.4615
GV-08690,5665.31,3371.77,-1598.34,-3.1919
GV-08691,5714.22,3381.57,-1597.1,-3.2101
GV-08692,5762.18,3371.12,-1597.62,-3.0689
GV-08693,5836.55,3376.33,-1599.84,-2.9217
GV-08694,5874.23,3379.22,-1596.8,-2.7529
GV-08695,5906.98,3371.2,-1545.32,-2.8726
GV-08696,5978.68,3379.05,-1551.55,-2.6012
GV-08697,6038.89,3359.47,-1548.65,-2.4694
GV-08698,6088.9,3372.09,-1551.84,-2.4656
GV-08699,6135.87,3386.25,-1500.23,-2.2218
GV-08700,6155.3,3391.24,-1495.07,-2.0947
GV-08701,6229.73,3370.11,-1451.99,-1.8474
GV-08702,6274.27,3366.44,-1453.53,-1.9206
GV-08703,6323.43,3370.55,-1402.79,-1.8189
GV-08704,6368.33,3358.19,-1403.48,-1.6935
GV-08705,41.83,3405.84,-598.27,-9.5101
GV-08706,77.91,3439.91,-596.49,-9.776
GV-08707,139.76,3415.86,-596.13,-10.1689
GV-08708,177.77,3425.11,-603.91,-10.2714
GV-08709,222.55,3442.41,-548.73,-10.4227
GV-08710,271.02,3432.86,-548.52,-10.7256
GV-08711,336.57,3424.76,-549.15,-10.9826
GV-08712,387.54,3441.93,-549.54,-11.166
GV-08713,406.99,3416.42,-553.41,-11.1752
GV-08714,466.3,3416.03,-499.37,-11.554
GV-08715,528.89,3425.47,-498.37,-11.6824
GV-08716,561.48,3423.29,-500.66,-11.8436
GV-08717,607.19,3416.86,-498.49,-12.0231
GV-08718,657.58,3437.31,-503.8,-12.0496
GV-08719,714.6,3440.96,-497.11,-12.0256
GV-08720,783.68,3415.46,-502.91,-12.1658
GV-08721,813.51,3419.03,-503.32,-12.2324
GV-08722,886.75,3423.71,-495.89,-12.3056
GV-08723,944.53,3422.02,-502.69,-12.3519
GV-08724,985.46,3420.13,-504.21,-12.405
GV-08725,1024.34,3438.95,-496.7,-12.4458
GV-08726,1066.48,3406.32,-503.11,-12.5708
GV-08727,1143.42,3428.17,-504.61,-12.5281
GV-08728,1189.89,3415.18,-501.28,-12.5875
GV-08729,1226.3,3433.06,-495.17,-12.616
GV-08730,1255.74,3432.93,-500.12,-12.481
GV-08731,1309.36,3422.22,-502.0,-12.4909
GV-08732,1361.76,3440.53,-550.32,-12.4669
GV-08733,1425.47,3411.76,-548.05,-12.5733
GV-08734,1478.64,3421.39,-554.21,-12.37
GV-08735,1525.17,3413.88,-548.81,-12.5907
GV-08736,1557.67,3437.41,-545.1,-12.3221
GV-08737,1608.87,3410.8,-551.3,-12.456
GV-08738,1690.71,3430.73,-552.88,-12.3467
GV-08739,1708.02,3412.57,-550.25,-12.3481
GV-08740,1757.51,3438.44,-548.78,-12.4536
GV-08741,1810.92,3432.83,-545.9,-12.2381
GV-08742,1855.19,3409.79,-548.63,-12.1537
GV-08743,1932.12,3433.47,-552.67,-12.1357
GV-08744,1966.49,3425.82,-551.4,-12.097
GV-08745,2005.32,3424.1,-552.49,-11.9068
GV-08746,2061.17,3410.71,-551.25,-12.0362
GV-08747,2118.06,3414.99,-551.06,-11.8743
GV-08748,2160.95,3420.17,-548.11,-11.6649
GV-08749,2219.62,3439.07,-603.87,-11.4181
GV-08750,2290.2,3444.75,-600.64,-11.3614
GV-08751,2338.44,3428.76,-603.07,-11.417
GV-08752,2357.44,3406.15,-597.45,-11.115
GV-08753,2406.35,3430.26,-651.75,-10.9913
GV-08754,2478.21,3433.64,-653.62,-10.825
GV-08755,2509.98,3413.78,-703.68,-10.8681
GV-08756,2581.37,3434.88,-695.06,-10.6632
GV-08757,2606.98,3431.28,-747.21,-10.4962
GV-08758,2665.54,3415.31,-748.71,-10.2454
GV-08759,2709.46,3433.61,-800.59,-10.3056
GV-08760,2757.05,3408.12,-799.38,-10.1852
GV-08761,2836.3,3417.74,-850.94,-9.8603
GV-08762,2870.58,3413.25,-850.42,-9.7045
GV-08763,2932.67,3412.85,-902.65,-9.7008
GV-08764,2973.74,3437.34,-952.34,-9.4885
GV-08765,3040.53,3427.56,-945.23,-9.2696
GV-08766,3072.68,3426.25,-997.99,-9.0216
GV-08767,3144.56,3423.99,-1053.82,-9.128
GV-08768,3166.98,3417.55,-1053.58,-8.6283
GV-08769,3220.24,3433.35,-1097.71,-8.5481
GV-08770,3270.43,3431.05,-1100.34,-8.3092
GV-08771,3342.09,3434.17,-1153.1,-8.4901
GV-08772,3371.49,3421.61,-1201.34,-8.2098
GV-08773,3440.94,3410.08,-1198.82,-8.1598
GV-08774,3468.14,3431.49,-1248.33,-8.0611
GV-08775,3542.77,3431.67,-1250.72,-7.7094
GV-08776,3571.65,3408.82,-1303.32,-7.7285
GV-08777,3641.3,3426.05,-1353.09,-7.6541
GV-08778,3670.16,3416.67,-1350.48,-7.4811
GV-08779,3716.7,3425.64,-1396.64,-7.5494
GV-08780,3787.3,3413.21,-1399.58,-7.2429
GV-08781,3827.8,3444.38,-1447.45,-7.1383
GV-08782,3873.61,3419.2,-1446.58,-7.0658
GV-08783,3907.89,3433.64,-1448.59,-6.7965
GV-08784,3962.06,3409.31,-1502.99,-7.0628
GV-08785,4019.3,3432.38,-1496.19,-6.7252
GV-08786,4062.86,3428.53,-1551.21,-6.596
GV-08787,4120.96,3406.11,-1546.11,-6.3888
GV-08788,4158.5,3426.88,-1545.69,-6.2398
GV-08789,4228.17,3434.44,-1547.54,-6.2578
GV-08790,4276.76,3432.62,-1597.63,-6.1589
GV-08791,4333.82,3440.64,-1597.95,-6.0749
GV-08792,4364.04,3420.09,-1601.63,-5.8696
GV-08793,4413.92,3416.99,-1598.64,-5.9029
GV-08794,4464.09,3409.69,-1596.61,-5.7488
GV-08795,4520.74,3433.84,-1597.05,-5.5746
GV-08796,4582.47,3439.22,-1595.33,-5.4267
GV-08797,4611.55,3442.67,-1601.48,-5.2802
GV-08798,4679.08,3428.15,-1598.68,-5.1871
GV-08799,4738.01,3409.82,-1603.67,-5.0797
GV-08800,4789.83,3414.96,-1598.36,-4.9985
GV-08801,4811.94,3444.11,-1603.43,-5.0617
GV-08802,4869.07,3425.81,-1604.37,-4.9056
GV-08803,4943.19,3416.14,-1597.42,-4.8465
GV-08804,4991.73,3431.15,-1596.1,-4.7616
GV-08805,5038.59,3438.52,-1599.52,-4.4842
GV-08806,5087.29,3409.79,-1599.29,-4.6183
GV-08807,5132.97,3433.83,-1598.11,-4.3755
GV-08808,5162.1,3436.63,-1602.21,-4.3285
GV-08809,5215.03,3443.82,-1596.72,-4.2055
GV-08810,5282.39,3444.95,-1598.53,-4.0829
GV-08811,5319.1,3441.55,-1596.41,-3.9795
GV-08812,5370.6,3406.65,-1602.7,-3.8662
GV-08813,5420.01,3409.09,-1603.74,-3.7017
GV-08814,5486.23,3431.66,-1599.97,-3.722
GV-08815,5518.35,3412.32,-1599.79,-3.7739
GV-08816,5560.9,3417.45,-1603.22,-3.4983
GV-08817,5644.2,3407.01,-1602.36,-3.4091
GV-08818,5662.26,3443.55,-1595.66,-3.1602
GV-08819,5709.84,3426.71,-1603.62,-3.1669
GV-08820,5783.54,3437.13,-1601.39,-3.0879
GV-08821,5838.2,3420.94,-1602.56,-2.8721
GV-08822,5873.63,3417.62,-1596.0,-2.7732
GV-08823,5931.4,3414.43,-1604.74,-2.7667
GV-08824,5989.06,3418.77,-1553.2,-2.676
GV-08825,6007.21,3408.85,-1552.56,-2.3926
GV-08826,6087.2,3440.76,-1545.36,-2.2076
GV-08827,6140.25,3407.66,-1502.57,-2.3814
GV-08828,6177.31,3427.01,-1501.64,-2.2941
GV-08829,6240.74,3438.72,-1502.37,-1.84
GV-08830,6279.0,3406.9,-1450.87,-1.8059
GV-08831,6330.66,3415.89,-1446.51,-1.9578
GV-08832,6391.2,3422.87,-1399.7,-1.5985
GV-08833,14.24,3482.58,-651.58,-9.574
GV-08834,88.62,3470.48,-604.1,-9.8072
GV-08835,116.5,3459.25,-595.31,-10.0236
GV-08836,156.28,3481.02,-604.09,-10.1108
GV-08837,239.35,3469.19,-599.27,-10.459
GV-08838,288.14,3464.32,-546.8,-10.6842
GV-08839,311.75,3475.59,-546.08,-11.0339
GV-08840,390.26,3472.58,-551.85,-11.1236
GV-08841,443.56,3459.98,-548.97,-11.2258
GV-08842,493.81,3475.53,-501.65,-11.5918
GV-08843,543.6,3487.6,-502.18,-11.4483
GV-08844,571.03,3482.34,-500.76,-11.7363
GV-08845,605.8,3470.16,-501.47,-11.935
GV-08846,689.54,3469.21,-496.09,-12.0863
GV-08847,713.19,3492.91,-500.61,-11.9923
GV-08848,775.86,3464.08,-500.92,-12.2037
GV-08849,828.64,3479.91,-504.79,-12.1937
GV-08850,869.42,3485.59,-498.86,-12.3867
GV-08851,925.96,3464.41,-500.73,-12.4185
GV-08852,987.43,3488.35,-504.95,-12.388
GV-08853,1020.92,3472.75,-504.23,-12.5447
GV-08854,1076.22,3476.5,-495.13,-12.2816
GV-08855,1132.82,3470.87,-496.92,-12.5251
GV-08856,1168.1,3466.29,-499.29,-12.6053
GV-08857,1231.91,3465.95,-501.01,-12.6209
GV-08858,1273.49,3458.88,-500.79,-12.6059
GV-08859,1305.7,3481.35,-495.81,-12.6476
GV-08860,1369.24,3467.35,-500.58,-12.5921
GV-08861,1411.57,3478.79,-498.39,-12.6759
GV-08862,1480.54,3468.97,-553.1,-12.5502
GV-08863,1532.78,3461.73,-550.57,-12.6667
GV-08864,1563.67,3484.09,-553.9,-12.4512
GV-08865,1607.58,3480.79,-552.22,-12.447
GV-08866,1659.12,3472.01,-554.85,-12.4656
GV-08867,1729.38,3456.99,-547.66,-12.4025
GV-08868,1760.67,3483.28,-546.86,-12.2411
GV-08869,1811.5,3458.6,-545.38,-12.3222
GV-08870,1871.17,3493.76,-552.2,-12.0736
GV-08871,1937.79,3491.31,-548.34,-12.0962
GV-08872,1989.0,3465.99,-546.38,-12.139
GV-08873,2024.05,3477.6,-545.08,-12.0932
GV-08874,2090.45,3482.7,-549.14,-11.9122
GV-08875,2116.0,3493.35,-553.96,-11.8531
GV-08876,2194.16,3475.74,-551.92,-11.7481
GV-08877,2224.54,3466.21,-554.65,-11.6461
GV-08878,2278.94,3488.52,-604.98,-11.4389
GV-08879,2317.08,3471.03,-600.47,-11.3736
GV-08880,2363.16,3488.74,-599.45,-11.3861
GV-08881,2418.26,3470.38,-650.82,-11.1979
GV-08882,2484.64,3468.71,-646.27,-10.8831
GV-08883,2507.88,3473.91,-651.88,-10.9027
GV-08884,2568.05,3462.76,-701.69,-10.5137
GV-08885,2611.67,3476.6,-698.53,-10.2611
GV-08886,2670.26,3459.48,-749.32,-10.4753
GV-08887,2739.3,3488.88,-753.29,-10.1359
GV-08888,2785.0,3476.73,-796.48,-10.141
GV-08889,2818.04,3463.03,-854.69,-9.9828
GV-08890,2858.78,3466.61,-846.91,-9.8548
GV-08891,2911.89,3472.56,-901.46,-9.4716
GV-08892,2958.27,3485.39,-897.8,-9.417
GV-08893,3025.57,3470.99,-954.26,-9.4058
GV-08894,3073.28,3473.78,-1002.9,-9.108
GV-08895,3143.79,3479.68,-1002.07,-9.0455
GV-08896,3157.15,3484.19,-1051.18,-8.8064
GV-08897,3241.17,3475.37,-1051.59,-8.6735
GV-08898,3262.98,3494.96,-1098.48,-8.6805
GV-08899,3319.37,3475.35,-1150.51,-8.3633
GV-08900,3355.31,3475.54,-1151.38,-8.3954
GV-08901,3422.06,3492.69,-1202.28,-8.1733
GV-08902,3492.56,3492.02,-1196.91,-8.1838
GV-08903,3518.79,3464.62,-1245.53,-7.9296
GV-08904,3572.94,3461.99,-1304.45,-7.7541
GV-08905,3632.47,3488.44,-1298.14,-7.4266
GV-08906,3672.04,3461.19,-1350.3,-7.3469
GV-08907,3717.85,3472.84,-1347.1,-7.3855
GV-08908,3781.83,3465.29,-1399.52,-7.193
GV-08909,3833.88,3483.84,-1395.93,-7.256
GV-08910,3861.87,3478.32,-1448.68,-7.1396
GV-08911,3935.45,3482.86,-1452.8,-6.925
GV-08912,3989.78,3474.62,-1495.27,-6.8135
GV-08913,4025.06,3476.11,-1497.95,-6.7155
GV-08914,4083.4,3462.05,-1502.79,-6.614
GV-08915,4134.37,3473.92,-1545.58,-6.4148
GV-08916,4174.9,3460.75,-1553.8,-6.31
GV-08917,4224.91,3473.43,-1552.95,-6.315
GV-08918,4279.53,3465.03,-1601.89,-6.209
GV-08919,4340.15,3458.75,-1600.57,-5.9862
GV-08920,4369.32,3475.75,-1595.03,-5.8523
GV-08921,4426.8,3469.25,-1600.52,-5.9059
GV-08922,4467.45,3465.79,-1601.81,-5.7327
GV-08923,4525.27,3472.71,-1598.74,-5.5275
GV-08924,4572.97,3459.98,-1595.81,-5.4297
GV-08925,4615.25,3481.86,-1604.06,-5.5042
GV-08926,4683.56,3480.93,-1599.89,-5.3838
GV-08927,4718.76,3460.05,-1600.39,-5.1139
GV-08928,4765.27,3489.77,-1601.45,-5.0165
GV-08929,4827.48,3468.49,-1602.98,-5.1647
GV-08930,4893.92,3477.43,-1601.16,-5.1241
GV-08931,4907.89,3465.05,-1601.35,-4.7447
GV-08932,4982.51,3493.76,-1603.0,-4.673
GV-08933,5043.94,3455.86,-1595.3,-4.6856
GV-08934,5091.82,3484.71,-1599.04,-4.5873
GV-08935,5130.33,3456.8,-1603.11,-4.5946
GV-08936,5167.7,3462.39,-1600.7,-4.1384
GV-08937,5208.49,3466.13,-1601.53,-4.0737
GV-08938,5281.24,3472.33,-1601.31,-4.0735
GV-08939,5329.94,3479.71,-1595.12,-4.065
GV-08940,5392.66,3468.37,-1600.72,-3.8144
GV-08941,5413.13,3484.39,-1595.33,-3.8696
GV-08942,5488.49,3467.63,-1600.2,-3.7346
GV-08943,5508.75,3456.62,-1601.31,-3.4295
GV-08944,5584.27,3457.59,-1602.59,-3.3903
GV-08945,5642.3,3461.69,-1604.02,-3.4847
GV-08946,5682.85,3486.64,-1595.82,-3.389
GV-08947,5717.92,3491.67,-1604.34,-2.9862
GV-08948,5791.31,3486.14,-1603.15,-3.161
GV-08949,5839.08,3488.59,-1599.35,-2.9926
GV-08950,5861.76,3460.44,-1598.68,-2.9613
GV-08951,5905.03,3473.72,-1603.38,-2.7474
GV-08952,5975.16,3458.21,-1550.29,-2.5835
GV-08953,6026.3,3487.32,-1548.0,-2.6367
GV-08954,6072.28,3494.18,-1554.56,-2.431
GV-08955,6106.86,3485.3,-1547.22,-2.3625
GV-08956,6175.38,3456.64,-1495.97,-2.1396
GV-08957,6235.3,3479.81,-1496.92,-2.2091
GV-08958,6294.85,3473.89,-1447.46,-1.883
GV-08959,6334.76,3471.31,-1453.74,-1.8217
GV-08960,6376.09,3477.33,-1402.21,-1.6324
GV-08961,36.93,3512.62,-649.28,-9.5863
GV-08962,55.88,3544.88,-648.12,-9.8096
GV-08963,107.14,3525.4,-604.95,-10.1529
GV-08964,172.14,3516.19,-604.7,-10.1907
GV-08965,207.92,3513.85,-603.58,-10.3006
GV-08966,280.57,3543.9,-599.54,-10.6475
GV-08967,335.09,3514.3,-546.21,-11.0336
GV-08968,359.15,3505.75,-550.21,-11.0646
GV-08969,442.1,3518.0,-548.99,-11.3101
GV-08970,477.33,3515.48,-545.17,-11.6819
GV-08971,524.34,3511.63,-495.34,-11.6563
GV-08972,559.77,3541.59,-497.18,-11.9086
GV-08973,642.1,3544.96,-496.57,-11.92
GV-08974,666.36,3521.12,-499.33,-11.9775
GV-08975,737.68,3543.68,-500.44,-11.93
GV-08976,766.49,3530.52,-496.04,-12.2612
GV-08977,835.99,3521.26,-500.28,-12.2569
GV-08978,876.33,3521.81,-495.63,-12.3421
GV-08979,913.35,3534.89,-499.75,-12.4681
GV-08980,970.76,3530.73,-497.29,-12.4196
GV-08981,1032.6,3516.68,-500.26,-12.3844
GV-08982,1074.22,3518.84,-500.2,-12.4745
GV-08983,1115.57,3535.54,-498.18,-12.7077
GV-08984,1193.31,3522.18,-501.85,-12.5947
GV-08985,1237.47,3536.09,-504.54,-12.5307
GV-08986,1270.22,3543.25,-496.67,-12.6399
GV-08987,1315.57,3532.62,-499.08,-12.5544
GV-08988,1369.08,3538.27,-495.45,-12.5277
GV-08989,1414.09,3518.43,-497.08,-12.6842
GV-08990,1464.19,3513.98,-500.99,-12.645
GV-08991,1536.33,3507.26,-497.75,-12.3766
GV-08992,1576.32,3543.92,-503.97,-12.4725
GV-08993,1625.38,3505.27,-497.49,-12.6445
GV-08994,1665.17,3505.11,-495.65,-12.4873
GV-08995,1735.15,3522.43,-552.92,-12.4167
GV-08996,1775.75,3523.62,-553.75,-12.5661
GV-08997,1836.44,3525.15,-552.49,-12.3304
GV-08998,1858.41,3513.2,-546.21,-12.1164
GV-08999,1937.82,3513.24,-549.21,-12.0576
GV-09000,1990.02,3507.62,-550.47,-12.1591
GV-09001,2006.8,3513.61,-551.33,-12.1289
GV-09002,2068.05,3513.79,-554.18,-11.9914
GV-09003,2128.51,3511.39,-547.89,-11.8993
GV-09004,2155.99,3540.39,-549.1,-11.7912
GV-09005,2232.31,3533.73,-545.51,-11.7437
GV-09006,2291.26,3513.65,-596.79,-11.6141
GV-09007,2315.63,3533.02,-598.48,-11.3292
GV-09008,2370.73,3527.04,-599.37,-11.4125
GV-09009,2406.87,3532.89,-601.53,-11.1507
GV-09010,2494.63,3544.18,-645.9,-11.0993
GV-09011,2526.25,3528.32,-653.04,-10.9991
GV-09012,2555.55,3522.59,-700.86,-10.5921
GV-09013,2630.73,3532.25,-701.58,-10.63
GV-09014,2668.08,3525.16,-753.56,-10.5382
GV-09015,2731.33,3513.22,-749.0,-10.3199
GV-09016,2780.35,3517.87,-804.5,-10.2326
GV-09017,2816.81,3507.52,-796.09,-10.0386
GV-09018,2875.3,3510.08,-848.13,-9.7541
GV-09019,2942.38,3521.22,-845.53,-9.5332
GV-09020,2957.98,3544.53,-904.8,-9.4006
GV-09021,3028.69,3538.33,-953.52,-9.3425
GV-09022,3093.3,3539.76,-954.59,-9.3364
GV-09023,3131.01,3510.97,-1004.49,-8.8708
GV-09024,3169.07,3529.27,-1001.87,-8.9804
GV-09025,3211.53,3514.48,-1049.86,-8.7357
GV-09026,3272.88,3543.45,-1101.4,-8.7154
GV-09027,3307.68,3523.7,-1099.29,-8.5356
GV-09028,3382.44,3537.85,-1151.59,-8.4253
GV-09029,3443.59,3534.87,-1150.98,-8.3108
GV-09030,3492.23,3540.61,-1195.3,-8.1551
GV-09031,3511.59,3538.06,-1249.55,-7.8035
GV-09032,3590.54,3506.09,-1253.68,-7.8158
GV-09033,3621.74,3505.34,-1295.45,-7.8949
GV-09034,3665.68,3523.02,-1295.45,-7.6437
GV-09035,3714.88,3520.24,-1348.85,-7.4323
GV-09036,3782.49,3537.6,-1401.23,-7.2621
GV-09037,3811.0,3513.36,-1398.95,-7.0992
GV-09038,3882.4,3522.21,-1452.92,-7.201
GV-09039,3934.54,3513.74,-1449.34,-6.922
GV-09040,3956.96,3509.4,-1495.47,-7.0135
GV-09041,4042.66,3539.66,-1504.89,-6.7502
GV-09042,4078.21,3514.23,-1500.97,-6.7537
GV-09043,4130.61,3523.98,-1550.53,-6.5918
GV-09044,4156.55,3530.97,-1546.59,-6.3193
GV-09045,4215.11,3523.34,-1547.24,-6.375
GV-09046,4257.1,3516.51,-1595.32,-6.2463
GV-09047,4342.87,3505.43,-1603.56,-6.0402
GV-09048,4367.97,3525.75,-1599.87,-5.8627
GV-09049,4409.27,3522.96,-1601.77,-5.9008
GV-09050,4469.33,3522.9,-1598.63,-5.7827
GV-09051,4520.03,3536.89,-1602.25,-5.6161
GV-09052,4578.68,3528.56,-1602.12,-5.5161
GV-09053,4612.85,3530.07,-1597.94,-5.3027
GV-09054,4683.14,3533.22,-1598.79,-5.4019
GV-09055,4713.68,3537.55,-1596.83,-5.1711
GV-09056,4786.43,3516.68,-1597.18,-5.3096
GV-09057,4812.29,3510.79,-1601.23,-5.0111
GV-09058,4859.88,3513.07,-1595.5,-4.8477
GV-09059,4911.85,3542.61,-1596.14,-4.8056
GV-09060,4993.5,3511.12,-1600.14,-4.6723
GV-09061,5024.85,3541.11,-1600.69,-4.7395
GV-09062,5085.06,3511.47,-1598.14,-4.5593
GV-09063,5129.54,3509.26,-1600.28,-4.458
GV-09064,5164.09,3519.55,-1596.94,-4.2574
GV-09065,5233.6,3513.56,-1599.01,-4.3768
GV-09066,5256.43,3543.98,-1601.72,-3.9417
GV-09067,5339.9,3530.71,-1604.93,-3.9697
GV-09068,5361.84,3524.47,-1602.01,-4.0288
GV-09069,5408.2,3511.07,-1596.5,-3.8732
GV-09070,5457.58,3530.94,-1603.52,-3.6601
GV-09071,5518.62,3523.12,-1597.15,-3.6182
GV-09072,5594.45,3542.96,-1602.64,-3.5478
GV-09073,5643.27,3531.16,-1595.84,-3.4226
GV-09074,5691.71,3544.98,-1597.92,-3.2174
GV-09075,5706.8,3521.95,-1603.42,-3.0893
GV-09076,5785.13,3507.14,-1602.32,-3.0663
GV-09077,5807.95,3510.37,-1598.98,-2.8454
GV-09078,5893.88,3538.84,-1604.77,-2.7305
GV-09079,5912.94,3541.29,-1602.61,-2.7887
GV-09080,5980.28,3515.32,-1595.6,-2.598
GV-09081,6013.09,3515.63,-1552.61,-2.4161
GV-09082,6088.98,3538.86,-1550.99,-2.286
GV-09083,6137.44,3515.66,-1548.92,-2.3459
GV-09084,6157.59,3530.45,-1497.04,-1.9577
GV-09085,6221.2,3537.14,-1497.46,-2.0785
GV-09086,6268.79,3522.53,-1500.7,-1.9122
GV-09087,6344.04,3511.11,-1455.0,-1.8805
GV-09088,6390.6,3524.09,-1450.63,-1.578
GV-09089,19.57,3591.52,-653.72,-9.5817
GV-09090,77.08,3568.79,-647.52,-9.7842
GV-09091,119.12,3567.22,-650.95,-9.8769
GV-09092,189.41,3572.84,-598.28,-10.1684
GV-09093,210.23,3578.47,-597.4,-10.6549
GV-09094,270.92,3584.07,-595.05,-10.8149
GV-09095,320.19,3585.11,-602.66,-10.9096
GV-09096,375.67,3585.31,-553.85,-11.0257
GV-09097,442.22,3583.91,-545.46,-11.145
GV-09098,486.45,3559.61,-552.84,-11.3803
GV-09099,536.01,3568.12,-498.28,-11.4475
GV-09100,557.0,3566.84,-495.13,-11.7772
GV-09101,615.65,3578.79,-501.34,-11.8612
GV-09102,693.19,3566.04,-502.38,-11.9129
GV-09103,717.95,3591.34,-503.17,-11.9795
GV-09104,767.21,3572.44,-502.94,-12.2399
GV-09105,806.52,3591.99,-499.64,-12.2468
GV-09106,876.33,3574.63,-502.6,-12.3689
GV-09107,915.83,3558.59,-502.91,-12.3048
GV-09108,986.47,3571.72,-501.79,-12.5119
GV-09109,1037.58,3590.14,-495.2,-12.3845
GV-09110,1056.01,3585.36,-503.98,-12.6563
GV-09111,1108.52,3590.52,-498.86,-12.5073
GV-09112,1178.33,3563.72,-497.4,-12.4495
GV-09113,1234.49,3564.41,-502.63,-12.6889
GV-09114,1256.23,3567.46,-496.13,-12.6344
GV-09115,1321.57,3586.92,-501.64,-12.6238
GV-09116,1365.14,3564.85,-497.97,-12.6849
GV-09117,1407.12,3572.17,-499.89,-12.4832
GV-09118,1457.96,3576.27,-502.79,-12.6665
GV-09119,1531.38,3571.64,-497.93,-12.7679
GV-09120,1578.99,3560.39,-495.54,-12.703
GV-09121,1611.86,3575.04,-497.36,-12.4985
GV-09122,1672.14,3574.28,-501.51,-12.6615
GV-09123,1723.09,3581.3,-496.17,-12.6666
GV-09124,1755.4,3576.69,-501.66,-12.5274
GV-09125,1822.73,3578.52,-500.54,-12.3239
GV-09126,1887.9,3592.03,-500.03,-12.4808
GV-09127,1941.33,3592.32,-545.07,-12.2751
GV-09128,1981.21,3570.31,-552.22,-12.3071
GV-09129,2026.19,3594.71,-546.63,-12.122
GV-09130,2074.02,3563.63,-545.8,-12.0509
GV-09131,2119.2,3572.51,-546.25,-11.9612
GV-09132,2191.22,3583.18,-554.66,-11.9243
GV-09133,2244.26,3567.09,-548.88,-11.6924
GV-09134,2279.07,3574.8,-546.66,-11.6634
GV-09135,2331.06,3594.93,-603.67,-11.4931
GV-09136,2364.25,3563.62,-604.86,-11.3789
GV-09137,2436.97,3588.38,-604.33,-11.2633
GV-09138,2478.96,3574.29,-645.58,-10.9937
GV-09139,2513.35,3592.78,-653.13,-11.0103
GV-09140,2583.75,3579.94,-652.47,-10.7885
GV-09141,2612.77,3576.99,-704.44,-10.825
GV-09142,2677.26,3571.65,-695.76,-10.6191
GV-09143,2738.18,3581.49,-749.92,-10.3476
GV-09144,2756.78,3555.54,-751.82,-10.1283
GV-09145,2837.73,3582.89,-800.21,-9.9548
GV-09146,2876.07,3571.67,-795.2,-9.8709
GV-09147,2930.18,3568.62,-849.18,-9.8086
GV-09148,2965.39,3573.26,-902.11,-9.525
GV-09149,3025.58,3557.93,-896.39,-9.4786
GV-09150,3085.87,3571.37,-945.37,-9.3533
GV-09151,3112.72,3567.27,-950.55,-9.2065
GV-09152,3184.28,3571.47,-999.59,-9.0844
GV-09153,3244.56,3581.94,-1051.87,-8.9208
GV-09154,3274.7,3581.61,-1052.99,-8.76
GV-09155,3330.7,3563.07,-1099.4,-8.6728
GV-09156,3386.09,3573.13,-1099.6,-8.5746
GV-09157,3422.45,3568.84,-1154.63,-8.397
GV-09158,3487.9,3556.27,-1195.73,-8.1175
GV-09159,3511.17,3573.5,-1198.27,-8.1482
GV-09160,3588.17,3594.28,-1251.28,-7.9942
GV-09161,3638.3,3567.52,-1302.88,-7.7618
GV-09162,3656.34,3578.49,-1297.76,-7.5676
GV-09163,3724.08,3577.64,-1354.98,-7.4595
GV-09164,3755.1,3587.11,-1345.48,-7.4936
GV-09165,3805.78,3593.0,-1399.2,-7.2956
GV-09166,3866.91,3594.75,-1402.27,-7.0429
GV-09167,3918.31,3561.39,-1445.73,-6.9693
GV-09168,3957.94,3569.82,-1451.01,-6.7207
GV-09169,4040.29,3582.43,-1497.52,-6.8355
GV-09170,4083.7,3578.97,-1495.21,-6.711
GV-09171,4107.03,3593.97,-1552.9,-6.3502
GV-09172,4158.66,3560.64,-1549.1,-6.5258
GV-09173,4238.73,3559.0,-1551.87,-6.324
GV-09174,4288.71,3571.17,-1554.11,-6.0978
GV-09175,4324.28,3576.85,-1604.08,-6.2147
GV-09176,4387.32,3583.35,-1600.07,-6.0222
GV-09177,4408.14,3562.59,-1603.05,-5.8457
GV-09178,4481.39,3584.62,-1604.68,-5.8954
GV-09179,4534.38,3559.01,-1600.62,-5.73
GV-09180,4556.16,3577.1,-1597.57,-5.5639
GV-09181,4635.69,3557.88,-1600.73,-5.4162
GV-09182,4669.17,3592.69,-1596.58,-5.3493
GV-09183,4707.59,3573.5,-1597.87,-5.2513
GV-09184,4779.09,3560.65,-1597.94,-5.2676
GV-09185,4834.77,3587.48,-1604.32,-5.1824
GV-09186,4864.12,3576.62,-1599.37,-5.0183
GV-09187,4923.4,3591.58,-1604.39,-4.9433
GV-09188,4968.93,3563.48,-1598.23,-4.7102
GV-09189,5005.78,3586.98,-1602.89,-4.8233
GV-09190,5076.32,3574.4,-1600.38,-4.5444
GV-09191,5108.49,3579.15,-1603.35,-4.5683
GV-09192,5164.46,3562.98,-1602.82,-4.2946
GV-09193,5222.94,3586.94,-1599.03,-4.3432
GV-09194,5269.02,3591.87,-1600.17,-3.9739
GV-09195,5331.34,3588.77,-1601.76,-4.0095
GV-09196,5382.12,3563.87,-1598.29,-4.0577
GV-09197,5413.08,3576.05,-1595.84,-3.8044
GV-09198,5491.5,3585.11,-1597.94,-3.7558
GV-09199,5530.37,3579.28,-1601.25,-3.7656
GV-09200,5573.45,3557.98,-1604.87,-3.5583
GV-09201,5643.12,3578.31,-1596.14,-3.2741
GV-09202,5684.7,3574.37,-1601.61,-3.3504
GV-09203,5728.83,3573.44,-1603.59,-3.2107
GV-09204,5793.02,3575.24,-1604.81,-2.938
GV-09205,5839.77,3588.42,-1596.5,-2.8826
GV-09206,5863.6,3570.57,-1599.23,-2.8732
GV-09207,5941.54,3579.12,-1603.35,-2.8511
GV-09208,5976.18,3559.46,-1598.89,-2.6721
GV-09209,6022.96,3590.31,-1551.81,-2.4585
GV-09210,6076.23,3578.03,-1545.85,-2.1772
GV-09211,6135.16,3575.82,-1548.6,-2.226
GV-09212,6156.28,3582.49,-1551.32,-2.1897
GV-09213,6226.9,3564.47,-1499.16,-1.9634
GV-09214,6267.36,3579.4,-1501.48,-1.8192
GV-09215,6305.29,3570.05,-1453.41,-1.834
GV-09216,6384.54,3555.68,-1445.56,-1.6739
GV-09217,25.01,3607.15,-704.53,-9.611
GV-09218,61.17,3605.41,-645.17,-9.7318
GV-09219,124.12,3608.45,-645.19,-9.8532
GV-09220,175.79,3610.29,-650.26,-10.3113
GV-09221,216.68,3643.35,-602.54,-10.488
GV-09222,280.68,3607.58,-603.79,-10.6188
GV-09223,344.78,3642.8,-598.97,-10.7343
GV-09224,393.16,3630.16,-553.47,-10.8767
GV-09225,438.57,3617.37,-550.24,-11.174
GV-09226,476.48,3636.63,-549.24,-11.5114
GV-09227,527.26,3625.39,-545.6,-11.4333
GV-09228,566.77,3618.72,-501.36,-11.5995
GV-09229,608.4,3627.78,-499.49,-11.746
GV-09230,660.84,3635.27,-502.26,-11.9251
GV-09231,731.3,3643.41,-500.73,-12.03
GV-09232,772.54,3612.85,-498.6,-12.1272
GV-09233,824.54,3607.64,-496.42,-12.1284
GV-09234,874.43,3633.0,-499.53,-12.2864
GV-09235,914.17,3626.8,-504.03,-12.5407
GV-09236,957.79,3642.58,-498.09,-12.4645
GV-09237,1011.05,3630.43,-498.17,-12.5147
GV-09238,1072.19,3608.59,-501.6,-12.4961
GV-09239,1142.45,3630.61,-495.58,-12.6272
GV-09240,1180.15,3608.1,-500.3,-12.6112
GV-09241,1211.2,3642.32,-495.06,-12.5921
GV-09242,1263.87,3643.41,-495.02,-12.6776
GV-09243,1305.57,3608.24,-503.37,-12.6693
GV-09244,1379.23,3630.18,-503.91,-12.7789
GV-09245,1412.23,3615.69,-498.14,-12.6848
GV-09246,1466.46,3632.05,-497.21,-12.6737
GV-09247,1525.26,3625.07,-498.59,-12.6449
GV-09248,1564.46,3629.11,-500.85,-12.6281
GV-09249,1638.73,3639.62,-501.99,-12.7214
GV-09250,1657.48,3625.81,-504.2,-12.4769
GV-09251,1716.28,3633.68,-502.27,-12.4828
GV-09252,1771.26,3628.01,-495.95,-12.4305
GV-09253,1812.55,3607.83,-503.76,-12.5604
GV-09254,1885.46,3635.59,-499.8,-12.4218
GV-09255,1944.1,3625.83,-498.18,-12.3417
GV-09256,1972.91,3635.11,-545.39,-12.3275
GV-09257,2016.7,3620.46,-548.71,-12.2511
GV-09258,2079.99,3613.23,-546.21,-12.0775
GV-09259,2117.68,3641.67,-548.68,-11.9984
GV-09260,2187.65,3623.76,-551.51,-12.0169
GV-09261,2239.88,3607.49,-551.75,-11.955
GV-09262,2269.05,3625.28,-546.83,-11.6475
GV-09263,2331.45,3615.23,-601.42,-11.6847
GV-09264,2380.44,3634.58,-596.9,-11.3609
GV-09265,2408.2,3627.34,-603.83,-11.2739
GV-09266,2484.08,3629.97,-645.79,-11.159
GV-09267,2520.96,3644.96,-652.71,-11.0665
GV-09268,2566.21,3609.89,-654.84,-10.9432
GV-09269,2639.0,3606.41,-701.1,-10.9058
GV-09270,2664.5,3608.44,-699.76,-10.647
GV-09271,2728.38,3620.26,-745.29,-10.3486
GV-09272,2772.65,3629.13,-753.63,-10.3063
GV-09273,2833.31,3630.26,-804.64,-9.9599
GV-09274,2886.78,3617.87,-804.74,-10.1303
GV-09275,2924.53,3629.55,-848.53,-9.8061
GV-09276,2959.5,3631.03,-853.96,-9.5765
GV-09277,3013.14,3643.84,-897.37,-9.6243
GV-09278,3077.77,3612.42,-900.07,-9.3981
GV-09279,3125.92,3612.2,-952.56,-9.1905
GV-09280,3167.27,3622.81,-1000.85,-9.1024
GV-09281,3238.62,3641.24,-1002.93,-9.0093
GV-09282,3274.79,3618.36,-1054.37,-8.8431
GV-09283,3322.24,3635.29,-1053.08,-8.7152
GV-09284,3356.07,3636.0,-1103.12,-8.4924
GV-09285,3430.65,3612.18,-1148.57,-8.2859
GV-09286,3478.78,3614.05,-1148.88,-8.1478
GV-09287,3510.93,3644.15,-1200.77,-7.8983
GV-09288,3584.07,3622.12,-1251.79,-8.0224
GV-09289,3623.33,3632.19,-1249.29,-7.933
GV-09290,3680.51,3632.23,-1301.8,-7.8432
GV-09291,3739.1,3634.16,-1304.64,-7.5782
GV-09292,3789.77,3633.7,-1350.29,-7.3584
GV-09293,3834.67,3635.45,-1396.07,-7.3807
GV-09294,3861.59,3633.64,-1400.6,-7.1709
GV-09295,3910.92,3620.74,-1447.18,-7.0085
GV-09296,3956.46,3637.38,-1449.33,-6.9
GV-09297,4026.97,3641.16,-1500.08,-6.8264
GV-09298,4072.39,3631.99,-1497.79,-6.6568
GV-09299,4125.53,3628.77,-1500.23,-6.4992
GV-09300,4184.92,3623.57,-1553.69,-6.3498
GV-09301,4236.64,3637.58,-1553.51,-6.3167
GV-09302,4287.76,3620.51,-1549.77,-6.3023
GV-09303,4334.57,3624.89,-1597.51,-6.2108
GV-09304,4392.52,3622.7,-1603.23,-5.8999
GV-09305,4439.81,3630.54,-1595.51,-5.8398
GV-09306,4468.64,3623.15,-1598.05,-5.8848
GV-09307,4535.34,3610.82,-1598.53,-5.797
GV-09308,4561.88,3613.94,-1603.38,-5.7336
GV-09309,4608.47,3639.83,-1604.3,-5.3491
GV-09310,4669.98,3615.77,-1602.38,-5.4441
GV-09311,4727.56,3626.29,-1603.92,-5.2912
GV-09312,4757.72,3612.93,-1600.14,-5.1749
GV-09313,4818.67,3615.68,-1603.5,-5.003
GV-09314,4863.35,3624.32,-1604.79,-5.0183
GV-09315,4942.29,3631.59,-1596.44,-4.8515
GV-09316,4969.89,3623.16,-1601.53,-4.7875
GV-09317,5027.0,3643.42,-1598.0,-4.5565
GV-09318,5080.16,3626.8,-1602.02,-4.498
GV-09319,5109.81,3629.24,-1604.44,-4.5581
GV-09320,5170.74,3616.22,-1598.33,-4.3478
GV-09321,5227.35,3627.65,-1596.66,-3.9858
GV-09322,5294.62,3641.07,-1604.07,-4.1289
GV-09323,5340.02,3633.89,-1599.57,-4.1556
GV-09324,5383.18,3627.4,-1599.33,-4.0362
GV-09325,5405.3,3624.63,-1600.7,-3.8643
GV-09326,5480.55,3625.66,-1596.74,-3.7286
GV-09327,5544.23,3644.16,-1603.32,-3.697
GV-09328,5574.38,3617.11,-1604.7,-3.5122
GV-09329,5605.76,3629.76,-1604.6,-3.1936
GV-09330,5656.21,3611.5,-1595.68,-3.3309
GV-09331,5740.72,3613.68,-1595.58,-3.1159
GV-09332,5776.39,3611.6,-1604.13,-3.0397
GV-09333,5823.4,3634.19,-1599.38,-2.9632
GV-09334,5871.71,3621.14,-1603.06,-2.7642
GV-09335,5934.29,3614.31,-1604.91,-2.6842
GV-09336,5967.97,3638.92,-1602.18,-2.674
GV-09337,6031.38,3620.52,-1598.87,-2.4278
GV-09338,6059.81,3621.59,-1551.17,-2.3457
GV-09339,6122.41,3636.22,-1547.67,-2.2662
GV-09340,6170.31,3635.04,-1545.23,-2.2012
GV-09341,6226.29,3637.33,-1504.59,-1.9882
GV-09342,6273.64,3623.19,-1504.69,-1.9101
GV-09343,6311.96,3620.15,-1504.93,-1.7323
GV-09344,6370.8,3630.0,-1450.06,-1.7769
GV-09345,37.99,3681.05,-702.78,-9.3764
GV-09346,92.82,3688.39,-700.04,-9.7266
GV-09347,118.93,3691.96,-654.29,-9.8934
GV-09348,155.98,3674.99,-649.49,-9.9592
GV-09349,211.42,3688.11,-648.43,-10.3761
GV-09350,259.87,3660.53,-600.48,-10.4612
GV-09351,338.88,3685.75,-604.8,-10.7362
GV-09352,391.64,3673.03,-597.0,-11.0066
GV-09353,441.88,3691.86,-548.81,-10.9151
GV-09354,460.91,3695.0,-550.52,-11.2114
GV-09355,514.88,3674.63,-550.94,-11.5934
GV-09356,582.58,3661.15,-553.18,-11.692
GV-09357,620.95,3692.12,-499.32,-11.8873
GV-09358,688.4,3672.54,-498.52,-11.9901
GV-09359,741.41,3694.78,-502.88,-12.0448
GV-09360,776.47,3694.92,-504.57,-12.2475
GV-09361,807.26,3669.04,-499.06,-12.3557
GV-09362,894.89,3675.93,-497.12,-12.4455
GV-09363,922.6,3680.56,-501.31,-12.2885
GV-09364,969.65,3693.48,-504.67,-12.4506
GV-09365,1017.2,3685.07,-497.61,-12.5255
GV-09366,1078.27,3672.47,-501.92,-12.6149
GV-09367,1135.83,3692.41,-496.58,-12.5743
GV-09368,1173.66,3680.25,-501.39,-12.6769
GV-09369,1215.24,3679.53,-503.71,-12.4699
GV-09370,1262.53,3674.65,-496.21,-12.7071
GV-09371,1306.86,3668.24,-497.89,-12.5015
GV-09372,1376.24,3684.08,-498.36,-12.6499
GV-09373,1418.52,3675.73,-498.84,-12.6849
GV-09374,1471.92,3667.41,-498.65,-12.7531
GV-09375,1519.13,3662.84,-502.67,-12.7636
GV-09376,1559.67,3676.0,-502.07,-12.6469
GV-09377,1611.75,3662.32,-499.15,-12.6992
GV-09378,1671.7,3681.88,-499.7,-12.5594
GV-09379,1717.23,3667.55,-497.35,-12.5479
GV-09380,1789.64,3671.97,-503.85,-12.741
GV-09381,1816.45,3694.63,-502.38,-12.599
GV-09382,1881.48,3655.38,-496.32,-12.2531
GV-09383,1912.85,3656.22,-497.77,-12.4804
GV-09384,1972.61,3693.29,-504.45,-12.2927
GV-09385,2029.47,3667.34,-545.62,-12.2466
GV-09386,2059.94,3660.22,-549.67,-12.1631
GV-09387,2137.16,3674.12,-549.26,-12.1163
GV-09388,2180.14,3675.8,-546.15,-12.0121
GV-09389,2217.35,3677.87,-547.14,-11.8823
GV-09390,2289.04,3662.46,-548.98,-11.6338
GV-09391,2314.25,3691.98,-598.09,-11.6417
GV-09392,2365.4,3656.17,-595.89,-11.6419
GV-09393,2415.21,3664.54,-599.05,-11.4759
GV-09394,2458.7,3693.33,-596.27,-11.1385
GV-09395,2539.53,3660.73,-648.93,-11.1158
GV-09396,2562.99,3676.33,-653.09,-11.1409
GV-09397,2610.38,3678.03,-697.98,-10.8425
GV-09398,2672.42,3675.07,-704.46,-10.6553
GV-09399,2720.68,3670.81,-698.79,-10.509
GV-09400,2768.1,3663.27,-746.42,-10.3893
GV-09401,2840.92,3687.71,-752.52,-10.3403
GV-09402,2855.49,3665.75,-804.33,-10.3404
GV-09403,2937.67,3655.43,-799.29,-9.9148
GV-09404,2977.64,3671.27,-853.22,-9.6753
GV-09405,3036.14,3676.92,-847.89,-9.5863
GV-09406,3074.61,3664.6,-895.32,-9.5303
GV-09407,3112.6,3659.9,-951.9,-9.1727
GV-09408,3184.96,3673.39,-945.58,-9.2426
GV-09409,3234.0,3679.94,-1003.01,-9.0628
GV-09410,3290.44,3673.6,-998.85,-8.7779
GV-09411,3317.45,3688.95,-1054.37,-8.6759
GV-09412,3376.91,3664.46,-1102.81,-8.7017
GV-09413,3416.92,3671.12,-1096.9,-8.4161
GV-09414,3492.5,3684.13,-1145.29,-8.2672
GV-09415,3505.16,3676.55,-1197.36,-7.9994
GV-09416,3589.64,3667.08,-1201.37,-7.9968
GV-09417,3627.6,3659.08,-1247.85,-8.0192
GV-09418,3668.72,3694.44,-1297.24,-7.7336
GV-09419,3714.59,3668.81,-1298.48,-7.6437
GV-09420,3772.61,3677.57,-1347.2,-7.3237
GV-09421,3820.57,3681.19,-1345.85,-7.3778
GV-09422,3877.15,3672.11,-1401.67,-7.1431
GV-09423,3940.02,3664.82,-1403.81,-7.2325
GV-09424,3960.55,3686.92,-1449.34,-6.9215
GV-09425,4017.53,3655.31,-1445.66,-6.877
GV-09426,4069.68,3689.65,-1499.41,-6.7002
GV-09427,4119.54,3668.12,-1498.2,-6.7372
GV-09428,4191.4,3665.29,-1550.76,-6.5001
GV-09429,4213.26,3658.19,-1545.58,-6.3957
GV-09430,4289.58,3668.31,-1546.07,-6.2644
GV-09431,4317.78,3691.48,-1597.0,-6.3369
GV-09432,4359.91,3672.96,-1603.52,-6.0565
GV-09433,4431.68,3675.7,-1596.65,-5.8967
GV-09434,4484.36,3681.4,-1597.69,-5.8207
GV-09435,4541.05,3674.62,-1600.67,-5.725
GV-09436,4591.49,3690.68,-1599.5,-5.5231
GV-09437,4607.63,3678.24,-1602.9,-5.4825
GV-09438,4667.02,3671.89,-1603.85,-5.3679
GV-09439,4729.66,3680.31,-1596.29,-5.5428
GV-09440,4759.43,3684.45,-1604.64,-5.2663
GV-09441,4821.99,3694.76,-1595.6,-5.1029
GV-09442,4886.96,3665.05,-1596.87,-4.9831
GV-09443,4927.89,3679.06,-1604.27,-5.0159
GV-09444,4958.39,3658.98,-1595.89,-4.7972
GV-09445,5009.6,3684.41,-1600.58,-4.6962
GV-09446,5065.89,3677.44,-1599.24,-4.6275
GV-09447,5141.19,3673.62,-1595.87,-4.428
GV-09448,5157.43,3694.55,-1601.21,-4.3473
GV-09449,5232.37,3663.25,-1595.12,-4.2775
GV-09450,5270.0,3666.16,-1602.28,-4.2651
GV-09451,5329.05,3655.66,-1596.7,-3.9911
GV-09452,5361.41,3683.37,-1602.25,-3.6785
GV-09453,5431.42,3656.59,-1603.12,-3.7619
GV-09454,5472.67,3673.6,-1599.65,-3.7747
GV-09455,5530.82,3688.33,-1598.51,-3.6063
GV-09456,5591.44,3693.28,-1598.67,-3.546
GV-09457,5640.93,3672.38,-1601.27,-3.391
GV-09458,5681.35,3659.64,-1604.6,-3.1857
GV-09459,5726.14,3678.53,-1601.02,-3.3008
GV-09460,5783.54,3668.09,-1604.82,-3.0942
GV-09461,5844.05,3655.09,-1603.09,-3.0114
GV-09462,5891.32,3691.38,-1601.54,-2.9104
GV-09463,5925.12,3669.6,-1600.19,-2.7304
GV-09464,5976.71,3675.99,-1597.18,-2.7074
GV-09465,6022.51,3674.96,-1604.19,-2.4824
GV-09466,6093.18,3690.17,-1550.48,-2.2731
GV-09467,6127.97,3688.04,-1554.79,-2.2442
GV-09468,6193.48,3669.59,-1550.28,-2.1058
GV-09469,6215.27,3673.04,-1554.4,-2.1822
GV-09470,6273.67,3686.97,-1498.5,-1.9547
GV-09471,6312.58,3694.7,-1498.57,-1.7946
GV-09472,6371.23,3688.86,-1450.38,-1.7299
GV-09473,39.8,3706.73,-754.06,-9.3729
GV-09474,76.04,3723.45,-702.58,-9.8331
GV-09475,106.36,3715.07,-702.21,-10.0926
GV-09476,158.17,3741.63,-654.11,-10.1721
GV-09477,230.3,3721.09,-646.36,-10.2289
GV-09478,259.83,3742.57,-649.66,-10.6793
GV-09479,319.39,3708.57,-598.07,-10.8154
GV-09480,363.63,3741.25,-597.66,-10.9402
GV-09481,427.73,3730.9,-596.7,-11.2141
GV-09482,482.15,3705.57,-549.76,-11.2433
GV-09483,543.12,3729.39,-550.85,-11.3101
GV-09484,567.62,3706.4,-554.71,-11.344
GV-09485,612.52,3710.14,-554.27,-11.6966
GV-09486,667.43,3742.39,-502.62,-11.9864
GV-09487,719.47,3710.97,-499.73,-12.0166
GV-09488,766.5,3719.8,-497.97,-12.1976
GV-09489,805.37,3715.69,-498.87,-12.2908
GV-09490,869.98,3742.06,-500.5,-12.3483
GV-09491,912.65,3728.28,-499.7,-12.4686
GV-09492,988.46,3742.88,-495.12,-12.4404
GV-09493,1006.87,3721.87,-496.29,-12.5102
GV-09494,1077.68,3735.16,-501.86,-12.526
GV-09495,1135.98,3728.44,-503.43,-12.4207
GV-09496,1155.46,3726.0,-500.1,-12.6516
GV-09497,1239.55,3741.25,-496.38,-12.7665
GV-09498,1281.91,3743.02,-500.76,-12.8059
GV-09499,1328.01,3741.31,-503.15,-12.5981
GV-09500,1359.27,3728.52,-496.07,-12.6796
GV-09501,1434.26,3734.4,-501.71,-12.6747
GV-09502,1471.3,3717.12,-504.46,-12.8374
GV-09503,1512.67,3709.91,-499.64,-12.7979
GV-09504,1593.11,3720.25,-498.83,-12.6249
GV-09505,1636.01,3736.31,-499.67,-12.5505
GV-09506,1680.04,3742.62,-500.04,-12.5888
GV-09507,1725.07,3710.56,-498.21,-12.5663
GV-09508,1764.07,3726.84,-503.8,-12.5765
GV-09509,1835.54,3734.99,-501.87,-12.6192
GV-09510,1855.05,3730.95,-495.44,-12.4777
GV-09511,1924.49,3717.31,-495.99,-12.3545
GV-09512,1965.78,3735.78,-500.56,-12.39
GV-09513,2009.67,3708.61,-497.83,-12.417
GV-09514,2063.65,3720.38,-549.4,-12.1117
GV-09515,2124.02,3717.52,-548.11,-12.0609
GV-09516,2159.17,3723.94,-551.6,-12.1575
GV-09517,2238.82,3714.42,-548.35,-11.9444
GV-09518,2283.63,3730.56,-553.62,-11.9008
GV-09519,2344.83,3730.68,-554.22,-11.7748
GV-09520,2362.81,3705.88,-601.9,-11.6096
GV-09521,2441.27,3736.71,-601.98,-11.5948
GV-09522,2467.42,3741.77,-603.46,-11.2935
GV-09523,2523.08,3717.97,-647.58,-11.3864
GV-09524,2589.54,3734.31,-651.68,-11.0657
GV-09525,2628.48,3729.44,-651.15,-10.8851
GV-09526,2685.86,3723.4,-696.86,-10.8335
GV-09527,2706.65,3731.85,-703.71,-10.5855
GV-09528,2778.32,3730.5,-752.61,-10.4541
GV-09529,2813.64,3708.12,-751.53,-10.281
GV-09530,2885.82,3710.16,-804.2,-10.0089
GV-09531,2905.89,3713.73,-802.84,-10.0576
GV-09532,2970.42,3737.24,-846.87,-9.8504
GV-09533,3027.31,3714.12,-849.45,-9.8655
GV-09534,3088.4,3719.63,-898.24,-9.451
GV-09535,3116.91,3735.29,-904.1,-9.3644
GV-09536,3159.24,3735.52,-950.91,-9.2285
GV-09537,3212.09,3736.96,-947.71,-9.0175
GV-09538,3284.48,3710.25,-998.15,-8.9745
GV-09539,3344.8,3740.21,-1045.33,-8.7013
GV-09540,3365.52,3725.78,-1045.03,-8.9458
GV-09541,3427.5,3742.09,-1096.75,-8.3836
GV-09542,3478.57,3724.05,-1154.96,-8.2911
GV-09543,3514.01,3736.15,-1145.59,-8.1492
GV-09544,3569.26,3741.41,-1197.21,-8.1685
GV-09545,3609.24,3733.14,-1254.16,-7.9123
GV-09546,3676.7,3705.49,-1251.95,-7.8747
GV-09547,3739.83,3715.13,-1298.19,-7.5863
GV-09548,3764.76,3706.02,-1296.61,-7.457
GV-09549,3842.65,3736.53,-1349.19,-7.3184
GV-09550,3877.42,3729.79,-1398.1,-7.1461
GV-09551,3923.14,3738.45,-1402.44,-7.0805
GV-09552,3994.34,3737.65,-1453.26,-6.9405
GV-09553,4012.99,3730.21,-1448.97,-6.7012
GV-09554,4094.47,3716.54,-1498.84,-6.9841
GV-09555,4116.27,3742.86,-1502.98,-6.5657
GV-09556,4182.46,3734.77,-1548.08,-6.4593
GV-09557,4238.53,3720.24,-1552.56,-6.3268
GV-09558,4256.18,3708.38,-1545.36,-6.3097
GV-09559,4308.3,3730.26,-1552.63,-6.1759
GV-09560,4394.4,3710.37,-1597.51,-6.1251
GV-09561,4443.57,3737.13,-1596.13,-6.1193
GV-09562,4463.29,3728.76,-1600.62,-5.7429
GV-09563,4505.72,3743.01,-1597.34,-5.5135
GV-09564,4585.32,3705.06,-1598.64,-5.6682
GV-09565,4637.37,3715.34,-1600.51,-5.4693
GV-09566,4670.17,3720.87,-1597.92,-5.3694
GV-09567,4727.67,3735.04,-1604.86,-5.2551
GV-09568,4788.07,3738.69,-1596.99,-5.3432
GV-09569,4809.88,3738.48,-1602.48,-5.0852
GV-09570,4867.43,3740.44,-1601.31,-5.1242
GV-09571,4919.26,3731.94,-1604.14,-4.894
GV-09572,4989.25,3705.38,-1597.78,-4.862
GV-09573,5006.88,3739.42,-1602.83,-4.7347
GV-09574,5068.68,3743.64,-1602.06,-4.5608
GV-09575,5117.39,3710.14,-1599.92,-4.3031
GV-09576,5157.17,3723.66,-1595.96,-4.4341
GV-09577,5236.86,3714.54,-1599.22,-4.3861
GV-09578,5283.11,3741.38,-1598.41,-4.2541
GV-09579,5321.79,3721.21,-1597.39,-3.9873
GV-09580,5377.89,3713.69,-1601.98,-4.0013
GV-09581,5433.14,3726.2,-1598.57,-3.8971
GV-09582,5484.02,3724.78,-1601.4,-3.8854
GV-09583,5536.25,3717.54,-1600.26,-3.7011
GV-09584,5588.21,3739.6,-1599.42,-3.5567
GV-09585,5621.0,3706.26,-1595.49,-3.4846
GV-09586,5660.71,3706.69,-1598.95,-3.2327
GV-09587,5742.86,3740.34,-1602.89,-3.1057
GV-09588,5770.21,3705.91,-1595.51,-3.1645
GV-09589,5821.31,3734.89,-1599.65,-2.9498
GV-09590,5872.9,3740.78,-1604.31,-2.7985
GV-09591,5914.59,3708.98,-1599.67,-2.7865
GV-09592,5978.27,3723.48,-1600.16,-2.6749
GV-09593,6021.23,3712.56,-1599.39,-2.4042
GV-09594,6062.56,3705.42,-1602.58,-2.4179
GV-09595,6111.55,3730.77,-1545.61,-2.2593
GV-09596,6161.09,3742.27,-1551.79,-2.1141
GV-09597,6210.44,3708.01,-1551.82,-1.9028
GV-09598,6269.38,3732.51,-1495.45,-2.0004
GV-09599,6328.42,3726.81,-1499.09,-1.8776
GV-09600,6393.6,3718.79,-1498.38,-1.6452
GV-09601,41.25,3782.26,-745.09,-9.5813
GV-09602,83.83,3755.4,-748.62,-9.5861
GV-09603,123.59,3790.72,-698.7,-9.8456
GV-09604,186.03,3782.79,-695.29,-10.0842
GV-09605,240.66,3790.62,-652.92,-10.2733
GV-09606,288.93,3793.47,-646.96,-10.6324
GV-09607,342.4,3769.32,-598.9,-10.6578
GV-09608,368.99,3784.19,-600.83,-10.7133
GV-09609,444.17,3772.97,-601.29,-11.0825
GV-09610,456.24,3783.19,-547.51,-11.0917
GV-09611,517.41,3788.44,-549.98,-11.4961
GV-09612,578.65,3790.81,-546.89,-11.6038
GV-09613,607.23,3780.8,-547.41,-11.7432
GV-09614,685.93,3757.46,-502.73,-11.8588
GV-09615,740.01,3762.59,-497.56,-12.0235
GV-09616,763.95,3778.14,-500.51,-12.1111
GV-09617,837.04,3756.22,-499.58,-12.2808
GV-09618,886.43,3783.59,-499.39,-12.3467
GV-09619,941.91,3777.08,-495.3,-12.1771
GV-09620,979.15,3774.91,-498.28,-12.3732
GV-09621,1007.24,3755.13,-502.75,-12.3616
GV-09622,1089.97,3767.6,-498.59,-12.6043
GV-09623,1136.13,3761.79,-497.03,-12.4659
GV-09624,1158.62,3768.96,-499.2,-12.6136
GV-09625,1208.21,3769.56,-504.86,-12.4958
GV-09626,1277.5,3755.04,-503.44,-12.8091
GV-09627,1339.62,3778.85,-495.31,-12.8397
GV-09628,1382.14,3769.28,-504.15,-12.6227
GV-09629,1420.95,3782.72,-504.17,-12.7906
GV-09630,1492.85,3766.69,-503.94,-12.7939
GV-09631,1525.94,3775.76,-495.39,-12.6362
GV-09632,1576.33,3767.17,-499.23,-12.6241
GV-09633,1639.03,3783.48,-503.79,-12.6552
GV-09634,1662.69,3784.4,-496.15,-12.5638
GV-09635,1730.43,3772.45,-499.94,-12.6286
GV-09636,1777.23,3766.83,-503.69,-12.5997
GV-09637,1809.71,3763.38,-495.91,-12.6585
GV-09638,1883.56,3778.11,-498.12,-12.6079
GV-09639,1919.5,3765.2,-500.85,-12.5258
GV-09640,1975.15,3794.9,-500.18,-12.4418
GV-09641,2039.12,3765.13,-496.64,-12.2709
GV-09642,2083.12,3793.82,-552.72,-12.1646
GV-09643,2138.3,3764.29,-548.81,-12.1572
GV-09644,2184.71,3782.93,-548.92,-11.9766
GV-09645,2243.78,3766.59,-547.55,-11.9884
GV-09646,2255.99,3793.28,-553.75,-11.9366
GV-09647,2323.25,3760.25,-552.33,-11.5785
GV-09648,2364.51,3777.59,-601.25,-11.6169
GV-09649,2406.03,3778.71,-601.92,-11.7401
GV-09650,2476.79,3774.23,-600.4,-11.0824
GV-09651,2506.44,3794.04,-601.29,-11.2812
GV-09652,2568.18,3776.3,-649.93,-10.9745
GV-09653,2609.79,3774.55,-651.09,-10.8532
GV-09654,2685.6,3776.48,-697.53,-10.6814
GV-09655,2738.94,3767.08,-699.4,-10.7326
GV-09656,2758.17,3777.96,-699.19,-10.5927
GV-09657,2820.34,3785.6,-754.23,-10.3773
GV-09658,2894.15,3770.19,-750.04,-10.2033
GV-09659,2934.29,3774.39,-799.2,-10.0475
GV-09660,2989.39,3763.1,-803.26,-9.9257
GV-09661,3030.37,3783.31,-846.12,-9.7697
GV-09662,3060.79,3784.29,-846.71,-9.5633
GV-09663,3108.09,3766.8,-901.89,-9.3839
GV-09664,3183.78,3764.74,-903.12,-9.3282
GV-09665,3239.05,3778.69,-947.53,-9.1176
GV-09666,3281.02,3777.9,-997.99,-9.0117
GV-09667,3317.06,3776.91,-1002.88,-8.7274
GV-09668,3386.98,3766.86,-1050.12,-8.7407
GV-09669,3406.81,3764.67,-1102.25,-8.6632
GV-09670,3472.99,3772.32,-1104.15,-8.316
GV-09671,3523.37,3791.72,-1154.34,-8.3178
GV-09672,3588.04,3768.77,-1202.5,-7.9492
GV-09673,3631.44,3786.08,-1198.36,-8.1781
GV-09674,3665.86,3761.33,-1246.87,-7.7072
GV-09675,3716.76,3783.85,-1297.08,-7.7068
GV-09676,3766.22,3773.09,-1298.77,-7.5924
GV-09677,3819.65,3777.44,-1354.29,-7.5196
GV-09678,3861.6,3789.89,-1352.44,-7.2917
GV-09679,3907.36,3767.98,-1399.83,-7.0581
GV-09680,3964.54,3773.25,-1448.72,-7.1758
GV-09681,4026.22,3793.15,-1449.35,-6.9089
GV-09682,4059.5,3768.02,-1504.18,-6.8234
GV-09683,4144.58,3760.35,-1498.03,-6.5677
GV-09684,4168.62,3775.24,-1497.67,-6.5898
GV-09685,4233.91,3771.62,-1554.57,-6.3525
GV-09686,4269.17,3767.05,-1545.57,-6.4828
GV-09687,4319.36,3755.83,-1554.11,-6.232
GV-09688,4393.01,3775.45,-1547.29,-6.1247
GV-09689,4421.4,3758.5,-1604.41,-5.9661
GV-09690,4465.87,3781.21,-1602.81,-5.8343
GV-09691,4543.38,3785.82,-1601.89,-5.6788
GV-09692,4594.82,3769.81,-1603.67,-5.7533
GV-09693,4619.39,3789.42,-1598.74,-5.4993
GV-09694,4678.48,3766.09,-1602.38,-5.3843
GV-09695,4743.06,3769.66,-1603.5,-5.1914
GV-09696,4767.04,3765.43,-1599.57,-5.1342
GV-09697,4835.07,3781.33,-1596.92,-5.2142
GV-09698,4879.64,3757.05,-1603.38,-4.9071
GV-09699,4925.04,3770.23,-1595.56,-5.0505
GV-09700,4964.26,3782.82,-1603.92,-4.9492
GV-09701,5030.08,3763.09,-1595.4,-4.7799
GV-09702,5055.44,3769.22,-1604.85,-4.691
GV-09703,5122.15,3793.02,-1596.02,-4.5683
GV-09704,5190.59,3781.82,-1598.14,-4.4326
GV-09705,5224.71,3761.57,-1600.82,-4.3612
GV-09706,5282.62,3794.47,-1597.94,-4.1348
GV-09707,5311.23,3764.07,-1604.76,-4.1694
GV-09708,5372.85,3785.06,-1596.29,-3.979
GV-09709,5406.35,3757.1,-1602.5,-3.8755
GV-09710,5484.0,3782.72,-1598.25,-3.8347
GV-09711,5544.2,3793.05,-1602.58,-3.6612
GV-09712,5586.89,3775.94,-1599.14,-3.4489
GV-09713,5642.36,3789.77,-1600.95,-3.2614
GV-09714,5678.85,3762.68,-1602.5,-3.2681
GV-09715,5718.87,3755.29,-1595.12,-3.1888
GV-09716,5778.11,3779.54,-1597.63,-3.3018
GV-09717,5807.82,3763.04,-1596.81,-3.0072
GV-09718,5871.4,3788.32,-1601.21,-2.8729
GV-09719,5930.41,3755.48,-1603.16,-2.874
GV-09720,5990.61,3774.74,-1603.8,-2.5091
GV-09721,6034.93,3759.65,-1599.89,-2.4327
GV-09722,6073.45,3769.93,-1597.91,-2.6474
GV-09723,6124.37,3763.89,-1554.09,-2.3468
GV-09724,6175.05,3768.41,-1552.05,-2.1254
GV-09725,6210.37,3762.58,-1550.83,-1.9723
GV-09726,6289.16,3772.29,-1545.02,-1.9813
GV-09727,6334.55,3787.02,-1499.54,-1.7908
GV-09728,6359.48,3767.47,-1496.74,-1.5766
GV-09729,8.44,3807.12,-751.98,-9.5112
GV-09730,59.22,3837.95,-749.46,-9.628
GV-09731,107.59,3821.76,-702.69,-9.7207
GV-09732,169.85,3816.24,-698.1,-10.1893
GV-09733,215.61,3818.59,-699.31,-10.2885
GV-09734,269.75,3827.58,-647.37,-10.4127
GV-09735,322.83,3827.6,-650.75,-10.6608
GV-09736,387.91,3823.69,-604.12,-10.7234
GV-09737,441.19,3812.43,-602.76,-10.9746
GV-09738,468.44,3835.73,-596.17,-11.2403
GV-09739,508.62,3827.22,-552.6,-11.3756
GV-09740,558.96,3826.56,-551.68,-11.4629
GV-09741,623.77,3816.6,-552.24,-11.7521
GV-09742,691.72,3821.34,-552.89,-11.9671
GV-09743,722.97,3842.89,-502.93,-11.9833
GV-09744,787.92,3833.87,-497.41,-12.1572
GV-09745,840.0,3838.77,-503.98,-12.1348
GV-09746,869.55,3824.89,-497.42,-12.3636
GV-09747,908.48,3827.4,-495.98,-12.3248
GV-09748,985.51,3834.29,-501.14,-12.4625
GV-09749,1013.84,3844.17,-496.16,-12.5171
GV-09750,1059.03,3831.51,-503.34,-12.6629
GV-09751,1111.18,3814.55,-497.08,-12.5929
GV-09752,1168.93,3825.67,-502.49,-12.6678
GV-09753,1241.49,3840.85,-495.66,-12.7283
GV-09754,1261.95,3811.29,-496.3,-12.6275
GV-09755,1339.0,3814.89,-497.82,-12.776
GV-09756,1380.86,3811.41,-503.09,-12.7704
GV-09757,1412.6,3840.84,-502.24,-12.8129
GV-09758,1455.12,3821.3,-497.79,-12.7817
GV-09759,1524.0,3815.05,-496.17,-12.6844
GV-09760,1564.01,3816.03,-504.29,-12.7345
GV-09761,1608.05,3840.73,-500.89,-12.7877
GV-09762,1666.24,3841.71,-499.03,-12.5983
GV-09763,1707.8,3839.34,-502.72,-12.7702
GV-09764,1768.35,3813.93,-497.44,-12.6687
GV-09765,1824.24,3832.07,-500.64,-12.5966
GV-09766,1857.23,3807.83,-503.52,-12.5415
GV-09767,1923.61,3806.84,-503.85,-12.4001
GV-09768,1959.7,3832.68,-499.04,-12.4824
GV-09769,2043.25,3817.4,-496.29,-12.2434
GV-09770,2055.82,3825.28,-550.04,-12.3279
GV-09771,2126.46,3821.38,-548.55,-12.119
GV-09772,2166.16,3806.05,-548.92,-12.1554
GV-09773,2209.31,3825.08,-550.27,-12.164
GV-09774,2267.88,3812.11,-548.85,-11.9064
GV-09775,2314.1,3807.65,-553.53,-11.7658
GV-09776,2374.87,3837.08,-604.55,-11.6223
GV-09777,2424.5,3813.41,-602.48,-11.469
GV-09778,2468.94,3808.48,-601.25,-11.4419
GV-09779,2526.94,3819.5,-599.2,-11.2107
GV-09780,2570.1,3844.56,-648.73,-11.1511
GV-09781,2631.26,3816.34,-654.96,-10.9496
GV-09782,2664.84,3811.7,-652.98,-10.8653
GV-09783,2715.3,3844.58,-700.78,-10.6423
GV-09784,2785.53,3815.84,-702.8,-10.6616
GV-09785,2834.91,3829.16,-750.37,-10.3116
GV-09786,2893.59,3826.13,-747.55,-10.3907
GV-09787,2911.0,3822.86,-745.66,-10.2085
GV-09788,2990.16,3810.98,-799.82,-10.0384
GV-09789,3036.61,3824.79,-800.24,-9.9032
GV-09790,3067.63,3831.17,-846.73,-9.7657
GV-09791,3127.45,3840.89,-904.39,-9.5376
GV-09792,3176.54,3830.05,-895.89,-9.4034
GV-09793,3238.55,3841.16,-953.79,-9.0898
GV-09794,3262.96,3840.29,-949.3,-8.9531
GV-09795,3310.33,3842.25,-999.47,-8.8847
GV-09796,3373.15,3818.27,-1048.48,-8.7156
GV-09797,3435.04,3835.57,-1051.47,-8.5777
GV-09798,3474.16,3821.25,-1097.96,-8.3773
GV-09799,3539.93,3821.08,-1149.06,-8.1131
GV-09800,3565.4,3812.34,-1149.42,-8.1618
GV-09801,3608.11,3837.95,-1195.15,-8.1365
GV-09802,3666.82,3843.28,-1254.28,-7.8719
GV-09803,3718.97,3814.38,-1254.06,-7.7496
GV-09804,3762.05,3843.93,-1296.0,-7.6137
GV-09805,3830.92,3816.15,-1345.17,-7.4391
GV-09806,3885.99,3841.79,-1345.7,-7.4458
GV-09807,3925.43,3805.83,-1397.83,-7.2888
GV-09808,3992.45,3811.2,-1401.71,-7.0261
GV-09809,4013.8,3822.51,-1448.41,-7.0854
GV-09810,4082.46,3817.26,-1454.09,-7.1227
GV-09811,4142.95,3819.71,-1498.99,-6.6107
GV-09812,4156.93,3838.94,-1496.84,-6.7417
GV-09813,4220.77,3820.89,-1547.16,-6.5678
GV-09814,4268.32,3825.77,-1554.14,-6.3037
GV-09815,4326.12,3828.16,-1545.75,-6.1619
GV-09816,4368.22,3826.2,-1548.78,-6.273
GV-09817,4427.63,3831.51,-1545.32,-5.8531
GV-09818,4462.31,3815.23,-1604.86,-6.0855
GV-09819,4517.39,3821.21,-1599.8,-5.7877
GV-09820,4578.37,3812.0,-1597.71,-5.7028
GV-09821,4639.86,3823.11,-1597.69,-5.7004
GV-09822,4655.04,3818.67,-1603.32,-5.542
GV-09823,4719.13,3812.54,-1601.37,-5.3136
GV-09824,4782.04,3834.68,-1602.42,-5.3458
GV-09825,4830.62,3825.13,-1601.96,-5.0353
GV-09826,4885.0,3814.16,-1597.03,-5.0119
GV-09827,4917.52,3838.34,-1595.89,-4.8319
GV-09828,4986.3,3825.21,-1599.38,-4.8205
GV-09829,5031.0,3806.85,-1599.95,-4.7419
GV-09830,5056.51,3806.82,-1596.85,-4.5776
GV-09831,5128.12,3819.87,-1601.84,-4.5273
GV-09832,5159.79,3815.36,-1601.39,-4.4142
GV-09833,5221.5,3812.4,-1596.68,-4.2799
GV-09834,5256.74,3819.7,-1596.8,-4.1969
GV-09835,5326.62,3844.31,-1598.04,-4.1092
GV-09836,5377.43,3806.99,-1600.26,-3.9408
GV-09837,5437.5,3838.68,-1600.67,-3.8489
GV-09838,5474.33,3839.99,-1603.53,-3.7212
GV-09839,5541.01,3818.34,-1597.51,-3.5863
GV-09840,5581.23,3827.3,-1604.77,-3.4629
GV-09841,5605.53,3818.46,-1603.82,-3.3617
GV-09842,5679.38,3831.3,-1600.89,-3.5036
GV-09843,5735.12,3842.28,-1597.14,-3.3609
GV-09844,5756.16,3836.62,-1603.9,-3.07
GV-09845,5807.22,3842.79,-1600.34,-3.0496
GV-09846,5855.26,3812.53,-1604.21,-2.78
GV-09847,5930.29,3812.03,-1602.89,-2.8197
GV-09848,5973.66,3833.42,-1599.15,-2.6431
GV-09849,6014.39,3819.41,-1602.74,-2.4596
GV-09850,6086.21,3809.27,-1604.22,-2.4826
GV-09851,6115.43,3831.04,-1552.52,-2.3309
GV-09852,6163.87,3839.0,-1552.26,-2.2673
GV-09853,6243.1,3820.45,-1545.21,-1.9194
GV-09854,6270.15,3820.75,-1554.48,-2.0841
GV-09855,6320.43,3836.39,-1497.99,-1.8214
GV-09856,6385.83,3831.89,-1496.41,-1.6843
GV-09857,33.95,3872.29,-795.32,-9.4521
GV-09858,68.29,3861.14,-754.53,-9.6078
GV-09859,108.03,3887.21,-745.28,-9.9214
GV-09860,177.15,3871.24,-700.98,-9.9971
GV-09861,243.87,3885.22,-702.53,-10.2103
GV-09862,278.31,3882.33,-649.18,-10.3439
GV-09863,317.99,3867.04,-646.63,-10.7423
GV-09864,369.61,3882.86,-651.75,-10.6175
GV-09865,437.2,3879.36,-599.12,-11.114
GV-09866,479.94,3862.04,-604.86,-11.1421
GV-09867,521.45,3859.17,-546.38,-11.2529
GV-09868,588.97,3894.04,-554.19,-11.4104
GV-09869,635.41,3855.98,-552.96,-11.5527
GV-09870,666.48,3866.36,-549.5,-11.8299
GV-09871,714.44,3873.25,-554.2,-11.8782
GV-09872,774.54,3876.73,-503.8,-12.1536
GV-09873,834.46,3869.87,-498.05,-12.293
GV-09874,868.88,3858.0,-503.76,-12.2787
GV-09875,917.04,3863.18,-500.73,-12.5295
GV-09876,993.56,3882.92,-497.38,-12.4303
GV-09877,1039.58,3863.81,-499.81,-12.6576
GV-09878,1070.83,3891.21,-496.97,-12.5609
GV-09879,1143.61,3881.03,-504.47,-12.5515
GV-09880,1179.77,3881.79,-497.34,-12.6677
GV-09881,1210.88,3870.42,-498.65,-12.6664
GV-09882,1265.66,3876.32,-501.02,-12.5619
GV-09883,1324.8,3877.22,-499.09,-12.7631
GV-09884,1388.98,3883.79,-502.31,-12.6311
GV-09885,1408.94,3868.92,-500.35,-12.8342
GV-09886,1475.41,3868.32,-504.31,-12.9065
GV-09887,1506.75,3878.61,-504.34,-12.4636
GV-09888,1586.86,3881.59,-499.23,-12.5683
GV-09889,1608.67,3885.16,-502.59,-12.7245
GV-09890,1678.31,3874.01,-498.94,-12.699
GV-09891,1739.13,3857.87,-504.26,-12.6701
GV-09892,1778.63,3866.53,-500.06,-12.5948
GV-09893,1829.49,3875.08,-497.63,-12.7678
GV-09894,1894.3,3883.61,-504.21,-12.7053
GV-09895,1914.02,3891.54,-501.53,-12.5905
GV-09896,1987.0,3866.61,-495.23,-12.4142
GV-09897,2016.01,3890.39,-500.43,-12.3739
GV-09898,2081.5,3857.27,-553.14,-12.2547
GV-09899,2109.26,3872.71,-547.8,-12.2973
GV-09900,2158.12,3881.28,-546.91,-12.1466
GV-09901,2237.57,3871.52,-551.73,-12.0494
GV-09902,2259.2,3879.48,-552.26,-11.711
GV-09903,2310.05,3862.53,-547.82,-11.8061
GV-09904,2355.88,3877.32,-600.1,-11.6812
GV-09905,2427.98,3873.18,-596.62,-11.726
GV-09906,2491.36,3887.71,-599.64,-11.3965
GV-09907,2533.81,3863.53,-599.19,-11.3841
GV-09908,2575.5,3884.01,-652.58,-11.1819
GV-09909,2624.97,3855.05,-648.23,-11.1224
GV-09910,2684.52,3886.93,-649.45,-10.9884
GV-09911,2730.77,3872.17,-648.78,-10.787
GV-09912,2771.81,3883.18,-703.27,-10.657
GV-09913,2805.79,3892.67,-696.55,-10.5279
GV-09914,2865.39,3880.86,-750.99,-10.2647
GV-09915,2917.09,3890.8,-751.99,-10.3629
GV-09916,2972.38,3885.53,-797.28,-9.8865
GV-09917,3008.36,3859.23,-798.79,-9.8105
GV-09918,3055.2,3873.45,-851.21,-9.8591
GV-09919,3110.91,3890.77,-849.78,-9.576
GV-09920,3187.24,3868.86,-903.04,-9.4304
GV-09921,3218.36,3865.59,-896.93,-9.344
GV-09922,3294.98,3873.82,-945.31,-9.023
GV-09923,3343.13,3870.9,-999.24,-8.8106
GV-09924,3366.08,3874.95,-1000.88,-8.7311
GV-09925,3409.97,3885.13,-1049.94,-8.5618
GV-09926,3465.76,3878.91,-1097.21,-8.2933
GV-09927,3527.34,3867.2,-1103.1,-8.3745
GV-09928,3582.91,3877.06,-1146.27,-8.3187
GV-09929,3634.28,3884.6,-1204.22,-7.9141
GV-09930,3657.46,3873.97,-1203.72,-7.985
GV-09931,3706.45,3866.47,-1247.66,-7.8918
GV-09932,3755.59,3865.99,-1304.12,-7.5448
GV-09933,3822.57,3863.0,-1297.13,-7.5321
GV-09934,3872.81,3874.27,-1354.9,-7.4495
GV-09935,3936.55,3870.27,-1351.43,-7.2955
GV-09936,3962.4,3869.46,-1397.45,-7.132
GV-09937,4040.65,3868.62,-1453.38,-7.1049
GV-09938,4078.86,3876.68,-1453.81,-6.8235
GV-09939,4138.89,3880.68,-1497.63,-6.6292
GV-09940,4169.27,3871.06,-1504.3,-6.5943
GV-09941,4223.94,3880.03,-1501.69,-6.4749
GV-09942,4294.15,3868.81,-1546.13,-6.5052
GV-09943,4310.87,3867.22,-1552.07,-6.2857
GV-09944,4356.69,3893.59,-1547.53,-6.0967
GV-09945,4426.42,3891.67,-1548.99,-5.9013
GV-09946,4493.45,3892.28,-1546.63,-6.0513
GV-09947,4535.21,3871.03,-1601.51,-6.0182
GV-09948,4568.51,3861.72,-1595.82,-5.8352
GV-09949,4629.5,3892.4,-1598.76,-5.6826
GV-09950,4655.75,3878.71,-1604.45,-5.5359
GV-09951,4741.62,3870.05,-1597.09,-5.4201
GV-09952,4782.26,3859.45,-1603.35,-5.2
GV-09953,4814.02,3872.32,-1600.2,-5.1471
GV-09954,4877.88,3859.46,-1599.07,-5.075
GV-09955,4923.44,3880.29,-1603.66,-5.1304
GV-09956,4972.36,3882.59,-1604.87,-4.9273
GV-09957,5023.36,3865.09,-1598.16,-4.5909
GV-09958,5085.32,3860.57,-1604.37,-4.5307
GV-09959,5133.06,3872.96,-1599.84,-4.6189
GV-09960,5156.26,3869.32,-1604.57,-4.721
GV-09961,5206.64,3889.53,-1604.23,-4.3538
GV-09962,5260.26,3857.83,-1599.33,-4.1685
GV-09963,5344.76,3861.18,-1596.07,-4.1066
GV-09964,5379.13,3892.19,-1600.01,-4.1016
GV-09965,5413.26,3891.68,-1600.79,-3.9567
GV-09966,5467.82,3868.62,-1597.24,-3.9064
GV-09967,5519.83,3885.06,-1600.14,-3.6535
GV-09968,5567.55,3861.31,-1596.16,-3.5983
GV-09969,5608.24,3884.79,-1604.38,-3.3536
GV-09970,5675.99,3883.48,-1600.33,-3.3901
GV-09971,5733.73,3863.93,-1603.27,-3.1777
GV-09972,5761.3,3876.19,-1602.74,-2.9917
GV-09973,5821.93,3864.05,-1601.82,-3.0151
GV-09974,5880.69,3883.12,-1597.52,-3.0724
GV-09975,5914.39,3894.87,-1600.18,-2.6453
GV-09976,5990.2,3860.52,-1597.24,-2.7938
GV-09977,6024.03,3874.11,-1599.24,-2.588
GV-09978,6059.68,3868.98,-1595.04,-2.4688
GV-09979,6115.01,3884.22,-1603.28,-2.3933
GV-09980,6177.44,3886.09,-1551.27,-2.0935
GV-09981,6244.01,3868.98,-1552.65,-2.0955
GV-09982,6285.76,3875.66,-1554.35,-1.9882
GV-09983,6329.37,3874.52,-1551.97,-1.9942
GV-09984,6379.05,3874.71,-1497.46,-1.7081
GV-09985,38.0,3927.94,-795.77,-9.3605
GV-09986,74.19,3905.39,-798.23,-9.5948
GV-09987,127.8,3934.58,-749.09,-9.8774
GV-09988,161.41,3908.1,-754.09,-10.0155
GV-09989,209.32,3918.76,-704.11,-10.1423
GV-09990,276.1,3938.8,-701.77,-10.3484
GV-09991,331.68,3915.95,-650.84,-10.6603
GV-09992,386.87,3922.82,-653.28,-10.7576
GV-09993,429.12,3918.36,-599.37,-10.9436
GV-09994,467.56,3934.11,-597.25,-11.0707
GV-09995,506.0,3930.98,-600.5,-11.2956
GV-09996,556.15,3914.29,-545.07,-11.2827
GV-09997,607.64,3915.96,-547.53,-11.6604
GV-09998,680.17,3940.29,-550.85,-11.688
GV-09999,709.1,3915.7,-545.87,-11.8544
GV-10000,778.76,3908.42,-553.52,-11.8281
GV-10001,810.77,3939.45,-499.16,-12.0148
GV-10002,886.14,3909.64,-503.78,-12.2413
GV-10003,906.42,3939.26,-499.12,-12.3537
GV-10004,970.64,3935.25,-501.41,-12.3508
GV-10005,1008.71,3937.4,-504.21,-12.5544
GV-10006,1061.69,3924.87,-499.14,-12.541
GV-10007,1119.42,3923.71,-496.05,-12.4918
GV-10008,1192.56,3928.72,-502.42,-12.6804
GV-10009,1206.84,3906.97,-503.15,-12.5637
GV-10010,1276.84,3911.18,-503.93,-12.7563
GV-10011,1327.67,3906.23,-500.2,-12.6434
GV-10012,1377.59,3926.28,-495.55,-12.9544
GV-10013,1414.34,3933.59,-503.91,-12.6793
GV-10014,1458.65,3929.64,-495.08,-12.8374
GV-10015,1510.23,3918.03,-495.18,-12.7672
GV-10016,1580.92,3925.71,-498.63,-12.6698
GV-10017,1629.59,3939.16,-498.29,-12.7523
GV-10018,1668.35,3922.96,-501.97,-12.8038
GV-10019,1712.36,3932.08,-495.62,-12.7218
GV-10020,1759.85,3921.03,-495.35,-12.7017
GV-10021,1810.05,3918.65,-496.83,-12.6322
GV-10022,1856.02,3918.43,-502.77,-12.7114
GV-10023,1941.76,3926.77,-503.12,-12.5247
GV-10024,1987.53,3933.57,-498.83,-12.5978
GV-10025,2019.03,3930.62,-497.83,-12.555
GV-10026,2062.05,3911.77,-499.54,-12.3056
GV-10027,2126.1,3913.1,-545.8,-12.2222
GV-10028,2163.51,3923.92,-552.29,-12.2791
GV-10029,2213.44,3914.98,-548.92,-12.0947
GV-10030,2288.04,3934.45,-554.45,-11.9202
GV-10031,2327.25,3912.91,-547.69,-11.8003
GV-10032,2363.62,3916.82,-550.04,-11.7107
GV-10033,2410.71,3906.7,-595.22,-11.5968
GV-10034,2494.62,3919.19,-597.06,-11.5805
GV-10035,2544.99,3932.54,-596.07,-11.2821
GV-10036,2582.29,3939.28,-595.27,-11.2558
GV-10037,2632.91,3923.91,-650.98,-11.0773
GV-10038,2674.66,3906.81,-646.07,-11.023
GV-10039,2723.98,3934.42,-653.47,-10.909
GV-10040,2763.59,3936.08,-698.18,-10.602
GV-10041,2824.76,3944.61,-704.78,-10.5284
GV-10042,2893.53,3943.85,-702.56,-10.4686
GV-10043,2908.08,3907.85,-745.28,-10.2588
GV-10044,2971.32,3905.94,-754.55,-10.0832
GV-10045,3009.63,3932.18,-797.92,-10.0068
GV-10046,3060.32,3944.99,-796.45,-9.6347
GV-10047,3126.88,3934.43,-848.24,-9.3332
GV-10048,3178.99,3909.68,-853.74,-9.4722
GV-10049,3214.46,3910.43,-895.11,-9.332
GV-10050,3265.04,3932.56,-946.94,-9.1625
GV-10051,3342.47,3937.49,-954.95,-8.984
GV-10052,3379.94,3940.71,-1001.24,-8.9154
GV-10053,3416.7,3906.78,-1046.04,-8.7363
GV-10054,3461.06,3914.73,-1046.74,-8.4213
GV-10055,3543.86,3935.38,-1104.04,-8.5405
GV-10056,3584.23,3939.68,-1150.9,-8.212
GV-10057,3618.58,3925.9,-1153.12,-8.043
GV-10058,3656.08,3920.53,-1195.29,-8.22
GV-10059,3739.09,3920.51,-1253.7,-7.7918
GV-10060,3793.14,3911.88,-1251.79,-7.8021
GV-10061,3814.62,3944.02,-1303.68,-7.5393
GV-10062,3868.37,3913.95,-1353.61,-7.3437
GV-10063,3909.75,3909.68,-1350.31,-7.3248
GV-10064,3957.23,3918.53,-1404.14,-7.1461
GV-10065,4041.1,3940.01,-1401.24,-7.0085
GV-10066,4059.23,3927.48,-1450.47,-6.8281
GV-10067,4126.79,3906.15,-1445.42,-6.675
GV-10068,4191.44,3908.04,-1495.04,-6.6614
GV-10069,4237.8,3942.08,-1503.4,-6.5199
GV-10070,4256.09,3923.3,-1499.78,-6.3072
GV-10071,4325.92,3941.03,-1552.64,-6.4595
GV-10072,4361.18,3935.86,-1552.62,-6.3298
GV-10073,4444.02,3935.15,-1554.68,-6.0465
GV-10074,4481.34,3923.21,-1546.66,-5.8331
GV-10075,4532.43,3916.3,-1548.62,-5.8448
GV-10076,4587.94,3917.05,-1554.15,-5.8045
GV-10077,4608.58,3923.35,-1604.66,-5.6676
GV-10078,4684.06,3925.27,-1602.6,-5.7271
GV-10079,4717.05,3911.81,-1602.23,-5.4093
GV-10080,4760.85,3922.98,-1604.36,-5.2901
GV-10081,4805.39,3907.84,-1601.35,-5.2488
GV-10082,4878.7,3916.73,-1601.92,-5.1324
GV-10083,4917.21,3943.98,-1596.66,-4.9841
GV-10084,4968.25,3939.62,-1600.13,-4.8687
GV-10085,5023.48,3942.29,-1595.9,-4.5688
GV-10086,5066.75,3929.46,-1601.98,-4.646
GV-10087,5128.6,3929.81,-1595.99,-4.6294
GV-10088,5167.7,3908.41,-1597.77,-4.3476
GV-10089,5231.54,3922.84,-1598.98,-4.4359
GV-10090,5262.34,3944.48,-1599.74,-4.1311
GV-10091,5311.58,3922.02,-1595.3,-4.2842
GV-10092,5373.11,3927.6,-1601.36,-3.9002
GV-10093,5425.43,3910.82,-1598.64,-4.0181
GV-10094,5468.64,3915.44,-1599.17,-3.695
GV-10095,5528.13,3935.07,-1598.65,-3.5166
GV-10096,5564.09,3906.48,-1601.69,-3.5074
GV-10097,5611.77,3924.8,-1597.45,-3.5091
GV-10098,5694.96,3928.71,-1601.87,-3.5546
GV-10099,5710.44,3944.62,-1597.12,-3.295
GV-10100,5761.18,3936.8,-1599.67,-3.0147
GV-10101,5842.02,3912.24,-1600.51,-2.7994
GV-10102,5894.29,3942.81,-1596.2,-3.0177
GV-10103,5912.18,3921.05,-1597.34,-2.7934
GV-10104,5975.34,3936.18,-1603.81,-2.6998
GV-10105,6008.61,3931.82,-1603.91,-2.4321
GV-10106,6070.14,3931.92,-1596.51,-2.4117
GV-10107,6111.32,3942.78,-1595.26,-2.2775
GV-10108,6158.53,3943.72,-1548.57,-2.2338
GV-10109,6220.69,3932.17,-1547.72,-2.0682
GV-10110,6284.63,3905.14,-1550.0,-2.0149
GV-10111,6316.07,3925.94,-1552.98,-1.7308
GV-10112,6389.23,3933.31,-1499.09,-1.6099
GV-10113,29.29,3969.77,-849.76,-9.3071
GV-10114,82.01,3988.45,-798.65,-9.5345
GV-10115,119.85,3994.02,-802.02,-9.7185
GV-10116,186.72,3974.17,-752.09,-10.0405
GV-10117,228.29,3990.35,-754.26,-9.9841
GV-10118,293.47,3963.96,-696.79,-10.3982
GV-10119,312.03,3989.14,-698.7,-10.6852
GV-10120,378.03,3976.34,-654.54,-10.642
GV-10121,427.99,3955.27,-646.99,-10.8544
GV-10122,463.2,3972.16,-598.53,-10.9253
GV-10123,509.24,3968.85,-601.23,-11.0648
GV-10124,564.68,3956.09,-601.89,-11.2199
GV-10125,616.0,3986.29,-548.08,-11.5463
GV-10126,663.66,3967.93,-551.14,-11.5173
GV-10127,730.24,3988.05,-553.44,-11.7588
GV-10128,764.26,3990.06,-550.2,-11.8487
GV-10129,808.01,3956.96,-548.25,-11.8974
GV-10130,866.47,3980.83,-545.97,-12.3542
GV-10131,937.57,3994.41,-499.77,-12.3093
GV-10132,977.13,3992.08,-495.06,-12.3954
GV-10133,1008.89,3984.42,-495.31,-12.4597
GV-10134,1062.21,3959.91,-501.14,-12.4937
GV-10135,1128.61,3979.9,-499.24,-12.5917
GV-10136,1169.59,3960.99,-501.99,-12.4824
GV-10137,1229.05,3972.25,-495.98,-12.5316
GV-10138,1284.28,3962.42,-495.53,-12.7884
GV-10139,1337.09,3985.3,-501.61,-12.7063
GV-10140,1384.84,3970.19,-496.65,-12.8553
GV-10141,1427.83,3994.34,-496.14,-12.6858
GV-10142,1468.96,3982.47,-501.99,-12.7469
GV-10143,1515.82,3966.77,-500.5,-12.8193
GV-10144,1561.45,3994.13,-501.12,-12.6459
GV-10145,1610.33,3976.43,-499.94,-12.6783
GV-10146,1688.18,3966.44,-497.11,-12.703
GV-10147,1705.36,3966.0,-503.31,-12.6401
GV-10148,1777.9,3979.25,-497.17,-12.5215
GV-10149,1829.26,3976.31,-502.19,-12.6103
GV-10150,1864.05,3962.97,-498.78,-12.8043
GV-10151,1905.73,3968.65,-495.33,-12.501
GV-10152,1988.61,3991.66,-502.4,-12.3483
GV-10153,2023.55,3955.79,-501.82,-12.3548
GV-10154,2087.34,3980.47,-495.92,-12.2307
GV-10155,2141.65,3973.76,-554.04,-12.2677
GV-10156,2175.98,3956.99,-548.64,-12.1554
GV-10157,2235.5,3965.21,-552.82,-12.0621
GV-10158,2283.94,3967.92,-546.21,-12.0196
GV-10159,2321.12,3981.44,-549.49,-11.9011
GV-10160,2390.85,3978.69,-549.12,-11.8687
GV-10161,2407.23,3985.52,-604.54,-11.5598
GV-10162,2475.28,3992.43,-601.3,-11.6857
GV-10163,2512.3,3971.37,-601.2,-11.1525
GV-10164,2588.26,3990.57,-603.53,-11.3321
GV-10165,2642.41,3978.76,-600.9,-11.0017
GV-10166,2675.63,3989.18,-652.29,-10.8662
GV-10167,2731.35,3980.0,-647.47,-11.0079
GV-10168,2772.77,3970.44,-646.9,-10.6118
GV-10169,2816.9,3956.2,-699.17,-10.7069
GV-10170,2885.89,3972.91,-703.54,-10.629
GV-10171,2936.22,3981.72,-748.0,-10.3968
GV-10172,2974.0,3973.22,-745.64,-10.114
GV-10173,3014.7,3989.51,-748.79,-10.1704
GV-10174,3088.7,3987.24,-796.43,-9.7304
GV-10175,3131.19,3983.67,-801.98,-9.6253
GV-10176,3158.72,3987.95,-853.67,-9.6122
GV-10177,3236.34,3975.52,-895.66,-9.4954
GV-10178,3279.25,3993.95,-902.76,-9.2954
GV-10179,3313.43,3962.18,-950.98,-8.9484
GV-10180,3367.53,3978.54,-946.31,-9.0063
GV-10181,3441.77,3961.15,-1004.64,-8.9087
GV-10182,3456.49,3958.7,-1054.57,-8.5186
GV-10183,3532.79,3973.35,-1095.62,-8.4972
GV-10184,3568.37,3972.3,-1095.48,-8.1121
GV-10185,3628.69,3966.16,-1154.52,-8.1707
GV-10186,3656.54,3972.67,-1203.56,-8.015
GV-10187,3741.23,3962.93,-1200.31,-7.9334
GV-10188,3787.98,3990.47,-1245.68,-7.7584
GV-10189,3824.15,3993.48,-1295.3,-7.6901
GV-10190,3887.75,3986.32,-1297.6,-7.5459
GV-10191,3906.66,3991.54,-1353.83,-7.4801
GV-10192,3974.97,3961.85,-1350.15,-7.2032
GV-10193,4011.24,3962.72,-1401.35,-7.1147
GV-10194,4070.05,3961.06,-1454.67,-6.9564
GV-10195,4138.49,3964.03,-1450.32,-6.8318
GV-10196,4191.88,3987.82,-1451.42,-6.7137
GV-10197,4224.59,3961.91,-1503.66,-6.5074
GV-10198,4281.21,3986.29,-1500.0,-6.2814
GV-10199,4315.28,3972.08,-1504.18,-6.2768
GV-10200,4365.1,3962.6,-1549.63,-6.2744
GV-10201,4440.73,3973.15,-1545.8,-6.1226
GV-10202,4477.7,3960.15,-1550.25,-5.8947
GV-10203,4532.92,3990.24,-1549.1,-5.8545
GV-10204,4569.78,3960.15,-1552.58,-5.7828
GV-10205,4643.94,3978.89,-1552.03,-5.592
GV-10206,4663.14,3959.47,-1548.47,-5.6316
GV-10207,4713.55,3980.0,-1554.46,-5.3225
GV-10208,4768.47,3972.34,-1546.24,-5.2566
GV-10209,4829.76,3975.35,-1551.77,-5.1855
GV-10210,4867.25,3991.18,-1550.6,-5.1225
GV-10211,4917.26,3973.93,-1549.14,-5.1177
GV-10212,4979.59,3979.33,-1554.15,-4.9198
GV-10213,5041.9,3962.8,-1546.32,-4.6133
GV-10214,5088.64,3974.39,-1550.79,-4.7494
GV-10215,5126.62,3984.94,-1597.61,-4.504
GV-10216,5160.52,3980.0,-1601.75,-4.6205
GV-10217,5240.65,3967.19,-1600.52,-4.4148
GV-10218,5268.38,3969.22,-1596.24,-4.1277
GV-10219,5341.72,3988.28,-1596.63,-3.8947
GV-10220,5364.11,3971.72,-1597.38,-3.933
GV-10221,5419.7,3967.99,-1602.67,-3.8008
GV-10222,5490.69,3992.98,-1595.36,-3.9245
GV-10223,5505.16,3956.72,-1602.85,-3.7163
GV-10224,5566.9,3963.56,-1598.78,-3.6741
GV-10225,5621.55,3972.01,-1596.73,-3.5475
GV-10226,5664.51,3959.9,-1604.62,-3.1121
GV-10227,5717.48,3988.69,-1602.34,-3.3728
GV-10228,5767.79,3968.9,-1599.97,-3.1748
GV-10229,5836.25,3988.2,-1602.55,-2.9579
GV-10230,5869.68,3955.45,-1600.34,-2.8659
GV-10231,5915.39,3960.84,-1603.85,-2.769
GV-10232,5965.91,3991.9,-1599.9,-2.5728
GV-10233,6025.5,3993.5,-1598.75,-2.3907
GV-10234,6058.21,3974.7,-1598.41,-2.4113
GV-10235,6119.92,3958.16,-1599.16,-2.0827
GV-10236,6169.58,3961.78,-1554.1,-2.1432
GV-10237,6225.7,3962.61,-1554.65,-2.0594
GV-10238,6261.05,3989.12,-1550.2,-2.114
GV-10239,6340.42,3986.95,-1552.24,-1.8663
GV-10240,6365.46,3962.37,-1552.51,-1.7921
GV-10241,24.97,4010.51,-845.13,-9.3614
GV-10242,89.94,4014.77,-797.97,-9.4287
GV-10243,105.79,4026.3,-798.19,-9.6539
GV-10244,192.17,4021.2,-750.97,-9.8772
GV-10245,219.44,4016.81,-750.49,-10.113
GV-10246,292.33,4016.98,-702.79,-10.3116
GV-10247,317.75,4024.65,-696.77,-10.3245
GV-10248,379.35,4005.42,-646.98,-10.5732
GV-10249,440.72,4031.29,-648.52,-10.8112
GV-10250,461.82,4023.54,-653.09,-11.0773
GV-10251,522.8,4031.89,-603.66,-11.1368
GV-10252,581.43,4017.01,-600.6,-11.195
GV-10253,608.32,4008.71,-602.53,-11.3982
GV-10254,670.41,4011.3,-552.43,-11.7524
GV-10255,733.87,4008.46,-546.82,-11.8938
GV-10256,789.84,4029.08,-547.33,-11.7189
GV-10257,807.66,4040.27,-545.19,-12.0726
GV-10258,855.67,4014.19,-548.95,-12.1769
GV-10259,907.18,4010.43,-551.1,-12.2451
GV-10260,984.07,4032.79,-495.91,-12.3232
GV-10261,1035.49,4041.36,-498.0,-12.4054
GV-10262,1057.64,4023.74,-501.04,-12.5131
GV-10263,1141.35,4016.76,-504.47,-12.6273
GV-10264,1170.24,4028.41,-502.48,-12.4732
GV-10265,1227.9,4041.96,-498.23,-12.785
GV-10266,1263.82,4016.26,-503.26,-12.7565
GV-10267,1340.95,4031.22,-501.87,-12.713
GV-10268,1359.79,4027.54,-499.63,-12.7503
GV-10269,1411.47,4015.74,-503.32,-12.84
GV-10270,1476.62,4005.5,-497.47,-12.7803
GV-10271,1536.77,4037.98,-499.33,-12.8772
GV-10272,1568.93,4030.01,-504.78,-12.7376
GV-10273,1625.59,4009.46,-503.27,-12.7618
GV-10274,1687.41,4043.16,-503.52,-12.8321
GV-10275,1726.57,4032.72,-503.2,-12.6396
GV-10276,1775.56,4036.69,-504.63,-12.9971
GV-10277,1841.25,4020.69,-504.82,-12.6782
GV-10278,1884.93,4019.39,-499.21,-12.5094
GV-10279,1923.66,4019.09,-495.52,-12.632
GV-10280,1972.0,4017.1,-495.51,-12.5377
GV-10281,2041.88,4033.71,-502.47,-12.3219
GV-10282,2077.96,4016.99,-552.31,-12.3187
GV-10283,2113.05,4038.31,-552.52,-12.2367
GV-10284,2160.83,4006.8,-546.08,-12.1825
GV-10285,2235.55,4041.72,-550.79,-12.2211
GV-10286,2292.86,4017.2,-550.46,-11.9742
GV-10287,2311.5,4010.2,-554.29,-11.9128
GV-10288,2387.49,4018.16,-551.57,-11.8429
GV-10289,2408.7,4033.82,-596.14,-11.6333
GV-10290,2481.93,4032.71,-598.91,-11.6672
GV-10291,2542.8,4036.63,-604.78,-11.3972
GV-10292,2565.06,4025.55,-601.91,-11.6324
GV-10293,2619.15,4039.27,-595.21,-11.3378
GV-10294,2689.46,4024.34,-649.92,-11.1696
GV-10295,2732.47,4012.03,-648.61,-10.9936
GV-10296,2779.05,4007.55,-649.73,-10.8054
GV-10297,2834.29,4013.61,-646.98,-10.861
GV-10298,2867.76,4021.53,-703.27,-10.5864
GV-10299,2934.36,4014.15,-702.5,-10.4145
GV-10300,2980.22,4039.63,-751.0,-10.0815
GV-10301,3043.43,4016.88,-754.5,-10.0856
GV-10302,3082.07,4029.1,-803.01,-9.9724
GV-10303,3119.89,4008.22,-804.04,-9.6303
GV-10304,3181.97,4024.41,-850.45,-9.5531
GV-10305,3221.44,4010.57,-849.27,-9.5806
GV-10306,3273.46,4032.23,-902.96,-9.2651
GV-10307,3342.46,4015.26,-900.98,-9.1054
GV-10308,3373.73,4008.4,-953.2,-8.8738
GV-10309,3417.23,4018.77,-995.51,-8.9502
GV-10310,3477.29,4018.13,-1050.15,-8.6354
GV-10311,3542.84,4015.45,-1046.23,-8.3882
GV-10312,3593.95,4018.38,-1098.29,-8.4567
GV-10313,3639.43,4016.0,-1151.28,-8.1965
GV-10314,3670.84,4007.24,-1153.87,-8.1148
GV-10315,3727.58,4006.82,-1199.72,-7.9997
GV-10316,3772.99,4036.93,-1249.17,-7.7841
GV-10317,3813.84,4035.2,-1249.54,-7.8166
GV-10318,3883.91,4031.46,-1304.0,-7.5369
GV-10319,3934.45,4025.17,-1352.06,-7.5122
GV-10320,3992.77,4023.12,-1345.97,-7.3673
GV-10321,4014.58,4026.77,-1399.93,-7.2497
GV-10322,4064.46,4020.92,-1401.15,-7.0236
GV-10323,4109.06,4042.1,-1451.07,-6.8057
GV-10324,4157.3,4042.52,-1453.62,-6.8131
GV-10325,4219.09,4040.01,-1501.0,-6.6535
GV-10326,4269.98,4017.62,-1499.97,-6.431
GV-10327,4310.54,4025.64,-1498.18,-6.3833
GV-10328,4355.39,4026.43,-1497.05,-6.1662
GV-10329,4414.54,4034.54,-1547.89,-6.2904
GV-10330,4482.08,4010.32,-1551.9,-6.1363
GV-10331,4505.19,4031.72,-1551.64,-5.8731
GV-10332,4579.11,4033.49,-1549.22,-5.7916
GV-10333,4616.29,4009.57,-1551.35,-5.8014
GV-10334,4678.15,4032.53,-1546.61,-5.5933
GV-10335,4716.52,4018.09,-1554.29,-5.5046
GV-10336,4784.01,4044.72,-1552.12,-5.2762
GV-10337,4835.47,4023.01,-1552.39,-5.3337
GV-10338,4876.23,4042.29,-1545.24,-5.0499
GV-10339,4921.49,4016.08,-1551.32,-5.1518
GV-10340,4987.73,4034.0,-1546.73,-4.962
GV-10341,5040.27,4021.03,-1552.81,-4.8941
GV-10342,5072.01,4034.77,-1549.31,-4.5511
GV-10343,5115.38,4009.2,-1545.93,-4.397
GV-10344,5164.71,4018.55,-1554.6,-4.4001
GV-10345,5238.84,4013.49,-1600.45,-4.3672
GV-10346,5285.18,4042.63,-1602.88,-4.315
GV-10347,5320.46,4033.2,-1600.12,-4.0772
GV-10348,5362.46,4040.88,-1602.92,-4.0047
GV-10349,5421.96,4016.36,-1602.77,-3.8903
GV-10350,5455.19,4035.67,-1602.07,-3.8022
GV-10351,5530.27,4007.64,-1604.45,-3.7594
GV-10352,5582.86,4013.2,-1595.41,-3.5848
GV-10353,5614.57,4034.11,-1601.8,-3.6345
GV-10354,5694.68,4017.6,-1596.97,-3.4638
GV-10355,5721.75,4042.45,-1598.23,-3.2239
GV-10356,5769.67,4040.77,-1604.01,-3.2055
GV-10357,5824.97,4013.8,-1604.91,-3.0727
GV-10358,5869.24,4036.18,-1596.92,-3.0018
GV-10359,5944.23,4032.13,-1602.23,-2.7125
GV-10360,5977.17,4013.76,-1595.09,-2.5717
GV-10361,6023.41,4040.08,-1597.86,-2.6458
GV-10362,6074.31,4038.55,-1599.66,-2.5077
GV-10363,6124.24,4009.91,-1598.93,-2.0439
GV-10364,6188.89,4032.81,-1601.97,-2.2582
GV-10365,6232.96,4039.68,-1549.49,-1.9248
GV-10366,6266.1,4025.58,-1545.6,-1.9678
GV-10367,6317.87,4023.73,-1554.73,-1.7725
GV-10368,6385.44,4014.21,-1554.21,-1.8072
GV-10369,28.51,4064.97,-851.18,-9.3348
GV-10370,94.01,4093.38,-847.09,-9.3296
GV-10371,142.23,4072.78,-800.63,-9.7171
GV-10372,186.03,4090.55,-804.35,-10.0678
GV-10373,223.01,4064.14,-748.27,-10.1861
GV-10374,260.24,4065.54,-748.68,-10.2759
GV-10375,326.26,4056.73,-695.64,-10.4302
GV-10376,392.34,4056.18,-699.66,-10.5021
GV-10377,429.8,4058.54,-649.17,-10.6812
GV-10378,458.71,4075.02,-650.56,-10.9117
GV-10379,522.2,4081.73,-598.98,-11.0196
GV-10380,582.53,4089.52,-604.17,-11.3481
GV-10381,633.16,4065.17,-599.17,-11.3642
GV-10382,690.26,4071.65,-602.26,-11.5118
GV-10383,736.06,4071.19,-547.43,-11.7122
GV-10384,776.27,4056.56,-550.02,-11.9978
GV-10385,810.79,4068.97,-554.56,-11.8621
GV-10386,879.97,4094.64,-553.6,-11.9626
GV-10387,932.73,4073.25,-545.77,-12.0872
GV-10388,956.85,4091.78,-553.8,-12.2941
GV-10389,1020.5,4075.03,-502.05,-12.4038
GV-10390,1066.21,4088.91,-501.23,-12.4425
GV-10391,1139.93,4079.44,-499.3,-12.307
GV-10392,1189.75,4093.83,-500.17,-12.5199
GV-10393,1241.93,4062.3,-504.7,-12.6001
GV-10394,1290.16,4084.72,-500.17,-12.6585
GV-10395,1319.26,4067.75,-504.35,-12.7468
GV-10396,1386.04,4082.05,-495.69,-12.5239
GV-10397,1441.97,4093.49,-498.51,-12.6879
GV-10398,1482.3,4071.59,-496.72,-12.8133
GV-10399,1542.71,4068.25,-502.26,-12.7644
GV-10400,1563.81,4071.02,-502.73,-12.8753
GV-10401,1629.35,4069.2,-503.71,-12.8162
GV-10402,1692.24,4065.41,-495.68,-12.7146
GV-10403,1717.12,4089.97,-503.2,-12.7897
GV-10404,1787.29,4060.85,-495.6,-12.8194
GV-10405,1811.3,4058.84,-502.23,-12.6443
GV-10406,1870.54,4087.6,-496.95,-12.7966
GV-10407,1939.41,4079.84,-496.22,-12.5795
GV-10408,1981.93,4092.35,-499.39,-12.5426
GV-10409,2034.88,4055.03,-502.94,-12.4229
GV-10410,2092.15,4072.22,-554.65,-12.4214
GV-10411,2107.27,4085.01,-553.57,-12.4476
GV-10412,2169.93,4066.68,-546.85,-12.0481
GV-10413,2227.44,4084.6,-554.36,-12.165
GV-10414,2255.89,4084.25,-551.45,-12.2271
GV-10415,2312.33,4093.77,-548.31,-11.9352
GV-10416,2364.9,4062.48,-549.28,-11.77
GV-10417,2422.41,4077.63,-551.65,-11.8233
GV-10418,2479.13,4090.17,-596.61,-11.8045
GV-10419,2544.44,4090.47,-598.32,-11.4959
GV-10420,2577.2,4067.87,-602.27,-11.3673
GV-10421,2632.47,4057.99,-597.55,-11.3362
GV-10422,2658.75,4084.31,-602.67,-11.2202
GV-10423,2733.14,4063.8,-649.78,-11.0448
GV-10424,2770.24,4080.26,-650.93,-10.8546
GV-10425,2835.15,4077.26,-648.45,-10.6294
GV-10426,2880.03,4080.2,-704.46,-10.697
GV-10427,2942.65,4077.43,-704.14,-10.5582
GV-10428,2955.72,4077.76,-700.35,-10.3181
GV-10429,3011.83,4066.12,-753.97,-10.0626
GV-10430,3070.37,4094.19,-750.43,-9.8341
GV-10431,3124.39,4061.61,-801.23,-9.8164
GV-10432,3155.91,4085.44,-801.14,-9.7124
GV-10433,3243.13,4088.49,-854.25,-9.4677
GV-10434,3287.33,4079.45,-900.83,-9.5009
GV-10435,3314.95,4085.74,-897.4,-9.3117
GV-10436,3381.93,4055.05,-952.66,-9.1157
GV-10437,3434.08,4089.29,-949.73,-8.7277
GV-10438,3470.55,4073.5,-997.92,-8.658
GV-10439,3540.94,4078.99,-1051.01,-8.5967
GV-10440,3588.76,4068.51,-1097.07,-8.4916
GV-10441,3615.0,4093.74,-1099.93,-8.4696
GV-10442,3669.45,4069.89,-1148.75,-8.2626
GV-10443,3725.55,4094.44,-1203.87,-7.9993
GV-10444,3772.38,4060.71,-1202.21,-7.9002
GV-10445,3817.39,4058.26,-1249.03,-7.7959
GV-10446,3868.92,4078.57,-1298.14,-7.3984
GV-10447,3931.7,4080.7,-1304.83,-7.6018
GV-10448,3986.44,4070.56,-1353.17,-7.3878
GV-10449,4042.19,4063.75,-1347.48,-7.188
GV-10450,4066.85,4059.58,-1395.86,-6.9894
GV-10451,4138.5,4079.31,-1398.55,-6.9694
GV-10452,4171.33,4079.79,-1451.98,-6.7249
GV-10453,4217.15,4072.59,-1451.29,-6.598
GV-10454,4292.88,4077.49,-1498.96,-6.3987
GV-10455,4331.57,4078.44,-1499.1,-6.3193
GV-10456,4362.09,4072.47,-1496.12,-6.1854
GV-10457,4431.65,4077.46,-1496.46,-6.0874
GV-10458,4457.09,4072.59,-1554.08,-5.9152
GV-10459,4530.51,4086.39,-1548.57,-6.0075
GV-10460,4561.57,4058.68,-1550.05,-5.7934
GV-10461,4613.76,4059.44,-1553.64,-5.5818
GV-10462,4680.29,4078.3,-1548.25,-5.7875
GV-10463,4705.69,4087.92,-1545.47,-5.5198
GV-10464,4786.14,4061.79,-1549.31,-5.378
GV-10465,4820.17,4060.54,-1548.59,-5.4212
GV-10466,4861.55,4083.78,-1545.07,-5.0576
GV-10467,4942.38,4089.52,-1554.04,-5.0892
GV-10468,4955.18,4093.3,-1553.8,-4.7544
GV-10469,5040.56,4084.47,-1553.37,-4.9254
GV-10470,5058.99,4089.87,-1548.22,-4.6284
GV-10471,5123.97,4070.31,-1553.71,-4.7626
GV-10472,5181.04,4084.49,-1549.21,-4.3354
GV-10473,5212.97,4058.28,-1547.14,-4.4824
GV-10474,5271.05,4086.2,-1597.45,-4.0812
GV-10475,5306.91,4055.18,-1596.55,-4.0559
GV-10476,5393.82,4078.32,-1597.57,-3.9877
GV-10477,5437.65,4070.9,-1597.1,-3.9557
GV-10478,5486.6,4083.05,-1600.81,-3.8584
GV-10479,5528.9,4061.31,-1604.91,-3.5349
GV-10480,5589.83,4070.83,-1604.01,-3.5658
GV-10481,5635.53,4080.81,-1602.51,-3.4226
GV-10482,5690.82,4064.87,-1603.33,-3.3066
GV-10483,5731.69,4077.33,-1603.07,-3.3558
GV-10484,5793.06,4064.05,-1602.66,-3.197
GV-10485,5825.7,4075.61,-1603.3,-2.946
GV-10486,5884.59,4067.42,-1596.58,-2.8233
GV-10487,5936.64,4079.37,-1599.15,-2.82
GV-10488,5984.15,4080.27,-1595.43,-2.5947
GV-10489,6011.06,4075.74,-1599.69,-2.6556
GV-10490,6068.45,4093.51,-1596.07,-2.4021
GV-10491,6125.54,4056.63,-1595.81,-2.3391
GV-10492,6193.52,4076.89,-1598.39,-2.3487
GV-10493,6227.2,4060.81,-1551.54,-2.1267
GV-10494,6281.18,4057.93,-1548.59,-2.0622
GV-10495,6339.88,4064.43,-1554.54,-1.8667
GV-10496,6361.53,4084.3,-1548.24,-1.9821
GV-10497,39.17,4128.81,-901.84,-9.276
GV-10498,81.18,4127.8,-847.85,-9.4844
GV-10499,134.5,4133.27,-853.73,-9.5732
GV-10500,172.47,4124.75,-799.01,-9.7078
GV-10501,223.17,4133.07,-795.07,-9.9682
GV-10502,294.46,4126.63,-754.19,-10.1822
GV-10503,344.12,4140.06,-702.63,-10.2984
GV-10504,388.22,4120.31,-703.64,-10.5534
GV-10505,421.42,4132.69,-654.13,-10.4905
GV-10506,474.05,4128.06,-651.71,-10.7727
GV-10507,531.25,4144.85,-646.12,-11.0107
GV-10508,575.89,4115.6,-603.89,-11.2174
GV-10509,628.65,4120.43,-597.19,-11.1549
GV-10510,688.45,4107.3,-600.4,-11.4283
GV-10511,740.65,4121.85,-552.95,-11.4765
GV-10512,767.73,4107.15,-552.58,-11.8497
GV-10513,819.02,4120.88,-551.5,-11.8692
GV-10514,872.68,4119.12,-554.23,-12.0634
GV-10515,920.77,4105.61,-554.89,-12.0653
GV-10516,979.54,4133.63,-554.65,-12.095
GV-10517,1005.45,4105.27,-498.12,-12.2377
GV-10518,1067.62,4133.79,-502.55,-12.3331
GV-10519,1114.46,4110.53,-495.14,-12.3427
GV-10520,1170.84,4138.61,-503.63,-12.4633
GV-10521,1243.21,4118.79,-498.78,-12.5234
GV-10522,1285.48,4138.45,-504.68,-12.6365
GV-10523,1339.19,4112.56,-501.11,-12.4937
GV-10524,1367.42,4127.21,-498.9,-12.6301
GV-10525,1411.58,4131.51,-496.9,-12.6202
GV-10526,1459.53,4113.75,-504.02,-12.7227
GV-10527,1541.24,4144.8,-499.27,-12.724
GV-10528,1584.33,4134.92,-497.06,-12.6865
GV-10529,1635.82,4133.25,-503.83,-12.7251
GV-10530,1676.05,4136.39,-502.48,-12.7343
GV-10531,1742.0,4128.6,-497.96,-12.7625
GV-10532,1775.6,4111.76,-495.35,-12.5533
GV-10533,1828.03,4119.06,-504.6,-12.615
GV-10534,1882.05,4127.02,-501.68,-12.7077
GV-10535,1931.51,4124.56,-496.89,-12.4992
GV-10536,1966.33,4129.13,-500.19,-12.4706
GV-10537,2005.72,4135.28,-503.56,-12.4017
GV-10538,2075.58,4143.05,-553.42,-12.5182
GV-10539,2140.32,4123.28,-552.1,-12.2188
GV-10540,2171.73,4144.41,-548.45,-12.2364
GV-10541,2230.75,4126.88,-546.32,-12.1731
GV-10542,2265.79,4136.24,-551.03,-12.1555
GV-10543,2343.32,4109.1,-547.62,-11.9263
GV-10544,2363.7,4142.35,-547.16,-11.8927
GV-10545,2428.53,4139.57,-551.16,-11.7899
GV-10546,2483.09,4125.01,-599.98,-11.5955
GV-10547,2529.28,4136.18,-601.7,-11.5157
GV-10548,2579.87,4113.2,-595.62,-11.3987
GV-10549,2639.65,4117.51,-599.71,-11.1549
GV-10550,2655.77,4134.86,-598.36,-11.2911
GV-10551,2716.31,4117.42,-598.32,-11.114
GV-10552,2791.79,4134.86,-645.43,-11.0085
GV-10553,2808.34,4119.19,-645.72,-10.7294
GV-10554,2877.82,4106.33,-649.31,-10.6434
GV-10555,2915.76,4132.73,-702.99,-10.6127
GV-10556,2963.9,4135.45,-700.72,-10.2429
GV-10557,3025.75,4114.3,-747.73,-10.1455
GV-10558,3093.22,4131.38,-751.95,-10.1979
GV-10559,3129.99,4117.94,-803.86,-9.9758
GV-10560,3170.94,4142.4,-799.44,-9.6874
GV-10561,3239.6,4128.12,-849.48,-9.5022
GV-10562,3284.29,4141.52,-847.92,-9.4301
GV-10563,3310.73,4117.09,-903.29,-9.3648
GV-10564,3372.9,4127.68,-901.97,-8.9152
GV-10565,3433.1,4123.88,-951.99,-9.064
GV-10566,3461.4,4124.43,-1002.23,-8.8957
GV-10567,3534.05,4123.29,-1051.97,-8.7555
GV-10568,3590.6,4133.18,-1051.67,-8.4755
GV-10569,3610.52,4143.27,-1100.12,-8.1978
GV-10570,3687.11,4121.86,-1150.87,-8.1266
GV-10571,3713.77,4115.25,-1148.93,-8.2106
GV-10572,3769.86,4110.33,-1198.11,-7.9481
GV-10573,3831.78,4117.26,-1253.55,-7.9599
GV-10574,3893.59,4135.53,-1247.29,-7.7947
GV-10575,3935.78,4109.61,-1295.9,-7.5736
GV-10576,3987.93,4140.22,-1298.45,-7.2776
GV-10577,4038.05,4140.79,-1353.79,-7.2099
GV-10578,4070.97,4124.48,-1398.29,-6.9659
GV-10579,4122.9,4119.95,-1401.91,-6.975
GV-10580,4165.99,4116.11,-1404.08,-6.7398
GV-10581,4208.83,4121.98,-1448.02,-6.5316
GV-10582,4259.3,4128.06,-1452.66,-6.4946
GV-10583,4328.49,4113.26,-1500.16,-6.5279
GV-10584,4356.42,4134.34,-1500.38,-6.2809
GV-10585,4411.31,4125.78,-1504.88,-6.2197
GV-10586,4478.48,4109.68,-1504.88,-6.1846
GV-10587,4538.29,4144.72,-1552.73,-5.8854
GV-10588,4562.28,4110.03,-1546.93,-5.835
GV-10589,4622.8,4121.7,-1547.84,-5.7213
GV-10590,4661.82,4108.63,-1554.12,-5.6124
GV-10591,4735.3,4118.21,-1550.37,-5.5146
GV-10592,4794.19,4121.49,-1548.86,-5.3061
GV-10593,4815.46,4131.61,-1545.33,-5.3416
GV-10594,4891.65,4137.54,-1545.94,-5.2
GV-10595,4918.47,4113.42,-1545.65,-4.9928
GV-10596,4984.35,4123.0,-1549.33,-4.9829
GV-10597,5042.28,4105.29,-1546.33,-4.8094
GV-10598,5089.78,4112.37,-1548.6,-4.8266
GV-10599,5115.5,4125.66,-1545.02,-4.5925
GV-10600,5176.19,4141.28,-1545.39,-4.5008
GV-10601,5236.52,4134.57,-1550.4,-4.3035
GV-10602,5290.4,4143.38,-1596.86,-4.1712
GV-10603,5318.11,4116.4,-1604.47,-4.1844
GV-10604,5374.17,4124.82,-1597.24,-4.1128
GV-10605,5410.55,4136.1,-1604.09,-4.0512
GV-10606,5484.0,4126.88,-1598.39,-3.9606
GV-10607,5512.54,4142.93,-1603.59,-3.772
GV-10608,5571.24,4122.96,-1597.35,-3.4423
GV-10609,5640.85,4137.21,-1600.33,-3.503
GV-10610,5676.89,4138.04,-1603.32,-3.3626
GV-10611,5716.75,4130.42,-1601.11,-3.3819
GV-10612,5787.68,4116.14,-1601.12,-3.1069
GV-10613,5811.9,4107.31,-1604.21,-2.9864
GV-10614,5876.57,4126.51,-1602.76,-2.9236
GV-10615,5910.37,4113.23,-1602.88,-2.9336
GV-10616,5975.37,4124.14,-1595.85,-2.6342
GV-10617,6036.34,4112.28,-1598.25,-2.4177
GV-10618,6083.73,4132.67,-1597.05,-2.4454
GV-10619,6137.06,4120.84,-1604.93,-2.3054
GV-10620,6177.45,4134.82,-1601.91,-2.0624
GV-10621,6210.52,4140.52,-1602.85,-2.0647
GV-10622,6269.86,4124.42,-1547.75,-1.9389
GV-10623,6332.58,4124.18,-1547.69,-1.8539
GV-10624,6384.79,4114.0,-1547.87,-1.8025
GV-10625,22.03,4178.87,-904.62,-9.4609
GV-10626,82.78,4181.45,-903.47,-9.4122
GV-10627,118.57,4189.77,-846.42,-9.5544
GV-10628,192.75,4193.75,-853.56,-9.8007
GV-10629,242.6,4163.09,-803.51,-9.9714
GV-10630,288.72,4156.06,-751.49,-10.1871
GV-10631,318.3,4185.27,-753.84,-10.4344
GV-10632,385.55,4158.51,-696.95,-10.3685
GV-10633,413.59,4178.23,-701.4,-10.6208
GV-10634,478.9,4169.06,-651.02,-10.7984
GV-10635,544.6,4192.17,-651.27,-10.8448
GV-10636,593.07,4187.79,-648.37,-10.9811
GV-10637,612.18,4194.52,-596.92,-11.3038
GV-10638,692.25,4188.32,-599.96,-11.5206
GV-10639,711.24,4187.28,-596.26,-11.5317
GV-10640,768.55,4164.04,-545.39,-11.8024
GV-10641,808.87,4176.14,-548.79,-11.9561
GV-10642,874.62,4185.69,-550.77,-12.1387
GV-10643,923.94,4193.91,-549.88,-12.0091
GV-10644,977.35,4164.23,-545.76,-12.1569
GV-10645,1018.39,4171.17,-549.76,-12.2563
GV-10646,1093.26,4177.01,-497.43,-12.5144
GV-10647,1130.15,4182.63,-504.8,-12.4656
GV-10648,1181.06,4184.88,-495.1,-12.4474
GV-10649,1230.99,4161.55,-495.03,-12.487
GV-10650,1277.76,4170.98,-501.75,-12.6185
GV-10651,1318.0,4186.15,-502.84,-12.6632
GV-10652,1374.45,4183.67,-497.74,-12.8225
GV-10653,1425.59,4165.96,-504.44,-12.6439
GV-10654,1478.35,4189.7,-496.71,-12.771
GV-10655,1536.74,4165.61,-499.2,-12.7692
GV-10656,1592.63,4162.74,-499.33,-12.7007
GV-10657,1622.11,4171.0,-497.96,-12.8798
GV-10658,1686.57,4171.69,-502.04,-12.7821
GV-10659,1725.59,4164.07,-501.83,-12.6262
GV-10660,1777.37,4180.33,-496.96,-12.6989
GV-10661,1820.83,4186.63,-497.76,-12.6251
GV-10662,1885.25,4174.17,-500.55,-12.7472
GV-10663,1938.72,4171.72,-499.78,-12.6114
GV-10664,1988.26,4185.86,-498.54,-12.6453
GV-10665,2043.38,4186.33,-504.68,-12.3762
GV-10666,2062.49,4188.89,-547.84,-12.33
GV-10667,2132.61,4175.37,-545.14,-12.2586
GV-10668,2167.19,4171.97,-546.47,-12.4055
GV-10669,2244.94,4170.79,-549.61,-12.1414
GV-10670,2285.39,4162.23,-549.71,-11.9575
GV-10671,2322.13,4172.23,-548.01,-12.0514
GV-10672,2361.83,4170.97,-551.65,-11.8045
GV-10673,2430.39,4173.67,-549.21,-11.8546
GV-10674,2491.54,4191.95,-549.62,-11.7216
GV-10675,2544.59,4163.57,-602.06,-11.6575
GV-10676,2584.2,4178.06,-602.27,-11.5312
GV-10677,2610.09,4180.77,-597.43,-11.3652
GV-10678,2664.26,4160.44,-595.4,-11.3477
GV-10679,2715.47,4193.44,-604.84,-11.1412
GV-10680,2760.09,4170.31,-648.51,-11.0124
GV-10681,2812.79,4178.81,-648.03,-10.882
GV-10682,2863.96,4192.34,-649.8,-10.7253
GV-10683,2908.22,4169.52,-654.45,-10.6319
GV-10684,2979.75,4158.81,-703.54,-10.3903
GV-10685,3029.95,4175.94,-702.74,-10.2636
GV-10686,3084.37,4170.55,-745.45,-9.9321
GV-10687,3144.16,4189.26,-747.12,-9.7963
GV-10688,3168.62,4192.8,-801.02,-9.851
GV-10689,3213.66,4187.95,-795.76,-9.5551
GV-10690,3264.16,4164.38,-846.88,-9.3185
GV-10691,3320.67,4193.99,-901.16,-9.5053
GV-10692,3385.6,4166.93,-898.64,-9.0527
GV-10693,3439.85,4194.34,-954.06,-9.0168
GV-10694,3455.71,4169.65,-1004.74,-8.8387
GV-10695,3538.61,4176.54,-999.82,-8.6476
GV-10696,3577.38,4187.74,-1046.62,-8.5771
GV-10697,3624.85,4182.19,-1098.3,-8.4555
GV-10698,3672.6,4165.18,-1095.62,-8.1905
GV-10699,3722.35,4172.4,-1146.96,-8.187
GV-10700,3767.47,4187.34,-1204.77,-8.1264
GV-10701,3805.47,4173.53,-1199.25,-7.8527
GV-10702,3873.75,4167.47,-1251.75,-7.5327
GV-10703,3933.7,4190.7,-1296.99,-7.5264
GV-10704,3971.07,4182.89,-1303.67,-7.4204
GV-10705,4021.05,4194.75,-1347.12,-7.3957
GV-10706,4058.33,4168.5,-1345.63,-7.0613
GV-10707,4106.26,4173.36,-1398.76,-6.9873
GV-10708,4183.71,4160.25,-1396.14,-6.8761
GV-10709,4217.95,4156.74,-1450.66,-6.8281
GV-10710,4286.25,4181.1,-1448.24,-6.5039
GV-10711,4339.55,4158.8,-1451.64,-6.5382
GV-10712,4385.13,4158.55,-1497.81,-6.2831
GV-10713,4411.65,4179.46,-1500.15,-6.1843
GV-10714,4455.68,4186.07,-1504.72,-5.9956
GV-10715,4539.17,4162.11,-1496.4,-5.8573
GV-10716,4565.26,4181.52,-1553.0,-5.9355
GV-10717,4640.62,4165.57,-1545.31,-5.8355
GV-10718,4684.76,4187.76,-1553.34,-5.7158
GV-10719,4726.92,4167.78,-1552.8,-5.5814
GV-10720,4792.4,4162.25,-1549.23,-5.3793
GV-10721,4841.62,4177.43,-1554.26,-5.3545
GV-10722,4856.64,4172.48,-1551.84,-5.199
GV-10723,4943.29,4164.78,-1554.52,-5.0846
GV-10724,4958.66,4158.02,-1554.41,-4.9536
GV-10725,5005.76,4179.77,-1545.04,-4.7717
GV-10726,5062.46,4177.9,-1545.81,-4.6739
GV-10727,5142.54,4160.1,-1550.25,-4.6271
GV-10728,5191.49,4180.42,-1547.68,-4.4516
GV-10729,5218.84,4190.99,-1554.67,-4.2745
GV-10730,5271.08,4155.45,-1546.96,-4.3685
GV-10731,5315.36,4194.45,-1601.53,-4.3089
GV-10732,5381.89,4184.52,-1595.94,-4.1703
GV-10733,5429.31,4169.22,-1598.46,-3.8971
GV-10734,5486.79,4159.95,-1602.35,-3.7288
GV-10735,5517.73,4181.81,-1600.63,-3.7621
GV-10736,5581.26,4171.98,-1597.72,-3.6167
GV-10737,5644.77,4185.4,-1600.8,-3.4518
GV-10738,5673.59,4175.26,-1600.29,-3.3669
GV-10739,5706.62,4190.19,-1601.59,-3.2873
GV-10740,5780.86,4188.78,-1601.98,-3.1866
GV-10741,5820.44,4173.94,-1595.58,-2.9318
GV-10742,5875.54,4181.15,-1596.49,-2.9759
GV-10743,5924.81,4176.85,-1596.1,-2.9523
GV-10744,5967.5,4166.02,-1604.98,-2.7984
GV-10745,6038.35,4169.71,-1602.88,-2.5768
GV-10746,6090.42,4178.04,-1595.38,-2.4474
GV-10747,6125.24,4179.24,-1596.48,-2.1845
GV-10748,6190.42,4181.74,-1595.19,-2.2059
GV-10749,6210.71,4169.57,-1597.93,-2.1191
GV-10750,6294.14,4164.6,-1545.89,-2.032
GV-10751,6318.81,4188.53,-1554.88,-1.8076
GV-10752,6391.23,4187.57,-1550.19,-1.9561
GV-10753,17.96,4230.26,-954.44,-9.2331
GV-10754,86.04,4213.39,-901.04,-9.3235
GV-10755,124.84,4225.38,-902.55,-9.4902
GV-10756,190.12,4241.4,-854.51,-9.6977
GV-10757,223.35,4229.77,-800.23,-9.8004
GV-10758,265.74,4214.53,-801.23,-10.1167
GV-10759,338.69,4220.52,-752.5,-10.1414
GV-10760,358.95,4205.65,-747.57,-10.2108
GV-10761,428.91,4213.74,-704.3,-10.5741
GV-10762,488.04,4216.71,-699.04,-10.621
GV-10763,528.34,4232.86,-645.68,-10.9625
GV-10764,564.72,4213.67,-652.7,-11.089
GV-10765,625.52,4219.86,-653.28,-11.2917
GV-10766,678.55,4206.76,-601.94,-11.4449
GV-10767,708.13,4244.02,-598.89,-11.4266
GV-10768,782.63,4236.33,-601.94,-11.6516
GV-10769,812.33,4217.08,-553.43,-11.7115
GV-10770,869.25,4221.4,-553.91,-11.881
GV-10771,928.3,4207.59,-547.92,-12.0417
GV-10772,986.02,4223.75,-554.32,-11.9468
GV-10773,1029.22,4224.3,-554.64,-12.1297
GV-10774,1065.29,4206.82,-547.07,-12.1357
GV-10775,1115.38,4220.75,-501.99,-12.3367
GV-10776,1194.18,4227.25,-499.13,-12.4414
GV-10777,1233.21,4243.91,-500.09,-12.4348
GV-10778,1267.75,4241.08,-501.92,-12.8147
GV-10779,1319.74,4219.98,-501.64,-12.7196
GV-10780,1366.58,4220.53,-497.07,-12.5633
GV-10781,1406.17,4226.38,-502.77,-12.634
GV-10782,1480.07,4211.98,-497.86,-12.6999
GV-10783,1518.93,4233.59,-497.13,-12.6509
GV-10784,1582.2,4244.48,-501.06,-12.6852
GV-10785,1614.85,4212.88,-504.25,-12.9198
GV-10786,1676.98,4216.72,-499.38,-12.8315
GV-10787,1734.91,4205.54,-496.01,-12.6572
GV-10788,1761.67,4209.17,-495.73,-12.6922
GV-10789,1841.24,4206.81,-504.63,-12.6626
GV-10790,1892.47,4232.55,-495.33,-12.714
GV-10791,1930.3,4235.12,-501.91,-12.6795
GV-10792,1992.83,4212.25,-502.82,-12.556
GV-10793,2008.76,4216.96,-496.79,-12.4312
GV-10794,2091.83,4205.27,-547.57,-12.4757
GV-10795,2120.81,4235.79,-551.77,-12.5814
GV-10796,2158.05,4224.66,-549.5,-12.2229
GV-10797,2218.88,4210.21,-546.96,-12.2187
GV-10798,2274.06,4226.18,-553.15,-12.1611
GV-10799,2306.77,4211.35,-550.23,-12.0633
GV-10800,2382.96,4223.05,-551.51,-11.6523
GV-10801,2407.22,4241.71,-546.17,-11.8934
GV-10802,2465.52,4208.98,-547.67,-11.7948
GV-10803,2521.19,4228.3,-604.18,-11.6339
GV-10804,2572.83,4223.09,-604.98,-11.4364
GV-10805,2629.69,4208.76,-595.42,-11.4805
GV-10806,2669.81,4240.72,-598.75,-11.3013
GV-10807,2714.52,4205.49,-604.94,-11.1205
GV-10808,2785.37,4225.04,-597.22,-11.279
GV-10809,2807.75,4236.05,-647.48,-10.9276
GV-10810,2867.42,4229.21,-646.99,-10.7131
GV-10811,2915.45,4232.54,-654.45,-10.6127
GV-10812,2959.22,4238.71,-700.09,-10.4933
GV-10813,3033.1,4205.25,-704.55,-10.2347
GV-10814,3090.66,4212.09,-695.12,-10.1305
GV-10815,3116.75,4212.46,-745.12,-10.0982
GV-10816,3164.39,4239.28,-745.49,-9.7847
GV-10817,3238.13,4211.63,-801.6,-9.851
GV-10818,3265.39,4229.04,-845.75,-9.4056
GV-10819,3331.48,4210.95,-846.35,-9.4613
GV-10820,3364.86,4224.07,-896.14,-9.2515
GV-10821,3435.52,4226.8,-952.12,-8.8341
GV-10822,3465.51,4244.35,-945.52,-9.0343
GV-10823,3518.58,4218.32,-1002.87,-8.6603
GV-10824,3591.38,4243.82,-1050.78,-8.632
GV-10825,3605.06,4212.93,-1053.0,-8.462
GV-10826,3664.75,4214.89,-1098.21,-8.1898
GV-10827,3742.44,4236.58,-1152.35,-8.1567
GV-10828,3785.05,4235.79,-1146.89,-8.0223
GV-10829,3812.15,4240.99,-1200.9,-7.5654
GV-10830,3882.66,4212.81,-1254.87,-7.8547
GV-10831,3913.06,4230.13,-1254.22,-7.3825
GV-10832,3982.77,4226.02,-1304.74,-7.2665
GV-10833,4022.95,4237.07,-1298.34,-7.4809
GV-10834,4085.77,4232.31,-1347.54,-7.2597
GV-10835,4122.86,4237.47,-1348.37,-6.9962
GV-10836,4183.43,4235.82,-1398.42,-6.7585
GV-10837,4234.82,4213.79,-1398.13,-6.7592
GV-10838,4277.98,4228.98,-1446.64,-6.6512
GV-10839,4325.87,4237.28,-1450.32,-6.5518
GV-10840,4364.93,4205.45,-1448.87,-6.4289
GV-10841,4440.65,4223.78,-1498.72,-6.3271
GV-10842,4463.68,4212.21,-1501.03,-6.0868
GV-10843,4540.64,4244.83,-1499.48,-6.0456
GV-10844,4582.94,4227.96,-1498.17,-5.7898
GV-10845,4617.63,4242.56,-1495.79,-5.8311
GV-10846,4679.6,4240.9,-1548.02,-5.7916
GV-10847,4724.47,4236.68,-1548.99,-5.4785
GV-10848,4772.63,4215.72,-1546.09,-5.3144
GV-10849,4817.96,4226.05,-1547.1,-5.3006
GV-10850,4865.1,4235.32,-1551.69,-5.221
GV-10851,4939.18,4242.42,-1550.22,-5.1427
GV-10852,4992.09,4224.72,-1545.39,-4.9279
GV-10853,5026.53,4242.85,-1554.04,-4.6745
GV-10854,5087.06,4208.22,-1546.38,-4.6512
GV-10855,5141.24,4244.48,-1545.05,-4.5954
GV-10856,5158.01,4209.35,-1548.7,-4.658
GV-10857,5223.95,4239.77,-1546.17,-4.4027
GV-10858,5256.91,4207.04,-1550.24,-4.3029
GV-10859,5325.39,4241.34,-1546.0,-4.1628
GV-10860,5355.27,4228.09,-1601.83,-4.0715
GV-10861,5433.45,4215.82,-1604.57,-3.9453
GV-10862,5473.49,4208.62,-1602.6,-3.7951
GV-10863,5542.97,4205.89,-1596.13,-3.8557
GV-10864,5569.74,4234.67,-1596.2,-3.6892
GV-10865,5639.83,4229.25,-1602.28,-3.4585
GV-10866,5690.1,4206.87,-1604.51,-3.3368
GV-10867,5738.39,4219.27,-1602.61,-3.3189
GV-10868,5762.55,4216.8,-1604.21,-3.2025
GV-10869,5815.0,4230.03,-1604.31,-3.1729
GV-10870,5878.54,4221.51,-1603.98,-2.8366
GV-10871,5909.48,4226.4,-1598.06,-2.7462
GV-10872,5992.81,4224.61,-1597.76,-2.7561
GV-10873,6013.57,4235.7,-1602.7,-2.5199
GV-10874,6087.55,4207.7,-1596.71,-2.4437
GV-10875,6113.3,4243.78,-1599.71,-2.2995
GV-10876,6179.43,4217.65,-1603.29,-2.2237
GV-10877,6218.07,4213.74,-1599.62,-2.0891
GV-10878,6294.36,4243.01,-1597.13,-1.9506
GV-10879,6306.77,4236.88,-1552.9,-2.0153
GV-10880,6372.83,4235.41,-1546.84,-1.9088
GV-10881,24.59,4293.25,-950.19,-9.2192
GV-10882,60.98,4280.03,-952.83,-9.3239
GV-10883,141.02,4287.1,-897.89,-9.5043
GV-10884,189.42,4263.07,-846.47,-9.6063
GV-10885,237.32,4260.09,-845.12,-9.918
GV-10886,282.41,4280.32,-795.41,-9.8829
GV-10887,328.36,4255.63,-750.53,-10.3032
GV-10888,381.22,4259.5,-752.23,-10.3904
GV-10889,408.42,4286.95,-698.35,-10.5984
GV-10890,480.1,4260.63,-699.06,-10.5455
GV-10891,529.55,4279.98,-702.76,-10.8545
GV-10892,578.97,4294.56,-646.3,-10.8101
GV-10893,620.11,4267.27,-647.39,-11.199
GV-10894,691.96,4287.02,-597.95,-11.2834
GV-10895,722.15,4270.09,-601.58,-11.4186
GV-10896,763.26,4277.25,-603.62,-11.534
GV-10897,838.77,4280.86,-604.56,-11.7405
GV-10898,883.59,4274.74,-545.32,-11.6504
GV-10899,939.43,4271.26,-546.34,-11.9709
GV-10900,990.97,4262.4,-553.08,-12.1206
GV-10901,1013.82,4289.93,-546.69,-12.2192
GV-10902,1072.28,4280.75,-546.53,-12.283
GV-10903,1143.16,4265.64,-501.38,-12.4171
GV-10904,1188.88,4278.87,-498.1,-12.3498
GV-10905,1211.78,4256.02,-499.79,-12.5911
GV-10906,1290.97,4273.92,-497.77,-12.511
GV-10907,1313.43,4291.19,-498.38,-12.5409
GV-10908,1375.0,4265.99,-500.45,-12.6273
GV-10909,1444.59,4260.69,-501.05,-12.8731
GV-10910,1474.07,4261.47,-495.31,-12.8257
GV-10911,1518.08,4268.23,-499.26,-12.7299
GV-10912,1564.77,4264.24,-500.27,-12.8706
GV-10913,1632.61,4292.55,-499.27,-12.7031
GV-10914,1686.12,4289.48,-499.26,-12.7523
GV-10915,1716.88,4288.75,-500.0,-12.689
GV-10916,1782.6,4292.72,-504.46,-12.6834
GV-10917,1817.45,4256.76,-495.36,-12.6454
GV-10918,1855.69,4287.79,-504.9,-12.6322
GV-10919,1909.97,4294.19,-503.17,-12.6295
GV-10920,1969.38,4283.85,-500.12,-12.4638
GV-10921,2036.96,4257.03,-501.69,-12.5179
GV-10922,2076.32,4276.47,-551.09,-12.3959
GV-10923,2132.26,4274.92,-552.38,-12.4396
GV-10924,2159.36,4268.51,-553.64,-12.1108
GV-10925,2239.17,4270.45,-546.42,-12.2225
GV-10926,2276.19,4261.38,-553.77,-12.1466
GV-10927,2330.51,4283.94,-546.46,-11.9367
GV-10928,2394.12,4288.89,-547.29,-11.9133
GV-10929,2432.1,4274.54,-550.73,-12.0008
GV-10930,2462.09,4293.0,-550.23,-11.8474
GV-10931,2544.96,4258.53,-546.6,-11.7557
GV-10932,2573.28,4270.11,-602.16,-11.4836
GV-10933,2608.42,4289.06,-604.94,-11.5225
GV-10934,2672.68,4283.85,-596.29,-11.3423
GV-10935,2734.8,4285.54,-598.49,-11.3529
GV-10936,2770.97,4287.0,-600.68,-11.0509
GV-10937,2829.07,4259.84,-595.95,-11.0364
GV-10938,2882.85,4279.21,-647.22,-10.7932
GV-10939,2906.16,4277.75,-651.78,-10.6208
GV-10940,2987.56,4282.87,-651.27,-10.4183
GV-10941,3007.26,4266.81,-699.37,-10.3541
GV-10942,3084.8,4286.81,-697.14,-10.0678
GV-10943,3105.36,4277.56,-746.93,-10.0033
GV-10944,3161.78,4278.62,-753.92,-9.9899
GV-10945,3228.0,4255.16,-802.14,-9.5882
GV-10946,3291.95,4258.71,-802.96,-9.5926
GV-10947,3331.37,4267.34,-846.24,-9.3747
GV-10948,3385.31,4265.68,-895.28,-9.2034
GV-10949,3444.42,4275.28,-899.78,-9.099
GV-10950,3475.21,4265.25,-946.57,-8.9977
GV-10951,3526.7,4287.97,-1002.18,-8.6097
GV-10952,3581.11,4270.57,-1002.84,-8.7978
GV-10953,3630.9,4294.4,-1047.48,-8.5377
GV-10954,3657.17,4260.83,-1104.52,-8.406
GV-10955,3723.17,4286.34,-1104.78,-8.2814
GV-10956,3768.68,4289.95,-1151.53,-8.0041
GV-10957,3829.8,4267.83,-1204.39,-7.8901
GV-10958,3860.01,4265.04,-1198.69,-7.7145
GV-10959,3910.05,4281.69,-1247.93,-7.5662
GV-10960,3958.67,4285.06,-1245.53,-7.5326
GV-10961,4012.6,4277.05,-1295.26,-7.1591
GV-10962,4083.62,4293.97,-1297.13,-7.2285
GV-10963,4114.87,4294.16,-1345.72,-6.9221
GV-10964,4189.17,4270.77,-1351.15,-6.8202
GV-10965,4242.85,4260.15,-1398.65,-6.7837
GV-10966,4263.78,4260.87,-1398.63,-6.6736
GV-10967,4340.55,4269.19,-1448.45,-6.4795
GV-10968,4376.96,4281.04,-1452.98,-6.4148
GV-10969,4413.27,4274.71,-1447.64,-6.3165
GV-10970,4486.49,4280.48,-1503.95,-6.1151
GV-10971,4518.62,4287.53,-1501.78,-5.8903
GV-10972,4570.94,4277.91,-1502.58,-6.0597
GV-10973,4613.88,4262.7,-1499.35,-5.6963
GV-10974,4693.59,4269.17,-1498.81,-5.6037
GV-10975,4742.69,4260.25,-1547.19,-5.6395
GV-10976,4786.55,4264.43,-1553.35,-5.4708
GV-10977,4818.37,4261.38,-1552.61,-5.4389
GV-10978,4861.83,4257.52,-1553.82,-5.2122
GV-10979,4917.03,4275.08,-1545.39,-5.3376
GV-10980,4976.29,4283.67,-1546.63,-4.866
GV-10981,5040.68,4260.38,-1545.03,-4.9276
GV-10982,5081.98,4281.26,-1549.57,-4.8362
GV-10983,5118.89,4277.86,-1550.47,-4.6906
GV-10984,5161.11,4258.52,-1554.27,-4.5602
GV-10985,5239.75,4267.65,-1550.78,-4.4342
GV-10986,5257.1,4275.55,-1547.6,-4.3719
GV-10987,5322.17,4274.11,-1551.23,-4.169
GV-10988,5386.02,4274.3,-1545.17,-4.1697
GV-10989,5416.5,4264.01,-1604.67,-3.9499
GV-10990,5472.77,4279.33,-1600.71,-3.9319
GV-10991,5506.71,4265.96,-1599.75,-3.5106
GV-10992,5568.45,4272.78,-1598.06,-3.5735
GV-10993,5611.07,4289.37,-1598.97,-3.5006
GV-10994,5655.89,4284.81,-1603.3,-3.3655
GV-10995,5707.8,4266.02,-1599.88,-3.3031
GV-10996,5766.89,4292.48,-1598.49,-3.2277
GV-10997,5814.96,4280.49,-1602.05,-3.1379
GV-10998,5893.04,4261.49,-1600.78,-2.9066
GV-10999,5938.65,4283.63,-1604.76,-2.8763
GV-11000,5983.73,4284.68,-1600.73,-2.7008
GV-11001,6042.48,4284.26,-1598.92,-2.7089
GV-11002,6077.98,4281.0,-1596.94,-2.4743
GV-11003,6143.42,4270.83,-1596.51,-2.3537
GV-11004,6177.65,4264.98,-1602.85,-2.2907
GV-11005,6233.06,4289.18,-1596.12,-2.1624
GV-11006,6269.99,4286.13,-1599.73,-2.0441
GV-11007,6316.59,4273.92,-1601.11,-1.9797
GV-11008,6391.23,4273.91,-1595.88,-1.739
GV-11009,20.53,4306.73,-1003.02,-9.1591
GV-11010,59.83,4326.34,-953.26,-9.2124
GV-11011,132.91,4323.19,-896.81,-9.5502
GV-11012,162.44,4316.71,-895.49,-9.7536
GV-11013,238.23,4328.15,-845.28,-9.6722
GV-11014,292.3,4326.31,-800.5,-9.8931
GV-11015,329.04,4344.62,-795.14,-10.1184
GV-11016,360.18,4331.26,-753.89,-10.1962
GV-11017,409.87,4306.81,-752.54,-10.4253
GV-11018,487.79,4312.61,-701.86,-10.5866
GV-11019,522.34,4316.75,-698.22,-10.6466
GV-11020,581.19,4324.94,-652.66,-10.9863
GV-11021,633.39,4340.1,-650.25,-11.0073
GV-11022,687.12,4339.21,-651.78,-11.3882
GV-11023,731.97,4308.37,-599.62,-11.4012
GV-11024,782.59,4333.41,-595.89,-11.4477
GV-11025,822.76,4343.98,-596.21,-11.7423
GV-11026,892.8,4340.34,-600.82,-11.6588
GV-11027,922.28,4314.05,-547.9,-11.9573
GV-11028,957.74,4310.71,-546.15,-11.8325
GV-11029,1040.16,4341.71,-547.36,-12.2017
GV-11030,1088.71,4326.39,-554.32,-12.215
GV-11031,1127.75,4342.85,-545.01,-12.4205
GV-11032,1160.99,4322.55,-503.98,-12.4708
GV-11033,1244.05,4315.24,-503.44,-12.4355
GV-11034,1290.44,4313.29,-497.85,-12.5071
GV-11035,1311.39,4335.17,-498.36,-12.507
GV-11036,1383.18,4321.95,-504.26,-12.4467
GV-11037,1426.72,4341.66,-500.82,-12.7007
GV-11038,1460.38,4308.75,-496.05,-12.762
GV-11039,1521.98,4306.26,-501.8,-12.6682
GV-11040,1591.72,4321.1,-497.75,-12.8178
GV-11041,1618.97,4319.22,-502.61,-12.7107
GV-11042,1691.44,4311.24,-498.0,-12.5177
GV-11043,1710.72,4317.09,-497.46,-12.7628
GV-11044,1757.95,4343.13,-503.54,-12.6337
GV-11045,1807.07,4328.96,-501.87,-12.5854
GV-11046,1878.31,4321.76,-503.49,-12.5176
GV-11047,1944.43,4329.41,-500.44,-12.5105
GV-11048,1994.8,4343.31,-504.65,-12.3766
GV-11049,2007.46,4337.58,-504.4,-12.4477
GV-11050,2085.64,4312.67,-546.05,-12.4337
GV-11051,2137.81,4309.29,-551.92,-12.2358
GV-11052,2162.69,4325.12,-551.5,-12.2971
GV-11053,2216.23,4317.47,-554.19,-12.3309
GV-11054,2285.4,4307.67,-547.9,-12.0925
GV-11055,2340.15,4327.05,-546.63,-11.9902
GV-11056,2379.03,4334.37,-548.36,-11.9339
GV-11057,2434.58,4337.65,-548.74,-11.8857
GV-11058,2458.41,4322.16,-552.68,-11.7735
GV-11059,2537.04,4328.12,-547.11,-11.8133
GV-11060,2571.01,4316.76,-545.87,-11.6965
GV-11061,2634.42,4319.99,-603.21,-11.4667
GV-11062,2668.28,4318.45,-603.04,-11.4322
GV-11063,2738.46,4319.83,-600.29,-11.1958
GV-11064,2765.58,4318.85,-602.86,-10.9953
GV-11065,2817.19,4326.75,-604.96,-10.9509
GV-11066,2855.54,4328.49,-646.56,-10.8356
GV-11067,2926.13,4328.31,-645.96,-10.5959
GV-11068,2966.24,4322.15,-650.04,-10.5311
GV-11069,3023.41,4311.83,-698.02,-10.4584
GV-11070,3055.88,4311.19,-700.55,-10.2074
GV-11071,3105.83,4305.45,-699.34,-10.2545
GV-11072,3164.38,4314.81,-751.1,-10.0343
GV-11073,3234.69,4339.68,-801.45,-9.8339
GV-11074,3281.02,4342.79,-795.05,-9.592
GV-11075,3327.77,4319.89,-852.67,-9.4543
GV-11076,3390.56,4322.34,-853.26,-9.2946
GV-11077,3431.87,4326.3,-903.4,-9.1048
GV-11078,3485.08,4315.52,-954.43,-8.9247
GV-11079,3538.17,4336.33,-950.37,-8.5733
GV-11080,3574.82,4340.7,-1003.0,-8.5023
GV-11081,3614.81,4311.77,-1045.61,-8.481
GV-11082,3663.11,4337.59,-1053.67,-8.3411
GV-11083,3733.2,4325.66,-1103.2,-8.224
GV-11084,3764.98,4310.53,-1147.39,-7.9044
GV-11085,3844.74,4305.51,-1154.15,-8.0566
GV-11086,3894.54,4338.22,-1204.54,-7.7753
GV-11087,3929.44,4327.28,-1196.69,-7.7541
GV-11088,3982.98,4344.73,-1245.86,-7.3044
GV-11089,4033.99,4322.34,-1250.0,-7.0069
GV-11090,4070.21,4333.94,-1302.77,-7.2392
GV-11091,4137.26,4317.12,-1353.88,-7.0307
GV-11092,4173.06,4315.0,-1353.3,-6.9584
GV-11093,4225.31,4333.67,-1349.18,-6.88
GV-11094,4260.75,4342.07,-1398.81,-6.732
GV-11095,4339.52,4321.18,-1401.66,-6.6918
GV-11096,4364.43,4312.46,-1447.26,-6.2485
GV-11097,4422.98,4344.16,-1445.05,-6.2079
GV-11098,4479.16,4315.69,-1449.33,-6.1308
GV-11099,4534.32,4309.79,-1503.8,-6.1654
GV-11100,4590.83,4308.5,-1499.81,-6.0066
GV-11101,4634.19,4326.57,-1501.31,-5.7332
GV-11102,4689.91,4309.21,-1496.3,-5.8503
GV-11103,4736.64,4339.16,-1503.28,-5.5909
GV-11104,4794.81,4341.18,-1502.93,-5.585
GV-11105,4813.58,4335.8,-1552.77,-5.3042
GV-11106,4894.29,4318.14,-1552.42,-5.3319
GV-11107,4935.53,4313.72,-1553.08,-5.1334
GV-11108,4979.16,4315.12,-1545.75,-4.8569
GV-11109,5017.62,4324.18,-1546.67,-4.9013
GV-11110,5077.57,4344.1,-1547.16,-4.7163
GV-11111,5113.27,4312.4,-1552.97,-4.7694
GV-11112,5173.19,4335.11,-1554.04,-4.6091
GV-11113,5242.32,4338.93,-1546.9,-4.4225
GV-11114,5256.02,4330.49,-1548.46,-4.2451
GV-11115,5334.07,4305.61,-1547.51,-4.3536
GV-11116,5374.15,4343.12,-1552.32,-4.1594
GV-11117,5439.76,4333.07,-1551.26,-3.9243
GV-11118,5487.23,4341.2,-1598.66,-3.7953
GV-11119,5526.29,4329.45,-1603.04,-3.8713
GV-11120,5583.7,4337.43,-1603.82,-3.5374
GV-11121,5625.95,4339.16,-1601.91,-3.3
GV-11122,5674.49,4307.07,-1600.25,-3.5243
GV-11123,5744.66,4320.69,-1596.4,-3.3858
GV-11124,5760.69,4308.26,-1601.69,-3.3016
GV-11125,5828.44,4324.32,-1604.55,-2.9371
GV-11126,5856.19,4328.37,-1602.77,-3.0471
GV-11127,5906.21,4324.57,-1599.83,-2.763
GV-11128,5975.82,4343.85,-1603.58,-2.7785
GV-11129,6016.65,4306.15,-1596.84,-2.7348
GV-11130,6077.6,4335.37,-1595.02,-2.3717
GV-11131,6110.29,4310.42,-1604.89,-2.3303
GV-11132,6179.87,4321.0,-1596.88,-2.074
GV-11133,6229.66,4312.92,-1600.95,-2.1776
GV-11134,6285.82,4342.01,-1603.79,-1.9306
GV-11135,6311.96,4312.79,-1597.58,-1.6818
GV-11136,6393.91,4330.29,-1601.32,-1.8703
GV-11137,33.16,4358.24,-1003.86,-9.1259
GV-11138,77.22,4366.37,-953.98,-9.2056
GV-11139,120.77,4360.29,-952.38,-9.3594
GV-11140,181.53,4394.5,-899.25,-9.5462
GV-11141,234.27,4386.91,-851.03,-9.6664
GV-11142,282.12,4381.9,-851.08,-9.9796
GV-11143,312.65,4372.46,-797.13,-10.0679
GV-11144,369.11,4389.01,-801.55,-10.0313
GV-11145,429.46,4385.8,-751.02,-10.3285
GV-11146,472.1,4362.89,-745.44,-10.6599
GV-11147,526.62,4376.55,-696.93,-10.6704
GV-11148,559.97,4376.62,-695.11,-10.7779
GV-11149,644.0,4355.93,-653.71,-10.9101
GV-11150,662.83,4382.19,-648.36,-11.2928
GV-11151,733.75,4373.08,-650.33,-11.1953
GV-11152,793.61,4392.78,-599.73,-11.3687
GV-11153,818.55,4384.05,-600.51,-11.5615
GV-11154,871.17,4376.69,-598.42,-11.8076
GV-11155,929.73,4359.67,-596.98,-11.7489
GV-11156,964.45,4379.66,-551.37,-11.9672
GV-11157,1029.68,4375.75,-548.43,-11.9653
GV-11158,1076.86,4375.5,-545.4,-12.1142
GV-11159,1133.69,4385.91,-548.77,-12.1679
GV-11160,1169.45,4369.98,-504.79,-12.3603
GV-11161,1219.97,4375.75,-497.06,-12.3621
GV-11162,1270.72,4381.31,-503.4,-12.414
GV-11163,1337.78,4391.74,-502.37,-12.6078
GV-11164,1379.8,4380.71,-495.58,-12.5523
GV-11165,1425.66,4375.64,-501.0,-12.689
GV-11166,1492.16,4370.58,-500.41,-12.6873
GV-11167,1533.95,4392.43,-495.46,-12.6811
GV-11168,1572.67,4386.17,-500.43,-12.6642
GV-11169,1619.83,4390.07,-498.32,-12.7164
GV-11170,1670.4,4372.99,-497.52,-12.622
GV-11171,1730.65,4394.51,-501.02,-12.6326
GV-11172,1767.16,4390.15,-504.19,-12.7656
GV-11173,1838.36,4377.59,-499.02,-12.5384
GV-11174,1877.83,4385.85,-501.59,-12.6923
GV-11175,1922.42,4367.67,-501.39,-12.7368
GV-11176,1986.22,4355.86,-501.37,-12.6031
GV-11177,2009.21,4391.41,-502.36,-12.5847
GV-11178,2058.2,4357.01,-548.31,-12.5962
GV-11179,2114.98,4374.96,-549.01,-12.4149
GV-11180,2181.05,4385.76,-546.44,-12.2845
GV-11181,2206.46,4361.9,-550.54,-12.1125
GV-11182,2272.28,4381.14,-546.21,-12.1289
GV-11183,2341.3,4361.84,-546.08,-12.2017
GV-11184,2383.81,4391.41,-546.58,-11.9018
GV-11185,2428.16,4394.98,-548.94,-11.7919
GV-11186,2482.4,4373.03,-554.07,-11.8768
GV-11187,2531.19,4375.54,-545.84,-11.634
GV-11188,2565.98,4389.98,-554.06,-11.6266
GV-11189,2607.96,4361.66,-549.9,-11.5095
GV-11190,2684.81,4358.22,-598.34,-11.3047
GV-11191,2733.28,4364.99,-602.97,-11.3491
GV-11192,2793.67,4366.8,-599.77,-11.1309
GV-11193,2807.04,4385.96,-600.55,-11.1079
GV-11194,2885.1,4373.11,-596.99,-10.8073
GV-11195,2940.59,4356.82,-648.18,-10.7703
GV-11196,2963.01,4380.71,-652.47,-10.5987
GV-11197,3044.31,4367.66,-648.27,-10.4323
GV-11198,3059.7,4377.77,-700.11,-10.1412
GV-11199,3121.18,4356.21,-698.61,-10.0846
GV-11200,3182.82,4394.75,-749.67,-10.0448
GV-11201,3236.4,4357.51,-751.4,-9.8894
GV-11202,3265.85,4364.07,-796.28,-9.6583
GV-11203,3339.0,4382.42,-803.76,-9.4221
GV-11204,3369.72,4374.42,-848.83,-9.2086
GV-11205,3429.98,4363.02,-896.35,-9.0593
GV-11206,3479.72,4384.37,-899.08,-8.9317
GV-11207,3530.61,4367.15,-951.06,-8.8843
GV-11208,3569.49,4367.55,-1004.32,-8.6611
GV-11209,3640.22,4386.19,-1004.62,-8.5663
GV-11210,3667.6,4358.23,-1050.76,-8.2971
GV-11211,3717.03,4366.58,-1104.12,-8.2527
GV-11212,3759.18,4390.23,-1096.48,-8.1293
GV-11213,3839.33,4387.1,-1145.71,-7.9237
GV-11214,3859.6,4376.61,-1145.53,-7.7083
GV-11215,3927.19,4373.3,-1195.99,-7.6742
GV-11216,3986.52,4394.43,-1246.62,-7.5402
GV-11217,4028.09,4360.73,-1253.47,-7.4776
GV-11218,4094.06,4368.72,-1295.39,-7.4159
GV-11219,4107.88,4385.86,-1304.7,-7.133
GV-11220,4185.3,4360.32,-1347.15,-6.9867
GV-11221,4210.93,4381.92,-1353.97,-6.9693
GV-11222,4277.26,4360.54,-1353.75,-6.8567
GV-11223,4341.84,4379.21,-1400.57,-6.5595
GV-11224,4383.2,4374.88,-1399.62,-6.57
GV-11225,4434.7,4363.77,-1451.75,-6.3017
GV-11226,4488.82,4361.91,-1449.22,-6.0884
GV-11227,4522.02,4394.34,-1445.6,-6.2191
GV-11228,4581.17,4370.36,-1496.6,-6.0948
GV-11229,4614.6,4372.41,-1496.15,-5.9072
GV-11230,4669.87,4361.44,-1497.56,-5.8062
GV-11231,4731.52,4368.99,-1495.22,-5.4889
GV-11232,4789.16,4369.53,-1499.88,-5.4759
GV-11233,4837.44,4359.26,-1501.28,-5.3973
GV-11234,4862.64,4370.49,-1548.94,-5.0807
GV-11235,4910.55,4382.35,-1553.83,-5.2667
GV-11236,4969.78,4361.02,-1549.87,-4.9851
GV-11237,5015.95,4373.73,-1549.05,-4.8772
GV-11238,5083.55,4370.81,-1547.07,-4.9103
GV-11239,5114.77,4377.63,-1553.88,-4.7598
GV-11240,5193.03,4363.21,-1554.74,-4.4624
GV-11241,5206.53,4361.38,-1554.43,-4.5164
GV-11242,5293.2,4391.85,-1545.63,-4.1775
GV-11243,5340.36,4355.43,-1545.36,-4.1408
GV-11244,5358.35,4361.86,-1553.82,-4.1331
GV-11245,5427.37,4363.75,-1548.34,-3.9978
GV-11246,5470.86,4391.94,-1545.54,-3.8464
GV-11247,5536.25,4393.39,-1603.16,-3.7275
GV-11248,5555.1,4364.66,-1601.23,-3.6981
GV-11249,5614.67,4359.19,-1597.67,-3.5634
GV-11250,5673.18,4377.3,-1599.4,-3.4416
GV-11251,5706.99,4358.07,-1603.48,-3.4705
GV-11252,5781.05,4364.08,-1599.26,-3.0407
GV-11253,5827.24,4394.0,-1596.89,-3.1147
GV-11254,5867.01,4363.93,-1602.95,-2.8666
GV-11255,5936.37,4355.95,-1600.17,-2.8691
GV-11256,5976.79,4356.01,-1597.88,-2.8015
GV-11257,6036.47,4363.32,-1598.45,-2.7693
GV-11258,6083.4,4360.4,-1596.33,-2.5606
GV-11259,6129.59,4359.12,-1601.14,-2.6875
GV-11260,6189.14,4368.01,-1603.49,-2.3762
GV-11261,6242.15,4394.21,-1599.85,-2.1759
GV-11262,6276.69,4386.74,-1604.68,-2.1188
GV-11263,6319.95,4361.43,-1596.78,-1.9877
GV-11264,6376.19,4355.19,-1596.33,-1.8854
GV-11265,10.51,4433.06,-1052.63,-8.991
GV-11266,69.48,4420.13,-1004.6,-9.2591
GV-11267,119.21,4442.83,-948.81,-9.4127
GV-11268,184.12,4406.04,-904.16,-9.5244
GV-11269,236.3,4444.09,-901.23,-9.6368
GV-11270,294.26,4432.96,-847.21,-9.8195
GV-11271,318.81,4424.35,-850.26,-10.0776
GV-11272,392.9,4436.55,-801.5,-10.1707
GV-11273,434.36,4438.12,-745.64,-10.3414
GV-11274,472.81,4422.94,-752.72,-10.4899
GV-11275,541.4,4443.89,-699.58,-10.6219
GV-11276,559.38,4444.7,-695.52,-10.8505
GV-11277,639.8,4430.62,-697.87,-10.951
GV-11278,677.93,4424.82,-648.75,-10.9816
GV-11279,717.62,4439.73,-653.77,-11.2016
GV-11280,766.86,4439.79,-649.58,-11.2331
GV-11281,824.49,4407.74,-601.76,-11.5099
GV-11282,884.74,4413.93,-595.26,-11.6364
GV-11283,935.91,4412.85,-600.29,-11.6273
GV-11284,966.39,4441.42,-554.12,-11.9648
GV-11285,1043.62,4437.21,-551.42,-11.974
GV-11286,1056.94,4433.39,-552.1,-12.0084
GV-11287,1124.98,4433.79,-552.64,-12.1983
GV-11288,1181.27,4434.29,-498.04,-12.2028
GV-11289,1220.47,4412.53,-496.89,-12.4631
GV-11290,1288.54,4432.71,-501.48,-12.4958
GV-11291,1321.92,4437.11,-503.67,-12.5171
GV-11292,1378.13,4427.4,-500.94,-12.5948
GV-11293,1411.4,4442.09,-497.6,-12.7202
GV-11294,1457.12,4418.35,-501.2,-12.5497
GV-11295,1508.74,4435.51,-502.38,-12.6491
GV-11296,1583.7,4418.49,-500.9,-12.5553
GV-11297,1606.53,4423.07,-501.49,-12.6673
GV-11298,1671.52,4409.02,-500.03,-12.5553
GV-11299,1720.47,4428.34,-497.0,-12.7001
GV-11300,1761.78,4443.9,-502.2,-12.6756
GV-11301,1838.31,4418.96,-498.86,-12.7906
GV-11302,1874.02,4415.22,-503.81,-12.5894
GV-11303,1913.95,4425.16,-497.92,-12.6049
GV-11304,1991.14,4413.43,-500.51,-12.413
GV-11305,2018.52,4425.36,-502.35,-12.4213
GV-11306,2074.24,4433.1,-549.22,-12.4798
GV-11307,2118.22,4431.94,-554.25,-12.1357
GV-11308,2194.59,4413.55,-551.14,-12.3719
GV-11309,2220.37,4440.39,-550.23,-12.2362
GV-11310,2266.99,4437.59,-551.17,-12.1889
GV-11311,2315.5,4436.63,-545.28,-12.1703
GV-11312,2361.56,4434.1,-550.98,-11.7198
GV-11313,2414.63,4427.4,-546.25,-11.887
GV-11314,2486.94,4406.87,-548.73,-11.8717
GV-11315,2535.89,4423.44,-547.89,-11.6298
GV-11316,2585.79,4415.52,-546.67,-11.59
GV-11317,2638.29,4443.32,-549.7,-11.5645
GV-11318,2674.48,4412.13,-595.59,-11.4592
GV-11319,2721.44,4413.18,-597.37,-11.2662
GV-11320,2761.17,4433.37,-602.72,-11.2996
GV-11321,2806.07,4409.97,-599.57,-11.0434
GV-11322,2875.42,4420.8,-596.78,-10.7469
GV-11323,2919.66,4441.4,-645.46,-10.8646
GV-11324,2972.22,4407.62,-654.15,-10.8011
GV-11325,3033.89,4422.81,-654.57,-10.5095
GV-11326,3056.96,4433.5,-699.64,-10.3418
GV-11327,3131.13,4435.54,-702.61,-10.2762
GV-11328,3191.91,4424.03,-749.93,-10.0845
GV-11329,3219.86,4417.87,-751.91,-9.8295
GV-11330,3279.77,4438.32,-801.39,-9.7495
GV-11331,3314.84,4433.92,-796.28,-9.3266
GV-11332,3357.1,4443.14,-853.65,-9.3583
GV-11333,3442.63,4440.79,-854.85,-9.2585
GV-11334,3489.06,4444.65,-900.34,-8.9259
GV-11335,3532.65,4428.13,-948.56,-8.9561
GV-11336,3591.16,4415.75,-954.59,-8.7791
GV-11337,3627.6,4417.96,-1000.1,-8.6846
GV-11338,3673.79,4414.05,-996.63,-8.6869
GV-11339,3716.41,4429.82,-1047.63,-8.2812
GV-11340,3778.48,4418.99,-1095.85,-8.2332
GV-11341,3832.79,4416.25,-1101.68,-7.9421
GV-11342,3870.33,4407.95,-1145.03,-7.7375
GV-11343,3920.66,4427.65,-1201.91,-7.5929
GV-11344,3956.93,4409.43,-1204.85,-7.5867
GV-11345,4017.37,4430.44,-1251.35,-7.3536
GV-11346,4077.18,4407.24,-1247.17,-7.4901
GV-11347,4140.33,4430.5,-1304.94,-7.1646
GV-11348,4184.84,4419.64,-1296.19,-6.935
GV-11349,4243.3,4427.22,-1349.61,-6.9979
GV-11350,4255.65,4438.51,-1348.73,-6.7353
GV-11351,4317.39,4425.09,-1395.53,-6.6023
GV-11352,4369.05,4406.16,-1396.99,-6.535
GV-11353,4423.85,4409.83,-1396.24,-6.3763
GV-11354,4478.53,4422.09,-1450.2,-6.2774
GV-11355,4532.73,4430.08,-1451.76,-6.1455
GV-11356,4576.81,4434.42,-1447.67,-6.1178
GV-11357,4627.85,4442.17,-1503.42,-5.8255
GV-11358,4682.08,4426.96,-1502.35,-5.8647
GV-11359,4713.12,4436.7,-1498.45,-5.7419
GV-11360,4778.66,4423.0,-1504.5,-5.519
GV-11361,4807.4,4434.23,-1499.81,-5.3586
GV-11362,4889.49,4408.42,-1502.32,-5.2978
GV-11363,4923.9,4432.2,-1550.26,-5.146
GV-11364,4972.52,4410.87,-1548.0,-5.026
GV-11365,5040.9,4427.54,-1551.36,-4.7921
GV-11366,5093.25,4441.15,-1553.68,-4.8913
GV-11367,5122.41,4441.31,-1551.0,-4.7118
GV-11368,5186.66,4412.21,-1549.21,-4.5776
GV-11369,5225.69,4426.78,-1546.44,-4.4243
GV-11370,5290.11,4413.25,-1549.69,-4.327
GV-11371,5316.24,4427.91,-1552.36,-4.1421
GV-11372,5366.75,4436.16,-1547.37,-3.9778
GV-11373,5434.71,4409.65,-1553.61,-4.0699
GV-11374,5460.29,4412.02,-1547.99,-3.9094
GV-11375,5510.53,4423.33,-1548.98,-3.9515
GV-11376,5562.55,4417.58,-1546.74,-3.8457
GV-11377,5607.69,4418.4,-1596.49,-3.5547
GV-11378,5656.87,4425.81,-1596.91,-3.4307
GV-11379,5727.51,4422.64,-1595.14,-3.554
GV-11380,5760.9,4426.57,-1602.87,-3.0843
GV-11381,5831.3,4416.26,-1604.83,-3.0213
GV-11382,5871.83,4444.51,-1595.52,-2.8772
GV-11383,5921.58,4416.01,-1596.79,-2.7437
GV-11384,5957.02,4416.99,-1603.04,-2.7075
GV-11385,6035.92,4413.42,-1599.6,-2.7167
GV-11386,6077.58,4429.09,-1596.55,-2.5383
GV-11387,6116.73,4441.78,-1601.05,-2.3166
GV-11388,6188.91,4431.89,-1600.73,-2.4152
GV-11389,6226.09,4425.61,-1601.49,-1.9345
GV-11390,6276.38,4433.79,-1595.86,-2.0188
GV-11391,6334.01,4429.14,-1599.74,-1.9819
GV-11392,6388.53,4406.28,-1601.07,-1.757
GV-11393,35.54,4455.53,-1051.3,-9.0043
GV-11394,57.42,4482.03,-995.1,-9.0621
GV-11395,136.91,4485.64,-1002.8,-9.1554
GV-11396,162.75,4471.36,-952.78,-9.4945
GV-11397,234.29,4467.52,-902.8,-9.565
GV-11398,256.1,4455.73,-899.36,-9.8173
GV-11399,329.11,4481.8,-849.68,-10.0232
GV-11400,388.47,4457.73,-804.2,-9.9621
GV-11401,410.59,4490.74,-796.62,-10.2645
GV-11402,469.86,4473.71,-746.47,-10.4842
GV-11403,527.42,4485.11,-752.64,-10.478
GV-11404,575.07,4491.69,-702.57,-10.7841
GV-11405,618.05,4483.62,-704.52,-10.7551
GV-11406,672.27,4466.01,-695.77,-10.9519
GV-11407,727.35,4459.65,-654.48,-11.1531
GV-11408,772.75,4482.5,-645.21,-11.3398
GV-11409,818.69,4477.72,-645.47,-11.3088
GV-11410,867.42,4478.39,-595.26,-11.5658
GV-11411,906.09,4478.24,-596.9,-11.502
GV-11412,979.25,4459.45,-601.6,-11.7729
GV-11413,1006.38,4481.46,-554.64,-11.9177
GV-11414,1085.44,4481.32,-546.68,-12.0891
GV-11415,1134.85,4481.18,-549.35,-12.2447
GV-11416,1188.35,4462.56,-549.63,-12.0581
GV-11417,1211.75,4472.4,-500.73,-12.17
GV-11418,1283.69,4471.34,-498.53,-12.3277
GV-11419,1334.67,4480.87,-501.41,-12.4017
GV-11420,1375.62,4474.79,-496.88,-12.5035
GV-11421,1442.5,4463.78,-496.41,-12.5726
GV-11422,1468.59,4469.92,-504.94,-12.554
GV-11423,1536.44,4471.34,-500.62,-12.5177
GV-11424,1593.59,4455.92,-504.27,-12.5066
GV-11425,1626.51,4488.35,-498.68,-12.553
GV-11426,1664.13,4483.67,-503.64,-12.5003
GV-11427,1728.7,4482.17,-500.67,-12.6873
GV-11428,1761.7,4486.43,-499.52,-12.7087
GV-11429,1806.12,4468.68,-495.49,-12.4719
GV-11430,1893.93,4490.03,-504.44,-12.584
GV-11431,1907.57,4461.62,-495.93,-12.6815
GV-11432,1986.64,4483.84,-500.29,-12.4617
GV-11433,2009.47,4459.03,-550.63,-12.4256
GV-11434,2076.51,4492.2,-553.68,-12.3581
GV-11435,2126.7,4474.02,-548.57,-12.329
GV-11436,2164.81,4460.28,-554.09,-12.2809
GV-11437,2205.17,4473.68,-551.08,-12.2798
GV-11438,2257.22,4490.45,-545.4,-12.1336
GV-11439,2315.62,4485.47,-549.31,-12.0221
GV-11440,2377.01,4460.81,-546.68,-11.921
GV-11441,2408.97,4465.48,-551.75,-11.9092
GV-11442,2493.04,4456.18,-553.14,-11.8906
GV-11443,2536.51,4463.23,-550.29,-11.7307
GV-11444,2583.85,4461.89,-545.8,-11.8928
GV-11445,2639.87,4486.15,-552.28,-11.5239
GV-11446,2657.49,4487.04,-547.52,-11.422
GV-11447,2708.84,4461.21,-601.69,-11.1938
GV-11448,2787.91,4484.34,-595.01,-11.0473
GV-11449,2821.93,4483.42,-596.52,-11.0931
GV-11450,2874.36,4490.58,-599.03,-11.1463
GV-11451,2935.93,4486.14,-596.6,-10.8624
GV-11452,2975.99,4459.02,-650.47,-10.6651
GV-11453,3030.03,4466.92,-653.71,-10.582
GV-11454,3055.17,4461.88,-651.6,-10.2675
GV-11455,3126.83,4488.03,-696.66,-10.3929
GV-11456,3159.19,4493.75,-698.14,-10.0175
GV-11457,3226.15,4482.52,-747.14,-9.7508
GV-11458,3256.04,4455.84,-746.48,-9.8874
GV-11459,3337.94,4470.01,-800.66,-9.6353
GV-11460,3360.52,4463.41,-848.92,-9.5515
GV-11461,3423.27,4469.14,-847.78,-9.3443
GV-11462,3489.54,4475.61,-903.46,-8.9499
GV-11463,3522.38,4485.67,-902.32,-8.9255
GV-11464,3555.36,4467.62,-951.42,-8.8051
GV-11465,3639.85,4473.66,-1002.47,-8.747
GV-11466,3694.72,4489.47,-995.99,-8.426
GV-11467,3731.3,4458.6,-1048.36,-8.3393
GV-11468,3759.05,4489.35,-1046.0,-8.0988
GV-11469,3821.73,4481.21,-1101.1,-8.2335
GV-11470,3894.94,4467.99,-1149.77,-7.77
GV-11471,3923.9,4487.77,-1152.99,-7.8914
GV-11472,3983.53,4471.68,-1196.56,-7.6466
GV-11473,4035.55,4476.3,-1202.76,-7.3718
GV-11474,4055.02,4488.26,-1252.03,-7.5195
GV-11475,4119.43,4455.73,-1250.08,-7.2614
GV-11476,4175.53,4459.76,-1299.64,-7.0952
GV-11477,4230.61,4479.85,-1304.35,-6.821
GV-11478,4262.14,4469.68,-1354.14,-6.8251
GV-11479,4338.81,4488.37,-1348.03,-6.7188
GV-11480,4361.96,4464.38,-1400.51,-6.5348
GV-11481,4434.14,4494.75,-1396.82,-6.4431
GV-11482,4469.95,4492.02,-1402.09,-6.1771
GV-11483,4522.5,4470.89,-1447.02,-6.0535
GV-11484,4592.51,4489.26,-1446.92,-5.9666
GV-11485,4625.36,4459.65,-1453.42,-5.8105
GV-11486,4682.4,4483.3,-1502.88,-5.838
GV-11487,4737.48,4491.34,-1499.41,-5.7658
GV-11488,4774.23,4491.63,-1497.19,-5.4004
GV-11489,4819.73,4462.97,-1497.93,-5.4129
GV-11490,4875.83,4462.51,-1504.58,-5.3686
GV-11491,4916.61,4458.14,-1499.32,-5.2796
GV-11492,4968.46,4469.63,-1554.28,-5.1447
GV-11493,5027.92,4475.09,-1554.32,-5.0152
GV-11494,5058.97,4463.41,-1554.52,-4.9366
GV-11495,5105.52,4469.85,-1551.77,-4.3921
GV-11496,5179.89,4481.24,-1553.56,-4.8091
GV-11497,5207.28,4490.36,-1549.96,-4.6292
GV-11498,5274.85,4483.77,-1552.61,-4.3889
GV-11499,5334.93,4465.19,-1550.39,-4.2066
GV-11500,5355.77,4460.46,-1552.42,-4.15
GV-11501,5435.2,4470.09,-1550.82,-3.9917
GV-11502,5458.1,4476.12,-1545.11,-3.9746
GV-11503,5544.0,4490.01,-1547.52,-3.7254
GV-11504,5594.47,4489.89,-1553.73,-3.7617
GV-11505,5610.78,4489.08,-1546.13,-3.4593
GV-11506,5680.69,4488.62,-1554.5,-3.5041
GV-11507,5737.81,4485.57,-1546.31,-3.3618
GV-11508,5760.7,4489.11,-1547.75,-3.1757
GV-11509,5831.95,4466.45,-1598.8,-3.2078
GV-11510,5862.92,4459.16,-1602.41,-2.9364
GV-11511,5921.58,4463.89,-1599.83,-2.8156
GV-11512,5986.03,4490.37,-1603.32,-2.8064
GV-11513,6038.81,4476.0,-1599.17,-2.5375
GV-11514,6069.52,4493.22,-1597.13,-2.6788
GV-11515,6121.36,4460.64,-1599.27,-2.3924
GV-11516,6176.06,4473.73,-1601.86,-2.4581
GV-11517,6236.27,4470.78,-1596.7,-2.145
GV-11518,6267.31,4481.55,-1598.06,-2.046
GV-11519,6314.33,4490.24,-1595.27,-1.8095
GV-11520,6375.07,4462.85,-1599.28,-1.5485
GV-11521,39.79,4529.64,-1047.68,-9.0954
GV-11522,55.94,4521.19,-1053.48,-9.2652
GV-11523,136.81,4515.88,-1003.43,-9.3476
GV-11524,170.69,4508.28,-945.55,-9.5692
GV-11525,235.61,4538.01,-952.07,-9.7016
GV-11526,274.96,4524.05,-900.11,-9.6828
GV-11527,319.53,4525.3,-845.41,-9.7921
GV-11528,381.99,4530.79,-851.16,-10.0049
GV-11529,420.32,4541.34,-804.61,-10.1522
GV-11530,487.14,4514.84,-798.66,-10.2684
GV-11531,523.47,4524.9,-745.95,-10.4564
GV-11532,574.1,4534.78,-745.85,-10.5821
GV-11533,631.97,4544.21,-702.84,-10.7893
GV-11534,680.62,4517.45,-703.67,-10.8631
GV-11535,722.15,4533.91,-654.43,-10.991
GV-11536,766.9,4522.27,-647.24,-11.1656
GV-11537,832.48,4512.18,-654.37,-11.3609
GV-11538,881.58,4524.48,-601.95,-11.2632
GV-11539,928.92,4540.65,-596.66,-11.4431
GV-11540,992.9,4522.49,-597.89,-11.6955
GV-11541,1037.53,4528.76,-598.15,-11.8207
GV-11542,1084.98,4516.81,-547.15,-12.1259
GV-11543,1143.67,4514.37,-550.83,-11.9965
GV-11544,1189.03,4517.26,-549.46,-12.1528
GV-11545,1212.91,4544.43,-503.89,-12.2501
GV-11546,1263.49,4505.3,-501.18,-12.469
GV-11547,1330.17,4540.68,-495.65,-12.5364
GV-11548,1357.58,4526.94,-497.9,-12.5633
GV-11549,1406.32,4543.71,-495.34,-12.5615
GV-11550,1474.1,4520.4,-502.7,-12.6285
GV-11551,1528.02,4526.64,-502.06,-12.3829
GV-11552,1567.01,4520.09,-496.42,-12.6815
GV-11553,1615.91,4507.49,-503.86,-12.6292
GV-11554,1684.66,4510.92,-503.39,-12.5127
GV-11555,1722.69,4520.19,-495.69,-12.3604
GV-11556,1771.98,4517.58,-503.62,-12.4433
GV-11557,1808.17,4509.08,-496.05,-12.6142
GV-11558,1876.16,4539.13,-503.48,-12.7133
GV-11559,1905.86,4508.69,-502.56,-12.4987
GV-11560,1956.09,4509.87,-496.13,-12.5526
GV-11561,2025.52,4532.14,-545.32,-12.4288
GV-11562,2077.45,4518.3,-546.48,-12.4496
GV-11563,2115.0,4515.37,-545.02,-12.3364
GV-11564,2158.73,4524.18,-553.22,-12.2891
GV-11565,2218.5,4541.88,-549.4,-12.1092
GV-11566,2283.61,4508.21,-550.79,-12.2345
GV-11567,2329.58,4512.94,-553.78,-12.0869
GV-11568,2371.88,4509.34,-545.62,-11.9556
GV-11569,2424.91,4529.46,-549.17,-11.7997
GV-11570,2479.84,4541.56,-549.56,-11.8705
GV-11571,2508.45,4539.72,-552.55,-11.6173
GV-11572,2585.8,4514.22,-545.26,-11.5815
GV-11573,2633.52,4543.18,-550.44,-11.4711
GV-11574,2693.37,4508.97,-548.02,-11.5726
GV-11575,2738.5,4537.97,-598.3,-11.4089
GV-11576,2792.58,4530.7,-603.25,-11.1488
GV-11577,2843.96,4505.26,-603.54,-11.0473
GV-11578,2889.87,4518.22,-597.72,-11.039
GV-11579,2919.99,4518.34,-604.02,-10.8552
GV-11580,2966.27,4526.82,-652.89,-10.7498
GV-11581,3007.17,4514.84,-649.6,-10.3812
GV-11582,3085.49,4524.19,-654.26,-10.5087
GV-11583,3135.31,4512.33,-696.28,-10.1942
GV-11584,3164.92,4534.92,-700.96,-10.1466
GV-11585,3236.66,4541.98,-752.42,-10.0747
GV-11586,3280.78,4520.89,-745.17,-9.8172
GV-11587,3314.91,4513.32,-804.97,-9.6351
GV-11588,3361.6,4523.18,-797.73,-9.2499
GV-11589,3428.81,4530.82,-852.35,-9.4216
GV-11590,3466.43,4512.06,-847.66,-9.1307
GV-11591,3539.5,4541.46,-897.28,-9.068
GV-11592,3571.39,4541.95,-951.47,-8.9578
GV-11593,3624.52,4519.37,-954.89,-8.6711
GV-11594,3673.21,4506.49,-995.48,-8.473
GV-11595,3719.56,4514.61,-996.25,-8.4806
GV-11596,3788.29,4532.51,-1046.19,-8.4725
GV-11597,3805.41,4515.1,-1049.1,-8.022
GV-11598,3870.43,4514.04,-1101.74,-7.8761
GV-11599,3919.04,4522.5,-1154.19,-7.7528
GV-11600,3989.05,4536.46,-1145.2,-7.83
GV-11601,4035.04,4517.93,-1198.73,-7.7168
GV-11602,4076.0,4535.79,-1200.27,-7.3101
GV-11603,4128.72,4518.92,-1249.25,-7.1828
GV-11604,4176.3,4521.4,-1250.59,-6.974
GV-11605,4229.39,4519.4,-1303.16,-6.941
GV-11606,4277.17,4511.52,-1295.41,-6.8023
GV-11607,4306.86,4509.47,-1348.55,-6.6993
GV-11608,4393.9,4517.27,-1347.95,-6.6385
GV-11609,4413.48,4520.9,-1399.03,-6.3513
GV-11610,4477.81,4531.85,-1397.77,-6.2234
GV-11611,4523.67,4543.08,-1401.65,-6.2457
GV-11612,4557.48,4518.82,-1451.86,-6.1084
GV-11613,4610.13,4534.95,-1454.83,-5.9341
GV-11614,4686.81,4518.57,-1452.16,-5.9222
GV-11615,4723.38,4529.74,-1502.48,-5.7516
GV-11616,4783.67,4519.07,-1495.43,-5.613
GV-11617,4833.0,4534.17,-1496.63,-5.5104
GV-11618,4875.42,4506.93,-1501.84,-5.3799
GV-11619,4943.58,4520.13,-1497.11,-5.2333
GV-11620,4982.08,4512.3,-1499.26,-4.924
GV-11621,5010.02,4530.78,-1545.0,-4.9726
GV-11622,5066.98,4517.37,-1546.12,-4.8446
GV-11623,5106.76,4520.38,-1549.92,-4.7582
GV-11624,5166.14,4512.15,-1545.88,-4.6675
GV-11625,5241.15,4523.89,-1552.63,-4.5797
GV-11626,5264.91,4523.98,-1552.62,-4.2465
GV-11627,5321.48,4542.19,-1554.03,-4.2399
GV-11628,5359.44,4524.05,-1548.52,-4.1339
GV-11629,5426.72,4505.29,-1546.92,-3.9917
GV-11630,5486.29,4516.55,-1554.3,-3.8965
GV-11631,5510.63,4514.43,-1546.98,-3.8681
GV-11632,5587.18,4507.66,-1554.83,-3.6327
GV-11633,5620.4,4526.1,-1547.14,-3.5432
GV-11634,5655.82,4535.91,-1550.32,-3.478
GV-11635,5724.28,4508.75,-1547.34,-3.2204
GV-11636,5771.38,4512.76,-1552.15,-3.1959
GV-11637,5827.16,4544.1,-1549.45,-3.2025
GV-11638,5892.27,4514.6,-1553.67,-2.8418
GV-11639,5943.21,4538.97,-1552.79,-2.822
GV-11640,5989.12,4543.52,-1604.03,-2.873
GV-11641,6018.38,4521.36,-1601.66,-2.5612
GV-11642,6062.12,4541.09,-1601.5,-2.6875
GV-11643,6108.29,4505.19,-1602.47,-2.3933
GV-11644,6168.18,4516.87,-1595.38,-2.331
GV-11645,6223.87,4511.56,-1599.58,-2.1138
GV-11646,6259.91,4523.39,-1596.67,-2.1014
GV-11647,6336.47,4542.81,-1601.3,-2.0616
GV-11648,6364.99,4517.73,-1599.32,-1.743
GV-11649,30.12,4590.68,-1104.11,-8.9234
GV-11650,84.78,4582.22,-1050.55,-9.1105
GV-11651,118.52,4580.75,-995.35,-9.1838
GV-11652,194.27,4590.05,-1001.69,-9.3735
GV-11653,233.36,4591.66,-951.67,-9.6441
GV-11654,284.38,4558.26,-899.16,-9.5477
GV-11655,344.75,4588.74,-901.58,-9.7051
GV-11656,355.4,4586.7,-845.9,-10.1035
GV-11657,443.18,4575.41,-847.88,-10.152
GV-11658,488.46,4581.25,-796.98,-10.0934
GV-11659,506.31,4567.27,-797.37,-10.3164
GV-11660,568.03,4585.42,-754.19,-10.5499
GV-11661,608.74,4584.98,-748.75,-10.7821
GV-11662,658.84,4583.07,-702.49,-10.8768
GV-11663,727.84,4588.82,-700.84,-10.9562
GV-11664,773.13,4578.73,-653.95,-11.0778
GV-11665,839.99,4560.32,-646.24,-11.2549
GV-11666,857.62,4565.33,-654.41,-11.5159
GV-11667,935.07,4557.72,-595.34,-11.4943
GV-11668,977.22,4563.4,-600.08,-11.5146
GV-11669,1006.72,4593.4,-603.04,-11.643
GV-11670,1061.96,4579.29,-554.58,-11.8765
GV-11671,1132.86,4587.96,-554.24,-11.906
GV-11672,1167.83,4576.4,-547.87,-12.0509
GV-11673,1230.34,4576.44,-547.67,-12.0984
GV-11674,1284.3,4591.31,-504.0,-12.1955
GV-11675,1318.05,4556.82,-497.66,-12.4243
GV-11676,1360.12,4587.89,-499.68,-12.6444
GV-11677,1415.23,4591.83,-500.17,-12.4911
GV-11678,1490.47,4591.0,-496.37,-12.3146
GV-11679,1527.6,4587.16,-503.97,-12.5218
GV-11680,1594.04,4585.68,-498.45,-12.6961
GV-11681,1640.4,4567.75,-495.9,-12.5434
GV-11682,1660.8,4562.28,-496.6,-12.5929
GV-11683,1728.45,4593.6,-503.13,-12.5322
GV-11684,1768.58,4555.69,-502.82,-12.5657
GV-11685,1830.31,4576.39,-502.72,-12.4963
GV-11686,1885.11,4576.92,-495.28,-12.5009
GV-11687,1932.26,4563.05,-499.99,-12.5717
GV-11688,1986.58,4571.09,-495.91,-12.5843
GV-11689,2020.77,4581.43,-552.42,-12.3925
GV-11690,2088.29,4593.87,-547.93,-12.3878
GV-11691,2109.3,4556.51,-549.32,-12.319
GV-11692,2193.31,4593.19,-552.76,-12.2955
GV-11693,2220.36,4573.17,-554.03,-12.2792
GV-11694,2276.12,4570.97,-549.49,-12.07
GV-11695,2320.25,4581.04,-550.46,-12.002
GV-11696,2368.43,4560.14,-552.15,-11.954
GV-11697,2422.31,4571.09,-549.15,-11.8748
GV-11698,2478.46,4572.85,-554.98,-11.7878
GV-11699,2519.86,4586.38,-547.31,-11.6749
GV-11700,2586.72,4579.42,-551.52,-11.6743
GV-11701,2638.38,4580.33,-546.87,-11.6805
GV-11702,2678.06,4567.44,-552.89,-11.3992
GV-11703,2708.84,4570.73,-551.76,-11.533
GV-11704,2791.88,4557.28,-599.82,-11.418
GV-11705,2823.46,4587.84,-600.88,-11.2269
GV-11706,2873.59,4567.98,-596.31,-10.8758
GV-11707,2927.38,4593.31,-599.27,-10.748
GV-11708,2963.28,4567.17,-654.33,-10.6333
GV-11709,3022.5,4587.98,-646.1,-10.5982
GV-11710,3057.12,4587.98,-652.31,-10.3376
GV-11711,3117.49,4557.57,-700.52,-10.293
GV-11712,3187.3,4569.1,-696.37,-10.1338
GV-11713,3208.59,4559.74,-699.68,-9.8742
GV-11714,3258.72,4585.63,-753.11,-9.7536
GV-11715,3319.47,4590.97,-745.46,-9.4612
GV-11716,3389.14,4585.21,-799.23,-9.4193
GV-11717,3438.22,4566.77,-853.1,-9.3581
GV-11718,3459.39,4579.2,-845.57,-9.1288
GV-11719,3526.14,4562.17,-902.91,-8.9879
GV-11720,3578.74,4566.19,-904.45,-9.0965
GV-11721,3643.88,4582.24,-945.91,-8.7304
GV-11722,3691.02,4569.49,-948.07,-8.7168
GV-11723,3742.23,4587.83,-995.56,-8.5295
GV-11724,3755.27,4593.29,-996.49,-8.1876
GV-11725,3808.15,4556.5,-1054.51,-8.0733
GV-11726,3874.63,4589.21,-1096.04,-7.9716
GV-11727,3927.55,4571.72,-1102.15,-7.847
GV-11728,3991.69,4575.24,-1148.29,-7.6959
GV-11729,4036.19,4587.74,-1148.42,-7.6236
GV-11730,4066.62,4572.93,-1200.91,-7.3041
GV-11731,4136.84,4592.69,-1195.29,-7.1541
GV-11732,4180.1,4561.78,-1252.58,-7.2463
GV-11733,4213.9,4586.99,-1247.22,-7.0884
GV-11734,4269.76,4555.79,-1295.19,-6.8629
GV-11735,4336.86,4570.06,-1303.21,-6.9376
GV-11736,4391.03,4581.58,-1353.2,-6.7885
GV-11737,4405.75,4561.99,-1348.41,-6.5032
GV-11738,4488.94,4559.9,-1399.56,-6.3212
GV-11739,4528.41,4587.62,-1403.0,-6.1976
GV-11740,4582.62,4560.81,-1397.03,-6.1332
GV-11741,4626.27,4566.63,-1454.03,-5.9762
GV-11742,4673.51,4567.97,-1451.5,-5.8105
GV-11743,4718.62,4557.25,-1450.98,-5.7221
GV-11744,4785.14,4565.66,-1495.01,-5.6218
GV-11745,4834.85,4587.51,-1499.91,-5.6159
GV-11746,4855.2,4592.69,-1495.33,-5.3557
GV-11747,4941.9,4572.09,-1501.59,-5.1487
GV-11748,4960.47,4592.25,-1495.55,-5.0499
GV-11749,5037.46,4555.3,-1501.47,-4.8243
GV-11750,5070.67,4561.91,-1553.4,-4.9257
GV-11751,5116.0,4562.86,-1553.3,-4.5738
GV-11752,5180.34,4580.23,-1545.66,-4.6027
GV-11753,5227.3,4587.77,-1554.17,-4.5153
GV-11754,5261.49,4568.78,-1552.8,-4.4615
GV-11755,5344.58,4593.68,-1554.88,-4.2869
GV-11756,5390.19,4559.18,-1545.0,-4.1963
GV-11757,5435.78,4586.67,-1545.08,-4.0989
GV-11758,5458.36,4576.73,-1546.5,-3.9029
GV-11759,5514.62,4592.68,-1548.12,-3.8789
GV-11760,5563.04,4575.41,-1546.68,-3.8227
GV-11761,5631.86,4578.5,-1554.24,-3.6565
GV-11762,5671.14,4587.94,-1552.85,-3.5528
GV-11763,5733.9,4582.97,-1552.21,-3.3642
GV-11764,5772.03,4580.97,-1548.74,-3.2559
GV-11765,5844.02,4563.88,-1547.41,-3.0676
GV-11766,5860.83,4592.75,-1546.42,-2.9321
GV-11767,5944.36,4561.75,-1550.14,-2.8572
GV-11768,5958.12,4561.06,-1550.02,-2.7729
GV-11769,6032.54,4557.4,-1554.99,-2.6734
GV-11770,6066.55,4589.92,-1595.98,-2.4482
GV-11771,6106.87,4585.89,-1598.04,-2.4988
GV-11772,6179.55,4587.27,-1597.61,-2.2841
GV-11773,6221.2,4572.21,-1600.74,-2.0364
GV-11774,6271.74,4568.71,-1602.41,-2.0521
GV-11775,6309.72,4574.71,-1603.25,-1.9655
GV-11776,6390.48,4573.92,-1602.65,-1.6673
GV-11777,29.02,4611.88,-1100.52,-9.0056
GV-11778,63.3,4627.08,-1100.04,-9.059
GV-11779,142.75,4626.98,-1053.54,-9.1761
GV-11780,185.91,4636.5,-1001.83,-9.3485
GV-11781,244.1,4636.87,-950.68,-9.5775
GV-11782,280.59,4617.5,-951.73,-9.6049
GV-11783,311.52,4611.04,-903.91,-9.6733
GV-11784,355.83,4614.81,-899.11,-9.9147
GV-11785,435.22,4618.59,-852.6,-10.0306
GV-11786,473.08,4616.47,-796.21,-10.2598
GV-11787,511.36,4605.59,-803.77,-10.3786
GV-11788,562.75,4613.88,-753.19,-10.3929
GV-11789,628.24,4612.01,-748.91,-10.8472
GV-11790,666.46,4631.61,-745.82,-10.7139
GV-11791,729.35,4621.57,-700.34,-11.029
GV-11792,785.5,4634.71,-700.45,-11.0955
GV-11793,815.51,4628.37,-647.82,-11.2557
GV-11794,892.27,4639.27,-654.52,-11.4416
GV-11795,943.06,4629.44,-646.75,-11.4849
GV-11796,977.96,4629.4,-595.8,-11.638
GV-11797,1042.99,4620.26,-601.75,-11.7564
GV-11798,1057.74,4606.59,-598.11,-11.9688
GV-11799,1130.58,4605.36,-553.27,-11.749
GV-11800,1171.39,4630.11,-546.6,-12.0091
GV-11801,1214.22,4613.01,-551.85,-12.1208
GV-11802,1262.82,4644.9,-499.74,-12.1162
GV-11803,1312.06,4633.14,-499.17,-12.2053
GV-11804,1356.33,4626.63,-503.73,-12.5099
GV-11805,1424.01,4638.33,-501.36,-12.2523
GV-11806,1465.5,4635.61,-504.53,-12.5239
GV-11807,1541.44,4619.95,-496.24,-12.3875
GV-11808,1560.16,4606.98,-496.21,-12.4942
GV-11809,1640.02,4638.58,-500.53,-12.6828
GV-11810,1664.09,4628.31,-497.98,-12.6531
GV-11811,1731.77,4643.82,-497.44,-12.6979
GV-11812,1755.06,4615.79,-495.19,-12.5538
GV-11813,1826.61,4626.04,-496.91,-12.4869
GV-11814,1867.26,4642.23,-504.73,-12.6329
GV-11815,1943.81,4609.24,-502.25,-12.5113
GV-11816,1968.02,4642.91,-496.2,-12.4628
GV-11817,2036.78,4616.8,-551.16,-12.3359
GV-11818,2066.44,4618.42,-553.74,-12.3697
GV-11819,2105.1,4644.41,-547.19,-12.1981
GV-11820,2181.2,4632.07,-545.42,-12.3758
GV-11821,2223.75,4621.99,-553.48,-11.9606
GV-11822,2290.21,4641.5,-549.86,-12.2133
GV-11823,2315.16,4630.4,-551.52,-12.0234
GV-11824,2381.31,4612.43,-553.87,-12.0277
GV-11825,2442.18,4605.69,-545.43,-11.9634
GV-11826,2478.22,4607.41,-548.52,-11.7302
GV-11827,2533.8,4611.38,-549.64,-11.9405
GV-11828,2563.6,4620.76,-550.67,-11.6991
GV-11829,2640.01,4619.72,-552.65,-11.4311
GV-11830,2668.96,4639.55,-554.36,-11.4193
GV-11831,2721.92,4642.35,-552.01,-11.23
GV-11832,2755.9,4620.83,-601.3,-11.1188
GV-11833,2835.78,4606.44,-595.62,-10.9375
GV-11834,2860.23,4643.14,-598.13,-10.8011
GV-11835,2932.08,4613.79,-595.37,-10.9548
GV-11836,2985.27,4627.43,-595.41,-10.8411
GV-11837,3041.54,4624.19,-647.89,-10.7085
GV-11838,3067.24,4626.92,-654.13,-10.3952
GV-11839,3122.66,4613.66,-645.29,-10.1731
GV-11840,3182.46,4605.66,-697.32,-10.1976
GV-11841,3205.69,4606.49,-699.24,-9.8292
GV-11842,3262.89,4644.44,-749.05,-9.909
GV-11843,3306.55,4609.28,-745.92,-9.748
GV-11844,3376.87,4629.01,-796.76,-9.6517
GV-11845,3430.83,4624.53,-798.8,-9.383
GV-11846,3474.65,4623.94,-848.06,-9.3348
GV-11847,3533.19,4641.9,-845.98,-8.9678
GV-11848,3574.1,4619.44,-897.49,-9.0242
GV-11849,3636.62,4641.85,-900.18,-8.6731
GV-11850,3660.39,4605.82,-952.86,-8.4059
GV-11851,3743.89,4621.24,-998.2,-8.2834
GV-11852,3772.69,4622.45,-996.51,-8.2847
GV-11853,3838.58,4630.33,-1047.22,-8.2247
GV-11854,3886.72,4623.11,-1054.35,-7.9128
GV-11855,3930.82,4630.21,-1098.32,-7.8464
GV-11856,3966.12,4635.01,-1099.32,-7.7463
GV-11857,4044.23,4634.12,-1150.24,-7.5265
GV-11858,4091.23,4644.34,-1146.43,-7.4208
GV-11859,4129.74,4622.19,-1204.46,-7.3378
GV-11860,4193.02,4628.32,-1201.42,-7.1915
GV-11861,4243.93,4612.09,-1250.14,-7.0781
GV-11862,4281.34,4635.34,-1253.56,-6.9507
GV-11863,4332.48,4622.27,-1300.79,-6.8065
GV-11864,4366.93,4644.62,-1296.86,-6.5706
GV-11865,4435.62,4621.94,-1348.65,-6.5404
GV-11866,4472.38,4625.41,-1352.46,-6.4588
GV-11867,4529.93,4615.84,-1401.49,-6.1832
GV-11868,4566.04,4640.25,-1396.02,-6.1008
GV-11869,4633.63,4628.16,-1398.62,-5.9219
GV-11870,4694.91,4630.87,-1449.07,-5.996
GV-11871,4741.88,4635.36,-1453.56,-5.6789
GV-11872,4785.69,4609.17,-1448.42,-5.6455
GV-11873,4831.91,4613.53,-1500.02,-5.5157
GV-11874,4860.85,4626.21,-1504.93,-5.3509
GV-11875,4943.26,4613.92,-1501.11,-5.2108
GV-11876,4977.19,4617.19,-1502.12,-5.0415
GV-11877,5025.64,4632.71,-1497.78,-5.1013
GV-11878,5081.37,4623.67,-1500.95,-4.8204
GV-11879,5142.45,4625.3,-1496.04,-4.7544
GV-11880,5183.03,4612.36,-1546.55,-4.5863
GV-11881,5244.45,4642.13,-1549.14,-4.5446
GV-11882,5259.55,4627.48,-1549.47,-4.4956
GV-11883,5310.24,4637.41,-1551.52,-4.3802
GV-11884,5362.86,4609.55,-1548.86,-4.2304
GV-11885,5409.59,4607.39,-1548.31,-4.0248
GV-11886,5471.75,4620.84,-1552.27,-3.7538
GV-11887,5513.05,4624.09,-1551.36,-3.8599
GV-11888,5583.48,4626.71,-1548.59,-3.7059
GV-11889,5608.68,4626.29,-1550.58,-3.6161
GV-11890,5686.57,4629.07,-1550.51,-3.4462
GV-11891,5713.16,4624.73,-1545.15,-3.4591
GV-11892,5793.67,4636.1,-1549.4,-3.1899
GV-11893,5816.89,4614.52,-1551.23,-3.0359
GV-11894,5871.45,4643.83,-1553.29,-3.0627
GV-11895,5931.71,4631.28,-1548.57,-2.674
GV-11896,5974.11,4641.32,-1551.33,-2.82
GV-11897,6010.97,4621.93,-1549.51,-2.426
GV-11898,6066.56,4641.71,-1552.57,-2.5642
GV-11899,6137.89,4625.68,-1595.44,-2.4346
GV-11900,6186.94,4614.14,-1595.59,-2.2027
GV-11901,6211.28,4631.11,-1597.27,-2.2207
GV-11902,6287.85,4613.07,-1601.68,-2.1466
GV-11903,6343.68,4628.95,-1600.11,-1.8391
GV-11904,6384.98,4619.18,-1595.68,-1.8425
GV-11905,5.88,4680.47,-1152.82,-9.0614
GV-11906,89.52,4678.02,-1098.74,-9.0359
GV-11907,140.52,4691.22,-1051.08,-9.0769
GV-11908,170.02,4679.19,-1054.9,-9.4128
GV-11909,243.09,4686.24,-1001.27,-9.36
GV-11910,280.4,4679.85,-945.78,-9.5705
GV-11911,336.67,4687.76,-947.49,-9.6408
GV-11912,365.69,4669.67,-896.97,-9.7293
GV-11913,431.6,4690.37,-854.11,-9.9365
GV-11914,490.83,4682.15,-849.95,-10.0771
GV-11915,541.31,4693.29,-804.99,-10.3138
GV-11916,579.99,4676.48,-803.78,-10.2309
GV-11917,613.42,4679.87,-752.28,-10.4641
GV-11918,666.78,4663.06,-751.21,-10.7755
GV-11919,741.65,4688.21,-700.69,-10.9492
GV-11920,784.08,4687.81,-695.4,-10.7345
GV-11921,821.91,4676.95,-697.37,-11.2266
GV-11922,860.38,4691.25,-647.3,-11.253
GV-11923,926.18,4675.15,-650.2,-11.4189
GV-11924,986.86,4660.82,-599.29,-11.4685
GV-11925,1018.45,4662.87,-598.82,-11.5951
GV-11926,1086.59,4675.36,-599.48,-11.7458
GV-11927,1143.82,4673.71,-552.87,-11.8887
GV-11928,1169.87,4691.77,-553.43,-12.0274
GV-11929,1236.16,4685.78,-553.25,-12.1751
GV-11930,1271.29,4669.61,-547.82,-12.1457
GV-11931,1307.2,4678.57,-498.58,-12.2605
GV-11932,1361.52,4685.39,-502.01,-12.4064
GV-11933,1428.71,4676.87,-499.09,-12.3424
GV-11934,1460.65,4677.66,-503.86,-12.2714
GV-11935,1543.76,4677.5,-503.3,-12.4289
GV-11936,1579.91,4661.67,-503.36,-12.5138
GV-11937,1643.97,4683.29,-497.55,-12.5782
GV-11938,1685.03,4677.4,-496.5,-12.4556
GV-11939,1742.95,4692.8,-495.47,-12.5228
GV-11940,1774.15,4688.94,-497.17,-12.5792
GV-11941,1831.06,4660.16,-498.66,-12.3849
GV-11942,1862.82,4664.13,-499.96,-12.5414
GV-11943,1918.77,4670.78,-496.93,-12.442
GV-11944,1984.06,4691.49,-499.75,-12.4761
GV-11945,2006.75,4669.07,-554.57,-12.3301
GV-11946,2082.61,4693.67,-548.33,-12.3498
GV-11947,2135.82,4662.98,-553.67,-12.2227
GV-11948,2182.38,4658.72,-548.44,-12.2221
GV-11949,2219.23,4692.59,-545.17,-12.1227
GV-11950,2266.26,4676.47,-551.07,-12.0898
GV-11951,2339.1,4663.88,-552.82,-12.0075
GV-11952,2390.48,4685.25,-551.34,-11.8204
GV-11953,2428.5,4668.75,-554.9,-11.9331
GV-11954,2469.57,4686.81,-549.09,-11.7753
GV-11955,2528.75,4660.07,-546.59,-11.8572
GV-11956,2571.92,4681.15,-553.63,-11.7031
GV-11957,2639.06,4671.42,-551.88,-11.6362
GV-11958,2691.48,4685.63,-551.3,-11.5321
GV-11959,2742.77,4674.62,-546.68,-11.301
GV-11960,2759.63,4668.4,-602.2,-11.3023
GV-11961,2832.5,4668.06,-599.68,-11.0769
GV-11962,2860.09,4694.62,-600.59,-10.9084
GV-11963,2935.64,4659.88,-602.0,-10.94
GV-11964,2986.32,4674.86,-597.89,-10.6883
GV-11965,3005.68,4668.8,-651.67,-10.6669
GV-11966,3065.74,4667.63,-645.55,-10.461
GV-11967,3137.97,4665.4,-650.48,-10.2193
GV-11968,3178.11,4666.57,-696.03,-10.3191
GV-11969,3224.24,4692.74,-702.03,-10.1374
GV-11970,3273.27,4674.19,-749.58,-9.8483
GV-11971,3332.77,4682.76,-751.84,-9.6338
GV-11972,3364.23,4688.01,-754.68,-9.6416
GV-11973,3441.42,4691.68,-801.23,-9.4046
GV-11974,3469.65,4682.18,-804.2,-9.3253
GV-11975,3539.44,4689.93,-846.44,-9.2126
GV-11976,3568.5,4682.37,-849.16,-8.9961
GV-11977,3635.39,4693.1,-898.15,-8.7414
GV-11978,3663.48,4673.3,-945.46,-8.6628
GV-11979,3741.17,4694.31,-952.4,-8.4815
GV-11980,3783.69,4672.79,-1000.74,-8.2438
GV-11981,3827.72,4673.01,-1003.66,-8.3697
GV-11982,3876.14,4691.54,-1048.55,-8.0196
GV-11983,3933.1,4677.55,-1053.96,-7.9538
GV-11984,3994.34,4678.38,-1102.31,-7.7903
GV-11985,4005.55,4670.05,-1098.07,-7.7047
GV-11986,4059.33,4657.35,-1149.07,-7.3086
GV-11987,4130.64,4661.89,-1146.3,-7.3662
GV-11988,4187.1,4683.66,-1201.51,-7.0752
GV-11989,4236.63,4671.48,-1246.16,-7.0022
GV-11990,4270.75,4656.62,-1248.02,-6.9985
GV-11991,4337.05,4656.01,-1302.66,-6.946
GV-11992,4363.35,4658.7,-1297.99,-6.6202
GV-11993,4409.44,4661.78,-1345.29,-6.7288
GV-11994,4477.89,4687.25,-1347.7,-6.3892
GV-11995,4538.48,4693.34,-1347.89,-6.3473
GV-11996,4571.13,4658.24,-1397.72,-5.9483
GV-11997,4626.28,4662.39,-1404.88,-6.0033
GV-11998,4680.62,4670.24,-1448.45,-5.978
GV-11999,4719.51,4655.21,-1448.87,-5.8062
GV-12000,4757.38,4673.14,-1452.29,-5.6826
GV-12001,4817.43,4671.56,-1448.24,-5.5102
GV-12002,4859.33,4655.58,-1496.11,-5.5484
GV-12003,4918.5,4694.86,-1499.37,-5.3666
GV-12004,4982.95,4670.35,-1503.08,-5.2162
GV-12005,5025.9,4688.05,-1504.83,-5.0037
GV-12006,5063.39,4677.07,-1503.49,-5.1082
GV-12007,5108.5,4662.68,-1498.13,-4.8043
GV-12008,5192.9,4665.33,-1503.23,-4.5913
GV-12009,5233.91,4673.02,-1503.81,-4.3824
GV-12010,5259.36,4663.25,-1548.66,-4.3526
GV-12011,5344.23,4668.89,-1550.48,-4.2769
GV-12012,5380.64,4668.39,-1546.36,-4.106
GV-12013,5406.68,4660.86,-1549.95,-4.1376
GV-12014,5477.08,4683.35,-1553.09,-4.0401
GV-12015,5509.17,4692.77,-1551.54,-3.7731
GV-12016,5576.42,4682.19,-1553.16,-3.8574
GV-12017,5618.06,4658.07,-1552.41,-3.754
GV-12018,5666.3,4694.82,-1549.61,-3.3966
GV-12019,5709.12,4685.71,-1547.63,-3.4441
GV-12020,5766.27,4686.27,-1548.58,-3.2429
GV-12021,5825.88,4668.19,-1553.61,-3.1919
GV-12022,5893.58,4686.41,-1548.3,-2.9557
GV-12023,5935.9,4675.15,-1550.76,-2.8801
GV-12024,5962.21,4670.4,-1554.49,-2.7379
GV-12025,6024.2,4693.14,-1545.61,-2.7206
GV-12026,6056.31,4676.38,-1547.88,-2.5612
GV-12027,6124.03,4686.0,-1596.44,-2.3827
GV-12028,6158.34,4681.38,-1603.62,-2.4666
GV-12029,6234.03,4665.27,-1600.63,-2.1513
GV-12030,6265.5,4665.76,-1604.23,-2.1056
GV-12031,6319.3,4661.92,-1596.74,-1.9914
GV-12032,6366.98,4693.87,-1602.23,-1.8203
GV-12033,40.27,4732.75,-1151.08,-8.774
GV-12034,70.3,4727.32,-1096.51,-9.1543
GV-12035,122.95,4742.86,-1101.02,-9.0724
GV-12036,180.45,4744.08,-1049.51,-9.3393
GV-12037,234.27,4724.38,-1000.8,-9.5211
GV-12038,280.15,4729.42,-1001.57,-9.6665
GV-12039,316.14,4729.55,-946.82,-9.7885
GV-12040,393.86,4728.4,-900.99,-9.6861
GV-12041,439.34,4710.76,-903.44,-9.85
GV-12042,456.3,4727.7,-845.35,-10.041
GV-12043,527.34,4732.51,-850.82,-10.2063
GV-12044,562.41,4737.18,-804.07,-10.364
GV-12045,635.5,4710.93,-798.18,-10.5677
GV-12046,670.36,4724.33,-749.92,-10.5482
GV-12047,721.42,4736.02,-747.26,-10.7842
GV-12048,771.81,4705.78,-702.0,-10.7703
GV-12049,825.85,4726.36,-703.56,-11.0065
GV-12050,882.21,4717.45,-645.41,-11.1043
GV-12051,915.38,4732.06,-645.07,-11.2319
GV-12052,994.62,4736.37,-645.46,-11.2879
GV-12053,1008.78,4730.7,-600.11,-11.5713
GV-12054,1088.11,4711.47,-602.22,-11.8146
GV-12055,1126.63,4712.09,-604.59,-11.8025
GV-12056,1179.31,4710.25,-548.91,-12.0558
GV-12057,1232.6,4735.62,-545.18,-11.9463
GV-12058,1289.77,4711.25,-551.94,-11.9534
GV-12059,1335.81,4743.33,-498.64,-12.222
GV-12060,1390.86,4723.75,-500.96,-12.238
GV-12061,1442.14,4712.33,-504.12,-12.2036
GV-12062,1492.62,4731.89,-500.51,-12.5627
GV-12063,1517.11,4734.71,-496.85,-12.4265
GV-12064,1577.1,4715.88,-497.74,-12.1716
GV-12065,1644.39,4732.68,-499.04,-12.4232
GV-12066,1674.01,4723.53,-501.44,-12.5116
GV-12067,1719.83,4734.53,-495.05,-12.4127
GV-12068,1759.48,4728.21,-504.7,-12.4838
GV-12069,1807.45,4737.8,-497.3,-12.2779
GV-12070,1887.96,4708.3,-498.2,-12.4132
GV-12071,1939.86,4713.08,-504.48,-12.4283
GV-12072,1987.96,4729.6,-553.39,-12.2194
GV-12073,2035.45,4716.05,-548.52,-12.3743
GV-12074,2074.7,4719.85,-547.36,-12.2007
GV-12075,2128.33,4737.24,-553.2,-12.2259
GV-12076,2168.21,4729.56,-553.59,-12.2463
GV-12077,2223.08,4731.65,-554.54,-12.0388
GV-12078,2292.18,4719.6,-552.37,-12.09
GV-12079,2337.48,4733.46,-550.47,-12.0466
GV-12080,2382.19,4739.95,-548.23,-12.0999
GV-12081,2409.02,4730.16,-546.42,-11.7107
GV-12082,2491.67,4722.59,-546.0,-11.8092
GV-12083,2531.03,4718.23,-552.82,-11.7684
GV-12084,2561.82,4712.16,-550.7,-11.7056
GV-12085,2619.34,4736.51,-546.92,-11.5138
GV-12086,2669.51,4708.96,-552.02,-11.4003
GV-12087,2708.34,4723.6,-546.63,-11.2104
GV-12088,2792.48,4734.91,-597.46,-11.1125
GV-12089,2826.82,4723.15,-603.51,-11.1751
GV-12090,2881.61,4710.07,-596.46,-11.0076
GV-12091,2927.88,4727.12,-596.86,-10.9966
GV-12092,2965.6,4719.05,-601.95,-10.7931
GV-12093,3016.99,4731.87,-646.67,-10.681
GV-12094,3081.95,4731.22,-652.36,-10.5223
GV-12095,3135.47,4724.67,-647.59,-10.2626
GV-12096,3171.62,4729.89,-702.87,-10.2476
GV-12097,3209.83,4736.18,-701.86,-10.1279
GV-12098,3293.51,4731.85,-703.46,-10.0347
GV-12099,3331.64,4737.6,-750.45,-9.8785
GV-12100,3392.92,4723.87,-748.4,-9.5747
GV-12101,3424.53,4720.43,-795.79,-9.4485
GV-12102,3484.3,4718.92,-796.55,-9.2106
GV-12103,3520.73,4726.88,-847.73,-9.2301
GV-12104,3579.42,4728.23,-852.29,-9.0956
GV-12105,3637.59,4721.5,-896.39,-8.9099
GV-12106,3666.58,4709.58,-895.42,-8.7845
GV-12107,3717.06,4735.82,-952.43,-8.6455
GV-12108,3782.51,4732.7,-951.33,-8.2979
GV-12109,3808.7,4722.79,-1000.43,-8.1724
GV-12110,3879.15,4709.95,-998.75,-8.104
GV-12111,3940.74,4706.19,-1048.28,-7.9075
GV-12112,3970.42,4736.87,-1046.81,-7.7303
GV-12113,4029.27,4724.58,-1100.65,-7.6469
GV-12114,4066.88,4717.1,-1101.73,-7.7318
GV-12115,4136.11,4743.86,-1148.45,-7.3769
GV-12116,4165.79,4711.95,-1204.26,-7.3
GV-12117,4243.87,4726.39,-1198.92,-6.9488
GV-12118,4288.38,4718.22,-1246.36,-7.1001
GV-12119,4344.93,4744.28,-1245.18,-6.8756
GV-12120,4372.79,4742.7,-1299.58,-6.5474
GV-12121,4442.69,4705.07,-1303.23,-6.6815
GV-12122,4489.45,4721.82,-1348.29,-6.4939
GV-12123,4511.68,4727.31,-1350.87,-6.194
GV-12124,4588.98,4742.05,-1395.83,-5.9509
GV-12125,4619.04,4706.51,-1399.5,-5.8358
GV-12126,4663.93,4716.49,-1404.79,-5.8725
GV-12127,4719.58,4717.6,-1449.65,-5.8062
GV-12128,4768.48,4742.57,-1452.07,-5.6909
GV-12129,4844.52,4719.39,-1453.99,-5.6483
GV-12130,4873.85,4733.88,-1446.52,-5.321
GV-12131,4924.58,4743.25,-1497.79,-5.2255
GV-12132,4981.29,4740.5,-1504.18,-5.1471
GV-12133,5028.79,4732.02,-1503.07,-5.0402
GV-12134,5088.17,4721.42,-1502.95,-4.9231
GV-12135,5112.5,4732.32,-1498.02,-4.7851
GV-12136,5184.58,4711.26,-1502.67,-4.6451
GV-12137,5207.54,4738.16,-1499.13,-4.5362
GV-12138,5271.4,4721.46,-1496.32,-4.4281
GV-12139,5341.27,4725.56,-1495.94,-4.2357
GV-12140,5394.5,4709.35,-1503.55,-4.162
GV-12141,5418.58,4733.34,-1497.76,-4.1585
GV-12142,5465.02,4721.47,-1548.49,-3.9396
GV-12143,5528.12,4713.34,-1551.97,-3.8711
GV-12144,5589.75,4741.06,-1551.2,-3.8223
GV-12145,5610.94,4738.49,-1549.66,-3.5399
GV-12146,5656.3,4735.75,-1550.56,-3.4844
GV-12147,5714.71,4723.58,-1550.75,-3.3218
GV-12148,5758.34,4706.53,-1546.93,-3.1513
GV-12149,5837.96,4730.79,-1545.18,-3.2192
GV-12150,5874.76,4728.34,-1552.54,-2.9809
GV-12151,5933.95,4710.62,-1550.27,-2.835
GV-12152,5993.55,4737.54,-1546.37,-2.7787
GV-12153,6009.83,4731.5,-1547.92,-2.7001
GV-12154,6055.9,4716.9,-1552.28,-2.5552
GV-12155,6129.03,4710.23,-1549.92,-2.5632
GV-12156,6187.74,4708.8,-1601.02,-2.2123
GV-12157,6219.36,4714.39,-1599.44,-2.1525
GV-12158,6269.94,4721.96,-1595.7,-2.0253
GV-12159,6334.02,4736.51,-1597.99,-1.7962
GV-12160,6377.86,4740.14,-1597.63,-1.873
GV-12161,34.79,4784.17,-1200.93,-8.7441
GV-12162,69.56,4775.95,-1151.6,-8.9681
GV-12163,134.03,4772.8,-1099.11,-8.8128
GV-12164,189.19,4757.67,-1048.88,-9.055
GV-12165,234.67,4779.54,-1053.21,-9.1158
GV-12166,279.46,4793.15,-999.86,-9.3844
GV-12167,327.79,4771.57,-947.52,-9.6757
GV-12168,355.02,4767.81,-953.3,-9.6605
GV-12169,413.07,4775.3,-896.72,-9.7459
GV-12170,489.72,4789.94,-900.11,-10.0935
GV-12171,534.49,4774.92,-845.66,-10.1555
GV-12172,571.44,4761.65,-851.06,-10.1352
GV-12173,640.35,4777.44,-802.97,-10.3138
GV-12174,658.79,4756.99,-800.26,-10.5149
GV-12175,728.02,4768.57,-753.79,-10.5811
GV-12176,761.55,4791.28,-746.97,-10.6984
GV-12177,838.29,4756.97,-696.7,-10.9089
GV-12178,879.34,4772.76,-704.65,-11.1014
GV-12179,935.34,4761.75,-652.56,-11.1045
GV-12180,988.12,4774.6,-653.94,-11.2308
GV-12181,1013.34,4779.03,-603.94,-11.5601
GV-12182,1058.31,4763.41,-595.16,-11.6684
GV-12183,1144.86,4790.96,-597.87,-11.6481
GV-12184,1171.62,4756.1,-546.98,-11.8075
GV-12185,1231.56,4756.99,-547.58,-11.9985
GV-12186,1275.89,4774.7,-545.22,-12.061
GV-12187,1314.42,4756.13,-546.19,-12.1202
GV-12188,1388.82,4791.74,-500.12,-12.1511
GV-12189,1430.05,4783.79,-497.57,-12.4922
GV-12190,1479.73,4761.32,-504.61,-12.2139
GV-12191,1539.62,4767.05,-497.49,-12.357
GV-12192,1562.41,4767.39,-500.99,-12.3484
GV-12193,1639.47,4766.8,-499.17,-12.468
GV-12194,1670.14,4756.99,-497.47,-12.3511
GV-12195,1743.21,4760.83,-498.84,-12.5866
GV-12196,1755.7,4791.52,-495.29,-12.3176
GV-12197,1841.52,4789.78,-504.88,-12.4321
GV-12198,1868.55,4780.68,-503.52,-12.3127
GV-12199,1944.26,4791.77,-504.43,-12.3355
GV-12200,1962.81,4781.29,-549.31,-12.2092
GV-12201,2015.27,4792.93,-553.62,-12.1868
GV-12202,2086.49,4794.61,-553.52,-12.2905
GV-12203,2105.42,4790.57,-552.93,-12.2611
GV-12204,2157.54,4777.6,-551.52,-12.1762
GV-12205,2221.08,4777.65,-546.94,-12.0297
GV-12206,2272.28,4771.26,-553.16,-12.0494
GV-12207,2320.52,4782.25,-547.61,-12.0317
GV-12208,2384.58,4783.47,-546.88,-11.9213
GV-12209,2430.45,4763.81,-549.95,-11.9811
GV-12210,2479.65,4789.2,-546.33,-11.787
GV-12211,2512.75,4781.16,-545.23,-11.7415
GV-12212,2594.23,4764.56,-550.58,-11.547
GV-12213,2633.9,4787.85,-552.54,-11.6689
GV-12214,2672.76,4759.91,-551.09,-11.4665
GV-12215,2723.46,4758.59,-547.8,-11.3589
GV-12216,2766.94,4772.59,-602.41,-11.2626
GV-12217,2836.74,4777.82,-602.55,-11.1746
GV-12218,2873.64,4761.43,-604.53,-10.8281
GV-12219,2935.88,4763.14,-596.67,-10.9647
GV-12220,2969.13,4765.33,-600.21,-10.8691
GV-12221,3028.71,4775.42,-651.26,-10.7088
GV-12222,3057.69,4777.53,-646.29,-10.5222
GV-12223,3117.74,4784.01,-653.18,-10.2047
GV-12224,3155.04,4792.01,-645.56,-10.213
GV-12225,3231.33,4755.21,-700.62,-10.1271
GV-12226,3278.02,4789.18,-702.28,-9.7944
GV-12227,3341.22,4786.8,-748.43,-9.7974
GV-12228,3385.69,4781.24,-751.19,-9.5754
GV-12229,3432.35,4763.74,-748.41,-9.5803
GV-12230,3491.59,4793.72,-804.81,-9.2556
GV-12231,3522.84,4761.55,-803.17,-9.2824
GV-12232,3575.53,4782.95,-850.57,-8.9331
GV-12233,3642.98,4766.87,-850.81,-8.9713
GV-12234,3686.36,4782.45,-898.9,-8.9699
GV-12235,3738.64,4780.39,-902.95,-8.492
GV-12236,3763.62,4780.23,-946.0,-8.4128
GV-12237,3843.57,4780.2,-950.78,-8.2695
GV-12238,3890.81,4790.22,-1002.75,-8.1545
GV-12239,3907.53,4777.58,-998.98,-7.9312
GV-12240,3970.89,4781.76,-1053.06,-7.8998
GV-12241,4010.64,4783.76,-1052.63,-7.5715
GV-12242,4060.73,4767.85,-1104.91,-7.6405
GV-12243,4145.0,4756.98,-1148.46,-7.4455
GV-12244,4188.22,4763.09,-1146.07,-7.2621
GV-12245,4234.27,4755.75,-1203.87,-7.1282
GV-12246,4266.52,4756.63,-1202.28,-6.9662
GV-12247,4328.61,4767.52,-1251.56,-7.0055
GV-12248,4387.66,4766.75,-1250.91,-6.7406
GV-12249,4435.74,4762.29,-1296.71,-6.7044
GV-12250,4482.51,4758.59,-1295.39,-6.4279
GV-12251,4523.48,4767.08,-1350.64,-6.3603
GV-12252,4589.53,4771.75,-1354.74,-6.0616
GV-12253,4608.79,4777.84,-1401.95,-6.0919
GV-12254,4672.9,4784.84,-1403.0,-5.8221
GV-12255,4721.51,4769.74,-1395.54,-5.8656
GV-12256,4776.19,4777.7,-1454.27,-5.8442
GV-12257,4808.79,4763.86,-1447.26,-5.6578
GV-12258,4868.59,4763.97,-1445.27,-5.5467
GV-12259,4929.21,4772.24,-1448.51,-5.1904
GV-12260,4964.12,4784.06,-1501.0,-5.2954
GV-12261,5032.44,4784.52,-1504.61,-5.0937
GV-12262,5084.98,4764.84,-1504.52,-4.9294
GV-12263,5108.34,4790.52,-1503.27,-4.7837
GV-12264,5174.07,4766.47,-1495.92,-4.637
GV-12265,5220.13,4761.47,-1497.9,-4.6411
GV-12266,5263.55,4785.17,-1497.68,-4.4941
GV-12267,5324.83,4756.62,-1495.74,-4.3019
GV-12268,5376.82,4762.02,-1496.14,-4.2134
GV-12269,5430.43,4771.59,-1497.37,-4.0249
GV-12270,5476.21,4762.76,-1501.89,-3.8354
GV-12271,5505.77,4768.07,-1504.44,-3.8396
GV-12272,5557.59,4764.37,-1500.36,-3.6414
GV-12273,5638.53,4763.08,-1498.44,-3.676
GV-12274,5676.8,4786.87,-1553.09,-3.6439
GV-12275,5742.32,4760.02,-1545.99,-3.4234
GV-12276,5769.17,4762.31,-1554.92,-3.2663
GV-12277,5824.2,4776.92,-1549.21,-3.1372
GV-12278,5856.66,4769.29,-1549.82,-3.2034
GV-12279,5938.89,4784.03,-1547.35,-2.8128
GV-12280,5965.69,4781.0,-1554.49,-2.5718
GV-12281,6027.51,4765.82,-1553.08,-2.6997
GV-12282,6067.8,4787.75,-1552.87,-2.5112
GV-12283,6117.02,4785.8,-1553.45,-2.5172
GV-12284,6160.77,4760.34,-1602.87,-2.2218
GV-12285,6229.5,4787.05,-1604.54,-2.138
GV-12286,6286.31,4784.03,-1603.53,-2.2013
GV-12287,6344.51,4773.78,-1601.03,-1.9757
GV-12288,6388.74,4786.89,-1602.85,-1.62
GV-12289,16.24,4824.66,-1201.13,-8.836
GV-12290,78.36,4841.51,-1154.72,-8.8891
GV-12291,131.23,4818.07,-1147.94,-9.0727
GV-12292,156.84,4836.02,-1097.23,-9.2243
GV-12293,209.78,4811.58,-1047.82,-9.2165
GV-12294,265.51,4824.69,-1047.31,-9.3821
GV-12295,324.28,4826.79,-996.49,-9.6035
GV-12296,392.21,4840.52,-948.01,-9.6006
GV-12297,416.03,4817.96,-948.5,-9.9675
GV-12298,457.49,4820.53,-896.06,-10.04
GV-12299,516.34,4808.98,-845.48,-9.9707
GV-12300,559.75,4808.37,-847.93,-10.272
GV-12301,611.8,4807.54,-801.07,-10.3053
GV-12302,691.02,4817.39,-796.61,-10.5625
GV-12303,705.83,4817.88,-749.29,-10.6902
GV-12304,778.28,4815.3,-746.23,-10.7478
GV-12305,815.21,4840.93,-696.97,-10.7763
GV-12306,892.21,4828.29,-703.71,-11.0546
GV-12307,921.97,4824.52,-695.98,-11.1128
GV-12308,969.25,4828.5,-654.77,-11.2062
GV-12309,1027.93,4831.07,-650.64,-11.2654
GV-12310,1068.17,4812.02,-597.88,-11.5738
GV-12311,1127.84,4830.55,-599.02,-11.6438
GV-12312,1188.22,4807.53,-604.53,-11.5678
GV-12313,1219.74,4843.0,-553.15,-11.7717
GV-12314,1273.66,4834.22,-549.61,-11.819
GV-12315,1342.1,4840.97,-549.07,-12.036
GV-12316,1383.51,4818.94,-548.12,-12.0725
GV-12317,1411.31,4835.85,-497.06,-12.1708
GV-12318,1488.12,4816.81,-501.5,-12.1462
GV-12319,1506.22,4838.9,-500.94,-12.1216
GV-12320,1594.03,4807.51,-498.76,-12.2228
GV-12321,1621.53,4824.55,-495.62,-12.1711
GV-12322,1655.34,4838.41,-495.09,-12.2781
GV-12323,1727.95,4834.25,-502.94,-12.364
GV-12324,1792.07,4832.34,-499.15,-12.4001
GV-12325,1840.43,4813.32,-503.1,-12.4112
GV-12326,1866.91,4823.27,-501.95,-12.1127
GV-12327,1943.25,4839.28,-547.19,-12.2812
GV-12328,1982.85,4813.58,-550.46,-12.1604
GV-12329,2034.49,4842.52,-548.31,-12.116
GV-12330,2063.27,4819.62,-546.09,-12.1254
GV-12331,2132.16,4836.11,-545.15,-11.9752
GV-12332,2158.43,4805.12,-545.12,-12.0859
GV-12333,2219.25,4813.48,-545.39,-11.884
GV-12334,2290.35,4831.63,-549.49,-12.0596
GV-12335,2328.65,4814.41,-545.65,-12.0352
GV-12336,2363.27,4830.81,-551.38,-11.7299
GV-12337,2436.49,4826.29,-545.44,-11.7717
GV-12338,2490.83,4812.44,-550.88,-11.8883
GV-12339,2511.88,4818.82,-548.56,-11.7193
GV-12340,2570.73,4841.05,-550.91,-11.4984
GV-12341,2629.4,4844.41,-553.81,-11.3898
GV-12342,2679.24,4809.43,-551.54,-11.3869
GV-12343,2711.14,4833.85,-549.15,-11.477
GV-12344,2776.06,4813.79,-603.71,-11.1231
GV-12345,2817.4,4828.1,-595.71,-11.1505
GV-12346,2868.25,4815.12,-600.63,-10.9883
GV-12347,2934.42,4824.7,-596.36,-10.9275
GV-12348,2974.31,4826.56,-602.77,-10.8049
GV-12349,3031.87,4816.07,-648.34,-10.6073
GV-12350,3069.78,4812.34,-650.6,-10.6297
GV-12351,3105.78,4807.34,-651.52,-10.478
GV-12352,3163.92,4819.85,-653.64,-10.3512
GV-12353,3216.59,4815.58,-700.94,-10.1854
GV-12354,3263.19,4819.71,-703.12,-9.962
GV-12355,3337.64,4807.4,-704.5,-9.8794
GV-12356,3364.64,4823.14,-745.17,-9.8162
GV-12357,3435.38,4817.96,-750.28,-9.372
GV-12358,3478.51,4833.19,-796.1,-9.5502
GV-12359,3521.28,4821.68,-804.11,-9.1823
GV-12360,3579.43,4811.81,-795.7,-9.2622
GV-12361,3606.26,4822.36,-850.5,-8.825
GV-12362,3690.02,4807.75,-851.38,-8.6928
GV-12363,3741.92,4834.71,-903.98,-8.5679
GV-12364,3779.45,4833.88,-896.46,-8.5716
GV-12365,3829.55,4814.86,-953.68,-8.2487
GV-12366,3862.25,4823.71,-949.58,-8.2691
GV-12367,3915.64,4823.69,-999.65,-7.861
GV-12368,3968.21,4821.21,-1000.34,-7.9301
GV-12369,4021.81,4812.26,-1050.11,-7.7685
GV-12370,4059.19,4824.3,-1104.43,-7.5756
GV-12371,4106.6,4828.14,-1101.88,-7.2879
GV-12372,4185.47,4832.32,-1150.03,-7.2645
GV-12373,4207.65,4813.26,-1152.36,-7.2137
GV-12374,4284.9,4805.75,-1201.35,-6.877
GV-12375,4311.39,4836.26,-1195.34,-7.0305
GV-12376,4355.41,4811.29,-1245.55,-6.8567
GV-12377,4413.65,4809.34,-1251.69,-6.6303
GV-12378,4467.87,4824.0,-1297.73,-6.5008
GV-12379,4513.98,4814.35,-1304.33,-6.2103
GV-12380,4586.4,4811.49,-1349.87,-6.1575
GV-12381,4635.46,4815.37,-1345.1,-6.2505
GV-12382,4663.02,4834.92,-1395.47,-5.8987
GV-12383,4728.37,4827.49,-1396.54,-5.9616
GV-12384,4760.83,4817.27,-1400.83,-5.7533
GV-12385,4828.36,4843.88,-1449.58,-5.7286
GV-12386,4881.12,4820.49,-1449.33,-5.1977
GV-12387,4942.06,4826.9,-1452.98,-5.4287
GV-12388,4988.98,4839.09,-1453.69,-5.3309
GV-12389,5016.22,4819.78,-1503.81,-5.1452
GV-12390,5083.62,4843.41,-1503.86,-4.9532
GV-12391,5123.29,4844.17,-1498.86,-4.8608
GV-12392,5167.03,4833.02,-1495.19,-4.7908
GV-12393,5221.12,4826.37,-1498.91,-4.6242
GV-12394,5274.82,4840.16,-1498.83,-4.3858
GV-12395,5309.69,4820.86,-1496.47,-4.3345
GV-12396,5382.26,4833.07,-1501.02,-4.1512
GV-12397,5421.28,4826.83,-1503.01,-4.0908
GV-12398,5474.43,4814.51,-1497.13,-3.9968
GV-12399,5537.75,4834.74,-1502.48,-3.9412
GV-12400,5592.01,4823.55,-1502.2,-3.7347
GV-12401,5626.93,4805.09,-1498.09,-3.6943
GV-12402,5665.96,4818.23,-1502.47,-3.4162
GV-12403,5722.8,4817.72,-1495.31,-3.3878
GV-12404,5772.08,4819.09,-1500.83,-3.0844
GV-12405,5832.48,4818.99,-1551.51,-3.1724
GV-12406,5857.99,4813.62,-1550.87,-3.0955
GV-12407,5918.49,4834.26,-1553.97,-2.6685
GV-12408,5992.98,4831.51,-1548.14,-2.7925
GV-12409,6041.16,4835.72,-1551.1,-2.5793
GV-12410,6092.71,4831.64,-1550.34,-2.6064
GV-12411,6114.79,4814.47,-1549.39,-2.4244
GV-12412,6188.58,4825.37,-1602.85,-2.3441
GV-12413,6205.63,4827.46,-1595.49,-2.167
GV-12414,6261.69,4824.06,-1599.18,-2.1443
GV-12415,6322.86,4838.66,-1598.27,-1.9096
GV-12416,6359.77,4809.3,-1598.33,-1.8381
GV-12417,12.2,4883.34,-1195.38,-8.8677
GV-12418,60.15,4888.68,-1196.32,-8.8126
GV-12419,116.28,4865.21,-1151.71,-8.8296
GV-12420,177.83,4884.76,-1099.48,-8.9985
GV-12421,231.96,4894.15,-1102.47,-9.1172
GV-12422,294.74,4890.58,-1048.1,-9.2999
GV-12423,323.59,4873.58,-999.15,-9.4104
GV-12424,365.73,4869.61,-1000.56,-9.5393
GV-12425,430.97,4882.08,-951.49,-9.9581
GV-12426,455.28,4885.15,-896.19,-9.8933
GV-12427,513.61,4864.87,-904.59,-10.0071
GV-12428,565.57,4873.61,-853.15,-10.1235
GV-12429,636.66,4866.16,-848.2,-10.3249
GV-12430,681.63,4874.95,-803.72,-10.4267
GV-12431,705.8,4879.72,-799.82,-10.4157
GV-12432,775.85,4884.67,-754.38,-10.5984
GV-12433,818.28,4884.11,-750.75,-10.7503
GV-12434,878.93,4868.71,-703.89,-10.7073
GV-12435,908.57,4855.43,-701.19,-11.0601
GV-12436,963.23,4862.98,-652.64,-11.1522
GV-12437,1022.55,4870.9,-654.73,-11.2344
GV-12438,1075.13,4888.52,-601.49,-11.4881
GV-12439,1120.75,4879.53,-595.11,-11.6583
GV-12440,1189.02,4886.0,-596.81,-11.8956
GV-12441,1205.08,4856.06,-551.85,-11.6561
GV-12442,1273.45,4869.49,-549.77,-11.8026
GV-12443,1337.14,4856.83,-552.12,-11.7413
GV-12444,1388.22,4860.79,-554.94,-11.9467
GV-12445,1441.39,4873.26,-546.6,-12.2002
GV-12446,1458.22,4889.25,-502.83,-12.2477
GV-12447,1529.9,4855.85,-503.55,-12.33
GV-12448,1572.34,4858.3,-504.1,-12.2698
GV-12449,1625.31,4894.42,-504.68,-12.1234
GV-12450,1657.1,4864.77,-496.89,-12.1135
GV-12451,1739.76,4860.74,-504.36,-12.1774
GV-12452,1794.82,4869.6,-497.3,-12.2572
GV-12453,1828.13,4894.61,-496.72,-12.2836
GV-12454,1891.66,4875.38,-547.92,-12.3274
GV-12455,1928.79,4883.13,-554.68,-12.2207
GV-12456,1982.23,4894.57,-547.88,-12.0434
GV-12457,2009.37,4856.73,-553.33,-12.2522
GV-12458,2088.13,4874.69,-546.67,-12.0882
GV-12459,2110.67,4857.32,-552.48,-12.1418
GV-12460,2168.13,4874.66,-547.77,-11.9778
GV-12461,2223.24,4872.78,-553.65,-11.8051
GV-12462,2267.36,4867.55,-549.28,-12.0317
GV-12463,2338.31,4892.34,-554.03,-11.9022
GV-12464,2392.1,4859.5,-550.81,-11.6627
GV-12465,2441.2,4861.45,-553.46,-11.7867
GV-12466,2458.88,4868.41,-551.62,-11.8629
GV-12467,2510.14,4869.04,-549.45,-11.6262
GV-12468,2570.87,4892.16,-546.03,-11.7526
GV-12469,2634.52,4874.4,-549.93,-11.5856
GV-12470,2672.25,4862.68,-551.72,-11.3968
GV-12471,2733.15,4863.2,-551.26,-11.135
GV-12472,2778.94,4873.62,-597.64,-11.3143
GV-12473,2819.77,4879.19,-597.7,-11.2176
GV-12474,2869.61,4892.63,-597.31,-11.1619
GV-12475,2922.9,4894.76,-600.44,-10.7994
GV-12476,2993.34,4885.45,-597.32,-10.7086
GV-12477,3043.89,4884.82,-654.65,-10.6935
GV-12478,3065.62,4869.71,-654.94,-10.5656
GV-12479,3108.37,4891.43,-650.77,-10.2937
GV-12480,3174.25,4867.37,-653.14,-10.3472
GV-12481,3234.97,4866.25,-696.7,-10.1542
GV-12482,3276.47,4859.23,-701.33,-9.9502
GV-12483,3314.87,4863.98,-697.08,-9.8423
GV-12484,3362.4,4866.8,-745.37,-9.6869
GV-12485,3419.92,4856.42,-748.93,-9.4806
GV-12486,3461.74,4871.28,-752.96,-9.4564
GV-12487,3508.79,4859.95,-803.52,-9.4377
GV-12488,3555.13,4865.6,-799.25,-8.9582
GV-12489,3619.62,4865.29,-850.36,-8.9644
GV-12490,3688.96,4872.1,-846.05,-8.7395
GV-12491,3731.07,4884.79,-854.26,-8.76
GV-12492,3787.27,4867.35,-902.1,-8.4807
GV-12493,3828.95,4874.62,-899.8,-8.425
GV-12494,3892.35,4881.78,-946.81,-8.159
GV-12495,3937.68,4892.75,-945.64,-7.9957
GV-12496,3992.8,4891.94,-1002.66,-7.8474
GV-12497,4039.13,4879.97,-1045.48,-7.8255
GV-12498,4093.18,4893.64,-1052.5,-7.7012
GV-12499,4137.57,4880.25,-1099.97,-7.4625
GV-12500,4165.89,4855.11,-1095.72,-7.2495
GV-12501,4225.93,4888.28,-1150.35,-7.0728
GV-12502,4294.83,4884.19,-1153.27,-6.9647
GV-12503,4323.69,4879.44,-1200.29,-6.9894
GV-12504,4360.15,4890.68,-1201.4,-6.7777
GV-12505,4411.85,4889.09,-1245.97,-6.5667
GV-12506,4476.24,4858.39,-1299.25,-6.489
GV-12507,4513.88,4889.06,-1298.8,-6.385
GV-12508,4573.98,4878.57,-1353.12,-6.1889
GV-12509,4642.76,4881.13,-1347.5,-5.8895
GV-12510,4676.24,4877.02,-1348.7,-5.8647
GV-12511,4738.62,4894.26,-1397.36,-5.7566
GV-12512,4760.61,4877.89,-1396.66,-5.694
GV-12513,4806.32,4883.0,-1446.88,-5.6272
GV-12514,4859.75,4876.93,-1448.53,-5.4858
GV-12515,4929.77,4871.95,-1450.29,-5.2627
GV-12516,4961.74,4893.53,-1448.22,-5.2056
GV-12517,5043.1,4890.47,-1454.77,-5.2549
GV-12518,5074.62,4863.44,-1496.49,-4.9362
GV-12519,5117.98,4858.31,-1497.63,-5.1582
GV-12520,5169.98,4873.9,-1503.98,-4.8682
GV-12521,5223.24,4888.85,-1502.06,-4.5194
GV-12522,5290.77,4867.0,-1499.33,-4.5741
GV-12523,5317.73,4869.55,-1499.62,-4.4721
GV-12524,5368.11,4859.69,-1495.23,-4.2733
GV-12525,5418.31,4872.32,-1503.88,-4.155
GV-12526,5486.44,4858.87,-1495.08,-4.0728
GV-12527,5529.8,4860.64,-1501.35,-3.9505
GV-12528,5557.75,4886.55,-1497.28,-3.7995
GV-12529,5640.0,4862.04,-1501.27,-3.731
GV-12530,5670.99,4884.93,-1495.16,-3.4507
GV-12531,5706.46,4857.51,-1502.73,-3.373
GV-12532,5771.47,4873.75,-1497.9,-3.298
GV-12533,5833.61,4891.25,-1497.69,-3.119
GV-12534,5864.03,4885.97,-1550.56,-3.0071
GV-12535,5928.53,4860.58,-1550.2,-3.06
GV-12536,5963.28,4882.41,-1551.82,-2.6773
GV-12537,6015.06,4867.92,-1553.77,-2.6245
GV-12538,6087.98,4881.78,-1547.15,-2.4815
GV-12539,6112.65,4860.36,-1547.06,-2.2613
GV-12540,6181.67,4866.06,-1553.4,-2.4123
GV-12541,6212.61,4868.99,-1597.52,-2.4119
GV-12542,6288.04,4855.16,-1602.15,-2.1676
GV-12543,6316.74,4878.83,-1601.77,-2.003
GV-12544,6357.8,4861.17,-1603.66,-1.8335
GV-12545,8.37,4908.17,-1249.31,-8.8021
GV-12546,90.45,4943.56,-1199.1,-8.8576
GV-12547,137.99,4922.62,-1153.59,-8.9633
GV-12548,170.92,4932.59,-1150.9,-9.2666
GV-12549,217.97,4914.0,-1104.45,-9.2809
GV-12550,256.2,4906.22,-1049.7,-9.2447
GV-12551,314.99,4931.44,-1049.92,-9.5021
GV-12552,378.36,4933.28,-998.2,-9.524
GV-12553,429.42,4941.45,-946.1,-9.761
GV-12554,464.89,4938.19,-948.05,-9.7059
GV-12555,516.53,4929.13,-903.83,-9.9788
GV-12556,560.14,4940.42,-902.41,-10.2067
GV-12557,639.47,4940.76,-847.03,-10.1792
GV-12558,669.2,4939.71,-847.33,-10.4757
GV-12559,738.3,4915.64,-803.31,-10.3082
GV-12560,791.83,4906.73,-798.07,-10.6809
GV-12561,840.45,4938.02,-746.32,-10.9054
GV-12562,860.2,4941.18,-751.8,-10.8075
GV-12563,936.0,4931.72,-698.65,-10.8663
GV-12564,994.21,4930.48,-701.15,-10.9724
GV-12565,1015.42,4913.36,-647.46,-11.2334
GV-12566,1064.09,4943.69,-650.31,-11.3032
GV-12567,1105.62,4927.26,-598.74,-11.4789
GV-12568,1157.21,4916.65,-597.55,-11.4394
GV-12569,1217.63,4919.84,-602.12,-11.6524
GV-12570,1273.09,4915.48,-546.14,-11.8248
GV-12571,1332.75,4916.29,-545.13,-11.5459
GV-12572,1373.92,4927.67,-550.81,-11.8693
GV-12573,1438.36,4909.24,-550.14,-12.0378
GV-12574,1469.5,4912.16,-550.84,-12.02
GV-12575,1527.84,4935.8,-546.22,-11.9875
GV-12576,1586.46,4906.79,-503.71,-12.173
GV-12577,1625.36,4939.49,-501.21,-12.0261
GV-12578,1663.81,4916.95,-498.51,-12.1308
GV-12579,1724.44,4921.16,-497.43,-12.2635
GV-12580,1764.08,4917.79,-546.31,-12.1815
GV-12581,1806.63,4923.54,-546.32,-12.1412
GV-12582,1875.27,4927.12,-545.74,-12.1689
GV-12583,1943.82,4911.29,-546.88,-11.9251
GV-12584,1959.21,4919.81,-554.09,-12.3233
GV-12585,2011.25,4929.53,-547.04,-12.2023
GV-12586,2070.9,4918.62,-549.46,-12.1779
GV-12587,2138.81,4916.47,-553.76,-12.0056
GV-12588,2193.87,4937.84,-545.99,-11.9633
GV-12589,2214.92,4939.28,-546.97,-11.8329
GV-12590,2280.47,4912.58,-546.05,-11.9896
GV-12591,2330.36,4929.04,-549.9,-11.8703
GV-12592,2381.95,4944.04,-546.34,-11.8353
GV-12593,2411.43,4943.86,-549.1,-11.6242
GV-12594,2484.04,4942.15,-546.06,-11.7197
GV-12595,2520.21,4922.9,-546.61,-11.634
GV-12596,2577.14,4907.18,-554.86,-11.7216
GV-12597,2631.51,4910.19,-549.33,-11.5572
GV-12598,2690.84,4906.05,-546.74,-11.5198
GV-12599,2727.64,4922.92,-600.9,-11.3042
GV-12600,2763.38,4913.69,-598.93,-11.1051
GV-12601,2841.06,4919.7,-602.62,-10.9759
GV-12602,2877.4,4914.65,-595.75,-11.0368
GV-12603,2905.92,4911.31,-604.06,-10.8984
GV-12604,2981.24,4908.75,-601.79,-10.6799
GV-12605,3016.15,4923.33,-599.68,-10.6598
GV-12606,3084.92,4919.6,-650.1,-10.4841
GV-12607,3120.76,4921.41,-649.67,-10.4375
GV-12608,3185.95,4908.69,-646.32,-10.2401
GV-12609,3233.22,4908.27,-645.74,-10.1292
GV-12610,3265.01,4920.87,-700.57,-10.1503
GV-12611,3329.17,4925.43,-702.78,-9.903
GV-12612,3380.72,4914.12,-704.52,-9.6043
GV-12613,3442.47,4931.53,-746.68,-9.5842
GV-12614,3463.13,4919.89,-748.16,-9.497
GV-12615,3507.85,4917.3,-747.6,-9.3899
GV-12616,3576.43,4919.11,-800.97,-9.1175
GV-12617,3613.01,4918.98,-801.88,-9.0146
GV-12618,3659.25,4921.51,-852.59,-8.8391
GV-12619,3728.17,4943.31,-853.05,-8.5792
GV-12620,3780.59,4914.89,-904.23,-8.5546
GV-12621,3815.36,4942.02,-903.41,-8.5638
GV-12622,3888.2,4917.96,-953.33,-8.4616
GV-12623,3944.87,4917.88,-953.07,-8.0658
GV-12624,3977.16,4941.83,-995.08,-7.8467
GV-12625,4034.55,4915.19,-1002.64,-7.8087
GV-12626,4089.18,4918.74,-1047.18,-7.4068
GV-12627,4129.36,4932.09,-1052.07,-7.5121
GV-12628,4181.15,4910.67,-1098.13,-7.4856
GV-12629,4212.58,4906.44,-1103.7,-7.208
GV-12630,4259.09,4909.84,-1151.01,-7.0651
GV-12631,4339.87,4919.3,-1201.85,-6.9957
GV-12632,4386.76,4926.9,-1199.03,-6.8663
GV-12633,4412.54,4944.79,-1245.32,-6.8019
GV-12634,4486.14,4923.23,-1251.05,-6.5859
GV-12635,4543.74,4916.9,-1304.97,-6.5379
GV-12636,4592.44,4935.51,-1299.34,-6.2742
GV-12637,4629.62,4911.71,-1347.11,-5.9574
GV-12638,4688.6,4929.91,-1353.75,-6.0358
GV-12639,4710.69,4905.59,-1395.46,-5.9196
GV-12640,4777.48,4912.76,-1404.53,-5.7107
GV-12641,4826.62,4914.77,-1395.22,-5.6432
GV-12642,4869.86,4909.92,-1449.64,-5.5047
GV-12643,4943.83,4936.67,-1446.87,-5.294
GV-12644,4965.4,4935.52,-1454.84,-5.274
GV-12645,5007.49,4943.22,-1451.49,-5.0303
GV-12646,5074.11,4926.0,-1449.21,-4.8311
GV-12647,5112.25,4911.93,-1448.96,-4.8605
GV-12648,5161.84,4944.81,-1497.19,-4.7582
GV-12649,5213.29,4944.5,-1498.32,-4.6796
GV-12650,5293.33,4909.63,-1504.15,-4.4943
GV-12651,5334.43,4919.3,-1504.48,-4.3954
GV-12652,5367.46,4920.91,-1499.17,-4.1122
GV-12653,5421.82,4943.73,-1496.58,-4.1033
GV-12654,5479.33,4918.2,-1504.04,-4.0454
GV-12655,5530.91,4909.66,-1495.62,-3.9962
GV-12656,5567.43,4940.23,-1504.43,-3.7279
GV-12657,5612.8,4911.45,-1496.99,-3.7248
GV-12658,5683.47,4906.88,-1501.88,-3.6104
GV-12659,5744.33,4943.06,-1496.38,-3.6461
GV-12660,5792.6,4907.7,-1504.27,-3.4206
GV-12661,5827.57,4944.66,-1495.94,-3.1456
GV-12662,5877.04,4913.47,-1499.24,-3.0997
GV-12663,5929.53,4942.84,-1551.74,-2.8062
GV-12664,5983.66,4939.2,-1547.1,-2.8853
GV-12665,6014.18,4929.02,-1550.73,-2.5729
GV-12666,6087.29,4929.6,-1554.71,-2.4727
GV-12667,6131.57,4923.02,-1554.96,-2.6608
GV-12668,6194.6,4944.96,-1546.54,-2.3706
GV-12669,6225.4,4934.13,-1602.79,-2.1038
GV-12670,6276.02,4907.05,-1603.14,-2.1221
GV-12671,6331.57,4919.2,-1599.76,-2.0243
GV-12672,6380.65,4906.8,-1603.53,-1.7726
GV-12673,22.4,4979.61,-1248.39,-8.6546
GV-12674,59.05,4988.54,-1247.6,-8.6686
GV-12675,128.25,4993.42,-1203.09,-8.8135
GV-12676,181.73,4972.74,-1147.14,-8.9801
GV-12677,241.36,4993.0,-1146.12,-9.0588
GV-12678,288.27,4973.13,-1096.25,-9.1733
GV-12679,316.3,4958.96,-1054.11,-9.3956
GV-12680,358.46,4983.26,-1046.4,-9.5643
GV-12681,412.54,4981.62,-1003.63,-9.6873
GV-12682,474.51,4973.44,-946.41,-9.7438
GV-12683,506.44,4993.8,-953.58,-9.8271
GV-12684,561.4,4976.71,-903.59,-10.0906
GV-12685,636.53,4965.59,-895.11,-10.0979
GV-12686,681.38,4961.35,-846.86,-10.2353
GV-12687,729.92,4955.06,-797.56,-10.303
GV-12688,786.82,4965.22,-801.82,-10.545
GV-12689,821.69,4988.13,-748.68,-10.5927
GV-12690,874.83,4984.8,-751.39,-10.6519
GV-12691,907.36,4979.12,-701.73,-10.8241
GV-12692,981.39,4986.02,-698.3,-11.0067
GV-12693,1005.25,4986.27,-649.73,-11.0763
GV-12694,1088.84,4977.45,-646.37,-11.0234
GV-12695,1120.35,4981.84,-649.42,-11.3198
GV-12696,1160.33,4972.39,-596.56,-11.6046
GV-12697,1244.37,4973.97,-601.18,-11.5579
GV-12698,1280.73,4974.45,-553.35,-11.658
GV-12699,1337.38,4993.07,-547.95,-11.7623
GV-12700,1356.93,4973.79,-549.23,-11.8224
GV-12701,1443.96,4965.51,-551.44,-11.8784
GV-12702,1460.35,4966.85,-547.62,-12.0726
GV-12703,1542.81,4967.67,-548.38,-11.8813
GV-12704,1562.44,4971.9,-547.1,-12.0419
GV-12705,1619.32,4971.52,-549.25,-12.0784
GV-12706,1677.58,4984.47,-551.78,-12.0577
GV-12707,1721.29,4981.53,-546.26,-12.0397
GV-12708,1785.46,4976.88,-549.23,-12.0806
GV-12709,1835.41,4964.1,-552.37,-11.9884
GV-12710,1859.82,4977.97,-552.55,-12.0691
GV-12711,1906.28,4983.56,-552.27,-11.9764
GV-12712,1979.2,4988.49,-547.14,-11.9836
GV-12713,2023.76,4987.23,-547.88,-11.8524
GV-12714,2062.21,4992.25,-545.64,-12.081
GV-12715,2116.04,4965.39,-552.35,-11.8546
GV-12716,2167.45,4988.25,-552.16,-11.8659
GV-12717,2228.38,4982.09,-552.9,-11.7423
GV-12718,2261.12,4963.04,-545.6,-11.9013
GV-12719,2342.5,4955.56,-554.55,-11.8235
GV-12720,2371.68,4992.77,-545.7,-11.8234
GV-12721,2418.66,4976.7,-546.87,-11.7688
GV-12722,2455.15,4961.29,-552.24,-11.5917
GV-12723,2530.74,4994.84,-549.03,-11.6062
GV-12724,2567.93,4960.46,-545.18,-11.5244
GV-12725,2611.15,4973.23,-551.56,-11.4321
GV-12726,2661.91,4985.29,-546.39,-11.4339
GV-12727,2719.86,4990.25,-603.7,-11.1538
GV-12728,2784.58,4980.69,-598.37,-11.2173
GV-12729,2824.71,4971.39,-602.79,-11.1311
GV-12730,2856.1,4978.27,-601.98,-11.058
GV-12731,2937.93,4983.06,-603.48,-10.8998
GV-12732,2970.99,4969.34,-603.01,-10.7704
GV-12733,3040.7,4967.97,-598.27,-10.6858
GV-12734,3078.91,4956.2,-650.69,-10.4712
GV-12735,3134.25,4956.82,-653.86,-10.2871
GV-12736,3179.55,4961.47,-650.43,-10.3578
GV-12737,3224.32,4963.29,-650.05,-10.2046
GV-12738,3263.69,4970.36,-697.99,-9.999
GV-12739,3337.87,4990.63,-701.44,-9.8891
GV-12740,3358.99,4958.37,-702.8,-9.6762
GV-12741,3437.79,4973.3,-697.19,-9.8096
GV-12742,3486.05,4980.72,-747.22,-9.3428
GV-12743,3528.86,4992.42,-749.55,-9.3063
GV-12744,3574.75,4973.74,-747.36,-9.2526
GV-12745,3620.51,4962.79,-797.05,-9.0452
GV-12746,3656.11,4973.56,-801.85,-8.8233
GV-12747,3732.58,4972.15,-848.48,-8.8576
GV-12748,3756.62,4976.54,-853.89,-8.5968
GV-12749,3835.05,4969.38,-899.47,-8.3882
GV-12750,3871.9,4979.1,-904.71,-8.4087
GV-12751,3931.55,4974.48,-953.67,-8.1098
GV-12752,3980.48,4959.21,-949.69,-8.0314
GV-12753,4039.41,4973.62,-1002.95,-7.8287
GV-12754,4065.64,4982.29,-1001.79,-7.6228
GV-12755,4106.71,4962.61,-1048.86,-7.5477
GV-12756,4191.23,4967.87,-1045.07,-7.5178
GV-12757,4232.87,4963.98,-1099.22,-7.2047
GV-12758,4291.92,4975.35,-1148.77,-7.0826
GV-12759,4343.37,4960.92,-1154.28,-6.9278
GV-12760,4377.13,4973.72,-1201.2,-6.7385
GV-12761,4420.89,4985.32,-1202.45,-6.5677
GV-12762,4483.78,4968.91,-1247.07,-6.664
GV-12763,4531.65,4975.89,-1247.51,-6.3273
GV-12764,4578.61,4956.15,-1300.96,-6.2439
GV-12765,4637.46,4985.93,-1298.74,-6.022
GV-12766,4665.04,4965.97,-1345.21,-5.939
GV-12767,4741.1,4969.51,-1347.11,-5.9572
GV-12768,4777.56,4967.02,-1399.79,-5.6415
GV-12769,4811.56,4983.16,-1402.14,-5.6573
GV-12770,4879.24,4977.31,-1402.58,-5.336
GV-12771,4905.11,4965.57,-1449.96,-5.3658
GV-12772,4959.04,4989.2,-1448.42,-5.3407
GV-12773,5010.26,4970.79,-1445.87,-4.9833
GV-12774,5071.05,4961.98,-1450.19,-4.9244
GV-12775,5139.11,4962.22,-1445.86,-4.908
GV-12776,5155.19,4972.35,-1451.54,-4.7417
GV-12777,5238.38,4967.88,-1453.62,-4.6826
GV-12778,5285.68,4976.08,-1453.01,-4.2738
GV-12779,5305.24,4974.0,-1501.56,-4.3583
GV-12780,5379.25,4957.06,-1499.03,-4.237
GV-12781,5429.71,4970.6,-1499.47,-4.1552
GV-12782,5466.32,4968.05,-1498.38,-4.0111
GV-12783,5528.74,4989.48,-1495.79,-3.8969
GV-12784,5590.21,4973.73,-1495.62,-3.8666
GV-12785,5640.59,4993.22,-1499.98,-3.7775
GV-12786,5672.31,4992.27,-1501.8,-3.6952
GV-12787,5734.65,4957.47,-1496.4,-3.4981
GV-12788,5783.9,4968.65,-1504.85,-3.2248
GV-12789,5818.79,4986.92,-1504.98,-3.0536
GV-12790,5867.53,4989.86,-1496.95,-3.021
GV-12791,5910.52,4964.76,-1504.0,-2.8592
GV-12792,5969.46,4970.33,-1551.38,-2.7589
GV-12793,6020.16,4972.18,-1548.01,-2.753
GV-12794,6093.06,4978.2,-1551.94,-2.5365
GV-12795,6122.24,4992.94,-1551.89,-2.4066
GV-12796,6189.61,4985.47,-1545.97,-2.2198
GV-12797,6224.4,4966.33,-1600.58,-2.0644
GV-12798,6285.43,4964.41,-1602.43,-2.0986
GV-12799,6330.27,4983.11,-1595.82,-2.0431
GV-12800,6373.19,4958.09,-1599.56,-2.0494
GV-12801,10.76,5036.1,-1297.83,-8.6888
GV-12802,73.92,5015.44,-1247.26,-8.6052
GV-12803,115.38,5038.53,-1200.6,-8.8744
GV-12804,166.06,5035.67,-1195.54,-8.9259
GV-12805,244.24,5005.6,-1147.04,-9.0677
GV-12806,292.72,5039.01,-1096.37,-9.1789
GV-12807,315.79,5006.51,-1098.9,-9.369
GV-12808,377.8,5038.4,-1048.49,-9.3821
GV-12809,415.09,5031.44,-1004.36,-9.3356
GV-12810,458.34,5006.05,-1004.44,-9.7179
GV-12811,536.65,5023.04,-949.5,-9.7394
GV-12812,573.95,5006.79,-947.45,-9.7727
GV-12813,633.3,5039.72,-904.9,-9.937
GV-12814,681.56,5038.8,-852.33,-10.2259
GV-12815,721.49,5008.55,-848.35,-10.145
GV-12816,792.66,5016.57,-804.72,-10.51
GV-12817,832.78,5029.32,-800.68,-10.4376
GV-12818,877.94,5023.62,-752.01,-10.6703
GV-12819,910.6,5013.95,-753.56,-10.7189
GV-12820,980.12,5017.37,-695.56,-10.9524
GV-12821,1034.03,5038.72,-701.88,-11.0696
GV-12822,1078.48,5014.66,-645.41,-11.1175
GV-12823,1138.77,5033.61,-650.11,-11.304
GV-12824,1170.55,5012.76,-600.82,-11.2948
GV-12825,1220.01,5009.99,-599.23,-11.5385
GV-12826,1292.27,5035.03,-603.64,-11.7928
GV-12827,1319.79,5032.48,-546.82,-11.5103
GV-12828,1394.85,5014.86,-552.73,-11.7085
GV-12829,1406.31,5025.06,-551.72,-11.8549
GV-12830,1465.25,5022.5,-552.85,-11.8428
GV-12831,1533.26,5029.9,-548.66,-11.9746
GV-12832,1582.37,5012.56,-551.09,-11.9792
GV-12833,1609.19,5034.88,-552.54,-12.1907
GV-12834,1680.72,5043.21,-553.22,-11.9202
GV-12835,1717.97,5006.27,-549.77,-12.1225
GV-12836,1764.43,5006.9,-546.78,-12.1231
GV-12837,1808.61,5009.7,-553.3,-12.0781
GV-12838,1855.26,5043.02,-550.37,-12.0761
GV-12839,1929.55,5038.97,-546.74,-11.768
GV-12840,1978.06,5034.01,-545.35,-11.9805
GV-12841,2010.78,5019.23,-553.24,-11.9073
GV-12842,2056.58,5027.84,-550.42,-11.9456
GV-12843,2124.13,5038.96,-546.99,-11.9579
GV-12844,2190.24,5028.33,-554.88,-11.9079
GV-12845,2218.42,5007.47,-551.8,-11.9561
GV-12846,2271.67,5013.52,-548.69,-11.893
GV-12847,2313.55,5025.65,-551.17,-11.9079
GV-12848,2371.23,5023.29,-553.47,-11.7075
GV-12849,2421.04,5006.46,-547.37,-11.6998
GV-12850,2482.39,5012.41,-548.11,-11.7181
GV-12851,2536.15,5030.11,-545.34,-11.5396
GV-12852,2580.83,5021.72,-548.81,-11.6165
GV-12853,2630.29,5013.61,-551.34,-11.4821
GV-12854,2660.78,5035.42,-550.46,-11.3089
GV-12855,2707.78,5023.92,-603.92,-11.2142
GV-12856,2760.08,5018.71,-600.09,-11.2549
GV-12857,2835.93,5016.74,-598.9,-10.8023
GV-12858,2858.48,5008.13,-602.66,-10.7624
GV-12859,2937.78,5031.38,-604.49,-10.819
GV-12860,2977.62,5023.07,-600.54,-10.8171
GV-12861,3021.29,5043.29,-603.67,-10.6593
GV-12862,3078.77,5022.16,-649.61,-10.5829
GV-12863,3128.88,5032.9,-646.55,-10.4737
GV-12864,3165.39,5024.9,-648.41,-10.3123
GV-12865,3205.43,5010.02,-649.47,-10.1839
GV-12866,3256.44,5033.32,-653.2,-10.1297
GV-12867,3334.55,5040.6,-703.51,-9.9099
GV-12868,3376.72,5027.29,-704.6,-9.7065
GV-12869,3419.01,5005.93,-698.75,-9.4888
GV-12870,3487.62,5026.47,-704.91,-9.4801
GV-12871,3508.92,5007.27,-745.94,-9.2857
GV-12872,3588.77,5012.53,-754.49,-9.3044
GV-12873,3628.63,5007.17,-747.58,-9.2245
GV-12874,3667.19,5021.26,-804.96,-8.876
GV-12875,3725.33,5028.81,-797.2,-8.5954
GV-12876,3784.31,5033.07,-849.45,-8.6497
GV-12877,3820.81,5023.04,-853.07,-8.3501
GV-12878,3888.56,5027.18,-904.23,-8.4178
GV-12879,3915.39,5036.51,-899.53,-8.2042
GV-12880,3978.23,5016.02,-950.36,-7.9793
GV-12881,4042.37,5018.85,-953.72,-7.8118
GV-12882,4086.01,5020.23,-998.23,-7.6469
GV-12883,4108.77,5023.56,-996.55,-7.6042
GV-12884,4173.65,5014.48,-1050.08,-7.3121
GV-12885,4210.48,5033.38,-1102.35,-7.2231
GV-12886,4293.88,5038.09,-1098.13,-7.0302
GV-12887,4332.37,5027.8,-1151.16,-7.0089
GV-12888,4362.29,5043.06,-1149.26,-6.8555
GV-12889,4406.07,5041.75,-1198.93,-6.7281
GV-12890,4464.97,5005.2,-1201.24,-6.5938
GV-12891,4537.91,5029.15,-1254.2,-6.357
GV-12892,4576.02,5033.13,-1252.51,-6.2924
GV-12893,4607.31,5022.42,-1301.64,-6.1639
GV-12894,4670.78,5032.81,-1304.79,-6.259
GV-12895,4733.95,5025.11,-1350.52,-5.9805
GV-12896,4794.77,5029.13,-1349.95,-5.7289
GV-12897,4833.21,5012.13,-1404.76,-5.7765
GV-12898,4862.85,5013.68,-1404.57,-5.4432
GV-12899,4909.36,5042.26,-1395.01,-5.462
GV-12900,4987.18,5037.5,-1400.39,-5.1872
GV-12901,5008.54,5017.44,-1445.87,-5.0812
GV-12902,5075.89,5007.02,-1452.99,-5.0155
GV-12903,5138.09,5019.97,-1454.05,-4.8306
GV-12904,5191.89,5033.19,-1446.44,-4.7374
GV-12905,5216.2,5008.45,-1450.71,-4.5636
GV-12906,5293.5,5024.5,-1447.21,-4.5318
GV-12907,5307.32,5029.39,-1448.52,-4.3919
GV-12908,5361.14,5044.5,-1451.68,-4.2444
GV-12909,5423.5,5006.5,-1450.49,-4.1381
GV-12910,5474.79,5028.05,-1450.07,-4.0362
GV-12911,5536.66,5007.57,-1449.97,-3.9264
GV-12912,5588.35,5013.65,-1500.79,-3.7748
GV-12913,5609.17,5010.49,-1498.63,-3.9135
GV-12914,5668.34,5016.62,-1500.28,-3.4993
GV-12915,5705.36,5037.52,-1499.5,-3.608
GV-12916,5765.08,5041.91,-1496.77,-3.2819
GV-12917,5822.76,5021.05,-1501.5,-3.1699
GV-12918,5866.97,5023.75,-1497.56,-2.9741
GV-12919,5941.27,5042.88,-1500.25,-2.8236
GV-12920,5978.13,5034.42,-1503.25,-2.7143
GV-12921,6005.06,5012.15,-1548.89,-2.6275
GV-12922,6090.84,5017.09,-1554.61,-2.5732
GV-12923,6132.69,5014.28,-1548.73,-2.4962
GV-12924,6186.33,5015.88,-1551.25,-2.4501
GV-12925,6239.43,5042.42,-1601.32,-2.2077
GV-12926,6278.68,5009.58,-1599.94,-1.9787
GV-12927,6325.1,5042.62,-1602.64,-2.1093
GV-12928,6391.02,5036.45,-1600.78,-1.8056
GV-12929,15.28,5084.67,-1298.65,-8.5401
GV-12930,86.09,5083.85,-1249.91,-8.6326
GV-12931,128.32,5093.76,-1245.55,-8.8715
GV-12932,172.31,5068.54,-1198.79,-8.857
GV-12933,229.84,5080.14,-1154.07,-9.0288
GV-12934,267.55,5076.68,-1147.65,-9.2141
GV-12935,341.89,5059.06,-1099.95,-9.0243
GV-12936,368.02,5094.39,-1046.29,-9.3817
GV-12937,425.41,5093.86,-1048.0,-9.4944
GV-12938,465.27,5062.22,-995.13,-9.6241
GV-12939,529.62,5084.86,-1001.79,-9.6955
GV-12940,583.15,5090.64,-947.4,-9.967
GV-12941,617.79,5087.56,-900.79,-9.8938
GV-12942,656.34,5083.05,-904.99,-10.1297
GV-12943,728.85,5083.96,-850.84,-10.1921
GV-12944,755.63,5080.9,-849.15,-10.4223
GV-12945,834.0,5083.93,-803.03,-10.4739
GV-12946,882.31,5070.17,-747.49,-10.5302
GV-12947,937.92,5062.01,-753.08,-10.6052
GV-12948,984.44,5094.43,-697.05,-10.7832
GV-12949,1026.2,5088.92,-703.28,-10.9193
GV-12950,1060.67,5070.81,-649.44,-11.0069
GV-12951,1107.97,5061.43,-647.69,-11.097
GV-12952,1168.61,5069.72,-645.8,-11.4724
GV-12953,1215.43,5088.32,-603.77,-11.4479
GV-12954,1294.06,5062.27,-602.81,-11.4347
GV-12955,1323.46,5070.85,-597.54,-11.4619
GV-12956,1387.87,5084.51,-553.88,-11.6393
GV-12957,1442.86,5094.74,-547.49,-11.7454
GV-12958,1459.96,5090.45,-554.82,-11.6942
GV-12959,1537.3,5075.19,-554.6,-11.863
GV-12960,1558.59,5062.13,-550.44,-11.9402
GV-12961,1616.97,5079.66,-550.39,-11.9602
GV-12962,1665.86,5059.59,-554.66,-11.8981
GV-12963,1707.68,5060.8,-554.78,-12.0816
GV-12964,1784.26,5093.18,-548.91,-11.9549
GV-12965,1829.22,5056.01,-551.16,-11.9481
GV-12966,1891.22,5059.2,-552.66,-11.9488
GV-12967,1932.84,5078.16,-545.34,-11.9646
GV-12968,1993.43,5089.3,-548.5,-12.0405
GV-12969,2027.16,5093.83,-548.43,-12.0749
GV-12970,2077.12,5063.54,-545.1,-11.8799
GV-12971,2112.58,5087.94,-552.99,-11.8514
GV-12972,2188.04,5081.87,-546.74,-11.8301
GV-12973,2206.42,5068.92,-551.96,-11.7967
GV-12974,2287.22,5067.36,-554.78,-11.7048
GV-12975,2331.75,5062.65,-550.48,-11.8014
GV-12976,2355.52,5081.22,-545.18,-11.672
GV-12977,2415.65,5061.35,-549.25,-11.7346
GV-12978,2484.03,5056.66,-546.94,-11.5708
GV-12979,2505.8,5060.55,-554.69,-11.5871
GV-12980,2584.79,5074.73,-550.79,-11.326
GV-12981,2633.08,5066.6,-545.97,-11.4548
GV-12982,2680.95,5056.0,-596.68,-11.2306
GV-12983,2724.74,5070.16,-595.57,-11.2216
GV-12984,2769.59,5083.17,-601.87,-11.0866
GV-12985,2807.03,5078.07,-603.87,-11.1258
GV-12986,2855.68,5092.94,-601.27,-10.9396
GV-12987,2918.69,5056.72,-600.23,-10.9837
GV-12988,2967.37,5063.57,-601.41,-10.8646
GV-12989,3029.31,5091.46,-603.68,-10.5616
GV-12990,3073.43,5088.49,-653.93,-10.5849
GV-12991,3110.05,5067.51,-647.59,-10.471
GV-12992,3175.66,5069.01,-647.9,-10.2603
GV-12993,3217.35,5075.66,-654.13,-10.1224
GV-12994,3276.94,5061.92,-654.35,-9.9915
GV-12995,3344.41,5084.15,-654.66,-9.8914
GV-12996,3359.04,5059.7,-703.24,-9.7749
GV-12997,3416.61,5073.19,-701.66,-9.5823
GV-12998,3487.53,5088.63,-699.27,-9.4325
GV-12999,3539.37,5059.17,-696.78,-9.2782
GV-13000,3563.45,5074.83,-749.19,-9.2239
GV-13001,3611.01,5069.45,-750.88,-8.8623
GV-13002,3678.47,5076.48,-751.63,-9.0748
GV-13003,3707.11,5060.14,-797.77,-8.7441
GV-13004,3775.65,5087.19,-799.42,-8.5407
GV-13005,3812.6,5088.1,-845.7,-8.453
GV-13006,3892.75,5083.31,-854.71,-8.3707
GV-13007,3918.82,5071.67,-896.39,-8.1304
GV-13008,3971.66,5084.18,-895.78,-8.15
GV-13009,4026.36,5062.68,-953.79,-8.0037
GV-13010,4074.55,5057.28,-947.09,-7.7619
GV-13011,4134.81,5061.14,-996.66,-7.8358
GV-13012,4182.8,5079.96,-1051.18,-7.3324
GV-13013,4222.68,5060.68,-1050.53,-7.3279
GV-13014,4287.13,5064.14,-1104.72,-7.1947
GV-13015,4335.55,5061.51,-1098.63,-6.962
GV-13016,4368.86,5059.14,-1154.5,-6.6951
GV-13017,4419.97,5064.65,-1148.36,-6.766
GV-13018,4487.25,5064.09,-1198.65,-6.6831
GV-13019,4540.09,5093.76,-1250.65,-6.4951
GV-13020,4573.36,5059.53,-1252.06,-6.2048
GV-13021,4625.35,5093.15,-1303.52,-6.1453
GV-13022,4662.87,5055.43,-1296.48,-6.0288
GV-13023,4724.33,5082.98,-1350.86,-5.8857
GV-13024,4765.09,5074.54,-1345.43,-5.5834
GV-13025,4833.7,5071.35,-1353.46,-5.4611
GV-13026,4891.63,5091.48,-1395.9,-5.4727
GV-13027,4912.34,5093.73,-1400.07,-5.3525
GV-13028,4990.19,5066.62,-1396.0,-5.078
GV-13029,5035.18,5058.25,-1398.43,-5.1093
GV-13030,5065.56,5079.28,-1449.23,-4.963
GV-13031,5134.7,5086.63,-1454.1,-5.0789
GV-13032,5171.52,5066.55,-1448.01,-4.7488
GV-13033,5221.77,5081.54,-1447.14,-4.7146
GV-13034,5272.27,5068.12,-1446.92,-4.4005
GV-13035,5332.27,5068.59,-1452.48,-4.2541
GV-13036,5391.89,5060.48,-1452.28,-4.2876
GV-13037,5409.06,5092.85,-1454.62,-4.2424
GV-13038,5462.32,5062.82,-1451.28,-4.0274
GV-13039,5537.2,5091.33,-1452.69,-3.8674
GV-13040,5580.17,5069.86,-1447.59,-3.7844
GV-13041,5632.95,5090.11,-1452.42,-3.6253
GV-13042,5684.69,5069.12,-1453.31,-3.5574
GV-13043,5708.12,5088.34,-1496.99,-3.6373
GV-13044,5780.59,5075.71,-1495.12,-3.3576
GV-13045,5824.02,5085.2,-1500.44,-3.1876
GV-13046,5884.03,5083.94,-1497.02,-2.9011
GV-13047,5908.48,5065.44,-1501.7,-2.8829
GV-13048,5965.64,5055.15,-1498.48,-2.8727
GV-13049,6018.36,5056.93,-1545.57,-2.8028
GV-13050,6069.4,5064.49,-1553.17,-2.5491
GV-13051,6143.36,5094.69,-1549.48,-2.4705
GV-13052,6186.55,5073.14,-1548.53,-2.3727
GV-13053,6235.22,5074.89,-1549.98,-2.0465
GV-13054,6274.22,5078.68,-1601.87,-2.1966
GV-13055,6321.19,5084.1,-1598.27,-2.062
GV-13056,6388.39,5063.95,-1598.14,-1.891
GV-13057,44.59,5133.27,-1301.18,-8.6074
GV-13058,93.89,5115.82,-1300.66,-8.676
GV-13059,121.49,5140.87,-1252.96,-8.8327
GV-13060,185.58,5128.03,-1252.62,-8.8499
GV-13061,219.33,5138.94,-1204.0,-8.9524
GV-13062,275.34,5143.89,-1146.63,-9.1721
GV-13063,307.72,5119.93,-1148.01,-9.0728
GV-13064,361.08,5108.87,-1097.55,-9.4252
GV-13065,407.13,5129.93,-1054.0,-9.4024
GV-13066,478.87,5135.57,-1045.38,-9.5621
GV-13067,530.81,5137.77,-1000.3,-9.7172
GV-13068,568.07,5123.86,-949.54,-9.7547
GV-13069,641.65,5119.83,-952.7,-9.9428
GV-13070,677.48,5116.66,-904.14,-10.1233
GV-13071,716.19,5119.04,-898.82,-10.1532
GV-13072,763.56,5114.91,-853.44,-10.082
GV-13073,843.07,5143.79,-796.04,-10.1692
GV-13074,857.35,5114.07,-797.26,-10.5116
GV-13075,943.3,5116.8,-751.52,-10.583
GV-13076,969.94,5123.82,-748.57,-10.8956
GV-13077,1031.09,5142.16,-698.07,-10.9955
GV-13078,1086.73,5133.93,-702.83,-10.9711
GV-13079,1135.18,5126.77,-648.91,-11.1567
GV-13080,1171.49,5129.03,-647.74,-11.1812
GV-13081,1215.22,5142.7,-603.69,-11.1921
GV-13082,1275.87,5126.31,-598.34,-11.3864
GV-13083,1336.61,5105.73,-595.22,-11.6122
GV-13084,1392.76,5118.17,-603.49,-11.5375
GV-13085,1409.57,5119.87,-546.42,-11.6766
GV-13086,1461.7,5109.59,-553.59,-11.5228
GV-13087,1513.01,5139.78,-550.9,-11.9046
GV-13088,1558.2,5127.53,-548.47,-11.7775
GV-13089,1629.72,5111.7,-549.45,-11.912
GV-13090,1658.7,5135.84,-551.71,-11.7454
GV-13091,1711.4,5126.1,-545.95,-11.827
GV-13092,1794.47,5108.71,-551.79,-11.8828
GV-13093,1807.48,5138.17,-549.67,-11.8014
GV-13094,1867.97,5140.67,-547.82,-11.6027
GV-13095,1944.19,5138.34,-552.09,-11.93
GV-13096,1992.94,5118.98,-554.44,-11.9147
GV-13097,2022.98,5123.46,-553.06,-11.7445
GV-13098,2079.51,5131.57,-545.88,-12.0254
GV-13099,2120.25,5116.47,-546.8,-11.6932
GV-13100,2182.71,5112.26,-553.11,-11.9078
GV-13101,2228.42,5139.3,-545.71,-11.7115
GV-13102,2279.69,5131.09,-550.37,-11.8487
GV-13103,2322.94,5137.82,-551.89,-11.7722
GV-13104,2377.87,5123.84,-547.52,-11.6911
GV-13105,2432.15,5109.65,-553.52,-11.677
GV-13106,2471.48,5122.19,-551.16,-11.4393
GV-13107,2505.85,5108.12,-550.09,-11.531
GV-13108,2588.04,5112.35,-549.89,-11.3967
GV-13109,2637.99,5120.77,-551.44,-11.2638
GV-13110,2661.74,5109.8,-598.45,-11.2222
GV-13111,2718.13,5142.64,-600.24,-11.1541
GV-13112,2784.29,5125.22,-598.53,-11.2116
GV-13113,2811.06,5125.56,-598.29,-11.1245
GV-13114,2859.61,5138.46,-596.84,-10.9109
GV-13115,2931.9,5132.06,-600.23,-10.7353
GV-13116,2961.46,5105.85,-600.06,-10.661
GV-13117,3031.91,5108.15,-597.34,-10.6838
GV-13118,3059.91,5143.63,-599.75,-10.4883
GV-13119,3122.74,5129.47,-649.34,-10.3551
GV-13120,3191.75,5135.75,-651.1,-10.4051
GV-13121,3222.18,5118.28,-645.19,-10.1529
GV-13122,3268.65,5132.04,-648.19,-10.1692
GV-13123,3322.87,5105.81,-647.51,-9.9838
GV-13124,3368.3,5134.16,-647.7,-9.8407
GV-13125,3425.94,5125.02,-698.0,-9.6548
GV-13126,3491.45,5108.0,-698.77,-9.4721
GV-13127,3530.5,5141.99,-703.25,-9.4813
GV-13128,3580.47,5119.09,-697.1,-9.3835
GV-13129,3620.5,5114.75,-748.5,-9.2383
GV-13130,3683.84,5143.31,-749.92,-8.9759
GV-13131,3737.93,5144.03,-750.62,-8.8583
GV-13132,3766.71,5109.46,-802.88,-8.5068
GV-13133,3821.85,5140.22,-797.9,-8.397
GV-13134,3866.51,5113.85,-850.07,-8.4616
GV-13135,3932.93,5120.61,-853.35,-8.2573
GV-13136,3958.72,5124.83,-903.67,-8.1255
GV-13137,4027.94,5137.06,-899.79,-7.8779
GV-13138,4067.43,5134.15,-954.93,-7.7435
GV-13139,4110.98,5114.86,-997.08,-7.6615
GV-13140,4164.09,5143.0,-998.58,-7.4011
GV-13141,4217.57,5107.08,-1045.37,-7.2928
GV-13142,4257.21,5128.83,-1054.01,-7.2034
GV-13143,4328.42,5134.33,-1096.79,-6.9409
GV-13144,4364.75,5117.31,-1095.2,-6.8697
GV-13145,4426.14,5125.89,-1145.05,-6.7665
GV-13146,4466.5,5144.56,-1196.66,-6.4463
GV-13147,4530.44,5129.9,-1199.98,-6.3596
GV-13148,4556.74,5128.05,-1253.51,-6.4766
GV-13149,4642.95,5107.58,-1249.26,-6.1855
GV-13150,4682.55,5118.96,-1303.19,-6.1072
GV-13151,4718.0,5136.11,-1296.22,-6.014
GV-13152,4777.71,5139.56,-1353.74,-5.7903
GV-13153,4835.9,5113.43,-1350.52,-5.3992
GV-13154,4862.16,5120.48,-1350.02,-5.4967
GV-13155,4932.95,5128.17,-1395.2,-5.4122
GV-13156,4971.68,5111.06,-1396.69,-5.4121
GV-13157,5007.07,5142.58,-1395.74,-5.0882
GV-13158,5066.22,5131.84,-1397.77,-5.0737
GV-13159,5135.08,5131.13,-1401.93,-4.8301
GV-13160,5155.41,5108.97,-1445.47,-4.8545
GV-13161,5236.21,5131.18,-1451.38,-4.57
GV-13162,5256.0,5111.54,-1446.47,-4.3857
GV-13163,5319.35,5114.12,-1453.21,-4.4959
GV-13164,5358.76,5119.89,-1453.25,-4.3242
GV-13165,5408.74,5142.95,-1448.43,-4.2973
GV-13166,5477.44,5111.38,-1448.81,-3.8901
GV-13167,5541.33,5117.57,-1447.73,-3.8537
GV-13168,5565.59,5117.83,-1445.41,-3.7521
GV-13169,5637.85,5126.22,-1449.58,-3.6533
GV-13170,5688.97,5109.62,-1451.21,-3.3925
GV-13171,5728.74,5132.33,-1451.08,-3.3753
GV-13172,5777.61,5136.98,-1500.41,-3.2451
GV-13173,5831.61,5131.08,-1503.31,-3.0704
GV-13174,5879.59,5105.21,-1501.8,-2.9082
GV-13175,5933.98,5119.48,-1504.47,-2.9185
GV-13176,5965.67,5111.68,-1500.49,-2.7714
GV-13177,6015.18,5107.94,-1503.49,-2.8498
GV-13178,6090.55,5135.78,-1554.85,-2.5897
GV-13179,6122.9,5110.65,-1546.45,-2.448
GV-13180,6161.81,5118.07,-1553.74,-2.1319
GV-13181,6219.91,5120.41,-1548.5,-2.2713
GV-13182,6271.62,5138.81,-1603.75,-2.0271
GV-13183,6322.4,5129.52,-1604.97,-2.084
GV-13184,6359.17,5132.98,-1604.89,-1.9513
GV-13185,30.94,5164.06,-1349.74,-8.4211
GV-13186,73.6,5185.68,-1304.39,-8.6484
GV-13187,124.99,5162.63,-1300.22,-8.6938
GV-13188,190.46,5158.68,-1252.5,-8.7897
GV-13189,224.63,5184.69,-1204.46,-9.1302
GV-13190,261.54,5175.67,-1204.82,-9.1884
GV-13191,329.08,5194.86,-1153.76,-9.0984
GV-13192,375.96,5187.09,-1095.86,-9.2086
GV-13193,443.49,5163.71,-1097.38,-9.2359
GV-13194,492.55,5177.84,-1050.06,-9.3752
GV-13195,537.94,5178.43,-1000.93,-9.344
GV-13196,586.88,5184.05,-1001.37,-9.4987
GV-13197,625.77,5162.27,-947.19,-9.7239
GV-13198,668.96,5179.32,-951.4,-9.9148
GV-13199,717.59,5193.01,-903.46,-10.1408
GV-13200,757.88,5189.23,-846.65,-10.1973
GV-13201,830.38,5169.91,-847.1,-10.0532
GV-13202,888.25,5162.58,-796.07,-10.2817
GV-13203,940.86,5177.47,-798.72,-10.5458
GV-13204,984.44,5165.57,-753.24,-10.5916
GV-13205,1026.03,5170.89,-703.9,-10.6674
GV-13206,1074.27,5180.61,-704.01,-10.8777
GV-13207,1134.49,5177.37,-654.54,-11.1165
GV-13208,1176.52,5166.89,-654.07,-11.1007
GV-13209,1217.0,5176.84,-649.43,-11.1572
GV-13210,1269.74,5188.47,-598.68,-11.3742
GV-13211,1309.97,5177.91,-598.36,-11.2109
GV-13212,1371.03,5190.1,-595.19,-11.4059
GV-13213,1422.5,5176.44,-597.98,-11.4349
GV-13214,1490.59,5175.21,-548.62,-11.5895
GV-13215,1538.2,5170.58,-551.04,-11.5772
GV-13216,1572.61,5163.29,-552.21,-11.685
GV-13217,1632.86,5188.96,-548.64,-11.6722
GV-13218,1658.08,5163.04,-549.91,-11.6526
GV-13219,1719.81,5189.71,-553.28,-11.6593
GV-13220,1765.67,5179.61,-552.95,-11.9284
GV-13221,1815.19,5184.57,-553.32,-11.7662
GV-13222,1867.21,5187.07,-549.07,-11.7672
GV-13223,1920.79,5176.39,-552.46,-11.8117
GV-13224,1993.34,5178.25,-552.41,-11.7472
GV-13225,2024.33,5179.47,-551.05,-11.7101
GV-13226,2060.18,5183.72,-553.57,-11.7294
GV-13227,2115.87,5169.03,-550.46,-11.8358
GV-13228,2173.94,5169.4,-550.43,-11.8814
GV-13229,2240.9,5156.96,-546.43,-11.724
GV-13230,2272.62,5168.42,-548.88,-11.571
GV-13231,2333.92,5189.48,-549.84,-11.657
GV-13232,2371.19,5164.72,-552.65,-11.6174
GV-13233,2433.18,5175.29,-546.05,-11.38
GV-13234,2460.42,5155.1,-548.29,-11.5425
GV-13235,2526.58,5162.92,-549.99,-11.5229
GV-13236,2591.54,5177.56,-546.46,-11.2387
GV-13237,2611.86,5155.45,-599.49,-11.2441
GV-13238,2664.69,5157.42,-598.45,-11.3976
GV-13239,2721.05,5171.83,-596.25,-11.1041
GV-13240,2788.4,5177.19,-597.2,-10.9231
GV-13241,2808.56,5187.74,-596.13,-11.0447
GV-13242,2874.46,5188.6,-604.71,-10.9548
GV-13243,2912.97,5156.51,-599.8,-10.7539
GV-13244,2986.64,5158.68,-601.51,-10.5563
GV-13245,3024.8,5171.08,-599.83,-10.588
GV-13246,3085.91,5182.96,-603.14,-10.3651
GV-13247,3118.43,5163.73,-645.26,-10.433
GV-13248,3181.86,5165.63,-653.43,-10.1311
GV-13249,3242.21,5173.76,-648.27,-10.1337
GV-13250,3265.35,5156.8,-649.78,-10.0595
GV-13251,3320.44,5172.72,-649.06,-9.8944
GV-13252,3357.71,5171.63,-647.84,-9.8082
GV-13253,3406.97,5156.62,-649.52,-9.5668
GV-13254,3488.33,5193.61,-700.25,-9.509
GV-13255,3540.26,5159.83,-698.69,-9.2502
GV-13256,3593.36,5168.84,-704.03,-9.1882
GV-13257,3616.12,5183.19,-700.77,-8.9336
GV-13258,3672.82,5176.2,-748.55,-8.9814
GV-13259,3711.98,5177.08,-751.64,-8.7725
GV-13260,3768.0,5180.46,-801.3,-8.8331
GV-13261,3827.32,5184.41,-800.28,-8.4109
GV-13262,3871.8,5168.93,-799.28,-8.2299
GV-13263,3934.24,5185.54,-848.58,-8.362
GV-13264,3973.45,5170.71,-853.73,-7.9963
GV-13265,4040.55,5178.29,-904.82,-7.6826
GV-13266,4063.68,5156.7,-945.42,-7.8901
GV-13267,4138.55,5170.59,-946.24,-7.6857
GV-13268,4155.6,5183.95,-1001.39,-7.3326
GV-13269,4208.51,5174.06,-996.64,-7.3449
GV-13270,4267.78,5170.62,-1050.05,-7.2191
GV-13271,4327.21,5155.05,-1046.24,-7.0653
GV-13272,4387.48,5167.09,-1097.13,-6.937
GV-13273,4434.0,5158.72,-1153.97,-6.7757
GV-13274,4461.55,5163.67,-1145.95,-6.51
GV-13275,4506.92,5165.12,-1200.58,-6.4346
GV-13276,4566.07,5163.56,-1197.3,-6.5295
GV-13277,4610.64,5166.37,-1247.41,-6.1959
GV-13278,4671.67,5169.76,-1246.76,-6.1073
GV-13279,4729.57,5193.07,-1299.47,-5.9689
GV-13280,4757.84,5155.35,-1302.6,-5.7624
GV-13281,4814.25,5159.51,-1349.23,-5.5346
GV-13282,4885.17,5193.18,-1351.37,-5.522
GV-13283,4918.92,5159.93,-1348.04,-5.3316
GV-13284,4968.28,5173.68,-1395.71,-5.1034
GV-13285,5025.18,5157.73,-1395.5,-5.0974
GV-13286,5094.71,5192.81,-1398.07,-5.1779
GV-13287,5115.52,5168.09,-1404.46,-5.0665
GV-13288,5155.11,5176.18,-1395.29,-4.8483
GV-13289,5209.43,5175.61,-1403.91,-4.4962
GV-13290,5289.56,5176.87,-1447.43,-4.5676
GV-13291,5314.18,5186.52,-1449.92,-4.3808
GV-13292,5369.15,5192.78,-1447.92,-4.3854
GV-13293,5438.28,5171.61,-1454.87,-4.1196
GV-13294,5484.35,5188.45,-1452.44,-3.9671
GV-13295,5506.86,5192.91,-1446.97,-3.9563
GV-13296,5569.02,5161.64,-1449.67,-3.7451
GV-13297,5640.44,5176.88,-1446.13,-3.6451
GV-13298,5694.44,5165.04,-1445.35,-3.541
GV-13299,5705.23,5188.23,-1451.81,-3.3537
GV-13300,5777.7,5180.1,-1453.11,-3.3753
GV-13301,5820.45,5189.81,-1496.76,-3.2125
GV-13302,5879.08,5170.1,-1500.4,-3.0395
GV-13303,5909.57,5180.45,-1501.45,-2.9513
GV-13304,5975.22,5168.12,-1504.29,-2.8402
GV-13305,6023.98,5182.17,-1496.01,-2.6705
GV-13306,6066.86,5175.95,-1549.63,-2.6417
GV-13307,6107.01,5161.72,-1554.58,-2.6244
GV-13308,6183.92,5187.27,-1545.73,-2.3716
GV-13309,6207.98,5172.54,-1547.95,-2.2466
GV-13310,6277.55,5190.38,-1595.58,-2.2207
GV-13311,6339.65,5176.09,-1601.69,-1.9678
GV-13312,6386.47,5178.8,-1597.17,-1.823
GV-13313,35.57,5215.62,-1347.83,-8.3163
GV-13314,83.92,5208.01,-1354.57,-8.5596
GV-13315,116.06,5230.66,-1297.96,-8.7299
GV-13316,190.84,5214.12,-1247.57,-8.8806
GV-13317,232.34,5240.91,-1250.66,-8.8033
GV-13318,291.78,5219.99,-1203.39,-9.0239
GV-13319,309.14,5218.87,-1149.46,-9.2413
GV-13320,370.49,5244.0,-1150.61,-9.2653
GV-13321,423.73,5231.42,-1099.24,-9.3535
GV-13322,491.47,5219.68,-1104.92,-9.6043
GV-13323,533.87,5205.68,-1047.52,-9.4679
GV-13324,564.73,5222.75,-1001.92,-9.5484
GV-13325,623.12,5225.53,-999.09,-9.6739
GV-13326,655.16,5219.19,-949.33,-9.829
GV-13327,743.08,5236.02,-902.51,-9.7936
GV-13328,771.17,5208.59,-904.21,-9.9934
GV-13329,838.98,5240.67,-850.73,-10.2558
GV-13330,858.93,5231.86,-803.61,-10.3649
GV-13331,909.79,5241.38,-804.92,-10.5381
GV-13332,972.53,5235.31,-749.88,-10.5774
GV-13333,1009.31,5218.9,-749.6,-10.5937
GV-13334,1090.69,5218.87,-702.15,-10.6469
GV-13335,1143.07,5222.12,-704.13,-10.9596
GV-13336,1184.3,5226.05,-651.77,-10.9229
GV-13337,1209.55,5225.43,-651.03,-10.8544
GV-13338,1259.28,5222.95,-653.07,-11.254
GV-13339,1340.32,5229.69,-602.38,-11.3189
GV-13340,1384.86,5234.81,-602.13,-11.3296
GV-13341,1420.77,5219.0,-596.38,-11.3391
GV-13342,1483.52,5220.95,-599.78,-11.5
GV-13343,1519.98,5239.99,-599.88,-11.5073
GV-13344,1576.63,5206.9,-550.77,-11.6739
GV-13345,1633.39,5238.64,-553.26,-11.5664
GV-13346,1692.83,5241.71,-549.28,-11.5313
GV-13347,1736.37,5217.39,-546.25,-11.6173
GV-13348,1757.44,5244.24,-552.72,-11.5395
GV-13349,1808.25,5219.57,-551.5,-11.7238
GV-13350,1869.16,5227.63,-545.84,-11.7078
GV-13351,1939.01,5231.79,-548.94,-11.8168
GV-13352,1973.81,5240.5,-550.12,-11.7117
GV-13353,2023.99,5205.58,-548.31,-11.69
GV-13354,2064.19,5221.05,-547.21,-11.5537
GV-13355,2130.94,5220.07,-550.18,-11.6174
GV-13356,2161.94,5217.65,-545.97,-11.7818
GV-13357,2239.36,5229.21,-549.9,-11.7003
GV-13358,2256.48,5226.71,-549.32,-11.6347
GV-13359,2305.47,5219.84,-549.24,-11.7182
GV-13360,2384.47,5231.26,-552.0,-11.5797
GV-13361,2421.29,5231.05,-550.59,-11.3698
GV-13362,2463.93,5231.67,-545.03,-11.4473
GV-13363,2530.25,5226.11,-546.38,-11.3858
GV-13364,2575.7,5221.66,-554.78,-11.2649
GV-13365,2626.09,5205.33,-598.84,-11.0341
GV-13366,2671.75,5220.7,-596.93,-11.0826
GV-13367,2741.91,5233.38,-595.27,-10.9587
GV-13368,2788.41,5227.76,-599.51,-11.0009
GV-13369,2813.39,5242.82,-603.31,-10.8302
GV-13370,2874.84,5224.49,-603.13,-10.8074
GV-13371,2938.87,5242.92,-596.83,-10.8151
GV-13372,2989.66,5236.29,-600.63,-10.6116
GV-13373,3033.29,5213.88,-603.15,-10.5592
GV-13374,3073.06,5227.08,-603.18,-10.5052
GV-13375,3128.15,5217.33,-596.36,-10.4727
GV-13376,3163.88,5217.89,-650.08,-10.2751
GV-13377,3207.14,5218.38,-650.41,-10.2104
GV-13378,3281.79,5226.86,-646.3,-10.0183
GV-13379,3318.05,5208.84,-647.42,-9.8507
GV-13380,3367.71,5228.95,-646.92,-9.6929
GV-13381,3441.25,5213.17,-647.95,-9.5662
GV-13382,3456.86,5231.07,-646.42,-9.4905
GV-13383,3526.42,5211.98,-696.08,-9.2627
GV-13384,3573.83,5231.14,-699.92,-9.3925
GV-13385,3634.33,5210.35,-701.89,-9.2372
GV-13386,3665.74,5239.98,-704.79,-8.8956
GV-13387,3733.53,5229.88,-751.84,-8.8517
GV-13388,3760.82,5226.47,-751.09,-8.781
GV-13389,3830.18,5215.47,-796.02,-8.5984
GV-13390,3870.97,5241.04,-802.22,-8.551
GV-13391,3944.31,5221.1,-854.11,-8.1069
GV-13392,3972.47,5224.65,-848.83,-7.9565
GV-13393,4011.58,5220.45,-902.65,-8.0099
GV-13394,4078.8,5237.55,-901.23,-7.701
GV-13395,4144.45,5229.21,-949.81,-7.7351
GV-13396,4175.46,5209.11,-953.06,-7.5988
GV-13397,4226.43,5227.66,-1003.96,-7.1813
GV-13398,4269.97,5232.74,-998.35,-7.2734
GV-13399,4320.93,5241.63,-1049.25,-7.0112
GV-13400,4362.23,5224.69,-1099.4,-6.8542
GV-13401,4429.89,5225.94,-1103.28,-6.7986
GV-13402,4488.55,5239.47,-1150.49,-6.7435
GV-13403,4540.48,5236.73,-1147.85,-6.574
GV-13404,4558.56,5205.96,-1203.59,-6.2644
GV-13405,4629.72,5239.11,-1195.19,-6.2322
GV-13406,4666.84,5236.71,-1246.86,-6.0489
GV-13407,4712.66,5232.46,-1247.38,-5.8812
GV-13408,4764.66,5241.21,-1295.38,-5.8989
GV-13409,4809.2,5216.15,-1295.41,-5.7483
GV-13410,4894.1,5214.36,-1349.88,-5.6056
GV-13411,4931.7,5216.79,-1348.65,-5.5704
GV-13412,4973.75,5241.47,-1354.66,-5.302
GV-13413,5028.45,5228.52,-1349.52,-5.3399
GV-13414,5092.74,5225.23,-1397.5,-5.0878
GV-13415,5130.69,5232.8,-1402.78,-4.7414
GV-13416,5169.13,5235.24,-1395.8,-4.6812
GV-13417,5208.11,5244.02,-1397.54,-4.7079
GV-13418,5274.47,5217.43,-1399.14,-4.5984
GV-13419,5321.33,5229.5,-1396.7,-4.3777
GV-13420,5385.61,5214.96,-1403.14,-4.2981
GV-13421,5420.27,5222.05,-1453.54,-4.1731
GV-13422,5468.27,5206.7,-1449.81,-3.9288
GV-13423,5516.05,5240.89,-1451.04,-3.9582
GV-13424,5558.19,5220.05,-1450.74,-3.8131
GV-13425,5618.27,5242.79,-1453.96,-3.6408
GV-13426,5673.4,5244.96,-1453.22,-3.561
GV-13427,5720.98,5227.95,-1453.75,-3.3389
GV-13428,5762.15,5211.14,-1450.14,-3.2669
GV-13429,5817.32,5216.92,-1451.62,-2.8884
GV-13430,5859.95,5206.43,-1497.71,-3.022
GV-13431,5920.26,5209.99,-1502.22,-3.0065
GV-13432,5987.63,5219.94,-1497.33,-2.7284
GV-13433,6044.88,5239.99,-1504.27,-2.4372
GV-13434,6080.57,5220.87,-1548.35,-2.5162
GV-13435,6136.8,5221.45,-1551.01,-2.46
GV-13436,6194.34,5229.94,-1548.04,-2.1744
GV-13437,6217.03,5221.71,-1547.98,-2.2853
GV-13438,6285.66,5244.04,-1598.57,-2.0774
GV-13439,6328.99,5227.67,-1603.12,-1.9503
GV-13440,6382.48,5236.91,-1596.89,-1.9598
GV-13441,29.0,5268.96,-1398.22,-8.3867
GV-13442,73.4,5280.62,-1347.84,-8.5573
GV-13443,129.9,5259.76,-1297.19,-8.8358
GV-13444,157.97,5284.2,-1301.65,-8.6805
GV-13445,216.64,5265.4,-1245.83,-8.8039
GV-13446,276.73,5260.21,-1249.52,-8.8255
GV-13447,333.3,5291.01,-1201.99,-8.967
GV-13448,392.67,5274.77,-1145.95,-9.1404
GV-13449,424.04,5293.07,-1149.7,-9.291
GV-13450,482.65,5261.38,-1104.83,-9.3053
GV-13451,529.47,5279.01,-1046.93,-9.2566
GV-13452,567.8,5274.65,-1053.53,-9.5268
GV-13453,629.64,5275.93,-1000.88,-9.5474
GV-13454,675.42,5292.85,-945.32,-9.7213
GV-13455,727.43,5256.68,-946.74,-9.9077
GV-13456,766.5,5256.22,-898.45,-9.927
GV-13457,829.23,5291.64,-849.87,-10.1372
GV-13458,855.82,5266.02,-853.78,-10.0799
GV-13459,929.44,5257.68,-800.64,-10.1778
GV-13460,957.65,5268.34,-799.52,-10.4564
GV-13461,1019.56,5281.35,-746.99,-10.5035
GV-13462,1064.48,5261.2,-750.57,-10.5577
GV-13463,1141.61,5279.98,-702.97,-10.7186
GV-13464,1158.64,5291.12,-702.46,-10.9672
GV-13465,1215.25,5255.78,-649.29,-11.0099
GV-13466,1293.2,5289.55,-647.24,-11.0726
GV-13467,1343.46,5284.62,-648.96,-11.0886
GV-13468,1384.67,5293.78,-596.75,-11.0693
GV-13469,1434.78,5273.29,-601.62,-11.4666
GV-13470,1458.36,5294.91,-600.46,-11.3303
GV-13471,1517.8,5257.61,-603.36,-11.5142
GV-13472,1565.66,5273.47,-602.45,-11.4592
GV-13473,1621.23,5274.01,-603.72,-11.4805
GV-13474,1676.58,5281.13,-548.24,-11.6974
GV-13475,1744.84,5278.85,-547.66,-11.6338
GV-13476,1793.84,5279.27,-545.34,-11.4278
GV-13477,1844.66,5270.78,-553.93,-11.7222
GV-13478,1881.4,5273.56,-550.55,-11.5406
GV-13479,1944.33,5265.11,-547.04,-11.6493
GV-13480,1981.3,5278.37,-550.75,-11.7304
GV-13481,2008.05,5258.71,-547.62,-11.6488
GV-13482,2078.05,5264.39,-550.71,-11.7388
GV-13483,2118.17,5291.4,-545.11,-11.6109
GV-13484,2161.33,5277.93,-548.25,-11.6661
GV-13485,2226.92,5278.71,-547.49,-11.4628
GV-13486,2258.98,5288.75,-551.04,-11.6963
GV-13487,2326.11,5288.32,-548.32,-11.3976
GV-13488,2369.6,5281.35,-554.59,-11.5092
GV-13489,2441.4,5273.28,-549.1,-11.4151
GV-13490,2483.32,5272.95,-545.12,-11.3752
GV-13491,2530.47,5282.98,-548.1,-11.0953
GV-13492,2575.8,5278.04,-597.43,-11.2093
GV-13493,2642.9,5272.57,-597.18,-11.163
GV-13494,2656.18,5266.71,-604.39,-10.9009
GV-13495,2731.35,5273.07,-597.45,-11.1411
GV-13496,2767.26,5275.5,-602.22,-10.9414
GV-13497,2839.2,5279.75,-598.42,-10.7061
GV-13498,2875.14,5271.16,-600.5,-10.702
GV-13499,2914.49,5284.32,-596.05,-10.7106
GV-13500,2963.62,5278.88,-595.52,-10.6127
GV-13501,3034.85,5273.23,-598.59,-10.5307
GV-13502,3069.77,5281.86,-604.9,-10.5316
GV-13503,3116.75,5284.4,-603.36,-10.412
GV-13504,3178.42,5268.22,-601.01,-10.2072
GV-13505,3205.96,5278.26,-598.07,-10.1171
GV-13506,3263.84,5279.84,-647.58,-10.1037
GV-13507,3319.85,5292.09,-652.27,-9.9408
GV-13508,3385.52,5289.18,-650.86,-9.8301
GV-13509,3431.25,5257.85,-650.11,-9.656
GV-13510,3456.37,5292.0,-646.13,-9.556
GV-13511,3512.98,5293.95,-651.88,-9.4224
GV-13512,3581.21,5284.64,-647.26,-9.179
GV-13513,3612.04,5267.29,-700.1,-9.1911
GV-13514,3669.76,5275.0,-700.69,-9.0391
GV-13515,3744.45,5278.91,-700.14,-8.8472
GV-13516,3785.55,5289.65,-745.67,-8.6708
GV-13517,3842.71,5262.51,-753.72,-8.5358
GV-13518,3878.11,5273.0,-796.1,-8.4574
GV-13519,3914.47,5276.7,-798.99,-8.2812
GV-13520,3980.85,5281.65,-854.44,-8.2514
GV-13521,4023.65,5257.2,-849.79,-7.9715
GV-13522,4079.73,5266.08,-895.75,-7.8177
GV-13523,4127.95,5266.48,-901.76,-7.6229
GV-13524,4173.77,5286.1,-946.66,-7.5159
GV-13525,4220.45,5264.6,-945.19,-7.4904
GV-13526,4286.79,5277.14,-997.5,-7.2999
GV-13527,4321.76,5276.62,-1048.52,-7.2372
GV-13528,4373.08,5279.44,-1046.25,-6.8224
GV-13529,4417.51,5280.53,-1100.0,-6.8997
GV-13530,4464.1,5259.04,-1102.14,-6.6691
GV-13531,4523.02,5268.3,-1147.51,-6.5834
GV-13532,4579.21,5286.65,-1200.29,-6.2939
GV-13533,4628.73,5285.98,-1202.55,-6.1786
GV-13534,4665.5,5280.02,-1245.75,-6.1335
GV-13535,4743.45,5274.93,-1245.53,-6.0046
GV-13536,4769.09,5279.89,-1254.45,-5.7947
GV-13537,4826.08,5289.2,-1297.86,-5.6448
GV-13538,4884.82,5263.59,-1297.65,-5.6336
GV-13539,4921.42,5257.66,-1349.55,-5.3945
GV-13540,4968.6,5290.58,-1346.04,-5.2698
GV-13541,5005.98,5284.01,-1354.78,-5.3243
GV-13542,5069.47,5275.55,-1350.63,-5.1202
GV-13543,5132.06,5258.32,-1402.31,-4.9519
GV-13544,5181.45,5256.98,-1398.56,-4.5938
GV-13545,5212.64,5278.76,-1395.32,-4.7402
GV-13546,5258.89,5278.28,-1398.58,-4.4393
GV-13547,5330.03,5289.51,-1401.44,-4.5156
GV-13548,5362.5,5262.27,-1397.03,-4.2022
GV-13549,5405.81,5256.17,-1404.84,-4.4588
GV-13550,5458.34,5270.38,-1398.38,-3.9473
GV-13551,5517.42,5278.29,-1449.83,-3.7399
GV-13552,5587.88,5269.8,-1445.17,-3.779
GV-13553,5639.69,5268.82,-1446.29,-3.7154
GV-13554,5692.91,5269.77,-1452.73,-3.3357
GV-13555,5734.45,5289.12,-1452.25,-3.4254
GV-13556,5780.03,5287.75,-1452.18,-3.2589
GV-13557,5805.71,5269.82,-1447.54,-3.0859
GV-13558,5860.13,5294.14,-1445.58,-3.1906
GV-13559,5907.72,5270.87,-1503.69,-2.9937
GV-13560,5982.68,5259.5,-1501.39,-2.9582
GV-13561,6024.33,5285.29,-1504.25,-2.8307
GV-13562,6076.24,5282.42,-1499.67,-2.717
GV-13563,6140.72,5281.53,-1551.21,-2.4498
GV-13564,6159.18,5275.67,-1546.08,-2.4311
GV-13565,6210.25,5282.34,-1548.07,-2.1688
GV-13566,6292.66,5277.62,-1553.36,-2.1617
GV-13567,6311.83,5278.05,-1600.31,-1.9257
GV-13568,6379.3,5264.47,-1596.24,-1.8625
GV-13569,34.85,5324.46,-1402.43,-8.3952
GV-13570,93.47,5331.19,-1345.58,-8.5766
GV-13571,109.16,5330.53,-1349.12,-8.55
GV-13572,179.16,5332.99,-1302.8,-8.7192
GV-13573,239.57,5324.55,-1304.52,-8.738
GV-13574,256.81,5329.19,-1247.01,-8.8513
GV-13575,340.95,5336.36,-1196.29,-9.0072
GV-13576,359.95,5310.04,-1204.11,-9.0195
GV-13577,416.52,5320.7,-1152.43,-9.1149
GV-13578,493.54,5323.61,-1096.16,-9.2716
GV-13579,517.23,5316.04,-1096.47,-9.3331
GV-13580,588.7,5335.78,-1048.81,-9.3861
GV-13581,622.5,5313.99,-1049.42,-9.521
GV-13582,670.69,5305.93,-995.51,-9.7464
GV-13583,724.61,5343.43,-951.39,-9.768
GV-13584,792.5,5320.11,-904.07,-9.8328
GV-13585,820.59,5327.78,-900.24,-10.0575
GV-13586,855.25,5332.23,-849.22,-10.0468
GV-13587,920.23,5335.74,-851.16,-10.258
GV-13588,975.7,5335.27,-800.21,-10.3244
GV-13589,1038.18,5307.87,-754.62,-10.403
GV-13590,1067.6,5309.97,-751.66,-10.4755
GV-13591,1127.36,5325.3,-704.58,-10.4794
GV-13592,1170.68,5336.41,-704.42,-10.6855
GV-13593,1213.45,5321.09,-652.72,-10.8955
GV-13594,1293.3,5311.27,-650.91,-10.8113
GV-13595,1326.5,5338.25,-650.81,-10.8389
GV-13596,1392.15,5324.85,-647.74,-10.9175
GV-13597,1442.63,5333.0,-601.85,-10.9864
GV-13598,1463.58,5342.13,-598.77,-11.3178
GV-13599,1509.74,5344.9,-598.94,-11.4219
GV-13600,1594.6,5330.68,-600.71,-11.4056
GV-13601,1638.72,5322.46,-600.41,-11.2821
GV-13602,1688.56,5305.14,-598.57,-11.3387
GV-13603,1706.14,5321.8,-604.84,-11.599
GV-13604,1794.27,5320.85,-551.43,-11.4647
GV-13605,1816.29,5310.27,-549.85,-11.6174
GV-13606,1869.67,5317.77,-552.46,-11.6018
GV-13607,1926.28,5325.52,-552.11,-11.3957
GV-13608,1991.54,5312.56,-553.35,-11.6095
GV-13609,2005.72,5317.52,-554.56,-11.5997
GV-13610,2066.47,5306.61,-546.77,-11.6006
GV-13611,2132.28,5324.91,-547.66,-11.5777
GV-13612,2175.27,5328.8,-549.73,-11.5923
GV-13613,2243.12,5337.69,-547.36,-11.3113
GV-13614,2293.24,5334.46,-553.19,-11.4562
GV-13615,2314.33,5340.8,-553.05,-11.379
GV-13616,2375.85,5326.36,-547.67,-11.1296
GV-13617,2426.97,5342.37,-551.25,-11.2002
GV-13618,2467.56,5309.78,-553.9,-11.3151
GV-13619,2508.38,5306.14,-546.08,-11.2297
GV-13620,2573.77,5323.3,-601.7,-11.1345
GV-13621,2638.13,5325.4,-595.38,-11.1466
GV-13622,2660.75,5321.58,-602.2,-11.0458
GV-13623,2720.91,5320.82,-599.79,-10.8922
GV-13624,2792.31,5325.98,-601.5,-10.8643
GV-13625,2828.56,5305.25,-602.28,-10.7451
GV-13626,2890.12,5343.19,-596.13,-10.5234
GV-13627,2906.65,5326.06,-597.9,-10.8085
GV-13628,2988.01,5333.02,-595.12,-10.6675
GV-13629,3016.43,5323.47,-602.21,-10.4493
GV-13630,3068.24,5330.99,-596.25,-10.3136
GV-13631,3114.5,5310.18,-598.87,-10.3582
GV-13632,3179.5,5317.65,-602.68,-10.213
GV-13633,3241.72,5329.58,-598.91,-10.025
GV-13634,3294.53,5323.75,-604.47,-10.1574
GV-13635,3338.25,5305.43,-600.49,-9.8826
GV-13636,3371.05,5339.83,-647.86,-9.7125
GV-13637,3427.37,5339.58,-654.44,-9.6014
GV-13638,3477.0,5310.26,-651.09,-9.6048
GV-13639,3513.36,5322.72,-647.13,-9.3733
GV-13640,3594.8,5322.67,-646.19,-9.164
GV-13641,3634.91,5323.7,-652.92,-9.0374
GV-13642,3664.12,5338.76,-704.81,-8.9652
GV-13643,3734.27,5324.66,-699.09,-8.7125
GV-13644,3769.39,5306.44,-703.92,-8.6318
GV-13645,3808.85,5311.81,-753.42,-8.7818
GV-13646,3879.46,5328.44,-750.32,-8.3339
GV-13647,3910.58,5309.18,-802.67,-8.2273
GV-13648,3958.8,5331.4,-805.0,-8.0681
GV-13649,4034.0,5314.78,-845.45,-7.9525
GV-13650,4057.76,5327.17,-849.22,-7.7036
GV-13651,4136.3,5313.59,-899.2,-7.6055
GV-13652,4191.32,5318.1,-898.37,-7.577
GV-13653,4233.35,5334.84,-950.81,-7.2149
GV-13654,4255.64,5343.13,-995.98,-7.0531
GV-13655,4309.87,5337.29,-999.12,-6.863
GV-13656,4377.11,5326.37,-1049.54,-6.9483
GV-13657,4410.29,5332.26,-1046.05,-6.6937
GV-13658,4471.89,5339.29,-1098.09,-6.6706
GV-13659,4536.35,5326.01,-1149.08,-6.503
GV-13660,4580.08,5306.59,-1145.05,-6.3811
GV-13661,4631.42,5340.34,-1204.8,-6.0469
GV-13662,4661.9,5307.04,-1203.92,-6.2206
GV-13663,4741.71,5306.81,-1249.55,-5.9122
GV-13664,4787.51,5321.68,-1247.72,-5.9838
GV-13665,4810.74,5305.49,-1245.75,-5.6098
GV-13666,4888.92,5320.75,-1296.12,-5.7132
GV-13667,4933.84,5340.71,-1301.12,-5.4449
GV-13668,4991.1,5318.0,-1350.24,-5.2937
GV-13669,5029.81,5315.5,-1345.86,-5.1946
GV-13670,5067.29,5310.81,-1345.48,-5.0767
GV-13671,5106.91,5344.48,-1352.19,-4.8748
GV-13672,5187.43,5332.74,-1351.73,-4.6973
GV-13673,5226.0,5334.32,-1398.35,-4.4996
GV-13674,5284.96,5334.77,-1404.39,-4.4443
GV-13675,5338.26,5335.53,-1395.33,-4.3125
GV-13676,5393.14,5315.42,-1397.48,-4.3592
GV-13677,5413.63,5336.81,-1400.41,-4.1267
GV-13678,5484.94,5332.55,-1404.74,-4.147
GV-13679,5519.3,5330.61,-1397.03,-3.9058
GV-13680,5586.37,5341.59,-1395.26,-3.7383
GV-13681,5617.08,5322.47,-1449.3,-3.7639
GV-13682,5693.05,5315.5,-1450.24,-3.5565
GV-13683,5735.79,5339.35,-1451.79,-3.293
GV-13684,5767.74,5312.28,-1447.92,-3.4219
GV-13685,5839.87,5336.85,-1448.34,-3.2532
GV-13686,5861.51,5330.28,-1445.68,-2.9525
GV-13687,5924.28,5326.53,-1502.07,-3.0107
GV-13688,5959.43,5340.84,-1503.23,-2.7904
GV-13689,6015.9,5337.11,-1499.93,-2.6393
GV-13690,6092.19,5340.38,-1502.78,-2.5516
GV-13691,6117.37,5324.82,-1545.34,-2.5002
GV-13692,6160.47,5344.46,-1551.44,-2.3164
GV-13693,6207.19,5332.45,-1546.71,-2.1526
GV-13694,6257.41,5337.95,-1554.77,-2.1591
GV-13695,6333.39,5309.41,-1595.03,-1.9797
GV-13696,6382.95,5324.66,-1599.72,-1.9817
GV-13697,20.72,5371.87,-1398.56,-8.3826
GV-13698,80.24,5391.22,-1398.62,-8.353
GV-13699,144.72,5367.36,-1350.06,-8.6452
GV-13700,177.02,5391.38,-1348.68,-8.6507
GV-13701,226.85,5360.13,-1303.51,-8.6712
GV-13702,290.77,5376.75,-1246.21,-8.7565
GV-13703,308.74,5392.41,-1251.08,-8.8867
GV-13704,391.29,5373.55,-1197.87,-8.9396
GV-13705,427.88,5379.99,-1204.56,-9.1224
GV-13706,481.59,5358.67,-1153.42,-9.1675
GV-13707,509.28,5393.98,-1097.62,-9.1126
GV-13708,563.67,5358.1,-1097.05,-9.4018
GV-13709,622.54,5365.33,-1045.17,-9.5221
GV-13710,685.29,5368.58,-1004.2,-9.5314
GV-13711,716.36,5372.22,-999.64,-9.6838
GV-13712,773.31,5364.76,-953.23,-9.9813
GV-13713,827.54,5383.38,-900.28,-9.945
GV-13714,868.48,5385.58,-900.7,-10.1788
GV-13715,944.2,5379.08,-846.22,-10.1519
GV-13716,958.81,5369.41,-799.81,-10.1909
GV-13717,1022.6,5393.85,-797.39,-10.1325
GV-13718,1091.29,5362.25,-754.12,-10.4868
GV-13719,1131.79,5390.81,-747.45,-10.4767
GV-13720,1157.71,5390.13,-702.37,-10.5089
GV-13721,1222.7,5371.0,-698.97,-10.7299
GV-13722,1255.81,5362.8,-645.76,-10.8303
GV-13723,1313.39,5363.8,-649.5,-10.9374
GV-13724,1371.0,5361.77,-651.8,-10.9244
GV-13725,1435.54,5386.62,-653.42,-11.0034
GV-13726,1463.69,5377.63,-595.41,-11.0163
GV-13727,1505.63,5365.42,-604.99,-11.299
GV-13728,1586.05,5391.09,-604.03,-11.1861
GV-13729,1624.81,5385.79,-600.98,-11.415
GV-13730,1676.8,5359.17,-598.54,-11.4454
GV-13731,1707.4,5383.28,-601.32,-11.3543
GV-13732,1794.69,5370.58,-604.68,-11.5493
GV-13733,1820.58,5375.58,-602.47,-11.379
GV-13734,1856.82,5376.32,-548.98,-11.4595
GV-13735,1930.51,5357.75,-546.47,-11.3215
GV-13736,1969.05,5383.76,-547.36,-11.4373
GV-13737,2007.79,5375.48,-549.32,-11.4961
GV-13738,2072.61,5356.05,-551.78,-11.5224
GV-13739,2144.18,5376.02,-547.32,-11.5289
GV-13740,2177.23,5379.64,-548.02,-11.4607
GV-13741,2229.49,5359.5,-548.26,-11.3978
GV-13742,2276.62,5368.32,-550.08,-11.567
GV-13743,2340.0,5387.69,-549.98,-11.4511
GV-13744,2364.35,5370.79,-547.14,-11.3259
GV-13745,2412.65,5362.29,-552.73,-11.249
GV-13746,2463.14,5390.06,-549.6,-11.18
GV-13747,2506.0,5356.54,-600.64,-11.1998
GV-13748,2560.65,5386.92,-604.52,-11.0564
GV-13749,2619.93,5360.22,-603.72,-11.0469
GV-13750,2675.2,5381.88,-603.73,-10.7095
GV-13751,2738.61,5375.5,-600.19,-10.8288
GV-13752,2788.65,5389.22,-603.27,-10.8002
GV-13753,2817.94,5365.86,-595.35,-10.6502
GV-13754,2863.56,5369.03,-595.73,-10.737
GV-13755,2926.04,5357.93,-603.09,-10.5065
GV-13756,2974.19,5366.08,-604.83,-10.4045
GV-13757,3006.81,5394.86,-595.48,-10.4641
GV-13758,3087.84,5367.69,-604.34,-10.3607
GV-13759,3124.29,5391.67,-599.17,-10.298
GV-13760,3168.98,5372.54,-598.61,-10.0886
GV-13761,3226.12,5372.57,-596.33,-10.1648
GV-13762,3280.34,5391.55,-595.36,-10.0177
GV-13763,3312.43,5371.2,-602.37,-10.0125
GV-13764,3370.43,5393.1,-597.94,-9.7851
GV-13765,3410.72,5384.37,-601.98,-9.8869
GV-13766,3455.58,5355.73,-654.97,-9.5151
GV-13767,3521.17,5367.31,-650.55,-9.4381
GV-13768,3571.96,5359.89,-647.83,-9.2832
GV-13769,3620.37,5371.72,-652.34,-9.2256
GV-13770,3685.76,5392.76,-654.68,-9.0892
GV-13771,3734.92,5369.33,-696.41,-8.9841
GV-13772,3777.75,5362.49,-704.39,-8.7283
GV-13773,3834.75,5379.54,-747.38,-8.4741
GV-13774,3872.95,5388.72,-754.49,-8.6697
GV-13775,3940.18,5389.24,-752.34,-8.3753
GV-13776,3977.29,5392.23,-804.23,-8.1689
GV-13777,4035.03,5370.49,-804.53,-7.9886
GV-13778,4091.96,5361.83,-846.79,-7.6696
GV-13779,4124.83,5362.52,-848.58,-7.53
GV-13780,4186.91,5374.6,-897.9,-7.4926
GV-13781,4217.36,5382.01,-945.67,-7.4134
GV-13782,4272.81,5374.1,-946.11,-7.2666
GV-13783,4342.05,5370.76,-1002.34,-7.1345
GV-13784,4376.83,5384.92,-998.82,-6.9209
GV-13785,4407.7,5381.53,-1050.98,-6.8763
GV-13786,4465.21,5367.0,-1099.65,-6.5351
GV-13787,4542.95,5361.16,-1097.22,-6.3398
GV-13788,4563.51,5390.77,-1149.31,-6.3379
GV-13789,4612.4,5369.77,-1152.75,-6.1377
GV-13790,4674.02,5356.33,-1197.07,-6.0082
GV-13791,4720.46,5374.92,-1204.17,-5.9596
GV-13792,4768.84,5385.38,-1253.59,-5.6636
GV-13793,4815.67,5362.61,-1251.99,-5.6409
GV-13794,4891.27,5360.2,-1252.15,-5.5573
GV-13795,4936.63,5374.63,-1303.94,-5.3123
GV-13796,4985.89,5378.45,-1295.65,-5.1448
GV-13797,5042.11,5385.09,-1298.92,-5.1087
GV-13798,5065.21,5367.49,-1353.82,-5.0697
GV-13799,5122.53,5371.23,-1353.82,-4.958
GV-13800,5190.61,5356.73,-1348.12,-4.9327
GV-13801,5230.01,5386.85,-1349.42,-4.6969
GV-13802,5277.19,5363.26,-1398.38,-4.58
GV-13803,5339.73,5365.53,-1395.12,-4.3463
GV-13804,5388.66,5392.15,-1401.83,-4.3958
GV-13805,5439.39,5392.8,-1397.15,-4.1712
GV-13806,5480.19,5393.57,-1401.27,-3.9864
GV-13807,5519.76,5363.29,-1399.6,-3.9736
GV-13808,5590.91,5379.11,-1396.52,-3.7123
GV-13809,5619.21,5383.63,-1396.71,-3.616
GV-13810,5671.55,5393.69,-1452.31,-3.3642
GV-13811,5717.32,5374.76,-1454.56,-3.501
GV-13812,5757.32,5364.57,-1454.01,-3.2762
GV-13813,5810.53,5376.04,-1447.37,-3.3695
GV-13814,5867.88,5391.56,-1445.52,-2.9484
GV-13815,5920.95,5377.5,-1448.76,-2.9191
GV-13816,5965.3,5387.06,-1504.55,-2.776
GV-13817,6009.43,5373.68,-1503.28,-2.5258
GV-13818,6089.52,5374.52,-1495.86,-2.5295
GV-13819,6124.7,5377.5,-1554.62,-2.5684
GV-13820,6170.91,5392.93,-1550.5,-2.2763
GV-13821,6231.06,5391.57,-1553.64,-2.2407
GV-13822,6284.04,5384.86,-1547.31,-2.0698
GV-13823,6337.25,5367.73,-1602.09,-1.8789
GV-13824,6392.68,5380.68,-1602.75,-1.8773
GV-13825,8.24,5426.45,-1445.67,-8.3395
GV-13826,73.18,5408.25,-1397.89,-8.5676
GV-13827,138.96,5432.11,-1400.07,-8.5389
GV-13828,161.19,5436.35,-1351.16,-8.6384
GV-13829,240.99,5406.25,-1299.55,-8.6359
GV-13830,269.32,5440.76,-1299.63,-8.7829
GV-13831,331.66,5418.57,-1247.76,-8.8532
GV-13832,391.98,5443.68,-1251.79,-8.9435
GV-13833,432.85,5415.75,-1204.75,-8.9599
GV-13834,470.22,5408.73,-1150.41,-9.0415
GV-13835,543.01,5432.15,-1146.82,-8.9813
GV-13836,581.33,5441.12,-1104.98,-9.3566
GV-13837,620.92,5425.8,-1053.41,-9.5937
GV-13838,679.51,5422.88,-1045.34,-9.3895
GV-13839,734.69,5429.44,-995.91,-9.6155
GV-13840,772.12,5442.59,-954.53,-9.5799
GV-13841,838.18,5424.32,-954.47,-9.7044
GV-13842,869.18,5421.36,-897.55,-9.9281
GV-13843,911.93,5429.51,-847.71,-10.013
GV-13844,966.37,5440.35,-845.7,-10.1086
GV-13845,1040.66,5434.55,-797.53,-10.4093
GV-13846,1080.39,5407.58,-746.46,-10.3894
GV-13847,1120.28,5433.93,-752.02,-10.492
GV-13848,1181.76,5410.08,-703.42,-10.3129
GV-13849,1213.17,5418.96,-695.4,-10.5518
GV-13850,1256.01,5428.64,-699.54,-10.6414
GV-13851,1339.98,5417.08,-647.3,-10.7564
GV-13852,1380.16,5429.48,-646.67,-10.7251
GV-13853,1437.33,5432.46,-654.53,-10.8705
GV-13854,1480.61,5430.74,-649.78,-11.0116
GV-13855,1543.08,5412.59,-603.9,-10.9894
GV-13856,1577.56,5442.97,-602.38,-11.1679
GV-13857,1633.67,5425.5,-604.27,-11.2992
GV-13858,1678.94,5441.23,-601.12,-11.2536
GV-13859,1711.85,5411.88,-596.31,-11.4956
GV-13860,1772.93,5431.51,-603.96,-11.292
GV-13861,1843.13,5410.47,-602.23,-11.2273
GV-13862,1855.56,5428.23,-598.76,-11.2403
GV-13863,1919.34,5433.7,-546.83,-11.5776
GV-13864,1957.18,5408.91,-548.99,-11.374
GV-13865,2015.0,5413.36,-547.2,-11.3506
GV-13866,2063.89,5429.71,-551.8,-11.3676
GV-13867,2143.54,5421.88,-549.95,-11.3595
GV-13868,2182.15,5440.1,-554.29,-11.3547
GV-13869,2205.32,5426.19,-549.43,-11.3641
GV-13870,2285.45,5407.54,-545.62,-11.0968
GV-13871,2338.8,5413.48,-545.89,-11.2377
GV-13872,2384.1,5443.71,-554.3,-11.242
GV-13873,2418.96,5414.2,-551.36,-11.1745
GV-13874,2482.3,5429.53,-601.61,-11.1676
GV-13875,2513.41,5436.5,-598.56,-11.1115
GV-13876,2588.36,5417.15,-595.35,-11.0445
GV-13877,2606.89,5417.0,-601.66,-11.0446
GV-13878,2660.98,5423.34,-597.04,-10.9099
GV-13879,2716.42,5406.2,-603.69,-10.6226
GV-13880,2775.49,5411.67,-604.41,-10.6107
GV-13881,2815.12,5421.76,-603.53,-10.6359
GV-13882,2893.53,5431.74,-603.73,-10.6147
GV-13883,2926.18,5437.04,-603.24,-10.4249
GV-13884,2988.72,5417.44,-597.97,-10.4925
GV-13885,3042.44,5417.67,-601.0,-10.4943
GV-13886,3094.74,5408.98,-600.37,-10.2283
GV-13887,3136.4,5430.97,-603.88,-10.3356
GV-13888,3181.49,5422.75,-601.08,-10.2121
GV-13889,3216.92,5427.93,-596.92,-10.0809
GV-13890,3257.99,5436.81,-597.89,-9.9662
GV-13891,3323.85,5416.99,-602.35,-9.9287
GV-13892,3357.88,5423.1,-602.87,-9.83
GV-13893,3444.3,5431.97,-599.16,-9.6358
GV-13894,3484.72,5414.15,-603.65,-9.6255
GV-13895,3544.45,5414.61,-604.58,-9.4397
GV-13896,3584.23,5434.83,-650.62,-9.3625
GV-13897,3635.9,5444.89,-652.18,-9.1318
GV-13898,3660.22,5440.93,-653.93,-9.1624
GV-13899,3732.87,5436.8,-654.33,-8.7711
GV-13900,3766.9,5409.95,-696.04,-8.7614
GV-13901,3840.12,5412.45,-700.52,-8.5748
GV-13902,3860.66,5431.41,-746.77,-8.5335
GV-13903,3936.65,5444.15,-747.91,-8.4401
GV-13904,3969.05,5433.79,-796.12,-7.992
GV-13905,4037.62,5430.91,-796.52,-7.9198
GV-13906,4086.29,5443.01,-848.0,-7.8604
GV-13907,4118.83,5411.82,-850.33,-7.5917
GV-13908,4181.73,5420.49,-898.55,-7.6189
GV-13909,4219.81,5407.55,-900.7,-7.3723
GV-13910,4286.52,5406.15,-954.08,-7.3046
GV-13911,4339.72,5439.14,-946.41,-6.9547
GV-13912,4368.3,5422.28,-1002.49,-6.8414
GV-13913,4406.04,5429.5,-1047.6,-6.8136
GV-13914,4465.15,5413.3,-1051.23,-6.6369
GV-13915,4523.63,5429.1,-1096.33,-6.4362
GV-13916,4589.76,5425.94,-1100.3,-6.2912
GV-13917,4640.66,5418.44,-1151.46,-6.1309
GV-13918,4682.43,5432.55,-1153.39,-6.131
GV-13919,4739.07,5430.43,-1196.74,-5.9549
GV-13920,4757.06,5438.2,-1204.05,-5.7929
GV-13921,4844.2,5426.88,-1247.69,-5.6586
GV-13922,4865.23,5422.23,-1251.63,-5.3977
GV-13923,4917.3,5413.43,-1246.44,-5.2463
GV-13924,4980.7,5436.62,-1302.97,-5.1566
GV-13925,5007.37,5416.1,-1300.08,-5.0482
GV-13926,5064.97,5408.7,-1304.27,-4.9669
GV-13927,5127.98,5421.06,-1351.84,-4.8414
GV-13928,5160.95,5440.42,-1353.93,-4.8225
GV-13929,5232.92,5433.34,-1347.41,-4.6234
GV-13930,5261.79,5415.51,-1354.9,-4.5476
GV-13931,5342.18,5432.55,-1354.07,-4.3645
GV-13932,5371.13,5412.84,-1396.29,-4.2449
GV-13933,5443.79,5435.16,-1395.18,-3.9201
GV-13934,5487.42,5415.98,-1399.38,-3.9579
GV-13935,5538.78,5435.36,-1403.0,-4.0319
GV-13936,5577.35,5405.01,-1400.8,-3.8523
GV-13937,5627.9,5443.33,-1397.3,-3.6188
GV-13938,5676.76,5444.52,-1404.0,-3.5732
GV-13939,5736.16,5434.44,-1446.19,-3.3516
GV-13940,5758.28,5433.06,-1445.34,-3.4616
GV-13941,5830.93,5420.34,-1449.82,-3.008
GV-13942,5876.78,5433.93,-1446.67,-2.9788
GV-13943,5930.82,5437.06,-1454.35,-2.888
GV-13944,5994.3,5424.5,-1496.11,-2.8872
GV-13945,6044.47,5437.64,-1502.04,-2.5422
GV-13946,6075.77,5411.3,-1498.2,-2.37
GV-13947,6118.63,5421.67,-1504.19,-2.5131
GV-13948,6177.22,5429.36,-1546.92,-2.4417
GV-13949,6209.79,5427.12,-1551.9,-2.1273
GV-13950,6260.36,5420.29,-1547.69,-2.0797
GV-13951,6317.72,5415.0,-1554.93,-2.0402
GV-13952,6357.46,5441.33,-1595.75,-1.8804
GV-13953,7.54,5472.27,-1447.81,-8.3212
GV-13954,84.39,5474.8,-1395.92,-8.224
GV-13955,141.41,5471.74,-1403.64,-8.4603
GV-13956,184.25,5462.94,-1353.98,-8.548
GV-13957,225.85,5485.41,-1353.09,-8.5798
GV-13958,283.33,5465.29,-1304.99,-8.5099
GV-13959,328.08,5481.49,-1301.3,-8.8095
GV-13960,360.95,5481.28,-1251.24,-8.7118
GV-13961,434.32,5461.63,-1196.56,-8.8331
GV-13962,463.12,5494.2,-1199.2,-9.0647
GV-13963,516.48,5482.08,-1149.93,-9.1747
GV-13964,572.69,5487.87,-1103.31,-9.2658
GV-13965,612.67,5493.34,-1100.18,-9.4554
GV-13966,661.03,5492.7,-1051.17,-9.2444
GV-13967,726.96,5474.1,-1001.75,-9.386
GV-13968,763.3,5461.5,-995.71,-9.5335
GV-13969,835.06,5461.5,-952.54,-9.7955
GV-13970,886.37,5489.17,-904.66,-9.6056
GV-13971,909.5,5459.59,-897.83,-9.9729
GV-13972,971.84,5474.05,-848.54,-10.2436
GV-13973,1036.12,5485.3,-798.24,-9.9651
GV-13974,1093.98,5481.46,-797.7,-10.1149
GV-13975,1121.09,5466.87,-748.61,-10.4237
GV-13976,1186.31,5469.38,-752.88,-10.4525
GV-13977,1214.93,5488.11,-700.06,-10.4643
GV-13978,1265.81,5481.52,-696.76,-10.5246
GV-13979,1338.82,5484.57,-697.45,-10.6763
GV-13980,1369.48,5477.79,-653.18,-10.7063
GV-13981,1423.32,5471.61,-650.61,-10.7134
GV-13982,1492.19,5461.96,-650.34,-10.8904
GV-13983,1512.68,5491.26,-646.39,-10.8391
GV-13984,1562.99,5458.19,-653.51,-10.9978
GV-13985,1633.85,5456.0,-596.28,-11.0464
GV-13986,1665.88,5467.44,-599.35,-11.0414
GV-13987,1723.48,5462.21,-601.73,-11.0184
GV-13988,1775.4,5488.41,-604.11,-11.1916
GV-13989,1811.88,5484.14,-604.1,-11.3558
GV-13990,1879.76,5491.27,-597.35,-11.2225
GV-13991,1928.7,5478.77,-604.18,-11.2689
GV-13992,1993.14,5488.32,-545.08,-11.2404
GV-13993,2043.28,5455.28,-550.65,-11.1896
GV-13994,2081.42,5481.04,-554.27,-11.1911
GV-13995,2107.44,5455.19,-553.54,-11.2746
GV-13996,2170.5,5470.68,-554.17,-11.2919
GV-13997,2211.68,5468.52,-552.37,-11.1456
GV-13998,2280.72,5463.56,-550.03,-11.087
GV-13999,2317.17,5456.96,-552.09,-11.2695
GV-14000,2366.81,5476.0,-547.36,-10.9985
GV-14001,2433.92,5478.91,-547.18,-11.3195
GV-14002,2486.16,5474.35,-602.86,-11.1312
GV-14003,2515.84,5484.2,-604.18,-11.0909
GV-14004,2557.32,5486.9,-596.47,-10.8873
GV-14005,2631.18,5460.15,-603.17,-10.6706
GV-14006,2668.7,5470.98,-601.52,-10.6984
GV-14007,2736.08,5489.66,-598.82,-10.8391
GV-14008,2766.41,5481.33,-600.51,-10.6644
GV-14009,2820.82,5466.57,-596.95,-10.738
GV-14010,2875.26,5475.94,-601.69,-10.6381
GV-14011,2936.59,5469.53,-599.16,-10.5491
GV-14012,2968.21,5466.77,-601.75,-10.4392
GV-14013,3024.66,5463.24,-603.43,-10.1977
GV-14014,3061.89,5477.2,-598.69,-10.3763
GV-14015,3140.41,5457.94,-599.41,-10.2276
GV-14016,3156.54,5458.52,-601.78,-10.0378
GV-14017,3243.36,5472.42,-595.85,-10.1228
GV-14018,3263.93,5479.26,-598.49,-10.0458
GV-14019,3327.76,5472.13,-597.75,-9.9382
GV-14020,3371.09,5457.88,-600.14,-9.8645
GV-14021,3431.47,5479.77,-604.78,-9.5726
GV-14022,3486.47,5463.22,-598.15,-9.4912
GV-14023,3509.71,5480.41,-601.37,-9.4002
GV-14024,3570.69,5463.38,-600.07,-9.3358
GV-14025,3615.51,5464.17,-649.54,-9.1783
GV-14026,3689.75,5486.25,-651.5,-9.0662
GV-14027,3713.63,5471.66,-653.88,-9.0034
GV-14028,3772.69,5483.2,-653.8,-8.8694
GV-14029,3817.4,5479.83,-698.93,-8.5419
GV-14030,3879.31,5482.19,-698.91,-8.4798
GV-14031,3910.46,5491.82,-749.48,-8.1948
GV-14032,3965.81,5484.19,-747.49,-8.2112
GV-14033,4037.65,5461.39,-795.76,-8.0033
GV-14034,4060.62,5478.58,-802.86,-7.9871
GV-14035,4142.64,5470.69,-852.86,-7.6751
GV-14036,4181.36,5475.12,-849.9,-7.5167
GV-14037,4226.01,5482.11,-896.44,-7.5739
GV-14038,4285.33,5462.34,-903.14,-7.003
GV-14039,4325.66,5487.19,-946.88,-7.0632
GV-14040,4361.32,5460.14,-1001.82,-7.0671
GV-14041,4430.09,5494.83,-999.17,-6.7954
GV-14042,4490.18,5465.98,-1045.43,-6.8268
GV-14043,4518.66,5462.06,-1052.45,-6.456
GV-14044,4574.48,5470.91,-1101.06,-6.3476
GV-14045,4615.14,5456.94,-1096.45,-6.1232
GV-14046,4663.26,5460.19,-1146.72,-5.9251
GV-14047,4740.71,5474.3,-1154.89,-6.0819
GV-14048,4790.34,5494.91,-1198.55,-5.8763
GV-14049,4836.84,5483.23,-1199.38,-5.5291
GV-14050,4855.7,5483.32,-1245.8,-5.4921
GV-14051,4908.02,5468.85,-1254.17,-5.4068
GV-14052,4975.03,5472.05,-1252.44,-5.2068
GV-14053,5011.37,5473.28,-1295.48,-5.0435
GV-14054,5069.87,5481.23,-1298.59,-4.9676
GV-14055,5141.82,5482.78,-1301.72,-4.8582
GV-14056,5194.34,5458.41,-1347.66,-4.7288
GV-14057,5233.02,5461.21,-1349.6,-4.7553
GV-14058,5259.19,5471.61,-1351.67,-4.4232
GV-14059,5322.63,5493.1,-1351.53,-4.3528
GV-14060,5389.41,5490.45,-1345.85,-4.195
GV-14061,5405.16,5467.9,-1403.38,-4.0549
GV-14062,5477.22,5471.38,-1403.98,-3.9504
GV-14063,5510.47,5467.31,-1404.83,-3.9309
GV-14064,5568.84,5479.68,-1396.52,-3.7398
GV-14065,5637.4,5460.91,-1397.99,-3.5973
GV-14066,5665.85,5464.75,-1395.98,-3.5036
GV-14067,5741.65,5468.57,-1400.73,-3.4855
GV-14068,5787.21,5474.7,-1445.57,-3.3075
GV-14069,5809.01,5473.22,-1450.34,-3.1209
GV-14070,5888.71,5488.3,-1451.54,-3.1119
GV-14071,5941.51,5484.5,-1446.06,-3.0683
GV-14072,5993.58,5463.74,-1503.38,-2.6923
GV-14073,6042.81,5469.49,-1497.97,-2.643
GV-14074,6061.7,5467.19,-1502.63,-2.6001
GV-14075,6119.32,5480.59,-1502.21,-2.3325
GV-14076,6169.09,5459.59,-1548.89,-2.2537
GV-14077,6207.2,5464.9,-1553.13,-2.2469
GV-14078,6263.59,5478.63,-1548.69,-2.2003
GV-14079,6321.6,5468.57,-1553.09,-2.0297
GV-14080,6370.07,5469.14,-1599.52,-1.9286
GV-14081,19.4,5536.32,-1450.06,-8.2368
GV-14082,60.43,5531.74,-1454.31,-8.2092
GV-14083,115.9,5524.79,-1397.75,-8.3219
GV-14084,164.56,5517.96,-1395.63,-8.3952
GV-14085,242.43,5513.19,-1354.71,-8.499
GV-14086,269.51,5531.74,-1346.43,-8.6132
GV-14087,328.72,5526.33,-1304.94,-8.627
GV-14088,356.78,5520.32,-1296.38,-8.6851
GV-14089,437.22,5528.09,-1247.69,-8.7839
GV-14090,469.07,5520.16,-1204.91,-9.0304
GV-14091,543.0,5522.03,-1199.63,-9.1409
GV-14092,592.68,5513.3,-1148.61,-9.1476
GV-14093,643.77,5525.78,-1095.09,-9.332
GV-14094,658.93,5513.69,-1054.86,-9.3084
GV-14095,717.27,5536.78,-1050.92,-9.3909
GV-14096,786.49,5521.84,-995.43,-9.5956
GV-14097,834.07,5523.88,-951.85,-9.4841
GV-14098,894.8,5521.8,-954.02,-9.7399
GV-14099,944.68,5531.03,-901.62,-9.8055
GV-14100,983.28,5523.91,-847.78,-10.0092
GV-14101,1015.84,5523.05,-847.83,-9.899
GV-14102,1077.28,5533.85,-797.13,-10.1123
GV-14103,1122.06,5542.8,-796.4,-10.1661
GV-14104,1182.2,5529.81,-751.76,-10.3782
GV-14105,1227.88,5509.82,-745.82,-10.2775
GV-14106,1286.67,5538.86,-703.17,-10.66
GV-14107,1330.53,5527.22,-704.74,-10.5742
GV-14108,1377.05,5536.91,-700.66,-10.6528
GV-14109,1441.34,5524.47,-646.24,-10.7251
GV-14110,1467.04,5517.58,-648.97,-10.8153
GV-14111,1532.31,5516.03,-650.62,-10.9035
GV-14112,1562.94,5512.1,-654.49,-10.774
GV-14113,1631.74,5518.64,-647.91,-10.8938
GV-14114,1688.27,5518.51,-595.56,-10.7794
GV-14115,1714.0,5510.29,-602.69,-10.8594
GV-14116,1782.92,5544.23,-597.99,-11.0702
GV-14117,1817.14,5516.01,-597.11,-11.2025
GV-14118,1871.42,5513.62,-595.1,-11.0762
GV-14119,1940.36,5538.04,-604.85,-11.1302
GV-14120,1955.04,5518.88,-601.89,-11.134
GV-14121,2018.88,5527.9,-548.15,-11.0232
GV-14122,2067.61,5524.77,-554.11,-11.2601
GV-14123,2116.85,5538.71,-551.73,-11.1683
GV-14124,2191.75,5519.72,-547.49,-11.2007
GV-14125,2217.63,5533.28,-554.47,-11.1927
GV-14126,2261.66,5518.19,-554.97,-11.202
GV-14127,2321.92,5523.79,-553.27,-11.0355
GV-14128,2379.07,5542.1,-545.13,-11.1109
GV-14129,2418.57,5534.65,-602.25,-11.0166
GV-14130,2457.13,5532.81,-604.04,-10.9171
GV-14131,2516.82,5517.31,-597.66,-10.7622
GV-14132,2555.59,5531.78,-600.45,-10.8561
GV-14133,2621.48,5543.05,-602.72,-10.7292
GV-14134,2673.98,5528.77,-604.84,-10.6317
GV-14135,2717.61,5537.95,-596.5,-10.8145
GV-14136,2790.01,5523.19,-598.53,-10.6985
GV-14137,2808.29,5541.56,-604.66,-10.6475
GV-14138,2881.85,5529.66,-600.87,-10.4965
GV-14139,2940.78,5509.3,-601.88,-10.4798
GV-14140,2987.29,5544.47,-600.61,-10.2665
GV-14141,3028.97,5520.88,-602.47,-10.2666
GV-14142,3079.6,5507.9,-600.65,-10.1124
GV-14143,3118.54,5518.0,-595.05,-10.1643
GV-14144,3187.2,5506.21,-601.28,-10.0754
GV-14145,3205.95,5508.9,-601.27,-9.9688
GV-14146,3290.23,5526.09,-600.03,-9.9825
GV-14147,3321.15,5524.03,-598.23,-9.8419
GV-14148,3365.43,5508.34,-600.25,-9.6299
GV-14149,3417.06,5544.0,-601.01,-9.5994
GV-14150,3473.85,5519.88,-597.34,-9.6254
GV-14151,3512.51,5505.59,-599.57,-9.3904
GV-14152,3567.47,5532.39,-598.94,-9.2083
GV-14153,3643.84,5523.26,-604.35,-9.3194
GV-14154,3661.26,5537.59,-645.17,-8.9876
GV-14155,3721.36,5525.64,-651.13,-9.0025
GV-14156,3793.59,5512.2,-651.85,-8.8878
GV-14157,3844.19,5534.92,-701.99,-8.6153
GV-14158,3891.61,5537.72,-695.05,-8.4222
GV-14159,3912.88,5508.69,-702.23,-8.2946
GV-14160,3983.25,5524.35,-748.4,-8.034
GV-14161,4044.47,5518.34,-748.5,-7.9665
GV-14162,4076.11,5534.86,-796.06,-7.8647
GV-14163,4134.9,5528.02,-801.65,-7.6388
GV-14164,4176.04,5529.73,-847.22,-7.7696
GV-14165,4241.05,5528.94,-853.1,-7.4085
GV-14166,4277.4,5537.26,-900.09,-7.2302
GV-14167,4309.72,5518.11,-947.26,-6.9872
GV-14168,4393.13,5523.98,-946.52,-7.013
GV-14169,4411.55,5515.68,-999.58,-6.7359
GV-14170,4464.35,5542.21,-1003.1,-6.7765
GV-14171,4507.58,5533.43,-1051.83,-6.3872
GV-14172,4578.93,5534.34,-1052.77,-6.2949
GV-14173,4617.36,5512.44,-1098.17,-6.2646
GV-14174,4659.54,5511.66,-1100.12,-5.9539
GV-14175,4712.54,5527.59,-1147.43,-5.9522
GV-14176,4792.28,5510.14,-1151.61,-5.7057
GV-14177,4814.2,5505.13,-1202.94,-5.7217
GV-14178,4858.45,5542.71,-1197.0,-5.5272
GV-14179,4937.47,5532.87,-1254.35,-5.5143
GV-14180,4982.64,5525.99,-1247.06,-5.2525
GV-14181,5009.71,5540.61,-1246.65,-5.142
GV-14182,5080.71,5512.27,-1297.22,-4.8745
GV-14183,5118.36,5517.42,-1300.24,-4.8738
GV-14184,5175.8,5520.68,-1296.84,-4.6152
GV-14185,5218.39,5528.27,-1302.11,-4.6725
GV-14186,5274.98,5526.07,-1347.85,-4.6026
GV-14187,5333.91,5516.53,-1348.96,-4.296
GV-14188,5378.97,5517.88,-1351.23,-4.1069
GV-14189,5429.54,5508.88,-1348.87,-4.0136
GV-14190,5488.89,5531.68,-1351.16,-3.9281
GV-14191,5526.35,5519.38,-1403.27,-4.0025
GV-14192,5586.79,5526.54,-1403.56,-3.7838
GV-14193,5639.5,5534.84,-1397.43,-3.5663
GV-14194,5688.47,5512.73,-1400.31,-3.4362
GV-14195,5732.47,5529.37,-1402.37,-3.4842
GV-14196,5756.48,5506.07,-1446.2,-3.1614
GV-14197,5840.09,5511.94,-1452.19,-3.3607
GV-14198,5873.74,5508.38,-1451.2,-3.1813
GV-14199,5937.06,5516.97,-1454.65,-2.9191
GV-14200,5992.95,5525.92,-1449.62,-2.735
GV-14201,6037.18,5529.87,-1504.98,-2.7365
GV-14202,6091.58,5508.5,-1500.55,-2.5686
GV-14203,6127.33,5542.33,-1498.63,-2.4948
GV-14204,6166.53,5519.78,-1554.63,-2.3568
GV-14205,6223.5,5512.43,-1551.29,-2.2268
GV-14206,6259.27,5533.93,-1548.88,-2.1157
GV-14207,6316.43,5515.94,-1551.08,-1.9034
GV-14208,6387.38,5518.0,-1552.5,-1.9798
GV-14209,7.42,5578.83,-1504.73,-8.2855
GV-14210,59.04,5568.75,-1448.62,-8.3139
GV-14211,143.82,5560.09,-1452.84,-8.2338
GV-14212,192.42,5562.39,-1398.5,-8.2784
GV-14213,205.81,5561.96,-1398.54,-8.5653
GV-14214,287.75,5567.75,-1347.21,-8.5143
GV-14215,316.25,5583.99,-1353.83,-8.5368
GV-14216,366.25,5579.46,-1301.61,-8.7746
GV-14217,437.01,5572.38,-1248.99,-8.8086
GV-14218,470.4,5562.66,-1251.93,-8.8544
GV-14219,542.91,5583.83,-1198.19,-8.9588
GV-14220,565.53,5587.82,-1153.86,-9.0412
GV-14221,625.28,5580.09,-1146.71,-9.0853
GV-14222,675.9,5584.88,-1103.4,-9.0965
GV-14223,706.82,5562.15,-1054.18,-9.2924
GV-14224,793.69,5557.52,-1004.11,-9.3383
GV-14225,809.92,5593.52,-997.74,-9.5773
GV-14226,892.32,5591.06,-950.49,-9.6665
GV-14227,927.65,5558.98,-896.16,-9.7681
GV-14228,960.15,5563.2,-898.69,-9.7395
GV-14229,1038.01,5594.97,-846.72,-9.9599
GV-14230,1055.68,5587.98,-801.0,-9.9313
GV-14231,1113.92,5559.36,-803.61,-9.9668
GV-14232,1161.4,5569.95,-747.73,-10.1919
GV-14233,1232.47,5593.29,-754.1,-10.3075
GV-14234,1256.39,5567.52,-745.97,-10.186
GV-14235,1326.78,5564.29,-699.45,-10.4005
GV-14236,1390.77,5576.44,-696.95,-10.6081
GV-14237,1435.89,5559.04,-700.34,-10.3835
GV-14238,1482.49,5592.78,-649.65,-10.8569
GV-14239,1506.24,5559.8,-652.29,-10.8397
GV-14240,1579.88,5593.51,-651.23,-10.8541
GV-14241,1626.41,5576.15,-645.35,-10.7487
GV-14242,1684.29,5556.62,-649.98,-10.7561
GV-14243,1711.92,5583.56,-604.36,-10.895
GV-14244,1755.76,5573.3,-596.48,-10.8326
GV-14245,1815.85,5593.95,-596.21,-11.1727
GV-14246,1868.61,5573.52,-604.78,-11.1058
GV-14247,1915.13,5562.34,-596.14,-10.967
GV-14248,1962.29,5579.81,-596.79,-11.001
GV-14249,2014.63,5567.96,-604.53,-11.2578
GV-14250,2086.53,5569.28,-547.2,-11.0306
GV-14251,2112.75,5575.36,-549.55,-11.1378
GV-14252,2162.48,5590.78,-553.11,-10.8582
GV-14253,2236.6,5564.33,-550.36,-10.9261
GV-14254,2257.04,5569.31,-551.27,-11.0192
GV-14255,2309.49,5576.77,-552.21,-10.9036
GV-14256,2388.9,5581.38,-600.95,-10.9428
GV-14257,2418.98,5577.97,-604.51,-10.8758
GV-14258,2460.85,5586.7,-598.92,-10.7009
GV-14259,2526.14,5573.15,-602.71,-10.6734
GV-14260,2556.72,5563.17,-597.41,-10.5582
GV-14261,2638.91,5570.04,-601.7,-10.8483
GV-14262,2664.85,5569.31,-598.01,-10.5378
GV-14263,2740.05,5569.66,-596.14,-10.6616
GV-14264,2783.19,5561.94,-599.25,-10.5106
GV-14265,2835.99,5592.3,-603.08,-10.5219
GV-14266,2879.66,5563.51,-599.59,-10.2493
GV-14267,2912.29,5555.08,-596.79,-10.3147
GV-14268,2994.84,5555.16,-600.17,-10.3005
GV-14269,3040.06,5558.15,-599.86,-10.1349
GV-14270,3087.02,5555.04,-603.89,-10.3463
GV-14271,3107.74,5593.48,-598.76,-9.9563
GV-14272,3183.03,5567.13,-601.99,-10.0073
GV-14273,3216.83,5593.98,-598.31,-10.0029
GV-14274,3263.4,5573.71,-601.89,-9.9713
GV-14275,3336.15,5590.39,-599.6,-9.6975
GV-14276,3391.09,5566.62,-600.6,-9.8738
GV-14277,3411.45,5594.81,-600.88,-9.3797
GV-14278,3468.74,5561.62,-604.19,-9.4471
GV-14279,3509.72,5557.6,-604.16,-9.3046
GV-14280,3586.85,5592.29,-604.52,-9.348
GV-14281,3629.97,5579.02,-603.22,-9.2491
GV-14282,3680.05,5573.89,-600.16,-9.052
GV-14283,3734.62,5587.99,-648.06,-8.9013
GV-14284,3755.02,5566.37,-653.32,-8.6907
GV-14285,3826.34,5586.27,-651.96,-8.6322
GV-14286,3882.0,5583.91,-704.93,-8.4478
GV-14287,3921.97,5568.32,-700.93,-8.232
GV-14288,3960.46,5593.42,-703.52,-8.0588
GV-14289,4030.45,5582.57,-747.01,-8.0845
GV-14290,4070.97,5573.81,-754.46,-7.9896
GV-14291,4111.96,5574.66,-802.65,-7.6441
GV-14292,4169.33,5561.55,-801.82,-7.7045
GV-14293,4237.09,5579.42,-849.23,-7.2459
GV-14294,4279.04,5593.02,-898.57,-7.2852
GV-14295,4333.5,5582.79,-902.1,-6.9655
GV-14296,4393.18,5586.51,-945.58,-6.9654
GV-14297,4422.82,5588.83,-947.77,-6.747
GV-14298,4457.6,5567.12,-996.1,-6.6918
GV-14299,4531.91,5584.8,-1002.2,-6.3754
GV-14300,4555.99,5587.63,-1048.65,-6.3743
GV-14301,4625.06,5583.03,-1047.41,-6.3377
GV-14302,4673.0,5572.46,-1099.9,-5.9408
GV-14303,4723.98,5580.08,-1101.17,-5.8177
GV-14304,4787.49,5562.19,-1154.0,-5.5808
GV-14305,4808.58,5569.32,-1148.61,-5.6544
GV-14306,4885.88,5568.64,-1201.64,-5.4056
GV-14307,4939.6,5586.85,-1200.53,-5.2861
GV-14308,4959.41,5561.07,-1248.16,-5.2765
GV-14309,5037.17,5563.41,-1247.14,-4.9388
GV-14310,5079.73,5556.52,-1246.01,-4.8966
GV-14311,5141.3,5567.13,-1300.23,-4.7827
GV-14312,5183.78,5578.34,-1300.27,-4.7843
GV-14313,5210.77,5577.2,-1302.57,-4.6353
GV-14314,5274.35,5569.82,-1300.74,-4.4439
GV-14315,5317.19,5585.64,-1346.83,-4.1707
GV-14316,5361.38,5558.53,-1353.75,-4.0267
GV-14317,5436.48,5580.4,-1345.81,-4.1488
GV-14318,5476.59,5584.36,-1346.98,-3.8564
GV-14319,5535.05,5571.52,-1346.95,-3.8257
GV-14320,5575.29,5586.19,-1397.15,-3.8122
GV-14321,5616.54,5571.77,-1403.86,-3.7343
GV-14322,5677.22,5566.56,-1395.44,-3.4122
GV-14323,5728.31,5582.11,-1402.31,-3.3612
GV-14324,5793.65,5589.34,-1401.34,-3.2744
GV-14325,5805.28,5586.36,-1445.17,-3.0208
GV-14326,5883.78,5555.67,-1451.25,-2.7617
GV-14327,5907.29,5575.93,-1449.12,-2.7682
GV-14328,5960.24,5574.63,-1451.92,-2.7534
GV-14329,6016.47,5569.49,-1500.09,-2.518
GV-14330,6073.75,5594.97,-1498.56,-2.5055
GV-14331,6116.28,5568.83,-1496.46,-2.4103
GV-14332,6165.93,5568.24,-1499.06,-2.3233
GV-14333,6233.7,5557.04,-1554.12,-2.3603
GV-14334,6282.52,5590.87,-1548.76,-2.0492
GV-14335,6311.7,5569.02,-1550.64,-1.9
GV-14336,6380.26,5581.89,-1551.53,-1.9265
GV-14337,14.18,5639.12,-1496.31,-7.9242
GV-14338,60.8,5639.81,-1451.5,-8.0842
GV-14339,142.39,5630.31,-1450.22,-8.3572
GV-14340,177.11,5622.59,-1445.57,-8.278
GV-14341,217.68,5627.6,-1400.26,-8.4811
GV-14342,255.35,5609.29,-1351.1,-8.4698
GV-14343,339.88,5623.9,-1353.1,-8.3698
GV-14344,389.39,5639.09,-1301.49,-8.5828
GV-14345,420.68,5612.36,-1300.26,-8.696
GV-14346,461.88,5610.61,-1248.07,-8.7197
GV-14347,508.14,5640.43,-1201.43,-8.8656
GV-14348,584.55,5637.79,-1204.76,-8.9563
GV-14349,609.93,5613.65,-1153.87,-9.1108
GV-14350,678.74,5613.01,-1097.96,-9.2687
GV-14351,741.76,5643.07,-1098.02,-9.2445
GV-14352,790.65,5630.15,-1045.16,-9.079
GV-14353,818.11,5621.2,-1001.87,-9.4246
GV-14354,870.76,5642.93,-949.03,-9.4749
GV-14355,939.12,5612.88,-945.95,-9.6367
GV-14356,973.02,5637.97,-899.06,-9.541
GV-14357,1037.57,5623.66,-847.87,-9.7082
GV-14358,1088.57,5637.77,-845.2,-9.8083
GV-14359,1113.26,5622.71,-795.1,-9.9358
GV-14360,1169.64,5637.85,-797.96,-10.1422
GV-14361,1221.28,5610.34,-748.65,-10.1316
GV-14362,1263.06,5630.69,-747.98,-10.1451
GV-14363,1323.5,5641.07,-753.85,-10.1899
GV-14364,1387.29,5617.33,-698.97,-10.3232
GV-14365,1434.43,5644.97,-697.39,-10.2522
GV-14366,1465.11,5637.14,-702.09,-10.5048
GV-14367,1539.48,5605.03,-648.91,-10.422
GV-14368,1584.29,5627.6,-646.21,-10.5824
GV-14369,1624.95,5626.15,-651.23,-10.6466
GV-14370,1675.77,5627.11,-647.41,-10.6342
GV-14371,1744.0,5611.67,-646.51,-10.7797
GV-14372,1791.04,5625.44,-603.88,-10.7379
GV-14373,1838.4,5615.84,-601.57,-10.731
GV-14374,1857.35,5623.18,-601.4,-10.7632
GV-14375,1909.82,5630.57,-598.59,-10.8943
GV-14376,1989.0,5625.18,-603.33,-10.8961
GV-14377,2006.79,5633.0,-595.88,-10.9684
GV-14378,2078.84,5625.45,-596.98,-10.9307
GV-14379,2108.7,5639.17,-602.98,-10.9072
GV-14380,2170.87,5628.12,-598.39,-10.7657
GV-14381,2222.53,5632.12,-601.65,-10.7457
GV-14382,2267.16,5620.24,-597.69,-10.7594
GV-14383,2326.22,5640.26,-595.57,-10.833
GV-14384,2370.68,5611.96,-597.0,-10.8801
GV-14385,2426.35,5625.56,-596.95,-10.6558
GV-14386,2489.46,5627.99,-596.71,-10.6161
GV-14387,2527.63,5625.72,-603.08,-10.6081
GV-14388,2587.02,5610.75,-600.98,-10.593
GV-14389,2607.45,5624.61,-604.57,-10.6758
GV-14390,2659.56,5641.03,-601.13,-10.5164
GV-14391,2736.33,5644.54,-597.6,-10.5422
GV-14392,2767.75,5643.41,-596.8,-10.3902
GV-14393,2834.59,5614.3,-597.41,-10.3002
GV-14394,2892.88,5609.85,-604.47,-10.2422
GV-14395,2910.33,5622.57,-601.48,-10.2499
GV-14396,2967.68,5640.52,-601.21,-10.2322
GV-14397,3026.16,5624.04,-597.22,-10.2287
GV-14398,3077.19,5619.99,-599.35,-10.0006
GV-14399,3123.14,5621.51,-598.92,-10.0468
GV-14400,3179.03,5638.61,-603.79,-9.772
GV-14401,3237.67,5622.2,-597.95,-9.9185
GV-14402,3255.07,5640.88,-599.19,-9.9436
GV-14403,3336.3,5643.04,-600.09,-9.8518
GV-14404,3364.05,5605.16,-598.53,-9.5021
GV-14405,3426.02,5635.91,-598.27,-9.3952
GV-14406,3469.21,5626.6,-599.62,-9.4717
GV-14407,3537.86,5637.28,-601.72,-9.2835
GV-14408,3572.86,5605.4,-604.96,-9.3183
GV-14409,3635.8,5641.84,-595.97,-9.0811
GV-14410,3665.36,5641.79,-604.79,-8.9878
GV-14411,3717.69,5639.11,-598.25,-8.7287
GV-14412,3777.31,5606.67,-654.16,-8.6661
GV-14413,3823.14,5619.7,-651.66,-8.5844
GV-14414,3878.96,5605.34,-647.13,-8.2805
GV-14415,3923.82,5615.61,-700.69,-8.4644
GV-14416,3963.22,5639.69,-704.65,-8.1332
GV-14417,4027.63,5615.67,-750.56,-8.2407
GV-14418,4080.55,5638.01,-752.06,-7.8965
GV-14419,4139.95,5607.98,-795.24,-7.6332
GV-14420,4168.71,5624.21,-804.18,-7.6016
GV-14421,4206.78,5642.55,-849.07,-7.263
GV-14422,4268.35,5617.04,-846.19,-7.302
GV-14423,4314.55,5620.67,-900.8,-6.9321
GV-14424,4361.86,5614.1,-902.31,-6.8042
GV-14425,4412.47,5635.03,-946.74,-6.9673
GV-14426,4482.14,5635.26,-953.49,-6.5558
GV-14427,4517.99,5639.36,-998.72,-6.4077
GV-14428,4559.81,5621.26,-1001.1,-6.3143
GV-14429,4630.21,5634.1,-1054.94,-6.0578
GV-14430,4680.83,5635.0,-1047.65,-5.9428
GV-14431,4725.54,5644.66,-1103.84,-5.8903
GV-14432,4789.45,5612.94,-1102.73,-5.7961
GV-14433,4832.91,5630.21,-1148.07,-5.6104
GV-14434,4892.01,5619.04,-1154.92,-5.406
GV-14435,4906.56,5607.38,-1195.12,-5.3943
GV-14436,4983.17,5619.36,-1203.49,-5.2207
GV-14437,5008.71,5623.13,-1204.12,-5.0059
GV-14438,5076.89,5637.72,-1246.91,-4.8982
GV-14439,5125.19,5622.76,-1250.83,-4.8037
GV-14440,5158.21,5615.86,-1301.54,-4.5982
GV-14441,5238.26,5639.78,-1296.68,-4.4388
GV-14442,5289.92,5617.17,-1300.44,-4.6829
GV-14443,5331.75,5613.96,-1301.1,-4.2375
GV-14444,5373.99,5618.5,-1351.15,-4.2625
GV-14445,5417.82,5640.76,-1345.36,-4.0303
GV-14446,5489.64,5644.57,-1347.8,-3.9471
GV-14447,5520.3,5605.89,-1354.5,-3.8452
GV-14448,5564.37,5613.09,-1403.03,-3.5005
GV-14449,5625.42,5629.75,-1402.25,-3.4874
GV-14450,5673.0,5613.74,-1401.86,-3.5972
GV-14451,5732.58,5624.07,-1395.39,-3.3986
GV-14452,5774.15,5627.69,-1401.67,-3.3034
GV-14453,5816.2,5606.11,-1447.82,-2.9606
GV-14454,5884.36,5618.5,-1448.85,-3.0128
GV-14455,5920.0,5619.54,-1448.92,-2.79
GV-14456,5961.39,5632.67,-1454.96,-2.6765
GV-14457,6006.25,5638.88,-1499.58,-2.6526
GV-14458,6074.43,5627.39,-1499.22,-2.6456
GV-14459,6132.38,5613.92,-1499.8,-2.4399
GV-14460,6176.27,5640.32,-1502.41,-2.5276
GV-14461,6228.59,5631.86,-1546.92,-2.3357
GV-14462,6291.42,5627.22,-1552.74,-2.0633
GV-14463,6315.43,5616.38,-1551.05,-2.1621
GV-14464,6367.69,5644.03,-1551.61,-1.7645
GV-14465,16.94,5681.92,-1501.18,-8.2075
GV-14466,79.01,5675.95,-1499.59,-8.0191
GV-14467,141.16,5667.28,-1447.05,-8.2503
GV-14468,160.32,5674.13,-1449.34,-8.1832
GV-14469,227.66,5665.0,-1403.47,-8.3005
GV-14470,262.24,5692.7,-1403.27,-8.4146
GV-14471,335.65,5681.01,-1346.7,-8.2659
GV-14472,372.89,5659.11,-1353.49,-8.5226
GV-14473,436.3,5675.57,-1304.17,-8.699
GV-14474,489.7,5690.32,-1295.75,-8.7066
GV-14475,514.5,5664.19,-1249.52,-8.8085
GV-14476,586.02,5681.82,-1202.07,-8.6236
GV-14477,617.62,5687.32,-1153.5,-8.9144
GV-14478,657.99,5665.25,-1146.59,-8.9708
GV-14479,733.83,5672.87,-1098.2,-9.0928
GV-14480,759.4,5692.25,-1053.46,-9.1398
GV-14481,844.91,5656.55,-1050.4,-9.3212
GV-14482,881.79,5663.15,-1001.08,-9.4839
GV-14483,919.2,5694.62,-949.64,-9.497
GV-14484,965.99,5672.3,-896.1,-9.6373
GV-14485,1037.35,5689.73,-897.74,-9.5434
GV-14486,1079.1,5676.49,-845.15,-9.7962
GV-14487,1122.63,5658.86,-850.87,-9.7577
GV-14488,1163.55,5655.22,-803.4,-9.7815
GV-14489,1218.33,5679.07,-796.94,-10.0411
GV-14490,1256.34,5686.26,-753.65,-10.1461
GV-14491,1317.39,5659.32,-746.05,-10.1839
GV-14492,1382.63,5659.51,-748.77,-10.1759
GV-14493,1411.2,5692.89,-703.57,-10.2583
GV-14494,1459.72,5685.94,-702.05,-10.4143
GV-14495,1519.08,5694.64,-695.79,-10.4565
GV-14496,1562.11,5685.69,-695.69,-10.3222
GV-14497,1618.82,5684.68,-652.5,-10.7071
GV-14498,1688.15,5675.63,-645.95,-10.452
GV-14499,1737.18,5667.0,-651.57,-10.5205
GV-14500,1787.15,5682.38,-652.32,-10.5627
GV-14501,1823.7,5659.3,-600.01,-10.8526
GV-14502,1875.67,5673.08,-600.53,-10.7126
GV-14503,1907.83,5685.58,-604.39,-10.6142
GV-14504,1958.22,5670.63,-597.85,-10.7309
GV-14505,2034.88,5672.21,-595.56,-10.7315
GV-14506,2089.67,5686.87,-600.34,-10.5801
GV-14507,2137.12,5675.2,-603.63,-10.7591
GV-14508,2180.87,5669.37,-604.74,-10.7564
GV-14509,2232.04,5687.34,-602.75,-10.7562
GV-14510,2255.32,5682.57,-601.18,-10.8246
GV-14511,2321.99,5660.24,-598.98,-10.5537
GV-14512,2356.01,5683.23,-596.47,-10.6148
GV-14513,2406.8,5660.9,-597.08,-10.5665
GV-14514,2490.52,5687.29,-604.28,-10.4963
GV-14515,2506.31,5661.14,-602.11,-10.7584
GV-14516,2566.61,5678.58,-597.74,-10.592
GV-14517,2637.45,5690.21,-599.74,-10.5255
GV-14518,2673.87,5694.84,-596.18,-10.3416
GV-14519,2721.75,5676.74,-602.76,-10.18
GV-14520,2788.89,5673.09,-604.86,-10.4305
GV-14521,2815.76,5686.53,-599.01,-10.2485
GV-14522,2864.73,5693.32,-596.39,-10.136
GV-14523,2938.8,5683.0,-596.13,-10.01
GV-14524,2955.99,5687.02,-597.95,-10.2017
GV-14525,3012.83,5684.54,-601.97,-9.8719
GV-14526,3074.8,5680.06,-599.44,-10.0259
GV-14527,3132.34,5665.03,-602.57,-9.7516
GV-14528,3187.12,5659.48,-595.62,-9.9037
GV-14529,3230.53,5680.39,-599.17,-9.8776
GV-14530,3271.07,5662.09,-603.8,-9.64
GV-14531,3331.04,5692.87,-553.7,-9.654
GV-14532,3374.57,5680.33,-545.98,-9.5188
GV-14533,3411.59,5673.41,-552.99,-9.5222
GV-14534,3456.26,5658.59,-552.72,-9.2594
GV-14535,3529.76,5684.98,-603.73,-9.4983
GV-14536,3559.45,5686.84,-595.34,-9.1851
GV-14537,3619.41,5667.14,-596.53,-9.1057
GV-14538,3673.36,5684.41,-601.28,-8.9109
GV-14539,3714.09,5687.69,-598.02,-8.7748
GV-14540,3790.63,5677.25,-604.36,-8.5571
GV-14541,3815.1,5669.41,-652.66,-8.3304
GV-14542,3868.71,5665.28,-649.86,-8.1911
GV-14543,3923.42,5655.9,-649.56,-8.2879
GV-14544,3955.81,5677.64,-695.28,-8.2166
GV-14545,4034.69,5660.52,-699.29,-8.0041
GV-14546,4083.7,5660.44,-750.69,-7.8445
GV-14547,4140.08,5655.16,-749.71,-7.5941
GV-14548,4167.84,5687.62,-801.41,-7.5278
GV-14549,4211.1,5661.77,-804.09,-7.2679
GV-14550,4279.45,5675.9,-848.57,-7.1854
GV-14551,4342.89,5671.31,-850.52,-6.9371
GV-14552,4391.27,5688.15,-895.64,-6.9792
GV-14553,4433.75,5675.69,-896.64,-6.7148
GV-14554,4491.96,5690.29,-951.5,-6.6316
GV-14555,4529.63,5668.19,-947.54,-6.3975
GV-14556,4595.0,5677.56,-996.13,-6.2131
GV-14557,4611.23,5664.7,-1000.5,-6.0511
GV-14558,4662.55,5693.17,-1050.3,-6.117
GV-14559,4705.68,5691.47,-1047.44,-5.9256
GV-14560,4765.49,5683.0,-1103.1,-5.8308
GV-14561,4813.34,5664.3,-1103.43,-5.7623
GV-14562,4862.8,5684.37,-1151.72,-5.4245
GV-14563,4912.66,5688.38,-1146.64,-5.2644
GV-14564,4967.4,5676.14,-1202.05,-5.19
GV-14565,5036.4,5694.84,-1196.8,-5.2903
GV-14566,5062.94,5681.7,-1195.03,-4.9027
GV-14567,5108.88,5674.63,-1247.63,-4.8252
GV-14568,5180.42,5685.17,-1254.61,-4.8596
GV-14569,5205.64,5667.57,-1303.44,-4.6807
GV-14570,5289.24,5687.95,-1298.76,-4.4171
GV-14571,5312.06,5686.33,-1295.2,-4.3347
GV-14572,5367.45,5660.22,-1300.75,-4.2821
GV-14573,5436.21,5679.67,-1350.57,-4.1131
GV-14574,5483.82,5672.41,-1350.59,-3.8372
GV-14575,5527.25,5661.02,-1350.57,-3.9681
GV-14576,5562.43,5689.25,-1349.23,-3.7449
GV-14577,5619.38,5661.11,-1402.57,-3.609
GV-14578,5689.51,5685.55,-1401.34,-3.4969
GV-14579,5706.65,5694.91,-1404.66,-3.4147
GV-14580,5770.94,5661.87,-1398.3,-3.068
GV-14581,5821.85,5656.84,-1449.87,-3.0753
GV-14582,5855.65,5678.83,-1451.52,-2.9929
GV-14583,5931.09,5670.79,-1447.76,-2.8396
GV-14584,5992.55,5676.29,-1454.89,-2.6201
GV-14585,6021.02,5692.89,-1448.97,-2.7056
GV-14586,6071.04,5694.74,-1501.22,-2.7641
GV-14587,6110.41,5664.23,-1502.6,-2.4264
GV-14588,6166.64,5686.53,-1496.16,-2.3142
GV-14589,6238.93,5682.36,-1496.65,-2.2268
GV-14590,6260.81,5679.84,-1547.04,-2.1199
GV-14591,6341.07,5663.69,-1550.92,-1.8609
GV-14592,6369.57,5674.03,-1553.32,-1.9453
GV-14593,15.11,5711.95,-1504.59,-8.0427
GV-14594,58.75,5736.55,-1498.16,-8.1002
GV-14595,122.94,5723.4,-1495.22,-8.2112
GV-14596,165.1,5712.43,-1454.3,-8.2038
GV-14597,214.96,5707.19,-1449.94,-8.1589
GV-14598,289.43,5727.07,-1402.21,-8.3158
GV-14599,312.74,5723.15,-1397.16,-8.395
GV-14600,393.04,5741.41,-1353.47,-8.4746
GV-14601,433.46,5713.28,-1354.74,-8.56
GV-14602,492.81,5742.66,-1298.52,-8.6869
GV-14603,507.77,5713.99,-1251.05,-8.7724
GV-14604,591.57,5735.38,-1250.63,-9.0051
GV-14605,611.7,5730.38,-1202.27,-8.8618
GV-14606,671.71,5709.08,-1154.08,-9.0548
GV-14607,727.64,5731.9,-1103.12,-9.0183
GV-14608,771.17,5739.76,-1096.6,-9.0582
GV-14609,824.7,5736.85,-1047.19,-9.2753
GV-14610,880.26,5738.92,-1000.19,-9.1559
GV-14611,927.13,5732.7,-948.62,-9.1992
GV-14612,991.0,5741.16,-947.84,-9.4965
GV-14613,1016.22,5707.84,-895.76,-9.6852
GV-14614,1092.07,5718.41,-903.33,-9.5912
GV-14615,1135.9,5725.25,-849.34,-9.616
GV-14616,1168.38,5724.01,-798.03,-9.7334
GV-14617,1211.52,5741.06,-801.15,-9.9131
GV-14618,1294.13,5708.35,-801.66,-9.905
GV-14619,1338.51,5725.69,-752.67,-10.072
GV-14620,1394.84,5707.15,-749.51,-10.0222
GV-14621,1419.92,5728.03,-749.53,-10.1347
GV-14622,1490.95,5722.2,-704.21,-10.2818
GV-14623,1521.62,5708.59,-704.73,-10.1978
GV-14624,1578.52,5734.67,-702.6,-10.2821
GV-14625,1643.54,5733.53,-702.75,-10.4268
GV-14626,1693.81,5742.91,-652.32,-10.452
GV-14627,1729.38,5718.72,-646.2,-10.4718
GV-14628,1780.52,5727.01,-650.94,-10.6092
GV-14629,1810.97,5707.25,-650.02,-10.5104
GV-14630,1881.94,5721.35,-603.98,-10.6339
GV-14631,1935.56,5735.6,-599.31,-10.6227
GV-14632,1994.39,5744.57,-603.09,-10.6737
GV-14633,2043.33,5709.57,-599.99,-10.7909
GV-14634,2056.51,5742.56,-598.8,-10.7434
GV-14635,2111.86,5744.9,-603.96,-10.6657
GV-14636,2164.13,5738.35,-598.74,-10.6143
GV-14637,2205.66,5718.83,-596.27,-10.663
GV-14638,2261.96,5741.51,-600.82,-10.6454
GV-14639,2325.18,5717.48,-600.39,-10.663
GV-14640,2367.38,5705.38,-601.19,-10.4066
GV-14641,2431.35,5744.95,-600.94,-10.6467
GV-14642,2480.55,5714.96,-604.5,-10.4271
GV-14643,2537.9,5729.49,-596.92,-10.3018
GV-14644,2579.24,5705.43,-601.66,-10.5576
GV-14645,2614.21,5719.56,-601.21,-10.2288
GV-14646,2676.24,5724.89,-602.07,-10.2043
GV-14647,2705.69,5743.97,-600.34,-10.2943
GV-14648,2768.66,5723.21,-604.58,-10.1629
GV-14649,2834.01,5740.98,-596.65,-10.3298
GV-14650,2859.4,5735.67,-603.44,-9.8968
GV-14651,2921.68,5714.17,-595.64,-10.1045
GV-14652,2967.59,5733.22,-603.06,-10.063
GV-14653,3010.05,5729.39,-604.13,-9.9301
GV-14654,3076.18,5733.14,-599.04,-9.9546
GV-14655,3109.89,5733.51,-601.71,-9.8802
GV-14656,3176.09,5708.92,-599.64,-9.9807
GV-14657,3229.37,5740.24,-597.55,-9.8531
GV-14658,3266.15,5725.05,-551.59,-9.7422
GV-14659,3339.75,5710.96,-550.49,-9.5008
GV-14660,3389.47,5708.38,-552.14,-9.5052
GV-14661,3433.53,5722.65,-547.44,-9.424
GV-14662,3459.82,5715.15,-553.35,-9.3104
GV-14663,3514.03,5730.18,-551.43,-9.3524
GV-14664,3561.32,5721.54,-548.68,-9.2024
GV-14665,3608.59,5724.53,-599.46,-9.061
GV-14666,3672.1,5716.12,-598.34,-9.1549
GV-14667,3732.83,5720.49,-596.6,-8.9651
GV-14668,3772.07,5731.22,-595.39,-8.7832
GV-14669,3809.87,5736.41,-652.72,-8.4728
GV-14670,3878.31,5717.38,-650.42,-8.4157
GV-14671,3935.97,5717.97,-648.9,-8.2144
GV-14672,3978.21,5733.44,-696.56,-8.0124
GV-14673,4027.85,5735.44,-697.61,-7.8723
GV-14674,4069.18,5732.87,-704.37,-7.6296
GV-14675,4117.02,5733.54,-748.14,-7.5192
GV-14676,4187.58,5705.17,-749.17,-7.512
GV-14677,4214.76,5733.76,-801.94,-7.2853
GV-14678,4276.44,5741.86,-801.91,-7.1782
GV-14679,4310.0,5718.62,-849.16,-7.1363
GV-14680,4365.61,5736.3,-848.38,-6.8416
GV-14681,4416.66,5714.51,-899.33,-6.6983
GV-14682,4490.3,5720.54,-895.76,-6.5194
GV-14683,4541.29,5717.27,-945.69,-6.5095
GV-14684,4592.75,5726.13,-952.76,-6.2854
GV-14685,4625.79,5709.1,-995.28,-6.1499
GV-14686,4661.27,5743.38,-997.72,-6.0433
GV-14687,4741.68,5720.64,-1045.81,-5.8859
GV-14688,4758.45,5719.39,-1046.08,-5.7776
GV-14689,4820.06,5721.78,-1097.79,-5.6205
GV-14690,4873.45,5742.42,-1104.83,-5.437
GV-14691,4921.95,5726.04,-1154.99,-5.324
GV-14692,4985.84,5710.15,-1150.88,-5.1802
GV-14693,5035.34,5725.29,-1202.88,-5.1733
GV-14694,5076.76,5705.31,-1197.76,-5.0466
GV-14695,5120.95,5740.02,-1252.34,-4.7175
GV-14696,5168.89,5737.03,-1248.6,-4.5906
GV-14697,5237.73,5723.49,-1253.87,-4.4796
GV-14698,5259.37,5709.95,-1300.3,-4.4426
GV-14699,5310.45,5715.71,-1298.85,-4.3262
GV-14700,5393.6,5719.23,-1304.06,-4.1121
GV-14701,5406.82,5709.2,-1353.94,-4.1666
GV-14702,5475.69,5708.15,-1350.33,-4.0247
GV-14703,5509.44,5741.44,-1349.02,-3.804
GV-14704,5573.61,5738.77,-1350.64,-3.7606
GV-14705,5611.23,5743.2,-1403.68,-3.3781
GV-14706,5661.16,5733.03,-1402.41,-3.3503
GV-14707,5733.75,5742.61,-1396.61,-3.3643
GV-14708,5758.04,5730.93,-1396.63,-3.3756
GV-14709,5834.21,5729.75,-1404.42,-2.9517
GV-14710,5859.73,5715.46,-1451.06,-2.8401
GV-14711,5935.83,5710.2,-1452.58,-2.7442
GV-14712,5971.05,5740.08,-1447.88,-2.6827
GV-14713,6021.06,5742.1,-1447.88,-2.6702
GV-14714,6056.63,5720.72,-1502.82,-2.6264
GV-14715,6114.56,5733.49,-1495.44,-2.3415
GV-14716,6191.5,5723.86,-1504.98,-2.3104
GV-14717,6227.44,5740.01,-1499.09,-2.2182
GV-14718,6257.7,5718.47,-1498.36,-2.1219
GV-14719,6334.29,5728.35,-1553.68,-1.8998
GV-14720,6394.57,5714.39,-1548.47,-1.8051
GV-14721,22.85,5779.87,-1551.84,-8.0933
GV-14722,58.53,5775.03,-1504.88,-8.1631
GV-14723,114.19,5785.47,-1497.98,-7.8976
GV-14724,190.68,5763.6,-1501.4,-8.2192
GV-14725,216.93,5762.24,-1453.35,-8.2228
GV-14726,291.81,5771.3,-1454.8,-8.2354
GV-14727,336.36,5787.9,-1400.72,-8.3599
GV-14728,387.98,5759.08,-1399.5,-8.4372
GV-14729,415.12,5758.36,-1345.73,-8.4538
GV-14730,484.62,5766.25,-1304.68,-8.5481
GV-14731,542.31,5790.17,-1300.23,-8.6958
GV-14732,583.85,5769.25,-1252.72,-8.6367
GV-14733,606.8,5768.49,-1202.44,-8.8243
GV-14734,690.4,5763.01,-1198.88,-8.9422
GV-14735,711.8,5773.92,-1147.34,-9.0629
GV-14736,769.58,5793.79,-1104.49,-9.0622
GV-14737,833.81,5788.42,-1051.64,-9.1533
GV-14738,867.82,5779.36,-1050.17,-9.447
GV-14739,930.76,5778.22,-995.0,-9.3007
GV-14740,969.04,5761.14,-949.42,-9.2574
GV-14741,1023.45,5771.82,-949.88,-9.5627
GV-14742,1085.48,5755.5,-900.68,-9.6332
GV-14743,1112.46,5772.21,-850.31,-9.5366
GV-14744,1156.72,5781.89,-847.56,-9.7148
GV-14745,1235.46,5792.57,-796.25,-9.794
GV-14746,1264.58,5778.3,-804.75,-9.7673
GV-14747,1339.9,5756.49,-804.31,-9.9914
GV-14748,1392.57,5755.52,-753.95,-9.9886
GV-14749,1434.11,5794.7,-750.44,-10.1686
GV-14750,1479.39,5790.77,-750.1,-10.1831
GV-14751,1519.88,5775.37,-701.23,-10.0968
GV-14752,1588.75,5793.18,-703.17,-10.1937
GV-14753,1605.63,5778.33,-701.62,-10.2798
GV-14754,1669.78,5784.39,-699.9,-10.1887
GV-14755,1728.91,5778.83,-653.24,-10.2503
GV-14756,1757.6,5763.48,-647.4,-10.3921
GV-14757,1806.77,5789.12,-653.07,-10.3311
GV-14758,1887.65,5779.85,-651.22,-10.4762
GV-14759,1932.47,5787.12,-598.77,-10.5452
GV-14760,1966.93,5758.34,-596.57,-10.539
GV-14761,2033.56,5787.56,-598.87,-10.6185
GV-14762,2055.53,5794.38,-595.95,-10.325
GV-14763,2130.65,5765.93,-600.81,-10.6361
GV-14764,2194.07,5780.77,-600.49,-10.4209
GV-14765,2222.93,5780.04,-603.12,-10.4344
GV-14766,2279.71,5789.35,-597.37,-10.5833
GV-14767,2334.13,5792.21,-595.77,-10.4066
GV-14768,2357.26,5782.2,-598.18,-10.4964
GV-14769,2420.9,5779.76,-596.07,-10.5166
GV-14770,2477.18,5793.9,-603.3,-10.3593
GV-14771,2542.18,5782.39,-602.02,-10.3279
GV-14772,2560.3,5766.01,-600.09,-10.3942
GV-14773,2612.45,5757.47,-601.08,-10.206
GV-14774,2662.02,5772.39,-598.05,-10.2007
GV-14775,2711.65,5784.67,-596.58,-10.0756
GV-14776,2793.5,5784.13,-603.22,-9.9749
GV-14777,2844.13,5759.06,-598.42,-9.899
GV-14778,2858.26,5762.54,-597.22,-10.0506
GV-14779,2930.5,5758.88,-600.65,-10.033
GV-14780,2970.34,5783.77,-595.24,-9.8449
GV-14781,3031.04,5784.12,-602.59,-9.9141
GV-14782,3058.21,5777.59,-603.57,-9.8154
GV-14783,3141.87,5776.86,-597.52,-9.6343
GV-14784,3160.25,5765.55,-602.69,-9.7554
GV-14785,3215.18,5767.7,-546.97,-9.7223
GV-14786,3281.85,5770.5,-551.92,-9.6101
GV-14787,3322.24,5757.44,-554.46,-9.6696
GV-14788,3393.65,5780.41,-552.82,-9.426
GV-14789,3435.67,5794.49,-552.8,-9.3724
GV-14790,3473.5,5775.79,-546.98,-9.2656
GV-14791,3523.37,5786.23,-546.18,-9.2824
GV-14792,3579.06,5792.86,-550.88,-9.0112
GV-14793,3627.93,5776.51,-546.25,-9.0964
GV-14794,3670.81,5778.13,-604.36,-9.0174
GV-14795,3718.0,5784.13,-600.96,-8.619
GV-14796,3756.4,5788.54,-598.49,-8.5807
GV-14797,3824.55,5782.38,-596.22,-8.3651
GV-14798,3884.09,5785.82,-650.55,-8.3028
GV-14799,3915.08,5777.25,-648.46,-8.1368
GV-14800,3957.89,5765.36,-654.14,-8.0775
GV-14801,4034.29,5772.44,-699.63,-7.9726
GV-14802,4057.23,5765.43,-700.43,-7.7359
GV-14803,4116.28,5775.53,-749.5,-7.6658
GV-14804,4177.58,5763.93,-749.29,-7.5661
GV-14805,4238.15,5766.28,-753.84,-7.4527
GV-14806,4294.43,5760.44,-802.42,-7.1872
GV-14807,4310.48,5764.34,-796.39,-7.1214
GV-14808,4373.23,5763.83,-849.39,-7.1262
GV-14809,4407.08,5787.92,-849.08,-6.7057
GV-14810,4479.57,5758.3,-901.17,-6.6751
GV-14811,4505.73,5766.2,-904.22,-6.3896
GV-14812,4581.78,5786.48,-950.19,-6.3891
GV-14813,4637.23,5756.91,-952.68,-5.9553
GV-14814,4656.69,5789.21,-997.74,-5.7999
GV-14815,4730.05,5761.14,-999.25,-5.7609
GV-14816,4786.2,5779.09,-1052.79,-5.6817
GV-14817,4821.04,5763.66,-1052.64,-5.5707
GV-14818,4891.25,5773.05,-1103.38,-5.5858
GV-14819,4911.54,5771.13,-1102.08,-5.1907
GV-14820,4962.62,5767.02,-1145.29,-5.1316
GV-14821,5028.82,5786.51,-1153.53,-5.2158
GV-14822,5068.23,5761.41,-1204.83,-4.8875
GV-14823,5124.68,5793.88,-1201.45,-4.7312
GV-14824,5186.3,5763.92,-1251.8,-4.7096
GV-14825,5214.35,5772.69,-1254.61,-4.4458
GV-14826,5278.4,5768.63,-1253.4,-4.3341
GV-14827,5313.87,5793.13,-1297.3,-4.3112
GV-14828,5356.05,5761.47,-1304.64,-4.1059
GV-14829,5438.5,5777.57,-1304.12,-4.0624
GV-14830,5460.11,5765.81,-1352.48,-4.0135
GV-14831,5517.32,5784.96,-1348.65,-3.9209
GV-14832,5556.82,5790.0,-1351.15,-3.4551
GV-14833,5625.06,5783.81,-1352.97,-3.6219
GV-14834,5658.73,5762.4,-1403.33,-3.4506
GV-14835,5726.24,5775.74,-1403.23,-3.3221
GV-14836,5793.47,5756.04,-1402.63,-3.209
GV-14837,5827.33,5757.4,-1397.48,-3.2202
GV-14838,5856.66,5783.21,-1450.52,-3.0604
GV-14839,5907.6,5789.38,-1448.87,-2.8287
GV-14840,5965.5,5775.28,-1447.78,-2.7449
GV-14841,6019.75,5776.72,-1451.93,-2.597
GV-14842,6087.51,5779.81,-1453.55,-2.6426
GV-14843,6125.6,5782.77,-1503.9,-2.4129
GV-14844,6167.06,5763.04,-1499.36,-2.4531
GV-14845,6242.98,5762.23,-1498.56,-2.2224
GV-14846,6261.61,5785.53,-1500.87,-2.0025
GV-14847,6335.39,5756.75,-1545.15,-1.9524
GV-14848,6380.94,5755.99,-1545.68,-1.7594
GV-14849,34.54,5823.78,-1548.21,-7.9206
GV-14850,76.81,5831.74,-1552.13,-7.8872
GV-14851,142.27,5837.46,-1504.92,-8.0421
GV-14852,178.09,5833.9,-1499.85,-8.1158
GV-14853,220.01,5809.17,-1450.24,-8.1928
GV-14854,279.9,5828.33,-1445.21,-8.2407
GV-14855,343.92,5814.32,-1397.21,-8.2351
GV-14856,369.04,5835.13,-1403.18,-8.4106
GV-14857,414.76,5840.64,-1350.31,-8.5466
GV-14858,484.14,5823.18,-1346.33,-8.3285
GV-14859,531.08,5840.66,-1302.43,-8.6642
GV-14860,583.8,5831.99,-1249.3,-8.4358
GV-14861,641.61,5810.17,-1246.86,-8.7552
GV-14862,657.66,5829.62,-1202.81,-8.9329
GV-14863,742.85,5838.18,-1147.8,-8.8796
GV-14864,762.02,5811.57,-1098.37,-9.0175
GV-14865,809.61,5832.62,-1100.83,-8.8498
GV-14866,886.5,5824.38,-1047.96,-9.0508
GV-14867,917.55,5830.31,-995.29,-9.2698
GV-14868,993.23,5833.39,-998.05,-9.2767
GV-14869,1011.95,5827.18,-947.3,-9.1584
GV-14870,1081.93,5806.74,-900.95,-9.1995
GV-14871,1142.04,5844.33,-895.3,-9.5031
GV-14872,1193.58,5824.34,-850.72,-9.4639
GV-14873,1238.84,5809.96,-850.02,-9.6414
GV-14874,1287.42,5827.33,-803.21,-9.7738
GV-14875,1314.11,5808.54,-798.82,-9.896
GV-14876,1365.61,5810.22,-799.4,-9.7283
GV-14877,1432.89,5826.47,-754.2,-9.9015
GV-14878,1489.6,5833.02,-750.34,-9.8043
GV-14879,1543.75,5806.44,-747.18,-10.0671
GV-14880,1565.87,5838.15,-697.74,-9.9746
GV-14881,1631.24,5806.88,-699.25,-10.1839
GV-14882,1678.03,5805.6,-696.33,-10.1919
GV-14883,1719.55,5824.2,-696.91,-10.2782
GV-14884,1758.71,5809.78,-653.28,-10.1637
GV-14885,1805.02,5811.36,-650.71,-10.3262
GV-14886,1869.57,5809.43,-653.02,-10.257
GV-14887,1921.16,5811.18,-652.97,-10.3108
GV-14888,1967.33,5843.26,-602.1,-10.3232
GV-14889,2014.84,5844.4,-603.5,-10.3271
GV-14890,2071.37,5833.25,-601.12,-10.3034
GV-14891,2129.73,5824.71,-599.12,-10.4807
GV-14892,2192.96,5816.6,-603.64,-10.5443
GV-14893,2223.3,5824.6,-597.43,-10.2826
GV-14894,2283.4,5812.57,-601.9,-10.3539
GV-14895,2320.92,5814.18,-599.17,-10.3007
GV-14896,2360.47,5816.89,-596.35,-10.2034
GV-14897,2421.48,5843.71,-596.37,-10.2453
GV-14898,2471.27,5825.14,-598.85,-10.3167
GV-14899,2514.18,5835.15,-601.08,-10.1448
GV-14900,2591.94,5812.91,-597.86,-10.1817
GV-14901,2625.29,5808.58,-604.96,-10.1831
GV-14902,2691.24,5840.14,-601.26,-10.174
GV-14903,2714.82,5808.67,-595.08,-10.0637
GV-14904,2784.61,5817.3,-603.72,-10.069
GV-14905,2825.05,5810.79,-603.85,-10.0055
GV-14906,2893.22,5826.52,-603.83,-10.0135
GV-14907,2925.71,5814.94,-600.25,-9.9328
GV-14908,2958.98,5811.98,-598.67,-9.6818
GV-14909,3023.74,5831.08,-599.69,-9.6628
GV-14910,3081.3,5815.98,-603.67,-9.7714
GV-14911,3116.38,5842.58,-595.86,-9.8782
GV-14912,3183.56,5810.35,-547.03,-9.5435
GV-14913,3240.29,5806.12,-554.42,-9.5766
GV-14914,3286.92,5821.23,-546.54,-9.3662
GV-14915,3325.14,5818.58,-549.94,-9.3369
GV-14916,3366.84,5816.64,-547.69,-9.5066
GV-14917,3418.32,5809.27,-551.38,-9.2898
GV-14918,3472.76,5814.16,-554.92,-9.2991
GV-14919,3516.26,5827.61,-551.06,-9.3014
GV-14920,3580.78,5839.83,-551.03,-9.1053
GV-14921,3609.09,5839.86,-545.23,-9.1016
GV-14922,3680.83,5836.47,-546.84,-8.957
GV-14923,3742.62,5837.1,-596.11,-8.6041
GV-14924,3765.02,5824.88,-601.19,-8.6158
GV-14925,3805.55,5842.22,-601.12,-8.6248
GV-14926,3888.04,5831.05,-604.28,-8.5021
GV-14927,3944.32,5831.57,-654.3,-8.1518
GV-14928,3984.32,5842.21,-650.35,-7.9051
GV-14929,4017.93,5834.77,-650.82,-7.9298
GV-14930,4093.38,5836.2,-696.69,-7.6865
GV-14931,4124.96,5812.22,-695.8,-7.5962
GV-14932,4163.41,5831.44,-753.61,-7.5263
GV-14933,4221.2,5819.31,-753.98,-7.334
GV-14934,4281.65,5820.99,-753.62,-7.1192
GV-14935,4312.21,5829.15,-802.54,-6.9951
GV-14936,4358.34,5805.88,-802.55,-6.7028
GV-14937,4423.86,5809.01,-846.25,-6.6196
GV-14938,4470.54,5838.39,-847.16,-6.4799
GV-14939,4522.87,5816.79,-904.84,-6.5175
GV-14940,4571.13,5844.13,-896.61,-6.0093
GV-14941,4632.07,5829.93,-946.52,-6.3227
GV-14942,4666.51,5813.18,-952.0,-6.1296
GV-14943,4739.3,5837.7,-995.42,-5.8988
GV-14944,4787.34,5815.86,-995.34,-5.8318
GV-14945,4822.88,5832.85,-1053.88,-5.4038
GV-14946,4883.92,5843.22,-1051.65,-5.3134
GV-14947,4934.52,5844.13,-1097.81,-5.2219
GV-14948,4974.95,5820.74,-1102.51,-5.1334
GV-14949,5007.84,5817.96,-1148.47,-4.8933
GV-14950,5091.8,5840.75,-1151.39,-5.119
GV-14951,5143.84,5827.12,-1199.89,-4.6734
GV-14952,5191.8,5819.49,-1195.28,-4.6854
GV-14953,5230.34,5839.53,-1248.52,-4.5456
GV-14954,5292.6,5806.97,-1253.28,-4.2947
GV-14955,5332.17,5822.67,-1249.39,-4.4787
GV-14956,5368.23,5821.35,-1297.52,-4.0516
GV-14957,5410.3,5838.7,-1298.58,-3.9674
GV-14958,5472.91,5837.73,-1301.17,-3.8357
GV-14959,5539.22,5811.7,-1348.66,-3.634
GV-14960,5589.99,5817.42,-1350.76,-3.6747
GV-14961,5626.41,5808.92,-1345.58,-3.3897
GV-14962,5688.93,5819.24,-1398.92,-3.3052
GV-14963,5709.1,5823.49,-1402.17,-3.2532
GV-14964,5768.63,5828.51,-1397.88,-3.1458
GV-14965,5807.04,5819.01,-1399.79,-3.0722
GV-14966,5868.12,5822.14,-1400.38,-2.8099
GV-14967,5936.31,5825.27,-1449.67,-2.6835
GV-14968,5956.75,5810.4,-1450.54,-2.7024
GV-14969,6027.59,5820.59,-1446.24,-2.7049
GV-14970,6057.77,5834.54,-1454.83,-2.3773
GV-14971,6128.4,5832.91,-1499.78,-2.4054
GV-14972,6191.39,5834.01,-1497.24,-2.2812
GV-14973,6234.06,5839.7,-1503.05,-2.1101
GV-14974,6260.54,5824.58,-1504.09,-1.9739
GV-14975,6325.5,5811.5,-1496.14,-1.9749
GV-14976,6358.87,5819.88,-1548.79,-1.8936
GV-14977,39.97,5860.96,-1547.24,-7.9176
GV-14978,92.79,5880.76,-1552.53,-7.8253
GV-14979,114.33,5856.52,-1554.63,-8.1153
GV-14980,169.8,5889.35,-1502.55,-8.0018
GV-14981,239.51,5870.5,-1497.49,-8.1536
GV-14982,259.92,5863.85,-1446.0,-8.0984
GV-14983,317.29,5884.13,-1452.14,-8.4969
GV-14984,368.5,5892.9,-1403.6,-8.3011
GV-14985,424.29,5881.75,-1398.57,-8.6809
GV-14986,472.64,5880.35,-1353.98,-8.5601
GV-14987,515.44,5857.28,-1304.92,-8.6669
GV-14988,566.05,5862.84,-1295.93,-8.4243
GV-14989,633.68,5876.01,-1253.3,-8.7252
GV-14990,663.79,5864.99,-1198.41,-8.6504
GV-14991,707.25,5857.74,-1201.55,-8.7699
GV-14992,793.75,5884.71,-1153.56,-8.8759
GV-14993,836.95,5864.0,-1100.5,-8.8008
GV-14994,887.66,5869.01,-1054.37,-9.0294
GV-14995,934.59,5870.41,-1046.39,-9.1673
GV-14996,976.5,5868.96,-996.28,-9.1822
GV-14997,1033.84,5888.6,-948.42,-9.3218
GV-14998,1078.36,5878.81,-948.12,-9.2942
GV-14999,1111.83,5872.76,-903.46,-9.313
GV-15000,1155.34,5885.26,-904.36,-9.565
GV-15001,1210.21,5875.53,-851.77,-9.3737
GV-15002,1284.31,5867.93,-848.04,-9.3956
GV-15003,1341.97,5870.83,-795.18,-9.6712
GV-15004,1363.57,5871.68,-799.61,-9.4878
GV-15005,1416.09,5860.06,-799.4,-9.9027
GV-15006,1472.16,5871.33,-749.47,-9.8453
GV-15007,1514.83,5887.03,-753.78,-9.8368
GV-15008,1568.51,5876.33,-748.24,-9.8186
GV-15009,1634.27,5888.4,-701.08,-9.9446
GV-15010,1684.58,5868.73,-697.27,-10.0156
GV-15011,1734.91,5876.04,-704.58,-9.9834
GV-15012,1761.76,5891.88,-646.66,-10.1417
GV-15013,1843.94,5864.83,-645.62,-10.1778
GV-15014,1859.5,5867.14,-652.14,-10.2586
GV-15015,1920.9,5880.54,-651.07,-10.0477
GV-15016,1959.66,5867.58,-645.2,-10.1987
GV-15017,2019.65,5876.57,-596.32,-10.1017
GV-15018,2069.63,5867.88,-596.61,-10.3176
GV-15019,2134.19,5886.19,-598.33,-10.1738
GV-15020,2171.43,5879.91,-600.06,-10.0201
GV-15021,2237.17,5855.05,-595.12,-10.2897
GV-15022,2281.93,5876.27,-604.81,-10.0099
GV-15023,2311.49,5888.41,-596.38,-10.3037
GV-15024,2363.6,5863.84,-595.08,-10.2802
GV-15025,2434.73,5882.47,-596.29,-10.1251
GV-15026,2480.3,5876.85,-595.19,-9.9949
GV-15027,2524.25,5891.83,-602.01,-9.999
GV-15028,2557.44,5869.68,-603.82,-10.1253
GV-15029,2615.19,5876.22,-597.63,-9.9708
GV-15030,2683.3,5882.46,-595.3,-10.0984
GV-15031,2722.46,5874.62,-596.52,-10.0797
GV-15032,2791.81,5894.45,-595.43,-9.7875
GV-15033,2824.18,5882.27,-604.23,-9.9928
GV-15034,2862.84,5857.93,-601.99,-9.6363
GV-15035,2920.25,5858.09,-599.91,-9.8291
GV-15036,2979.76,5880.86,-604.25,-9.771
GV-15037,3012.89,5893.1,-604.52,-9.8454
GV-15038,3056.88,5869.45,-600.06,-9.4826
GV-15039,3110.01,5894.08,-597.75,-9.4834
GV-15040,3173.21,5888.78,-552.64,-9.4082
GV-15041,3219.83,5871.99,-550.99,-9.5662
GV-15042,3272.18,5862.35,-545.3,-9.3081
GV-15043,3336.18,5858.21,-554.04,-9.3283
GV-15044,3378.33,5886.74,-553.34,-9.2248
GV-15045,3413.1,5855.38,-554.77,-9.1281
GV-15046,3477.15,5857.66,-550.88,-9.1463
GV-15047,3544.32,5894.13,-550.15,-9.0549
GV-15048,3555.25,5882.52,-546.67,-8.8685
GV-15049,3643.61,5858.14,-548.73,-8.9536
GV-15050,3661.02,5863.37,-551.14,-8.6096
GV-15051,3713.22,5892.06,-552.85,-8.7969
GV-15052,3781.13,5888.53,-597.46,-8.4345
GV-15053,3805.13,5888.22,-597.72,-8.4046
GV-15054,3894.63,5868.33,-604.84,-8.2211
GV-15055,3916.83,5868.34,-597.1,-8.1797
GV-15056,3962.08,5870.19,-647.89,-8.0007
GV-15057,4024.88,5860.87,-653.98,-7.9387
GV-15058,4070.29,5892.77,-647.08,-7.787
GV-15059,4138.16,5870.68,-703.3,-7.6121
GV-15060,4186.59,5862.79,-702.54,-7.2851
GV-15061,4218.8,5883.34,-747.3,-7.2192
GV-15062,4293.35,5863.48,-751.03,-7.0952
GV-15063,4308.74,5867.47,-801.24,-6.8032
GV-15064,4372.62,5885.12,-800.27,-6.744
GV-15065,4408.58,5890.03,-795.05,-6.7281
GV-15066,4492.94,5879.04,-847.35,-6.4507
GV-15067,4518.31,5874.07,-850.28,-6.4517
GV-15068,4578.35,5868.6,-896.02,-6.1177
GV-15069,4613.36,5878.59,-897.98,-6.1948
GV-15070,4671.29,5873.95,-950.53,-5.8507
GV-15071,4716.73,5866.08,-954.79,-5.879
GV-15072,4783.18,5891.48,-1004.88,-5.7403
GV-15073,4822.57,5876.33,-1000.5,-5.544
GV-15074,4878.6,5889.78,-1053.72,-5.2756
GV-15075,4919.63,5885.21,-1048.64,-5.1988
GV-15076,4958.29,5856.57,-1099.05,-5.1243
GV-15077,5034.55,5857.64,-1102.79,-5.0059
GV-15078,5092.01,5881.9,-1148.96,-4.7707
GV-15079,5124.2,5875.36,-1150.65,-4.7102
GV-15080,5175.1,5891.97,-1202.29,-4.7012
GV-15081,5243.84,5893.23,-1195.65,-4.5511
GV-15082,5278.16,5876.19,-1249.22,-4.3841
GV-15083,5310.4,5884.29,-1251.76,-4.2879
GV-15084,5381.16,5864.16,-1303.61,-3.9146
GV-15085,5405.87,5891.82,-1301.93,-3.8685
GV-15086,5462.52,5876.32,-1303.64,-3.8401
GV-15087,5517.43,5872.21,-1346.73,-3.7305
GV-15088,5574.29,5871.81,-1350.43,-3.7556
GV-15089,5640.65,5868.38,-1347.78,-3.4689
GV-15090,5675.7,5873.07,-1354.64,-3.3109
GV-15091,5734.18,5864.83,-1400.37,-3.4148
GV-15092,5788.26,5872.61,-1397.95,-3.3867
GV-15093,5806.3,5891.56,-1400.65,-2.9665
GV-15094,5885.36,5863.82,-1401.23,-3.0077
GV-15095,5913.18,5858.2,-1449.06,-2.8292
GV-15096,5989.62,5870.1,-1447.77,-2.6413
GV-15097,6023.78,5860.36,-1448.6,-2.5877
GV-15098,6094.51,5865.05,-1453.61,-2.4933
GV-15099,6120.05,5856.01,-1454.17,-2.3178
GV-15100,6160.54,5882.44,-1500.92,-2.2478
GV-15101,6217.4,5862.77,-1500.7,-2.275
GV-15102,6287.71,5865.76,-1503.4,-2.108
GV-15103,6320.86,5874.92,-1503.47,-1.9521
GV-15104,6386.32,5876.54,-1495.1,-1.8806
GV-15105,5.16,5906.07,-1550.13,-7.8963
GV-15106,67.81,5927.83,-1547.68,-7.9969
GV-15107,128.71,5943.75,-1548.31,-8.0843
GV-15108,168.71,5907.63,-1500.53,-7.9517
GV-15109,222.82,5922.23,-1499.13,-7.9751
GV-15110,289.79,5919.65,-1499.06,-8.1198
GV-15111,343.12,5929.7,-1452.68,-8.1386
GV-15112,389.63,5925.2,-1448.08,-8.149
GV-15113,415.31,5927.81,-1396.88,-8.3288
GV-15114,459.81,5923.59,-1346.89,-8.2198
GV-15115,508.56,5939.84,-1348.52,-8.559
GV-15116,568.06,5915.27,-1298.07,-8.4647
GV-15117,637.35,5922.76,-1254.93,-8.5558
GV-15118,694.98,5934.07,-1246.48,-8.485
GV-15119,734.31,5932.32,-1203.0,-8.6365
GV-15120,783.62,5917.9,-1147.62,-8.9045
GV-15121,837.75,5921.72,-1153.49,-8.8102
GV-15122,859.02,5919.89,-1100.44,-8.8342
GV-15123,919.82,5905.28,-1051.35,-8.826
GV-15124,958.44,5923.63,-997.1,-8.9526
GV-15125,1035.24,5938.11,-995.1,-9.1811
GV-15126,1061.04,5932.99,-945.35,-9.2268
GV-15127,1126.33,5933.52,-950.03,-9.4048
GV-15128,1193.08,5918.01,-904.08,-9.5102
GV-15129,1244.14,5929.61,-896.86,-9.2334
GV-15130,1266.64,5914.93,-852.56,-9.278
GV-15131,1323.89,5925.2,-847.26,-9.3251
GV-15132,1384.07,5916.47,-800.49,-9.5185
GV-15133,1406.74,5920.2,-800.15,-9.6042
GV-15134,1461.34,5905.77,-803.47,-9.5974
GV-15135,1538.16,5927.26,-745.38,-9.6625
GV-15136,1565.31,5944.13,-747.72,-9.7267
GV-15137,1606.61,5933.15,-754.87,-9.6596
GV-15138,1687.58,5923.93,-704.65,-9.7754
GV-15139,1729.36,5916.16,-696.97,-9.8671
GV-15140,1790.68,5921.56,-696.91,-9.9244
GV-15141,1819.93,5937.35,-651.89,-9.8763
GV-15142,1894.5,5913.62,-646.84,-9.8544
GV-15143,1906.4,5925.31,-652.18,-10.0733
GV-15144,1975.43,5920.69,-654.57,-9.9969
GV-15145,2036.46,5944.91,-649.31,-10.002
GV-15146,2055.74,5943.37,-601.38,-9.8315
GV-15147,2119.92,5905.56,-597.62,-10.0631
GV-15148,2166.83,5921.16,-598.55,-10.0881
GV-15149,2212.7,5914.0,-600.65,-9.9682
GV-15150,2269.66,5942.6,-599.59,-10.0998
GV-15151,2341.65,5934.21,-603.04,-10.0536
GV-15152,2358.15,5923.65,-604.49,-9.9901
GV-15153,2428.68,5921.98,-595.47,-9.9423
GV-15154,2494.83,5941.98,-604.03,-9.9638
GV-15155,2522.95,5916.03,-595.48,-9.9071
GV-15156,2569.85,5935.44,-600.29,-9.9125
GV-15157,2628.69,5942.49,-600.08,-9.7761
GV-15158,2690.48,5918.12,-597.73,-9.8261
GV-15159,2706.14,5923.53,-604.26,-9.7336
GV-15160,2772.11,5926.41,-604.1,-9.7662
GV-15161,2806.85,5915.82,-600.87,-9.7304
GV-15162,2873.54,5938.68,-599.02,-9.7107
GV-15163,2918.01,5916.19,-599.02,-9.5924
GV-15164,2966.93,5914.42,-603.38,-9.5715
GV-15165,3037.13,5928.73,-599.84,-9.5096
GV-15166,3055.52,5921.95,-599.62,-9.5536
GV-15167,3135.02,5918.01,-554.9,-9.41
GV-15168,3176.77,5925.06,-552.48,-9.4811
GV-15169,3214.73,5925.56,-551.05,-9.1585
GV-15170,3287.23,5915.56,-547.91,-9.2781
GV-15171,3332.39,5922.88,-554.49,-9.2837
GV-15172,3384.21,5913.49,-553.41,-9.1107
GV-15173,3416.73,5907.89,-551.03,-9.126
GV-15174,3487.32,5922.38,-549.62,-9.1115
GV-15175,3520.55,5936.02,-550.3,-8.9358
GV-15176,3594.3,5914.25,-548.17,-8.8636
GV-15177,3623.97,5911.02,-545.44,-8.7667
GV-15178,3681.66,5932.44,-545.47,-8.6232
GV-15179,3740.41,5928.56,-549.51,-8.5101
GV-15180,3768.93,5930.88,-547.06,-8.5267
GV-15181,3826.46,5913.26,-601.89,-8.4265
GV-15182,3864.27,5938.26,-596.25,-8.1868
GV-15183,3922.47,5934.49,-600.38,-8.0558
GV-15184,3967.76,5914.59,-602.81,-7.8396
GV-15185,4025.81,5923.42,-649.52,-7.8017
GV-15186,4082.53,5923.15,-649.32,-7.6401
GV-15187,4142.81,5922.13,-648.45,-7.4163
GV-15188,4173.08,5922.15,-704.4,-7.4154
GV-15189,4208.3,5943.98,-697.87,-7.2654
GV-15190,4258.96,5912.89,-746.55,-6.9342
GV-15191,4342.11,5919.28,-746.0,-6.9637
GV-15192,4365.72,5942.65,-796.28,-6.5603
GV-15193,4439.62,5935.98,-802.46,-6.6119
GV-15194,4463.35,5911.66,-803.12,-6.3788
GV-15195,4537.92,5905.21,-853.66,-6.29
GV-15196,4587.79,5911.78,-848.53,-6.3379
GV-15197,4615.59,5927.24,-901.45,-5.9225
GV-15198,4689.32,5921.35,-895.87,-5.9795
GV-15199,4713.21,5905.36,-954.13,-5.7494
GV-15200,4768.67,5919.24,-1001.53,-5.6817
GV-15201,4835.48,5907.17,-1001.89,-5.5366
GV-15202,4881.5,5940.06,-1052.37,-5.4145
GV-15203,4920.19,5941.62,-1052.09,-5.206
GV-15204,4990.14,5937.05,-1100.41,-5.0021
GV-15205,5014.28,5933.04,-1097.07,-4.7389
GV-15206,5062.73,5934.1,-1153.42,-5.082
GV-15207,5144.51,5918.51,-1145.3,-4.5834
GV-15208,5192.25,5927.18,-1200.57,-4.3709
GV-15209,5205.06,5926.7,-1203.37,-4.4447
GV-15210,5264.15,5930.04,-1200.32,-4.3018
GV-15211,5336.31,5912.39,-1252.93,-4.322
GV-15212,5394.76,5908.99,-1253.4,-4.1882
GV-15213,5412.95,5935.79,-1299.66,-4.089
GV-15214,5460.5,5938.7,-1301.9,-3.7792
GV-15215,5507.0,5906.61,-1296.45,-3.8221
GV-15216,5594.98,5924.82,-1353.15,-3.7382
GV-15217,5643.44,5914.13,-1347.04,-3.4779
GV-15218,5666.79,5929.85,-1345.51,-3.4029
GV-15219,5736.53,5941.3,-1402.29,-3.2943
GV-15220,5764.34,5917.97,-1398.11,-3.1576
GV-15221,5828.51,5940.89,-1397.48,-3.0265
GV-15222,5859.88,5920.6,-1396.4,-2.7799
GV-15223,5930.15,5944.05,-1397.9,-2.7834
GV-15224,5984.4,5923.46,-1450.22,-2.4982
GV-15225,6030.5,5944.05,-1454.75,-2.5583
GV-15226,6055.32,5924.83,-1452.99,-2.2959
GV-15227,6140.25,5933.88,-1445.2,-2.3135
GV-15228,6171.86,5935.6,-1448.71,-2.2545
GV-15229,6220.25,5910.71,-1503.85,-2.2069
GV-15230,6267.22,5925.49,-1502.45,-2.0387
GV-15231,6323.03,5905.47,-1503.56,-1.8935
GV-15232,6386.85,5932.47,-1497.47,-1.7041
GV-15233,31.18,5957.18,-1597.66,-7.8851
GV-15234,64.51,5965.09,-1549.75,-7.9615
GV-15235,134.34,5972.14,-1550.5,-8.0615
GV-15236,169.78,5955.14,-1550.75,-8.008
GV-15237,232.35,5966.42,-1498.59,-8.0063
GV-15238,278.65,5958.29,-1502.28,-8.0405
GV-15239,319.9,5958.45,-1453.25,-8.209
GV-15240,394.47,5968.01,-1451.29,-8.1263
GV-15241,443.62,5985.58,-1404.77,-8.2511
GV-15242,456.47,5968.95,-1395.97,-8.243
GV-15243,506.47,5994.22,-1348.14,-8.4559
GV-15244,591.35,5974.08,-1354.19,-8.3491
GV-15245,615.66,5969.91,-1301.74,-8.3431
GV-15246,686.09,5959.12,-1249.15,-8.5355
GV-15247,731.46,5985.72,-1198.58,-8.6332
GV-15248,761.07,5976.69,-1203.66,-8.574
GV-15249,817.32,5967.34,-1149.09,-8.71
GV-15250,878.84,5976.53,-1098.25,-8.8784
GV-15251,939.9,5991.94,-1099.82,-8.703
GV-15252,981.47,5990.27,-1045.79,-8.7419
GV-15253,1005.54,5977.34,-1002.71,-9.0235
GV-15254,1056.28,5991.88,-1000.25,-8.9772
GV-15255,1124.21,5976.04,-953.09,-8.9884
GV-15256,1166.91,5989.74,-900.47,-9.1938
GV-15257,1222.82,5977.94,-897.04,-9.2502
GV-15258,1276.08,5961.44,-901.75,-9.3279
GV-15259,1329.15,5976.78,-850.23,-9.3483
GV-15260,1373.88,5973.2,-848.61,-9.3413
GV-15261,1409.93,5974.89,-796.54,-9.2621
GV-15262,1474.79,5991.07,-796.07,-9.3646
GV-15263,1544.47,5994.03,-798.41,-9.3829
GV-15264,1555.08,5958.52,-747.81,-9.6161
GV-15265,1632.36,5973.88,-753.31,-9.5805
GV-15266,1681.08,5965.8,-748.41,-9.6637
GV-15267,1727.3,5968.71,-703.6,-9.6332
GV-15268,1787.1,5979.83,-703.2,-9.7914
GV-15269,1819.05,5985.56,-695.71,-9.7471
GV-15270,1861.68,5959.39,-649.86,-9.7262
GV-15271,1915.22,5961.21,-646.18,-9.9467
GV-15272,1963.03,5969.5,-653.92,-9.964
GV-15273,2032.96,5984.02,-651.32,-9.9041
GV-15274,2060.94,5965.78,-651.66,-9.907
GV-15275,2135.8,5978.3,-648.65,-9.8776
GV-15276,2158.16,5965.94,-646.36,-9.9916
GV-15277,2232.0,5964.27,-595.52,-9.9172
GV-15278,2280.4,5972.22,-599.97,-9.7979
GV-15279,2332.34,5979.96,-597.17,-9.8749
GV-15280,2370.54,5956.11,-649.38,-9.9538
GV-15281,2434.02,5973.2,-649.48,-9.721
GV-15282,2481.01,5981.93,-645.35,-9.749
GV-15283,2529.37,5958.59,-646.42,-9.7227
GV-15284,2563.78,5960.23,-647.05,-9.7689
GV-15285,2632.1,5966.23,-596.54,-9.7473
GV-15286,2679.39,5994.96,-600.24,-9.6504
GV-15287,2732.57,5980.17,-595.3,-9.6827
GV-15288,2777.34,5962.89,-595.68,-9.6064
GV-15289,2814.33,5968.67,-597.75,-9.5922
GV-15290,2861.56,5992.72,-600.71,-9.483
GV-15291,2927.09,5988.54,-595.28,-9.4628
GV-15292,2959.04,5987.08,-597.39,-9.7129
GV-15293,3030.36,5975.92,-604.13,-9.4269
GV-15294,3090.8,5976.05,-595.0,-9.4742
GV-15295,3121.78,5961.6,-554.64,-9.4061
GV-15296,3175.69,5990.34,-554.69,-9.3173
GV-15297,3207.41,5988.83,-550.62,-9.2202
GV-15298,3281.03,5986.41,-547.21,-9.1489
GV-15299,3344.02,5957.97,-545.54,-9.1896
GV-15300,3355.15,5966.1,-553.4,-9.1565
GV-15301,3408.13,5964.57,-551.93,-8.9265
GV-15302,3459.01,5985.58,-554.58,-8.8115
GV-15303,3510.86,5967.51,-549.04,-8.9229
GV-15304,3560.21,5990.86,-547.63,-8.93
GV-15305,3625.31,5976.38,-546.57,-8.9948
GV-15306,3675.4,5973.61,-553.61,-8.6372
GV-15307,3709.75,5965.28,-554.94,-8.6017
GV-15308,3790.12,5957.97,-546.45,-8.27
GV-15309,3842.17,5980.44,-596.44,-8.3491
GV-15310,3859.21,5994.46,-600.0,-8.2669
GV-15311,3940.07,5989.17,-603.67,-7.9739
GV-15312,3965.05,5977.14,-597.46,-7.7031
GV-15313,4018.92,5976.22,-601.51,-7.6748
GV-15314,4056.41,5991.41,-650.05,-7.6961
GV-15315,4120.01,5960.68,-648.32,-7.3988
GV-15316,4173.79,5956.12,-652.63,-7.2673
GV-15317,4205.4,5987.86,-697.48,-7.2525
GV-15318,4279.84,5986.94,-703.4,-6.9942
GV-15319,4306.98,5972.85,-747.71,-6.8935
GV-15320,4385.46,5983.58,-754.23,-6.605
GV-15321,4444.51,5973.76,-803.02,-6.3982
GV-15322,4475.51,5966.16,-804.24,-6.4631
GV-15323,4536.69,5993.66,-849.4,-6.3806
GV-15324,4575.52,5963.63,-849.32,-6.1514
GV-15325,4616.75,5978.05,-853.07,-5.9621
GV-15326,4687.59,5962.68,-897.4,-5.6866
GV-15327,4718.2,5987.23,-952.91,-5.5984
GV-15328,4761.63,5994.11,-951.27,-5.4342
GV-15329,4809.33,5959.23,-1004.93,-5.412
GV-15330,4858.43,5958.59,-1003.5,-5.2476
GV-15331,4938.42,5965.99,-1045.83,-5.1826
GV-15332,4970.19,5967.84,-1047.96,-5.0135
GV-15333,5014.21,5985.58,-1099.91,-4.9542
GV-15334,5091.87,5971.21,-1102.22,-4.6461
GV-15335,5113.27,5984.05,-1146.31,-4.6093
GV-15336,5179.06,5985.68,-1147.49,-4.5509
GV-15337,5206.56,5956.3,-1203.45,-4.2851
GV-15338,5280.02,5981.17,-1199.55,-4.1975
GV-15339,5332.97,5976.13,-1245.41,-4.231
GV-15340,5380.38,5992.87,-1253.85,-4.068
GV-15341,5443.12,5976.92,-1297.7,-3.8969
GV-15342,5474.44,5984.37,-1300.31,-3.7701
GV-15343,5522.13,5971.44,-1304.33,-3.6702
GV-15344,5594.25,5982.81,-1348.83,-3.511
GV-15345,5643.88,5992.38,-1353.8,-3.3774
GV-15346,5672.34,5956.57,-1346.25,-3.3461
GV-15347,5732.18,5960.55,-1351.96,-3.3337
GV-15348,5783.19,5973.42,-1398.49,-3.1323
GV-15349,5838.36,5977.57,-1396.04,-2.9357
GV-15350,5869.89,5986.85,-1398.65,-2.9809
GV-15351,5914.71,5972.6,-1400.15,-2.8589
GV-15352,5987.6,5990.31,-1449.1,-2.7062
GV-15353,6016.54,5982.15,-1449.42,-2.6632
GV-15354,6074.62,5975.47,-1449.1,-2.5976
GV-15355,6142.52,5957.99,-1449.93,-2.2785
GV-15356,6159.33,5977.56,-1451.78,-2.2566
GV-15357,6223.67,5960.16,-1497.93,-2.1578
GV-15358,6281.61,5988.77,-1499.25,-2.0088
GV-15359,6311.14,5967.22,-1499.5,-1.9289
GV-15360,6388.16,5981.91,-1501.99,-1.8298
GV-15361,25.57,6032.52,-1604.49,-7.8334
GV-15362,73.65,6035.2,-1604.34,-7.9791
GV-15363,134.71,6030.42,-1550.74,-7.9129
GV-15364,174.13,6020.65,-1546.07,-8.0088
GV-15365,209.06,6043.27,-1550.93,-8.0004
GV-15366,257.49,6021.74,-1498.3,-7.9933
GV-15367,326.52,6044.02,-1501.36,-8.0117
GV-15368,394.74,6027.19,-1452.83,-8.1367
GV-15369,429.84,6012.29,-1445.67,-8.2393
GV-15370,463.83,6016.84,-1403.46,-8.1687
GV-15371,521.28,6033.32,-1398.89,-8.181
GV-15372,589.02,6013.0,-1352.22,-8.4078
GV-15373,641.15,6023.35,-1304.14,-8.3682
GV-15374,683.97,6028.71,-1304.94,-8.4349
GV-15375,735.76,6024.92,-1249.06,-8.4828
GV-15376,769.24,6038.04,-1197.07,-8.5518
GV-15377,822.83,6005.65,-1147.62,-8.4527
GV-15378,887.44,6015.97,-1151.75,-8.7762
GV-15379,936.44,6023.15,-1095.48,-8.7808
GV-15380,990.92,6019.61,-1051.0,-8.8438
GV-15381,1005.95,6027.76,-1046.91,-8.8733
GV-15382,1068.55,6034.58,-1002.09,-8.8501
GV-15383,1125.88,6027.71,-946.0,-8.9983
GV-15384,1186.06,6040.96,-952.9,-9.0255
GV-15385,1233.06,6028.23,-900.94,-9.0763
GV-15386,1272.11,6033.87,-896.56,-9.1248
GV-15387,1315.11,6017.26,-903.37,-9.0293
GV-15388,1376.91,6006.28,-847.27,-9.2489
GV-15389,1426.54,6015.35,-850.51,-9.3618
GV-15390,1458.72,6043.98,-801.58,-9.1746
GV-15391,1506.66,6036.4,-803.19,-9.366
GV-15392,1567.81,6012.85,-798.52,-9.4616
GV-15393,1610.94,6009.86,-754.63,-9.47
GV-15394,1684.14,6037.34,-751.72,-9.4462
GV-15395,1717.22,6015.92,-745.48,-9.7102
GV-15396,1769.85,6033.3,-696.87,-9.7073
GV-15397,1843.28,6033.24,-701.36,-9.6955
GV-15398,1894.9,6020.22,-700.45,-9.6796
GV-15399,1927.08,6025.7,-650.2,-9.7876
GV-15400,1991.9,6019.38,-647.71,-9.7772
GV-15401,2014.75,6042.03,-646.19,-9.8276
GV-15402,2064.29,6034.09,-645.4,-9.6916
GV-15403,2113.7,6031.59,-654.11,-9.8464
GV-15404,2180.95,6011.0,-652.64,-9.8373
GV-15405,2211.45,6035.83,-653.09,-9.6958
GV-15406,2289.68,6015.04,-651.4,-9.6849
GV-15407,2335.0,6044.28,-654.83,-9.693
GV-15408,2370.01,6024.54,-650.06,-9.5428
GV-15409,2413.28,6015.89,-652.05,-9.7204
GV-15410,2469.52,6033.09,-654.72,-9.4971
GV-15411,2535.22,6022.34,-647.55,-9.6476
GV-15412,2560.34,6023.22,-650.86,-9.4782
GV-15413,2614.04,6022.42,-652.94,-9.484
GV-15414,2662.98,6026.58,-601.89,-9.5418
GV-15415,2725.8,6044.51,-598.44,-9.5439
GV-15416,2776.81,6019.22,-604.12,-9.5038
GV-15417,2838.54,6043.03,-601.25,-9.409
GV-15418,2887.22,6023.93,-604.69,-9.3299
GV-15419,2911.13,6026.48,-603.86,-9.1608
GV-15420,2961.36,6031.64,-605.0,-9.3803
GV-15421,3043.01,6042.06,-602.19,-9.2796
GV-15422,3063.43,6008.88,-603.85,-9.1112
GV-15423,3132.29,6015.23,-546.55,-9.2715
GV-15424,3163.11,6021.99,-546.8,-9.1278
GV-15425,3239.91,6032.82,-545.26,-9.0997
GV-15426,3270.11,6024.09,-546.6,-9.028
GV-15427,3341.1,6019.87,-549.9,-9.1674
GV-15428,3372.53,6036.7,-547.55,-9.0367
GV-15429,3427.84,6042.67,-554.44,-9.0157
GV-15430,3456.64,6039.77,-549.75,-8.7517
GV-15431,3506.69,6023.99,-554.07,-8.7174
GV-15432,3586.58,6029.4,-550.56,-8.611
GV-15433,3614.97,6006.11,-549.87,-8.5441
GV-15434,3683.79,6012.56,-553.86,-8.3065
GV-15435,3709.77,6008.75,-547.1,-8.3773
GV-15436,3778.33,6033.0,-553.5,-8.3068
GV-15437,3838.8,6035.97,-552.46,-8.28
GV-15438,3862.82,6017.97,-597.51,-7.8249
GV-15439,3919.41,6020.23,-598.8,-8.1175
GV-15440,3963.88,6035.21,-595.05,-7.7146
GV-15441,4041.41,6037.52,-601.91,-7.6039
GV-15442,4081.58,6031.46,-597.05,-7.5714
GV-15443,4109.06,6011.19,-649.41,-7.2549
GV-15444,4157.63,6011.3,-652.98,-7.3014
GV-15445,4207.34,6041.45,-648.85,-7.1903
GV-15446,4271.53,6011.54,-696.88,-6.933
GV-15447,4318.57,6043.93,-699.73,-6.7028
GV-15448,4382.66,6019.95,-750.33,-6.7146
GV-15449,4429.54,6031.04,-754.04,-6.32
GV-15450,4462.22,6009.95,-800.02,-6.4564
GV-15451,4539.63,6028.1,-800.24,-6.2066
GV-15452,4580.91,6033.29,-853.38,-6.036
GV-15453,4621.31,6040.09,-850.21,-5.8499
GV-15454,4685.63,6040.31,-900.59,-5.8282
GV-15455,4740.3,6037.53,-904.91,-5.6032
GV-15456,4778.12,6035.62,-949.26,-5.4638
GV-15457,4818.04,6009.58,-948.66,-5.4216
GV-15458,4867.51,6022.95,-1004.74,-5.1407
GV-15459,4918.6,6043.46,-1001.68,-5.1324
GV-15460,4990.43,6044.82,-1051.53,-4.8318
GV-15461,5012.73,6012.18,-1054.01,-4.8884
GV-15462,5087.15,6037.88,-1098.95,-4.6188
GV-15463,5106.85,6040.0,-1102.17,-4.6232
GV-15464,5190.47,6017.21,-1147.81,-4.4884
GV-15465,5244.35,6017.59,-1152.41,-4.0817
GV-15466,5287.64,6018.57,-1203.07,-4.1413
GV-15467,5312.92,6036.59,-1198.22,-4.0633
GV-15468,5360.75,6018.91,-1250.4,-4.0325
GV-15469,5414.42,6025.78,-1250.61,-3.9389
GV-15470,5464.99,6036.35,-1297.28,-3.8068
GV-15471,5516.77,6036.87,-1304.1,-3.7356
GV-15472,5559.13,6039.98,-1295.51,-3.453
GV-15473,5606.17,6012.37,-1349.84,-3.3945
GV-15474,5678.12,6033.07,-1350.31,-3.3799
GV-15475,5731.61,6018.38,-1345.96,-3.1442
GV-15476,5761.46,6023.54,-1401.75,-3.074
GV-15477,5821.67,6032.06,-1397.96,-2.936
GV-15478,5871.75,6017.16,-1402.09,-2.9142
GV-15479,5927.18,6013.29,-1396.83,-2.8502
GV-15480,5966.99,6022.22,-1401.55,-2.5643
GV-15481,6012.25,6013.84,-1453.4,-2.5634
GV-15482,6055.5,6035.43,-1448.99,-2.4083
GV-15483,6108.91,6016.48,-1451.64,-2.4058
GV-15484,6185.52,6036.24,-1452.74,-2.3111
GV-15485,6217.6,6029.22,-1448.2,-2.0583
GV-15486,6286.94,6027.55,-1503.06,-2.1557
GV-15487,6335.06,6014.21,-1496.49,-1.9371
GV-15488,6376.05,6005.63,-1504.27,-1.8153
GV-15489,30.66,6066.75,-1595.54,-7.6486
GV-15490,56.81,6086.82,-1597.19,-7.7014
GV-15491,109.16,6094.5,-1598.66,-7.7787
GV-15492,166.83,6075.26,-1554.51,-7.9973
GV-15493,232.54,6055.44,-1545.32,-7.9351
GV-15494,294.49,6090.49,-1551.0,-8.0183
GV-15495,305.65,6062.08,-1501.59,-7.9768
GV-15496,385.08,6062.38,-1499.19,-7.8906
GV-15497,437.27,6094.25,-1448.45,-8.0937
GV-15498,456.72,6062.41,-1446.14,-8.1715
GV-15499,526.11,6071.5,-1402.75,-8.173
GV-15500,588.62,6085.34,-1350.92,-8.4926
GV-15501,612.22,6076.01,-1351.26,-8.2328
GV-15502,685.7,6084.01,-1301.32,-8.2637
GV-15503,708.78,6093.98,-1249.2,-8.3876
GV-15504,771.44,6059.71,-1199.19,-8.4913
GV-15505,830.4,6066.76,-1202.37,-8.5164
GV-15506,891.05,6086.76,-1151.5,-8.5869
GV-15507,943.38,6093.47,-1096.0,-8.666
GV-15508,980.86,6094.55,-1102.55,-8.7017
GV-15509,1024.68,6077.8,-1048.44,-8.7632
GV-15510,1071.28,6076.74,-1002.06,-8.6548
GV-15511,1114.18,6080.91,-1003.77,-8.7766
GV-15512,1156.73,6076.51,-949.08,-8.8671
GV-15513,1208.02,6089.71,-953.7,-8.8812
GV-15514,1270.26,6062.08,-895.51,-9.2168
GV-15515,1318.92,6071.45,-903.33,-9.0799
GV-15516,1379.83,6075.13,-903.91,-9.0726
GV-15517,1419.57,6090.88,-847.67,-9.0156
GV-15518,1456.68,6092.18,-848.46,-9.1073
GV-15519,1525.86,6086.16,-798.77,-9.2519
GV-15520,1570.0,6058.68,-799.74,-9.3882
GV-15521,1631.68,6066.12,-800.01,-9.327
GV-15522,1656.58,6074.8,-749.98,-9.4651
GV-15523,1730.48,6093.41,-748.64,-9.2865
GV-15524,1773.01,6059.35,-699.88,-9.4401
GV-15525,1808.64,6078.82,-702.02,-9.5967
GV-15526,1863.21,6055.6,-698.07,-9.4124
GV-15527,1923.33,6075.21,-702.4,-9.5816
GV-15528,1978.37,6065.25,-653.41,-9.5112
GV-15529,2016.3,6085.73,-648.7,-9.4491
GV-15530,2092.96,6059.95,-646.26,-9.3302
GV-15531,2106.69,6077.59,-651.94,-9.3555
GV-15532,2191.59,6085.44,-652.83,-9.5524
GV-15533,2228.66,6071.36,-647.01,-9.3252
GV-15534,2291.0,6089.71,-648.47,-9.5838
GV-15535,2343.07,6073.77,-652.18,-9.5119
GV-15536,2390.5,6073.35,-654.58,-9.5112
GV-15537,2427.5,6090.04,-647.34,-9.4163
GV-15538,2462.06,6094.84,-645.56,-9.3979
GV-15539,2543.93,6090.11,-651.03,-9.4213
GV-15540,2565.9,6072.74,-649.91,-9.4907
GV-15541,2637.08,6087.7,-650.01,-9.2815
GV-15542,2685.69,6089.87,-599.03,-9.387
GV-15543,2733.3,6082.92,-600.51,-9.3174
GV-15544,2791.64,6073.78,-597.05,-9.4282
GV-15545,2813.28,6057.47,-602.42,-9.2512
GV-15546,2872.78,6089.82,-596.27,-9.0843
GV-15547,2923.52,6064.4,-597.37,-9.2247
GV-15548,2963.05,6087.64,-598.3,-9.2199
GV-15549,3021.3,6077.71,-603.6,-9.1755
GV-15550,3078.33,6089.14,-598.44,-9.0549
GV-15551,3115.05,6067.56,-552.65,-9.175
GV-15552,3169.9,6092.69,-553.99,-9.0259
GV-15553,3232.05,6061.43,-553.9,-9.0975
GV-15554,3293.2,6080.65,-552.17,-8.8228
GV-15555,3342.86,6056.67,-551.12,-8.9654
GV-15556,3375.07,6063.73,-550.35,-8.649
GV-15557,3430.68,6059.52,-551.1,-8.6985
GV-15558,3486.01,6085.38,-550.42,-8.6044
GV-15559,3512.15,6092.76,-545.89,-8.5797
GV-15560,3580.89,6067.0,-551.42,-8.5721
GV-15561,3612.89,6070.49,-547.67,-8.4146
GV-15562,3672.22,6078.9,-546.38,-8.2237
GV-15563,3741.85,6094.69,-553.97,-8.4203
GV-15564,3756.8,6089.8,-550.47,-8.1851
GV-15565,3831.44,6063.57,-551.76,-8.0172
GV-15566,3864.17,6082.17,-548.8,-7.9469
GV-15567,3911.24,6073.07,-546.88,-7.7237
GV-15568,3955.54,6071.24,-596.53,-7.7349
GV-15569,4013.79,6080.24,-597.26,-7.5482
GV-15570,4056.78,6065.62,-602.4,-7.3302
GV-15571,4133.88,6077.36,-601.68,-7.1596
GV-15572,4173.26,6088.64,-646.22,-7.3105
GV-15573,4230.96,6081.24,-654.45,-7.0447
GV-15574,4293.76,6094.72,-645.95,-6.9209
GV-15575,4307.37,6074.89,-698.72,-6.831
GV-15576,4389.1,6075.67,-697.24,-6.6071
GV-15577,4444.4,6091.2,-754.01,-6.436
GV-15578,4490.64,6073.77,-746.19,-6.1023
GV-15579,4510.94,6067.2,-798.57,-6.0489
GV-15580,4574.77,6055.93,-796.34,-6.1143
GV-15581,4636.13,6070.69,-852.12,-5.8695
GV-15582,4691.71,6059.58,-854.53,-5.7119
GV-15583,4712.98,6091.33,-900.6,-5.631
GV-15584,4787.44,6078.18,-895.49,-5.3873
GV-15585,4832.77,6060.88,-953.21,-5.382
GV-15586,4881.61,6084.32,-951.52,-5.1353
GV-15587,4929.62,6072.5,-1003.97,-5.2078
GV-15588,4987.73,6068.33,-1003.38,-4.9655
GV-15589,5030.28,6086.52,-1045.85,-4.9406
GV-15590,5094.04,6080.49,-1048.76,-4.4938
GV-15591,5123.97,6087.33,-1096.49,-4.5606
GV-15592,5161.59,6090.47,-1150.87,-4.4109
GV-15593,5214.79,6070.29,-1152.99,-4.2094
GV-15594,5280.91,6093.81,-1197.49,-4.2957
GV-15595,5318.69,6082.36,-1201.38,-4.155
GV-15596,5369.22,6075.99,-1250.52,-4.0625
GV-15597,5423.34,6084.01,-1249.39,-3.6665
GV-15598,5480.3,6061.36,-1247.94,-3.5587
GV-15599,5520.63,6058.2,-1303.27,-3.6858
GV-15600,5586.49,6063.69,-1295.86,-3.441
GV-15601,5626.04,6058.25,-1347.45,-3.5081
GV-15602,5672.94,6076.91,-1349.77,-3.1838
GV-15603,5712.81,6091.63,-1345.26,-3.1246
GV-15604,5766.62,6080.92,-1347.06,-2.9028
GV-15605,5843.51,6056.23,-1399.15,-3.0098
GV-15606,5868.31,6087.58,-1401.01,-2.8448
GV-15607,5940.64,6079.52,-1398.31,-2.4819
GV-15608,5982.16,6074.03,-1395.51,-2.7692
GV-15609,6042.45,6085.79,-1396.02,-2.5344
GV-15610,6088.86,6064.87,-1448.3,-2.5039
GV-15611,6130.51,6080.45,-1454.54,-2.332
GV-15612,6156.95,6059.59,-1449.45,-2.1547
GV-15613,6231.21,6084.72,-1452.82,-2.1748
GV-15614,6270.19,6093.5,-1448.73,-1.9354
GV-15615,6344.32,6067.96,-1504.17,-1.9785
GV-15616,6365.91,6077.42,-1495.82,-1.7102
GV-15617,13.35,6144.55,-1597.27,-7.7615
GV-15618,70.03,6106.31,-1595.17,-7.6141
GV-15619,142.83,6117.68,-1601.48,-7.8319
GV-15620,191.4,6131.26,-1603.97,-7.8828
GV-15621,244.94,6134.3,-1551.41,-7.8348
GV-15622,270.29,6110.18,-1548.32,-7.8564
GV-15623,307.0,6115.08,-1498.26,-8.033
GV-15624,380.04,6124.18,-1496.8,-7.9028
GV-15625,437.9,6144.91,-1449.17,-7.9703
GV-15626,466.99,6138.86,-1454.38,-8.1574
GV-15627,526.92,6105.18,-1395.11,-8.0394
GV-15628,560.4,6127.79,-1396.78,-8.1307
GV-15629,637.41,6124.85,-1349.5,-8.1305
GV-15630,676.78,6107.29,-1298.61,-8.2502
GV-15631,724.63,6128.7,-1297.87,-8.2186
GV-15632,764.25,6118.58,-1254.71,-8.3312
GV-15633,823.51,6123.13,-1200.17,-8.3531
GV-15634,893.95,6117.2,-1149.5,-8.3743
GV-15635,928.43,6115.8,-1153.53,-8.4418
GV-15636,979.49,6142.79,-1103.59,-8.465
GV-15637,1032.9,6132.56,-1051.47,-8.6135
GV-15638,1059.44,6127.87,-1047.73,-8.6816
GV-15639,1121.96,6128.44,-1004.75,-8.5462
GV-15640,1178.89,6113.01,-995.93,-8.5597
GV-15641,1217.25,6121.96,-954.58,-8.9437
GV-15642,1265.9,6115.96,-946.24,-8.9271
GV-15643,1317.79,6106.06,-900.78,-8.8562
GV-15644,1383.24,6139.67,-904.1,-9.0314
GV-15645,1443.32,6125.11,-896.48,-9.0179
GV-15646,1475.61,6143.27,-847.54,-9.0398
GV-15647,1525.37,6109.52,-847.37,-9.0939
GV-15648,1567.64,6138.73,-795.21,-8.9993
GV-15649,1627.84,6138.39,-799.06,-9.1811
GV-15650,1674.52,6139.04,-753.42,-9.2093
GV-15651,1736.46,6138.46,-751.69,-9.2532
GV-15652,1776.55,6118.58,-752.46,-9.2827
GV-15653,1823.42,6139.48,-698.09,-9.3216
GV-15654,1885.26,6128.8,-695.52,-9.1172
GV-15655,1936.99,6128.27,-700.88,-9.3714
GV-15656,1982.91,6120.6,-703.86,-9.2687
GV-15657,2043.01,6143.65,-653.99,-9.2928
GV-15658,2062.34,6108.06,-649.45,-9.287
GV-15659,2132.22,6140.67,-645.43,-9.247
GV-15660,2180.0,6137.95,-651.49,-9.4505
GV-15661,2219.95,6108.88,-654.04,-9.3705
GV-15662,2274.6,6130.63,-647.01,-9.4275
GV-15663,2310.93,6110.97,-651.26,-9.3584
GV-15664,2392.59,6140.85,-653.09,-9.2162
GV-15665,2406.34,6136.55,-654.31,-9.1229
GV-15666,2492.46,6125.22,-648.49,-9.2759
GV-15667,2522.53,6132.61,-647.49,-9.366
GV-15668,2585.16,6130.58,-652.57,-9.3074
GV-15669,2632.55,6141.69,-652.2,-9.2091
GV-15670,2660.19,6111.07,-647.5,-9.2248
GV-15671,2708.36,6127.85,-598.02,-9.3008
GV-15672,2793.86,6132.33,-603.49,-9.15
GV-15673,2836.6,6111.43,-596.87,-8.9327
GV-15674,2889.1,6109.08,-596.24,-9.158
GV-15675,2912.73,6124.29,-595.99,-8.9411
GV-15676,2981.41,6135.08,-604.81,-9.1073
GV-15677,3006.01,6133.37,-602.93,-8.9797
GV-15678,3073.48,6130.25,-602.54,-8.8985
GV-15679,3126.93,6114.1,-545.35,-8.7957
GV-15680,3194.37,6136.9,-553.94,-8.8312
GV-15681,3233.23,6125.49,-553.97,-8.7309
GV-15682,3279.99,6105.71,-546.06,-8.8275
GV-15683,3319.85,6136.56,-549.07,-8.6402
GV-15684,3380.96,6113.42,-545.86,-8.6768
GV-15685,3410.26,6139.79,-548.49,-8.6343
GV-15686,3471.39,6139.25,-545.07,-8.4104
GV-15687,3544.07,6128.05,-550.4,-8.3749
GV-15688,3587.6,6133.92,-551.46,-8.3288
GV-15689,3620.85,6117.29,-549.06,-8.2293
GV-15690,3671.34,6122.85,-553.47,-8.2729
GV-15691,3706.06,6121.14,-553.16,-7.8517
GV-15692,3794.66,6131.24,-551.85,-7.9637
GV-15693,3822.91,6140.49,-546.2,-7.7394
GV-15694,3878.21,6108.31,-548.95,-7.784
GV-15695,3939.69,6117.9,-545.51,-7.5413
GV-15696,3960.09,6112.11,-548.27,-7.6503
GV-15697,4022.91,6132.59,-604.5,-7.5356
GV-15698,4065.42,6132.08,-595.25,-7.1811
GV-15699,4117.73,6110.77,-600.87,-7.2842
GV-15700,4174.11,6136.21,-597.73,-7.0817
GV-15701,4208.77,6125.63,-652.64,-6.9598
GV-15702,4290.93,6120.76,-646.97,-6.7697
GV-15703,4325.52,6142.13,-647.48,-6.6034
GV-15704,4357.49,6135.1,-697.72,-6.4687
GV-15705,4431.09,6108.24,-703.49,-6.5541
GV-15706,4467.4,6133.28,-751.65,-6.0544
GV-15707,4540.51,6114.36,-754.83,-6.071
GV-15708,4564.75,6124.65,-799.36,-5.9196
GV-15709,4610.07,6115.78,-799.09,-5.825
GV-15710,4686.2,6117.09,-848.61,-5.614
GV-15711,4735.91,6120.36,-852.17,-5.4163
GV-15712,4757.09,6126.82,-899.31,-5.5717
GV-15713,4838.05,6109.45,-899.85,-5.3213
GV-15714,4866.82,6133.4,-951.72,-5.2512
GV-15715,4922.28,6136.69,-950.89,-5.0121
GV-15716,4958.11,6121.32,-1004.11,-5.0129
GV-15717,5017.39,6143.32,-1053.4,-4.7887
GV-15718,5059.24,6120.5,-1046.74,-4.5898
GV-15719,5123.12,6137.09,-1103.89,-4.3907
GV-15720,5191.8,6130.61,-1104.27,-4.3469
GV-15721,5205.96,6143.98,-1149.27,-4.3657
GV-15722,5264.58,6138.12,-1152.48,-4.1195
GV-15723,5344.99,6140.6,-1200.81,-4.1159
GV-15724,5370.21,6142.23,-1199.85,-3.8214
GV-15725,5405.61,6132.53,-1247.1,-3.5943
GV-15726,5494.82,6144.9,-1247.54,-3.4925
GV-15727,5522.19,6134.83,-1296.25,-3.6696
GV-15728,5567.28,6106.38,-1304.42,-3.441
GV-15729,5618.4,6137.43,-1298.32,-3.3146
GV-15730,5656.76,6134.04,-1346.59,-3.1011
GV-15731,5723.44,6121.97,-1348.37,-2.9805
GV-15732,5790.72,6135.83,-1352.54,-2.9931
GV-15733,5843.01,6120.99,-1345.05,-2.8819
GV-15734,5894.05,6105.81,-1403.79,-2.7491
GV-15735,5932.71,6108.49,-1396.5,-2.7505
GV-15736,5984.71,6111.65,-1402.18,-2.6532
GV-15737,6024.8,6120.08,-1397.87,-2.6224
GV-15738,6083.26,6121.58,-1399.31,-2.4343
GV-15739,6125.39,6136.67,-1451.5,-2.3716
GV-15740,6185.53,6106.35,-1451.25,-2.077
GV-15741,6210.28,6130.62,-1450.39,-1.9897
GV-15742,6279.99,6124.79,-1454.75,-1.838
GV-15743,6331.04,6135.33,-1449.64,-1.8075
GV-15744,6392.7,6133.75,-1503.15,-1.833
GV-15745,11.23,6168.41,-1596.04,-7.8395
GV-15746,67.85,6157.61,-1596.91,-7.8691
GV-15747,113.97,6172.38,-1601.4,-7.8504
GV-15748,184.58,6191.81,-1602.22,-7.8794
GV-15749,223.1,6172.99,-1547.19,-7.6604
GV-15750,291.3,6163.77,-1550.17,-7.9899
GV-15751,314.0,6180.31,-1553.5,-8.0068
GV-15752,375.94,6175.41,-1504.57,-7.8425
GV-15753,444.51,6175.75,-1501.93,-7.9654
GV-15754,472.93,6187.53,-1447.76,-8.0587
GV-15755,524.79,6156.16,-1452.31,-8.0354
GV-15756,565.97,6161.99,-1397.31,-8.0292
GV-15757,618.51,6190.49,-1347.63,-7.9457
GV-15758,676.7,6185.41,-1345.58,-8.4168
GV-15759,736.02,6192.77,-1299.79,-8.1641
GV-15760,766.21,6189.71,-1248.48,-8.2324
GV-15761,817.42,6158.25,-1247.48,-8.3392
GV-15762,869.97,6171.07,-1203.69,-8.4262
GV-15763,923.07,6174.93,-1149.05,-8.313
GV-15764,983.71,6181.4,-1149.51,-8.4531
GV-15765,1022.44,6155.24,-1104.71,-8.418
GV-15766,1060.48,6190.95,-1050.76,-8.4288
GV-15767,1134.57,6155.69,-1053.97,-8.4374
GV-15768,1157.22,6193.79,-1002.83,-8.5709
GV-15769,1240.31,6188.54,-997.57,-8.5326
GV-15770,1269.92,6188.31,-949.95,-8.6303
GV-15771,1311.81,6171.77,-951.73,-8.5873
GV-15772,1383.28,6167.57,-904.69,-8.7233
GV-15773,1419.93,6191.43,-896.05,-8.8789
GV-15774,1494.9,6161.5,-854.9,-8.9858
GV-15775,1541.28,6175.41,-854.49,-8.8891
GV-15776,1571.47,6189.93,-852.45,-8.9684
GV-15777,1628.76,6176.51,-804.12,-8.9841
GV-15778,1660.33,6159.88,-804.18,-8.8794
GV-15779,1712.24,6170.36,-749.95,-8.9968
GV-15780,1787.73,6193.21,-746.71,-9.0387
GV-15781,1816.33,6180.36,-746.11,-9.0517
GV-15782,1865.46,6194.51,-698.84,-9.1241
GV-15783,1910.42,6191.52,-698.62,-9.0972
GV-15784,1975.34,6178.55,-704.63,-9.1384
GV-15785,2013.65,6185.07,-696.49,-9.2484
GV-15786,2074.66,6189.89,-695.67,-9.0825
GV-15787,2107.13,6186.6,-647.71,-9.038
GV-15788,2162.08,6190.96,-649.06,-9.1015
GV-15789,2209.95,6169.08,-646.82,-9.0704
GV-15790,2268.45,6169.7,-648.31,-9.1981
GV-15791,2336.36,6189.62,-645.99,-8.9985
GV-15792,2381.48,6172.91,-654.88,-9.0585
GV-15793,2434.12,6156.33,-650.96,-9.1034
GV-15794,2464.92,6156.39,-651.03,-9.0068
GV-15795,2517.34,6184.16,-654.73,-9.0619
GV-15796,2567.73,6165.58,-650.28,-8.9904
GV-15797,2629.83,6186.1,-647.8,-8.9817
GV-15798,2660.94,6176.39,-654.56,-8.9624
GV-15799,2742.44,6190.78,-604.16,-8.8235
GV-15800,2763.01,6185.21,-602.66,-8.8183
GV-15801,2836.19,6191.79,-604.47,-9.0353
GV-15802,2887.7,6183.63,-598.69,-8.9149
GV-15803,2909.2,6157.9,-603.14,-8.7154
GV-15804,2989.7,6173.52,-603.22,-8.7839
GV-15805,3005.87,6167.71,-596.07,-8.7477
GV-15806,3066.04,6183.1,-598.47,-8.7022
GV-15807,3113.28,6185.38,-545.8,-8.5731
GV-15808,3156.31,6162.85,-550.85,-8.5891
GV-15809,3205.77,6189.02,-553.81,-8.6711
GV-15810,3261.97,6189.4,-551.55,-8.6289
GV-15811,3333.0,6166.91,-549.85,-8.5135
GV-15812,3379.58,6165.89,-547.63,-8.6133
GV-15813,3444.78,6194.34,-547.64,-8.3272
GV-15814,3485.09,6160.42,-553.12,-8.338
GV-15815,3509.18,6157.73,-548.22,-8.2196
GV-15816,3589.92,6194.76,-552.57,-8.1831
GV-15817,3605.32,6189.57,-548.08,-8.14
GV-15818,3679.33,6168.97,-551.75,-8.0184
GV-15819,3740.21,6183.33,-549.3,-7.9173
GV-15820,3765.51,6169.27,-553.75,-7.8837
GV-15821,3836.6,6174.84,-549.68,-7.7374
GV-15822,3873.22,6178.43,-545.76,-7.6097
GV-15823,3926.55,6160.05,-550.56,-7.6138
GV-15824,3973.03,6177.41,-549.88,-7.4473
GV-15825,4041.28,6175.47,-552.56,-7.3437
GV-15826,4064.08,6163.08,-602.2,-7.3665
GV-15827,4144.48,6170.86,-602.57,-7.0216
GV-15828,4194.45,6184.79,-604.68,-6.8925
GV-15829,4208.94,6157.4,-602.51,-6.8687
GV-15830,4256.64,6157.59,-648.33,-6.683
GV-15831,4307.03,6176.55,-652.55,-6.3975
GV-15832,4391.34,6165.13,-653.31,-6.4949
GV-15833,4424.56,6191.62,-704.15,-6.2608
GV-15834,4486.51,6156.69,-699.67,-6.2319
GV-15835,4511.62,6174.03,-747.21,-5.9339
GV-15836,4585.15,6177.75,-747.1,-5.9422
GV-15837,4633.34,6159.5,-800.34,-5.6969
GV-15838,4674.37,6194.01,-802.67,-5.4927
GV-15839,4742.24,6163.46,-853.43,-5.5246
GV-15840,4781.93,6187.72,-850.24,-5.3042
GV-15841,4830.35,6155.55,-899.58,-5.2063
GV-15842,4886.78,6163.28,-902.2,-5.0864
GV-15843,4926.78,6155.53,-952.91,-5.08
GV-15844,4963.92,6176.14,-998.02,-4.6378
GV-15845,5033.28,6178.96,-997.44,-4.5021
GV-15846,5055.43,6170.07,-1053.4,-4.5372
GV-15847,5123.63,6191.77,-1048.23,-4.4891
GV-15848,5178.56,6184.09,-1098.76,-4.2642
GV-15849,5237.12,6185.51,-1096.65,-4.4056
GV-15850,5270.71,6174.4,-1150.62,-4.2888
GV-15851,5320.85,6156.17,-1202.69,-3.9755
GV-15852,5356.61,6170.37,-1198.79,-3.863
GV-15853,5421.68,6186.58,-1250.54,-3.8282
GV-15854,5476.41,6179.85,-1254.92,-3.4186
GV-15855,5537.32,6194.15,-1248.13,-3.5452
GV-15856,5576.66,6156.56,-1301.65,-3.2067
GV-15857,5614.2,6160.78,-1295.14,-3.2862
GV-15858,5688.84,6180.21,-1346.15,-3.0992
GV-15859,5705.92,6187.63,-1354.32,-3.1809
GV-15860,5791.66,6182.63,-1348.76,-2.915
GV-15861,5813.52,6168.91,-1345.93,-2.7974
GV-15862,5881.16,6176.78,-1397.35,-2.9041
GV-15863,5926.15,6186.81,-1398.19,-2.6559
GV-15864,5959.82,6173.78,-1401.18,-2.5896
GV-15865,6020.82,6170.56,-1402.27,-2.4196
GV-15866,6080.4,6194.39,-1401.67,-2.3685
GV-15867,6110.21,6179.36,-1395.48,-2.2476
GV-15868,6190.28,6164.91,-1446.42,-2.208
GV-15869,6205.68,6172.93,-1452.37,-2.0297
GV-15870,6293.87,6167.4,-1454.49,-2.0348
GV-15871,6335.84,6174.46,-1452.33,-1.776
GV-15872,6378.37,6176.26,-1446.29,-1.7087
GV-15873,22.32,6233.32,-1647.51,-7.5643
GV-15874,78.79,6211.97,-1599.7,-7.6332
GV-15875,131.47,6233.86,-1602.68,-7.687
GV-15876,191.67,6209.03,-1598.06,-7.5953
GV-15877,220.64,6213.94,-1596.14,-7.6589
GV-15878,264.59,6214.63,-1552.64,-7.7095
GV-15879,312.03,6211.68,-1553.71,-7.7908
GV-15880,358.76,6232.98,-1504.75,-7.9061
GV-15881,429.33,6220.85,-1497.86,-8.0942
GV-15882,494.0,6222.21,-1454.4,-7.836
GV-15883,528.16,6207.79,-1454.61,-7.9571
GV-15884,569.74,6220.24,-1400.04,-7.9727
GV-15885,623.74,6243.63,-1397.49,-8.0089
GV-15886,657.33,6231.44,-1353.89,-8.1232
GV-15887,714.62,6242.3,-1298.14,-8.0583
GV-15888,768.96,6206.16,-1303.57,-8.1513
GV-15889,843.02,6211.62,-1251.08,-8.1957
GV-15890,887.16,6234.55,-1203.81,-8.3893
GV-15891,919.68,6218.75,-1198.84,-8.374
GV-15892,977.9,6237.68,-1154.14,-8.3074
GV-15893,1025.82,6226.11,-1099.19,-8.4828
GV-15894,1059.83,6214.25,-1101.25,-8.4059
GV-15895,1114.41,6232.74,-1052.63,-8.5055
GV-15896,1155.65,6230.69,-1053.34,-8.5308
GV-15897,1212.06,6228.47,-997.67,-8.5178
GV-15898,1280.75,6233.54,-995.9,-8.6926
GV-15899,1325.66,6224.52,-947.8,-8.6524
GV-15900,1369.49,6224.83,-948.62,-8.667
GV-15901,1440.5,6226.04,-895.07,-8.6501
GV-15902,1474.71,6211.64,-903.8,-8.7177
GV-15903,1542.09,6228.43,-847.93,-8.7107
GV-15904,1568.03,6232.52,-852.12,-8.7603
GV-15905,1616.23,6243.14,-847.37,-8.7987
GV-15906,1666.01,6218.37,-798.51,-8.7147
GV-15907,1742.66,6240.41,-798.6,-8.881
GV-15908,1772.6,6226.87,-746.9,-8.8606
GV-15909,1835.88,6229.66,-754.66,-8.9442
GV-15910,1880.71,6222.73,-750.74,-8.8823
GV-15911,1919.31,6209.63,-700.96,-8.9807
GV-15912,1984.71,6232.99,-702.96,-8.9331
GV-15913,2035.93,6237.07,-699.58,-8.942
GV-15914,2057.95,6235.42,-696.32,-9.0099
GV-15915,2128.22,6233.02,-699.01,-8.8483
GV-15916,2155.8,6217.91,-703.72,-9.0465
GV-15917,2216.9,6226.38,-653.72,-8.9034
GV-15918,2261.53,6226.79,-646.19,-8.9645
GV-15919,2312.86,6214.27,-651.55,-8.9477
GV-15920,2382.15,6207.86,-650.77,-8.9671
GV-15921,2438.06,6226.53,-652.92,-8.8375
GV-15922,2476.3,6218.37,-648.96,-8.904
GV-15923,2533.49,6219.89,-648.89,-9.0
GV-15924,2587.72,6229.17,-645.25,-8.7549
GV-15925,2636.79,6224.63,-648.08,-8.8692
GV-15926,2660.32,6219.01,-647.65,-8.927
GV-15927,2720.53,6220.02,-651.16,-8.6738
GV-15928,2762.78,6212.74,-597.46,-8.7476
GV-15929,2840.46,6232.05,-602.54,-8.559
GV-15930,2882.62,6231.51,-600.8,-8.6572
GV-15931,2922.77,6240.49,-595.85,-8.6841
GV-15932,2961.91,6207.91,-599.46,-8.6784
GV-15933,3025.59,6224.74,-602.55,-8.5091
GV-15934,3057.98,6230.83,-604.51,-8.5527
GV-15935,3114.51,6231.21,-554.57,-8.4379
GV-15936,3160.7,6239.49,-547.43,-8.5714
GV-15937,3238.89,6208.76,-545.3,-8.5751
GV-15938,3257.2,6241.47,-546.04,-8.409
GV-15939,3314.74,6212.43,-547.38,-8.4115
GV-15940,3371.55,6231.87,-550.87,-8.0495
GV-15941,3409.88,6225.85,-553.14,-8.1365
GV-15942,3471.02,6207.36,-551.66,-8.1535
GV-15943,3508.19,6225.56,-548.79,-8.0308
GV-15944,3583.44,6233.11,-552.92,-8.1366
GV-15945,3605.47,6220.04,-549.14,-7.9033
GV-15946,3682.26,6218.92,-548.53,-7.8598
GV-15947,3707.61,6205.2,-550.58,-7.6573
GV-15948,3786.65,6241.76,-546.61,-7.65
GV-15949,3820.62,6228.73,-551.28,-7.6118
GV-15950,3873.13,6230.41,-547.28,-7.5558
GV-15951,3943.38,6217.69,-551.96,-7.507
GV-15952,3965.2,6217.07,-549.61,-7.1703
GV-15953,4022.2,6233.7,-554.01,-7.3057
GV-15954,4057.46,6215.98,-552.71,-7.2034
GV-15955,4123.9,6213.22,-595.26,-7.0406
GV-15956,4179.31,6237.76,-598.92,-6.8706
GV-15957,4240.71,6227.14,-601.61,-6.7668
GV-15958,4261.86,6218.29,-601.76,-6.6118
GV-15959,4326.2,6205.3,-651.13,-6.2921
GV-15960,4370.08,6238.85,-651.04,-6.1928
GV-15961,4411.69,6210.73,-653.33,-6.1805
GV-15962,4472.54,6207.25,-700.2,-6.0949
GV-15963,4526.49,6216.42,-698.1,-5.9517
GV-15964,4560.53,6226.5,-754.67,-5.8927
GV-15965,4626.45,6240.88,-748.92,-5.6676
GV-15966,4688.13,6219.3,-796.56,-5.5182
GV-15967,4728.19,6220.42,-799.51,-5.4328
GV-15968,4788.14,6215.38,-854.48,-5.0806
GV-15969,4839.47,6213.43,-851.81,-5.0783
GV-15970,4893.02,6232.22,-902.33,-4.9673
GV-15971,4939.55,6227.15,-947.87,-4.9853
GV-15972,4959.75,6233.06,-949.26,-4.6363
GV-15973,5010.88,6237.46,-1000.09,-4.588
GV-15974,5075.21,6228.66,-999.56,-4.353
GV-15975,5144.95,6220.65,-1048.08,-4.3015
GV-15976,5177.7,6219.98,-1100.34,-4.0898
GV-15977,5208.7,6212.28,-1101.79,-4.152
GV-15978,5272.81,6224.18,-1147.84,-4.1923
GV-15979,5328.42,6238.62,-1148.73,-3.8593
GV-15980,5387.07,6207.24,-1204.15,-3.7451
GV-15981,5410.5,6210.6,-1203.27,-3.4765
GV-15982,5486.92,6239.53,-1253.67,-3.701
GV-15983,5522.33,6213.76,-1251.63,-3.3673
GV-15984,5573.39,6219.45,-1297.98,-3.328
GV-15985,5613.71,6224.71,-1304.94,-3.2705
GV-15986,5669.57,6220.36,-1295.24,-3.2711
GV-15987,5736.52,6216.77,-1347.94,-2.977
GV-15988,5766.08,6229.52,-1346.09,-2.9487
GV-15989,5805.7,6207.04,-1350.47,-2.7614
GV-15990,5866.76,6237.91,-1348.9,-2.7132
GV-15991,5941.64,6214.32,-1403.26,-2.7969
GV-15992,5987.9,6225.94,-1404.18,-2.5683
GV-15993,6021.67,6227.19,-1397.97,-2.3473
GV-15994,6059.23,6220.12,-1404.03,-2.4217
GV-15995,6106.86,6219.93,-1400.46,-2.2261
GV-15996,6188.52,6214.99,-1398.25,-2.1732
GV-15997,6214.34,6223.04,-1453.52,-2.0353
GV-15998,6291.52,6214.33,-1452.22,-1.9252
GV-15999,6339.85,6239.73,-1449.28,-1.9215
GV-16000,6361.48,6224.26,-1454.29,-1.845
GV-16001,44.04,6259.47,-1653.72,-7.4876
GV-16002,83.62,6280.16,-1651.81,-7.6298
GV-16003,116.76,6264.03,-1597.53,-7.5856
GV-16004,192.42,6291.15,-1604.06,-7.6949
GV-16005,221.68,6263.23,-1602.93,-7.6619
GV-16006,272.89,6279.44,-1599.5,-7.7587
GV-16007,316.12,6278.35,-1549.13,-7.6883
GV-16008,368.45,6289.55,-1546.05,-7.6801
GV-16009,423.91,6266.28,-1499.06,-7.9433
GV-16010,464.69,6279.6,-1501.78,-7.8147
GV-16011,537.15,6293.81,-1449.97,-7.9534
GV-16012,579.09,6259.43,-1452.3,-7.7197
GV-16013,612.54,6263.03,-1398.18,-7.9423
GV-16014,681.0,6290.69,-1352.49,-7.9377
GV-16015,721.53,6279.41,-1346.42,-8.1034
GV-16016,776.8,6256.47,-1303.25,-8.1556
GV-16017,822.84,6284.66,-1253.96,-8.0834
GV-16018,886.93,6261.29,-1249.89,-8.1889
GV-16019,940.95,6279.87,-1204.37,-8.2028
GV-16020,978.3,6273.73,-1154.92,-8.1705
GV-16021,1036.66,6273.78,-1146.36,-8.3445
GV-16022,1071.55,6279.86,-1102.43,-8.5073
GV-16023,1125.58,6273.65,-1098.88,-8.4121
GV-16024,1194.42,6275.31,-1045.89,-8.3926
GV-16025,1225.59,6279.63,-1051.42,-8.4266
GV-16026,1294.82,6275.8,-998.25,-8.3156
GV-16027,1337.76,6280.64,-996.98,-8.4253
GV-16028,1394.98,6290.71,-951.52,-8.4492
GV-16029,1429.45,6292.0,-951.05,-8.6889
GV-16030,1478.38,6289.11,-903.82,-8.5555
GV-16031,1508.34,6271.09,-902.28,-8.6965
GV-16032,1563.04,6257.99,-852.6,-8.5983
GV-16033,1616.25,6287.51,-850.22,-8.501
GV-16034,1663.75,6273.84,-804.4,-8.8027
GV-16035,1742.61,6267.46,-802.59,-8.73
GV-16036,1772.77,6291.81,-798.18,-8.7178
GV-16037,1811.42,6255.35,-753.99,-8.6858
GV-16038,1888.09,6286.16,-752.53,-8.7549
GV-16039,1919.51,6283.71,-750.55,-8.7572
GV-16040,1987.11,6263.94,-700.3,-8.8355
GV-16041,2012.83,6256.77,-699.17,-8.7558
GV-16042,2091.53,6255.94,-697.08,-8.7855
GV-16043,2126.53,6269.77,-699.9,-8.8842
GV-16044,2175.04,6264.73,-698.43,-8.6122
GV-16045,2225.52,6274.37,-704.18,-8.7796
GV-16046,2271.5,6275.93,-700.27,-8.7509
GV-16047,2309.59,6274.0,-696.8,-8.855
GV-16048,2381.3,6256.58,-651.12,-8.8902
GV-16049,2432.33,6277.76,-652.37,-8.9063
GV-16050,2470.5,6260.25,-645.47,-8.6754
GV-16051,2525.23,6257.83,-650.19,-8.7815
GV-16052,2564.95,6285.53,-645.94,-8.5723
GV-16053,2623.03,6275.76,-651.11,-8.5411
GV-16054,2688.05,6271.97,-648.38,-8.6183
GV-16055,2731.56,6257.69,-651.67,-8.3358
GV-16056,2765.9,6260.44,-602.63,-8.5071
GV-16057,2832.79,6282.37,-598.09,-8.4442
GV-16058,2882.37,6293.48,-595.89,-8.5807
GV-16059,2911.66,6267.0,-597.45,-8.6215
GV-16060,2984.36,6284.41,-599.88,-8.4452
GV-16061,3023.79,6285.09,-604.72,-8.4685
GV-16062,3089.31,6260.94,-604.01,-8.3534
GV-16063,3128.7,6289.88,-546.0,-8.2858
GV-16064,3178.12,6264.09,-553.55,-8.3336
GV-16065,3233.54,6290.74,-554.17,-8.2047
GV-16066,3267.29,6279.68,-552.77,-8.2697
GV-16067,3322.47,6281.82,-554.65,-8.1692
GV-16068,3390.8,6284.95,-548.24,-7.9514
GV-16069,3420.6,6280.46,-546.39,-7.9542
GV-16070,3465.79,6272.88,-550.33,-7.9805
GV-16071,3533.59,6266.86,-547.6,-7.8605
GV-16072,3581.09,6278.41,-553.19,-7.9209
GV-16073,3644.41,6282.53,-550.39,-7.864
GV-16074,3693.27,6272.68,-550.1,-7.6338
GV-16075,3723.91,6260.03,-553.94,-7.4084
GV-16076,3761.01,6288.36,-548.67,-7.5544
GV-16077,3826.04,6285.65,-549.04,-7.5797
GV-16078,3889.63,6279.4,-547.15,-7.2645
GV-16079,3937.77,6265.34,-549.93,-7.4668
GV-16080,3977.92,6291.61,-550.21,-7.0749
GV-16081,4019.98,6276.35,-553.54,-6.9664
GV-16082,4084.15,6259.14,-550.02,-7.0398
GV-16083,4118.68,6272.78,-548.47,-6.7257
GV-16084,4157.3,6265.02,-553.1,-6.7658
GV-16085,4239.57,6256.7,-603.5,-6.5468
GV-16086,4282.41,6281.73,-596.16,-6.4807
GV-16087,4323.75,6273.28,-596.93,-6.3151
GV-16088,4361.24,6270.67,-654.67,-6.2479
GV-16089,4418.11,6263.47,-653.16,-6.1207
GV-16090,4487.1,6269.78,-649.23,-5.9977
GV-16091,4509.97,6274.97,-704.02,-5.9134
GV-16092,4577.49,6279.76,-702.16,-5.6992
GV-16093,4607.41,6261.53,-749.79,-5.5011
GV-16094,4664.9,6272.55,-754.58,-5.3424
GV-16095,4723.92,6284.36,-802.14,-5.2302
GV-16096,4757.95,6292.4,-796.66,-5.0017
GV-16097,4810.82,6264.89,-852.34,-5.0471
GV-16098,4865.64,6258.03,-900.49,-4.9911
GV-16099,4916.08,6266.48,-895.88,-4.8517
GV-16100,4992.83,6280.55,-948.61,-4.4876
GV-16101,5035.97,6280.62,-947.38,-4.5478
GV-16102,5085.52,6261.51,-1004.46,-4.3781
GV-16103,5122.26,6275.74,-1051.29,-4.1429
GV-16104,5193.25,6270.75,-1054.44,-4.1446
GV-16105,5240.26,6269.96,-1103.47,-4.1706
GV-16106,5259.46,6283.16,-1096.6,-3.9404
GV-16107,5327.7,6278.42,-1147.08,-3.893
GV-16108,5362.74,6279.97,-1196.89,-3.635
GV-16109,5426.31,6274.62,-1195.49,-3.5876
GV-16110,5477.6,6259.11,-1246.15,-3.4939
GV-16111,5541.07,6288.46,-1246.86,-3.3588
GV-16112,5591.42,6291.74,-1251.4,-3.388
GV-16113,5627.06,6257.26,-1299.5,-3.2273
GV-16114,5673.55,6287.11,-1299.89,-3.0771
GV-16115,5719.63,6290.6,-1302.24,-3.0265
GV-16116,5763.8,6289.3,-1351.92,-2.9063
GV-16117,5837.2,6291.7,-1345.29,-2.8164
GV-16118,5873.41,6277.99,-1351.18,-2.728
GV-16119,5907.8,6273.19,-1346.64,-2.689
GV-16120,5990.15,6271.16,-1400.61,-2.5218
GV-16121,6027.72,6255.47,-1397.32,-2.4166
GV-16122,6079.71,6290.92,-1402.21,-2.2595
GV-16123,6122.65,6255.78,-1397.64,-2.3696
GV-16124,6159.6,6293.45,-1400.81,-2.1389
GV-16125,6219.49,6259.57,-1448.97,-1.9953
GV-16126,6274.13,6280.13,-1453.34,-1.8886
GV-16127,6332.15,6264.23,-1446.64,-1.9974
GV-16128,6363.35,6294.51,-1450.65,-1.6238
GV-16129,43.03,6331.25,-1652.16,-7.6445
GV-16130,82.88,6321.6,-1646.0,-7.6636
GV-16131,115.37,6319.42,-1651.31,-7.695
GV-16132,192.0,6311.87,-1597.04,-7.6144
GV-16133,228.89,6332.26,-1602.47,-7.7103
GV-16134,281.9,6326.07,-1598.64,-7.7958
GV-16135,313.21,6308.75,-1553.13,-7.6392
GV-16136,390.92,6329.51,-1545.66,-7.7441
GV-16137,407.24,6313.42,-1551.48,-7.7966
GV-16138,475.58,6311.22,-1499.22,-7.7791
GV-16139,524.16,6334.22,-1450.93,-7.8333
GV-16140,575.33,6333.29,-1452.81,-7.7401
GV-16141,612.97,6316.64,-1399.32,-7.962
GV-16142,668.79,6341.83,-1395.21,-7.8753
GV-16143,736.1,6316.01,-1349.25,-8.1937
GV-16144,766.93,6312.28,-1304.33,-7.9781
GV-16145,836.12,6307.61,-1302.57,-7.9273
GV-16146,885.68,6323.91,-1246.32,-7.9354
GV-16147,927.76,6308.51,-1202.02,-7.9206
GV-16148,979.37,6305.66,-1199.25,-7.9109
GV-16149,1023.23,6344.95,-1149.35,-7.9151
GV-16150,1065.98,6307.74,-1150.71,-7.9828
GV-16151,1114.51,6343.96,-1099.76,-8.2293
GV-16152,1163.18,6306.72,-1097.2,-8.1451
GV-16153,1214.7,6328.64,-1047.03,-8.2007
GV-16154,1282.54,6342.87,-1051.05,-8.3306
GV-16155,1312.41,6309.63,-999.01,-8.3951
GV-16156,1373.73,6327.86,-995.6,-8.3754
GV-16157,1408.91,6318.87,-947.38,-8.3775
GV-16158,1464.87,6315.23,-948.82,-8.3101
GV-16159,1511.94,6313.07,-903.26,-8.3718
GV-16160,1574.5,6338.95,-897.93,-8.6401
GV-16161,1621.11,6340.76,-854.13,-8.4384
GV-16162,1683.21,6312.42,-853.01,-8.4082
GV-16163,1731.48,6333.55,-796.95,-8.5675
GV-16164,1786.53,6333.87,-803.13,-8.6944
GV-16165,1820.36,6320.98,-801.34,-8.5485
GV-16166,1872.4,6328.27,-752.92,-8.6224
GV-16167,1927.14,6319.72,-747.17,-8.3384
GV-16168,1983.28,6308.9,-747.02,-8.6845
GV-16169,2032.74,6319.44,-701.32,-8.6597
GV-16170,2055.24,6317.78,-699.97,-8.6926
GV-16171,2106.36,6310.35,-698.51,-8.6144
GV-16172,2182.9,6325.21,-699.23,-8.6201
GV-16173,2238.56,6338.53,-702.41,-8.4855
GV-16174,2275.64,6305.99,-704.17,-8.6066
GV-16175,2319.46,6335.09,-700.96,-8.5486
GV-16176,2363.47,6316.05,-697.7,-8.5691
GV-16177,2413.08,6317.36,-654.16,-8.6554
GV-16178,2470.83,6333.92,-647.89,-8.3686
GV-16179,2526.38,6312.27,-652.86,-8.4983
GV-16180,2593.37,6320.84,-647.84,-8.3398
GV-16181,2634.01,6315.19,-646.15,-8.2245
GV-16182,2657.53,6344.4,-651.87,-8.3059
GV-16183,2735.38,6317.76,-647.43,-8.2631
GV-16184,2786.52,6338.97,-598.2,-8.1209
GV-16185,2817.21,6309.79,-600.17,-8.2335
GV-16186,2890.86,6320.21,-602.63,-8.2918
GV-16187,2905.69,6328.15,-604.77,-8.2828
GV-16188,2973.25,6330.68,-602.6,-8.0571
GV-16189,3017.63,6318.5,-601.46,-8.1709
GV-16190,3065.24,6327.97,-603.63,-7.9908
GV-16191,3116.51,6313.8,-552.49,-8.1252
GV-16192,3168.53,6321.68,-550.0,-8.1251
GV-16193,3207.55,6309.46,-549.16,-7.8914
GV-16194,3276.61,6309.92,-548.07,-7.9368
GV-16195,3340.83,6310.45,-554.5,-7.9933
GV-16196,3389.66,6344.22,-554.83,-7.8003
GV-16197,3410.22,6333.07,-545.31,-7.8234
GV-16198,3474.01,6320.08,-550.84,-7.7634
GV-16199,3514.86,6313.6,-554.02,-7.5563
GV-16200,3558.84,6314.27,-549.38,-7.7514
GV-16201,3615.31,6324.15,-547.05,-7.4712
GV-16202,3688.45,6314.53,-549.92,-7.4096
GV-16203,3708.74,6319.88,-551.82,-7.4058
GV-16204,3755.41,6341.46,-495.41,-7.2623
GV-16205,3837.13,6331.11,-499.67,-7.238
GV-16206,3855.52,6335.17,-501.97,-6.8918
GV-16207,3911.84,6313.33,-547.36,-7.1577
GV-16208,3978.21,6342.93,-547.5,-7.1064
GV-16209,4043.96,6310.25,-550.66,-7.0152
GV-16210,4060.58,6305.05,-554.59,-6.7034
GV-16211,4128.22,6336.87,-551.25,-6.6033
GV-16212,4158.72,6316.28,-554.84,-6.6354
GV-16213,4241.18,6331.07,-549.35,-6.4483
GV-16214,4289.97,6318.98,-598.99,-6.4299
GV-16215,4332.2,6317.06,-598.47,-6.1783
GV-16216,4363.67,6308.08,-602.46,-6.1973
GV-16217,4422.93,6334.73,-653.61,-5.8956
GV-16218,4470.65,6305.4,-647.27,-5.8826
GV-16219,4543.07,6336.37,-648.37,-5.616
GV-16220,4580.63,6329.75,-696.05,-5.5112
GV-16221,4636.22,6332.49,-700.8,-5.3624
GV-16222,4683.12,6310.1,-748.99,-5.2784
GV-16223,4720.58,6313.15,-748.49,-5.1175
GV-16224,4757.56,6329.33,-798.83,-5.1068
GV-16225,4823.5,6317.4,-853.12,-4.8672
GV-16226,4861.15,6321.43,-851.86,-4.6079
GV-16227,4931.31,6320.02,-897.1,-4.7034
GV-16228,4993.57,6331.25,-900.69,-4.4682
GV-16229,5010.47,6324.61,-952.17,-4.4659
GV-16230,5073.88,6311.43,-1001.81,-4.3306
GV-16231,5136.89,6319.23,-1001.65,-4.0717
GV-16232,5167.89,6325.37,-1048.65,-4.1388
GV-16233,5231.19,6322.09,-1097.52,-3.9653
GV-16234,5270.96,6335.94,-1098.09,-3.7744
GV-16235,5338.76,6335.96,-1150.74,-3.7641
GV-16236,5358.12,6316.93,-1145.85,-3.7536
GV-16237,5424.7,6331.86,-1196.37,-3.682
GV-16238,5475.08,6334.27,-1197.85,-3.4384
GV-16239,5523.1,6306.52,-1254.61,-3.3484
GV-16240,5562.52,6340.84,-1249.69,-3.162
GV-16241,5608.36,6315.0,-1249.04,-3.3383
GV-16242,5668.22,6342.48,-1303.39,-3.1612
GV-16243,5730.36,6326.62,-1296.2,-2.8701
GV-16244,5793.41,6330.51,-1296.11,-2.9061
GV-16245,5819.92,6331.81,-1346.91,-2.6336
GV-16246,5869.55,6321.4,-1353.31,-2.7125
GV-16247,5937.93,6326.92,-1348.95,-2.4078
GV-16248,5985.43,6313.05,-1346.6,-2.6714
GV-16249,6033.6,6330.7,-1404.56,-2.1677
GV-16250,6083.02,6341.71,-1402.93,-2.203
GV-16251,6128.95,6336.57,-1399.34,-2.1763
GV-16252,6160.35,6322.56,-1397.4,-2.1319
GV-16253,6209.3,6316.29,-1404.55,-2.0165
GV-16254,6291.26,6338.09,-1446.56,-1.9764
GV-16255,6323.49,6341.86,-1449.27,-1.7787
GV-16256,6358.32,6338.99,-1447.43,-1.7105
GV-16257,18.0,6376.44,-1645.51,-7.5837
GV-16258,91.95,6373.01,-1652.11,-7.7681
GV-16259,105.19,6377.19,-1647.59,-7.6571
GV-16260,194.61,6374.24,-1603.31,-7.5951
GV-16261,237.85,6361.5,-1602.48,-7.8024
GV-16262,268.81,6376.26,-1600.47,-7.5899
GV-16263,320.39,6381.75,-1598.67,-7.6388
GV-16264,372.32,6362.93,-1552.0,-7.5393
GV-16265,419.12,6392.42,-1552.87,-7.6615
GV-16266,463.15,6392.12,-1500.13,-7.6368
GV-16267,542.57,6368.57,-1497.38,-7.7239
GV-16268,586.54,6366.68,-1449.61,-7.7914
GV-16269,615.41,6360.0,-1453.05,-7.7601
GV-16270,673.15,6387.28,-1398.38,-7.9274
GV-16271,735.67,6360.97,-1354.89,-7.8984
GV-16272,787.75,6386.92,-1351.56,-7.8514
GV-16273,817.92,6376.16,-1296.0,-7.8255
GV-16274,878.85,6358.71,-1252.57,-8.0917
GV-16275,925.61,6358.77,-1248.92,-8.0348
GV-16276,978.11,6384.51,-1203.5,-8.0624
GV-16277,1027.48,6389.57,-1201.05,-7.9786
GV-16278,1085.43,6378.16,-1153.38,-8.0524
GV-16279,1122.88,6367.86,-1147.02,-8.2248
GV-16280,1194.73,6368.97,-1104.58,-8.0427
GV-16281,1235.08,6372.89,-1096.99,-8.1293
GV-16282,1271.41,6377.38,-1045.38,-8.112
GV-16283,1312.21,6381.89,-1048.7,-8.1626
GV-16284,1376.95,6393.52,-1001.61,-8.4649
GV-16285,1407.93,6371.88,-1002.52,-8.1308
GV-16286,1470.48,6370.02,-950.94,-8.3274
GV-16287,1535.59,6362.4,-951.71,-8.1714
GV-16288,1592.75,6381.11,-899.15,-8.3006
GV-16289,1634.29,6388.19,-896.37,-8.268
GV-16290,1679.61,6359.09,-847.17,-8.2948
GV-16291,1711.31,6363.99,-854.55,-8.2393
GV-16292,1793.05,6361.44,-797.9,-8.4259
GV-16293,1841.91,6389.71,-797.17,-8.3106
GV-16294,1882.69,6385.56,-751.08,-8.3832
GV-16295,1910.09,6367.3,-749.68,-8.4011
GV-16296,1986.04,6388.72,-745.82,-8.6184
GV-16297,2022.97,6376.95,-750.62,-8.2262
GV-16298,2062.22,6388.98,-751.83,-8.3615
GV-16299,2141.73,6361.81,-699.36,-8.4738
GV-16300,2188.0,6355.49,-699.26,-8.3915
GV-16301,2220.99,6365.2,-703.87,-8.4445
GV-16302,2268.19,6374.39,-698.3,-8.4678
GV-16303,2323.75,6375.75,-695.01,-8.4071
GV-16304,2357.53,6386.01,-704.41,-8.17
GV-16305,2434.9,6380.49,-697.54,-8.2927
GV-16306,2476.39,6386.38,-700.66,-8.2415
GV-16307,2531.7,6367.51,-646.17,-8.2453
GV-16308,2572.97,6362.73,-647.91,-8.3368
GV-16309,2617.62,6383.18,-646.49,-8.2967
GV-16310,2660.66,6371.43,-647.47,-8.2022
GV-16311,2724.33,6364.33,-652.03,-8.1268
GV-16312,2760.85,6373.92,-601.66,-8.1481
GV-16313,2817.19,6375.26,-599.98,-8.0349
GV-16314,2890.67,6376.3,-598.24,-8.0724
GV-16315,2918.69,6376.29,-595.17,-7.9165
GV-16316,2962.4,6364.3,-598.27,-8.1524
GV-16317,3036.29,6377.87,-597.07,-7.9177
GV-16318,3087.15,6388.16,-598.93,-7.9649
GV-16319,3142.52,6364.13,-551.89,-8.0033
GV-16320,3171.45,6357.53,-549.12,-7.8644
GV-16321,3226.12,6379.73,-552.04,-7.6571
GV-16322,3280.92,6391.03,-554.82,-7.7912
GV-16323,3338.07,6393.72,-546.53,-7.6119
GV-16324,3393.18,6384.6,-546.66,-7.7257
GV-16325,3410.75,6387.97,-550.56,-7.5251
GV-16326,3472.7,6364.45,-548.69,-7.5093
GV-16327,3509.13,6380.39,-554.48,-7.401
GV-16328,3561.91,6362.26,-545.12,-7.491
GV-16329,3617.23,6365.33,-551.48,-7.5173
GV-16330,3665.73,6367.06,-553.38,-7.2182
GV-16331,3717.04,6357.71,-495.19,-7.1431
GV-16332,3764.92,6378.08,-503.01,-7.1615
GV-16333,3813.97,6394.48,-499.3,-7.0612
GV-16334,3871.97,6360.73,-495.85,-6.9051
GV-16335,3933.58,6393.09,-501.52,-6.8922
GV-16336,3974.28,6360.11,-497.53,-6.6828
GV-16337,4033.73,6385.48,-497.93,-6.6409
GV-16338,4059.87,6384.36,-554.69,-6.652
GV-16339,4118.26,6386.95,-549.17,-6.4058
GV-16340,4192.74,6366.38,-550.2,-6.4415
GV-16341,4239.54,6387.55,-548.68,-6.2125
GV-16342,4281.04,6388.38,-554.7,-5.9877
GV-16343,4306.82,6365.36,-597.46,-5.9936
GV-16344,4358.22,6362.17,-601.83,-6.0638
GV-16345,4405.71,6357.95,-602.24,-5.8828
GV-16346,4478.34,6366.34,-650.82,-5.6701
GV-16347,4537.06,6375.83,-651.2,-5.5267
GV-16348,4572.4,6359.11,-654.29,-5.4362
GV-16349,4616.71,6380.47,-696.4,-5.4283
GV-16350,4675.96,6366.09,-704.43,-5.1256
GV-16351,4743.46,6384.51,-747.83,-5.1181
GV-16352,4791.71,6370.05,-796.63,-5.0015
GV-16353,4823.01,6375.84,-797.82,-4.8688
GV-16354,4873.82,6386.68,-850.77,-4.6388
GV-16355,4931.43,6387.0,-848.38,-4.506
GV-16356,4956.07,6385.31,-896.94,-4.6253
GV-16357,5019.3,6370.67,-950.89,-4.5121
GV-16358,5058.19,6388.07,-952.32,-4.3628
GV-16359,5125.97,6357.6,-998.14,-4.1205
GV-16360,5160.7,6393.85,-1054.28,-3.8662
GV-16361,5216.99,6377.95,-1051.64,-3.7665
GV-16362,5271.25,6371.04,-1097.44,-3.7854
GV-16363,5322.28,6386.82,-1099.91,-3.7318
GV-16364,5368.67,6390.66,-1146.58,-3.6404
GV-16365,5415.09,6378.57,-1148.49,-3.5385
GV-16366,5482.17,6376.55,-1197.93,-3.2985
GV-16367,5528.44,6358.43,-1203.89,-3.4837
GV-16368,5583.63,6360.94,-1246.91,-3.1625
GV-16369,5636.03,6357.64,-1249.17,-2.9987
GV-16370,5683.81,6358.54,-1299.53,-2.8387
GV-16371,5732.77,6381.17,-1297.7,-3.1092
GV-16372,5786.61,6362.09,-1304.63,-2.8922
GV-16373,5810.55,6383.72,-1298.25,-2.9362
GV-16374,5857.77,6362.67,-1354.29,-2.5879
GV-16375,5905.42,6380.45,-1348.01,-2.5464
GV-16376,5989.57,6389.23,-1349.56,-2.4051
GV-16377,6040.79,6393.35,-1348.86,-2.2343
GV-16378,6084.69,6371.25,-1404.45,-2.3576
GV-16379,6121.13,6378.4,-1399.02,-2.0594
GV-16380,6176.66,6381.22,-1403.62,-2.1131
GV-16381,6227.33,6364.48,-1395.7,-1.9078
GV-16382,6257.71,6368.33,-1401.94,-1.716
GV-16383,6325.54,6393.25,-1449.65,-1.8612
GV-16384,6364.38,6383.55,-1447.06,-1.6498
